date,pm2_5,pm10,carbon_monoxide,nitrogen_dioxide,sulphur_dioxide,ozone,us_aqi
2024-01-01,46.82083333333333,70.82916666666667,1771.5833333333333,59.89166666666667,13.174999999999999,31.958333333333332,144.08333333333334
2024-01-02,47.225,70.97500000000001,1620.625,61.275,18.125,30.833333333333332,125.91666666666667
2024-01-03,59.083333333333336,89.44583333333333,1971.5833333333333,64.07083333333334,24.2,34.625,140.83333333333334
2024-01-04,60.11666666666667,93.02916666666665,1870.7083333333333,66.08333333333333,17.779166666666665,32.625,153.54166666666666
2024-01-05,63.80833333333334,99.34166666666665,2042.6666666666667,66.60000000000001,24.4375,39.208333333333336,154.20833333333334
2024-01-06,66.29166666666667,102.44166666666666,2077.9583333333335,69.96249999999999,20.55,43.458333333333336,157.25
2024-01-07,58.38333333333333,90.07083333333333,1878.5833333333333,64.37083333333334,19.266666666666666,32.916666666666664,153.83333333333334
2024-01-08,68.1875,103.72916666666667,2117.5416666666665,65.43333333333334,20.833333333333332,46.25,155.375
2024-01-09,68.94583333333334,103.36666666666667,2128.7083333333335,72.77083333333333,18.466666666666665,51.458333333333336,162.33333333333334
2024-01-10,55.145833333333336,81.77916666666667,1679.3333333333333,61.0875,11.916666666666666,52.416666666666664,154.41666666666666
2024-01-11,47.512499999999996,70.29583333333333,1431.625,58.74166666666667,15.858333333333334,38.166666666666664,135.45833333333334
2024-01-12,72.11666666666666,105.39999999999999,2097.0,71.12083333333334,16.391666666666666,28.916666666666668,145.29166666666666
2024-01-13,78.95416666666667,114.59166666666665,2092.7916666666665,70.72500000000001,24.441666666666666,51.791666666666664,169.04166666666666
2024-01-14,83.59583333333333,120.675,2371.4166666666665,79.24166666666666,20.2,72.25,165.04166666666666
2024-01-15,77.76666666666667,112.65833333333335,2325.5,74.0125,19.191666666666666,64.0,167.33333333333334
2024-01-16,93.24166666666667,135.45416666666668,2268.5,65.40416666666667,29.329166666666666,69.41666666666667,174.16666666666666
2024-01-17,91.97916666666667,134.59583333333333,2427.3333333333335,70.5,25.254166666666666,66.54166666666667,176.20833333333334
2024-01-18,76.35416666666667,113.4375,2252.5,68.64999999999999,17.395833333333332,58.375,168.79166666666666
2024-01-19,68.02916666666667,104.62083333333334,1911.375,65.27916666666667,15.775,50.375,162.20833333333334
2024-01-20,93.6875,138.54999999999998,2031.0416666666667,55.24166666666667,24.583333333333332,74.83333333333333,170.375
2024-01-21,90.21249999999999,133.92499999999998,2292.9583333333335,66.94166666666666,20.083333333333332,71.91666666666667,175.45833333333334
2024-01-22,69.89166666666667,105.75,1932.2083333333333,61.9,21.4875,52.916666666666664,167.58333333333334
2024-01-23,88.38333333333333,130.75416666666666,2084.875,63.70416666666667,23.6875,60.625,167.29166666666666
2024-01-24,67.42083333333333,100.55416666666667,1860.4166666666667,64.39166666666667,21.633333333333336,60.25,166.95833333333334
2024-01-25,76.62083333333334,114.57916666666667,1972.0,58.35833333333333,29.95,60.541666666666664,159.83333333333334
2024-01-26,72.05,118.41250000000001,1834.0833333333333,52.916666666666664,18.383333333333333,31.125,169.875
2024-01-27,36.55833333333333,58.30416666666667,1184.2916666666667,43.19583333333333,10.066666666666666,37.041666666666664,125.70833333333333
2024-01-28,45.9125,74.44583333333334,1210.625,53.06666666666666,10.970833333333333,41.916666666666664,115.33333333333333
2024-01-29,55.44583333333333,91.22916666666667,1107.4166666666667,35.266666666666666,15.387500000000001,71.95833333333333,144.91666666666666
2024-01-30,37.09166666666667,71.47500000000001,952.4166666666666,40.3375,9.658333333333333,40.291666666666664,113.66666666666667
2024-01-31,43.81666666666666,85.1875,527.3333333333334,17.625,5.908333333333334,70.41666666666667,124.25
2024-02-01,34.5375,56.17083333333333,1122.5,33.050000000000004,11.6,58.375,100.875
2024-02-02,24.8125,37.27916666666667,837.2916666666666,36.416666666666664,8.491666666666667,51.958333333333336,93.875
2024-02-03,35.86666666666667,54.46666666666667,962.625,38.729166666666664,7.7124999999999995,42.541666666666664,89.0
2024-02-04,34.324999999999996,59.69583333333333,1046.0416666666667,36.34583333333333,10.991666666666667,45.25,101.04166666666667
2024-02-05,28.429166666666664,45.6875,1165.5833333333333,41.90416666666667,10.420833333333333,44.0,87.54166666666667
2024-02-06,34.36666666666667,55.137499999999996,1158.25,41.9375,10.204166666666667,62.458333333333336,93.95833333333333
2024-02-07,27.55,42.875,921.375,39.65416666666667,6.979166666666667,64.20833333333333,96.41666666666667
2024-02-08,22.6875,33.391666666666666,785.0833333333334,35.37083333333333,6.1125,61.625,78.125
2024-02-09,31.854166666666668,46.27916666666667,1055.9166666666667,40.395833333333336,11.179166666666667,55.25,82.91666666666667
2024-02-10,33.25,48.04583333333333,1126.5,44.041666666666664,11.229166666666666,61.75,95.33333333333333
2024-02-11,34.1625,49.449999999999996,1244.5416666666667,44.51666666666667,10.475,53.5,93.33333333333333
2024-02-12,40.75833333333333,59.62083333333334,1350.125,44.791666666666664,12.629166666666668,50.166666666666664,102.29166666666667
2024-02-13,33.483333333333334,49.166666666666664,1292.5416666666667,44.9125,8.908333333333333,46.625,114.5
2024-02-14,29.766666666666666,43.770833333333336,1003.2083333333334,40.06666666666667,7.604166666666667,56.833333333333336,90.125
2024-02-15,31.325,46.15416666666667,1068.375,41.108333333333334,11.508333333333333,58.375,88.08333333333333
2024-02-16,36.81666666666667,53.44583333333333,1463.0833333333333,47.25416666666666,12.395833333333334,58.0,100.875
2024-02-17,47.25833333333333,69.97500000000001,1379.4166666666667,46.69166666666666,16.145833333333332,62.041666666666664,111.0
2024-02-18,50.541666666666664,92.19583333333333,713.2083333333334,23.116666666666664,9.129166666666666,72.16666666666667,145.33333333333334
2024-02-19,37.87916666666667,71.8875,473.125,18.82916666666667,6.866666666666667,90.91666666666667,107.625
2024-02-20,28.979166666666668,50.48333333333333,669.625,28.266666666666666,6.575,68.375,97.08333333333333
2024-02-21,30.28333333333333,48.69166666666666,962.4166666666666,37.8125,9.933333333333334,56.375,93.125
2024-02-22,21.2875,32.46666666666667,686.5,30.7375,7.229166666666667,66.33333333333333,83.08333333333333
2024-02-23,27.770833333333332,41.420833333333334,919.125,32.4375,7.391666666666667,71.54166666666667,78.33333333333333
2024-02-24,24.954166666666666,36.94166666666667,1035.3333333333333,37.762499999999996,10.366666666666665,70.20833333333333,81.0
2024-02-25,32.545833333333334,49.574999999999996,1003.7083333333334,34.5,9.9125,74.875,84.83333333333333
2024-02-26,33.324999999999996,50.3125,779.6666666666666,34.42916666666667,8.366666666666667,60.25,100.70833333333333
2024-02-27,28.583333333333332,45.93333333333334,762.25,37.637499999999996,9.275,62.416666666666664,89.54166666666667
2024-02-28,27.15416666666667,43.208333333333336,836.7916666666666,41.49583333333333,7.1625000000000005,59.25,87.54166666666667
2024-02-29,28.179166666666664,42.81666666666666,1036.0,45.87916666666666,9.920833333333333,44.208333333333336,81.45833333333333
2024-03-01,31.454166666666666,52.375,1005.125,32.65416666666667,5.683333333333334,42.5,97.79166666666667
2024-03-02,27.775000000000002,49.00416666666666,312.1666666666667,9.766666666666667,4.370833333333334,81.0,83.83333333333333
2024-03-03,23.204166666666666,38.074999999999996,395.5833333333333,14.775,6.808333333333334,77.625,79.58333333333333
2024-03-04,30.245833333333334,50.5625,657.2083333333334,31.920833333333334,9.345833333333333,72.20833333333333,82.375
2024-03-05,35.40416666666667,59.699999999999996,988.375,42.729166666666664,10.079166666666667,71.16666666666667,97.29166666666667
2024-03-06,38.22083333333333,60.89166666666667,1008.25,48.57083333333333,12.387500000000001,66.79166666666667,102.58333333333333
2024-03-07,40.025,65.13333333333334,976.4583333333334,38.895833333333336,11.395833333333334,72.83333333333333,108.41666666666667
2024-03-08,29.370833333333334,49.175000000000004,799.875,36.4625,7.429166666666667,72.91666666666667,102.33333333333333
2024-03-09,23.8,37.233333333333334,809.9583333333334,36.77916666666667,5.8999999999999995,72.0,83.91666666666667
2024-03-10,27.066666666666666,42.92083333333333,1133.6666666666667,46.5375,9.795833333333333,51.541666666666664,74.875
2024-03-11,37.050000000000004,57.699999999999996,1128.625,43.00833333333333,13.012500000000001,64.58333333333333,98.25
2024-03-12,28.795833333333334,50.675000000000004,775.75,35.06666666666667,10.2875,76.04166666666667,99.25
2024-03-13,32.225,57.94166666666666,502.0416666666667,20.01666666666667,8.095833333333333,79.25,90.125
2024-03-14,28.6375,52.84166666666667,562.0833333333334,26.087500000000002,8.4625,78.66666666666667,94.625
2024-03-15,20.662499999999998,31.979166666666668,753.8333333333334,34.87083333333333,6.879166666666666,66.08333333333333,77.875
2024-03-16,22.445833333333336,33.67916666666667,926.0416666666666,41.28333333333333,9.604166666666666,60.166666666666664,74.70833333333333
2024-03-17,24.433333333333334,36.90833333333333,831.1666666666666,37.75416666666667,7.945833333333333,64.375,76.20833333333333
2024-03-18,26.629166666666666,41.62916666666667,888.6666666666666,41.62916666666667,7.3374999999999995,64.95833333333333,84.625
2024-03-19,22.6875,34.87916666666667,903.4583333333334,39.862500000000004,8.6875,63.666666666666664,83.04166666666667
2024-03-20,23.974999999999998,37.891666666666666,704.1666666666666,28.508333333333336,9.220833333333333,89.375,86.41666666666667
2024-03-21,25.325,48.15,648.7916666666666,28.650000000000002,7.125,63.666666666666664,78.29166666666667
2024-03-22,36.75,80.95416666666667,548.3333333333334,24.733333333333334,6.870833333333334,87.41666666666667,87.58333333333333
2024-03-23,26.7625,42.71666666666667,861.8333333333334,36.62083333333333,7.7875000000000005,74.125,97.70833333333333
2024-03-24,30.837500000000002,59.12916666666666,772.0833333333334,38.80416666666667,9.095833333333333,70.79166666666667,87.79166666666667
2024-03-25,22.741666666666664,38.141666666666666,783.4583333333334,35.47083333333333,6.608333333333333,67.875,89.75
2024-03-26,22.15416666666667,35.62916666666667,676.7083333333334,29.912499999999998,7.316666666666666,75.875,74.875
2024-03-27,29.108333333333334,62.854166666666664,533.5,23.979166666666668,7.620833333333334,73.25,83.25
2024-03-28,26.2625,53.85,646.6666666666666,27.945833333333336,9.466666666666667,71.25,82.25
2024-03-29,21.704166666666666,49.050000000000004,412.4166666666667,19.0625,5.0125,67.08333333333333,83.125
2024-03-30,16.958333333333332,47.29583333333333,297.25,12.941666666666668,4.7,78.70833333333333,66.91666666666667
2024-03-31,17.191666666666666,40.550000000000004,515.0,25.15833333333333,6.108333333333333,71.875,64.70833333333333
2024-04-01,18.929166666666667,32.6625,743.125,37.045833333333334,6.620833333333334,66.95833333333333,73.58333333333333
2024-04-02,20.474999999999998,31.620833333333334,817.3333333333334,41.666666666666664,7.183333333333334,65.91666666666667,75.95833333333333
2024-04-03,22.854166666666668,40.229166666666664,473.0833333333333,18.616666666666667,6.170833333333333,93.625,76.875
2024-04-04,17.224999999999998,31.545833333333334,481.0,23.6125,5.658333333333334,87.45833333333333,73.58333333333333
2024-04-05,19.829166666666666,34.30833333333333,634.875,32.2125,6.1625000000000005,72.91666666666667,75.41666666666667
2024-04-06,19.041666666666668,31.9875,558.875,27.537499999999998,7.0125,87.08333333333333,81.04166666666667
2024-04-07,16.6875,26.77916666666667,633.7083333333334,34.09166666666667,5.420833333333333,70.25,72.95833333333333
2024-04-08,18.220833333333335,29.066666666666666,603.625,30.483333333333334,6.870833333333334,80.79166666666667,78.625
2024-04-09,13.120833333333332,20.416666666666668,488.2916666666667,21.829166666666666,5.995833333333334,88.08333333333333,74.125
2024-04-10,19.691666666666666,31.929166666666664,546.625,25.6875,9.1625,80.125,69.45833333333333
2024-04-11,29.320833333333336,53.5875,623.7083333333334,32.358333333333334,8.875,86.95833333333333,89.5
2024-04-12,28.59166666666667,62.28333333333333,457.9583333333333,19.708333333333332,6.591666666666666,90.83333333333333,90.79166666666667
2024-04-13,32.68333333333333,72.03333333333333,383.125,16.95,6.2,87.54166666666667,90.125
2024-04-14,36.583333333333336,76.2375,444.9583333333333,20.416666666666668,6.379166666666666,90.625,93.66666666666667
2024-04-15,24.754166666666666,47.75416666666666,468.5833333333333,23.416666666666668,3.6625,65.58333333333333,100.08333333333333
2024-04-16,21.220833333333335,41.608333333333334,478.5,23.5125,5.7875000000000005,85.25,77.125
2024-04-17,26.34166666666667,41.387499999999996,878.1666666666666,43.729166666666664,8.466666666666667,66.20833333333333,78.08333333333333
2024-04-18,19.345833333333335,36.275,494.25,24.766666666666666,5.254166666666666,75.75,81.41666666666667
2024-04-19,21.604166666666668,56.46666666666667,435.4583333333333,23.754166666666666,4.6125,66.58333333333333,69.125
2024-04-20,23.004166666666666,64.175,714.0416666666666,29.366666666666664,5.808333333333334,66.41666666666667,72.58333333333333
2024-04-21,20.808333333333334,45.35833333333333,822.5,41.30416666666667,5.675,60.041666666666664,80.58333333333333
2024-04-22,17.537499999999998,28.65416666666667,701.7916666666666,34.90833333333333,6.1625000000000005,70.58333333333333,73.79166666666667
2024-04-23,22.0,35.28333333333333,599.3333333333334,32.395833333333336,5.370833333333334,75.33333333333333,78.79166666666667
2024-04-24,24.55,38.699999999999996,641.5416666666666,33.72083333333333,7.6375,81.70833333333333,90.75
2024-04-25,16.570833333333333,26.40416666666667,582.5833333333334,29.525000000000002,5.3500000000000005,82.75,79.5
2024-04-26,23.641666666666666,37.92916666666667,601.7083333333334,26.962500000000002,7.891666666666667,87.45833333333333,78.83333333333333
2024-04-27,21.266666666666666,47.050000000000004,330.9166666666667,16.091666666666665,4.316666666666666,90.95833333333333,75.75
2024-04-28,18.708333333333332,38.44166666666667,278.7916666666667,10.820833333333333,3.9875000000000003,102.91666666666667,72.125
2024-04-29,22.825,49.70416666666667,348.625,16.420833333333334,4.4125,91.83333333333333,70.41666666666667
2024-04-30,15.045833333333334,29.270833333333332,443.4166666666667,22.724999999999998,5.1499999999999995,79.91666666666667,75.0
2024-05-01,22.166666666666668,37.166666666666664,672.1666666666666,40.175000000000004,7.425,84.75,86.16666666666667
2024-05-02,24.383333333333336,37.083333333333336,730.2083333333334,37.954166666666666,6.683333333333334,88.0,90.58333333333333
2024-05-03,31.366666666666664,48.25,757.75,36.67916666666667,10.275,86.41666666666667,91.625
2024-05-04,27.854166666666668,56.625,599.9166666666666,29.59166666666667,6.458333333333333,80.29166666666667,92.0
2024-05-05,18.045833333333334,37.295833333333334,692.375,37.225,5.7375,70.95833333333333,85.45833333333333
2024-05-06,20.995833333333334,41.291666666666664,695.6666666666666,39.512499999999996,7.3500000000000005,81.66666666666667,85.70833333333333
2024-05-07,17.620833333333334,29.733333333333334,662.7916666666666,35.699999999999996,6.8625,87.45833333333333,88.875
2024-05-08,17.7625,27.083333333333332,698.6666666666666,36.97083333333333,7.516666666666667,96.875,94.41666666666667
2024-05-09,27.870833333333334,52.51666666666667,699.375,35.4375,9.266666666666667,101.33333333333333,97.08333333333333
2024-05-10,28.666666666666668,56.175000000000004,616.5833333333334,28.295833333333334,8.233333333333333,89.04166666666667,96.41666666666667
2024-05-11,21.65416666666667,50.06666666666666,592.125,30.099999999999998,7.695833333333333,81.41666666666667,95.54166666666667
2024-05-12,28.3625,71.9375,597.5833333333334,32.71666666666667,8.154166666666667,85.08333333333333,85.29166666666667
2024-05-13,15.816666666666668,28.0625,514.1666666666666,27.583333333333332,4.966666666666667,89.5,94.625
2024-05-14,13.612499999999999,23.0625,438.9583333333333,22.116666666666664,5.008333333333334,106.70833333333333,90.70833333333333
2024-05-15,15.241666666666667,24.325,474.9166666666667,22.4375,7.566666666666666,111.16666666666667,94.54166666666667
2024-05-16,15.575000000000001,29.233333333333334,481.625,24.09166666666667,6.875,97.95833333333333,87.875
2024-05-17,17.4875,47.6,488.2916666666667,27.22083333333333,5.9125000000000005,85.375,79.41666666666667
2024-05-18,22.920833333333334,66.04166666666667,450.4583333333333,25.2,4.9624999999999995,78.41666666666667,71.29166666666667
2024-05-19,22.40833333333333,53.12916666666666,454.7916666666667,24.695833333333336,6.2625,88.375,90.125
2024-05-20,16.9875,32.49583333333333,398.625,20.5625,4.979166666666667,96.5,88.95833333333333
2024-05-21,16.620833333333334,29.229166666666668,390.25,20.254166666666666,4.941666666666666,96.375,80.66666666666667
2024-05-22,17.775000000000002,28.77916666666667,438.2083333333333,21.441666666666666,7.179166666666667,109.875,99.58333333333333
2024-05-23,16.8,27.087500000000002,408.75,19.508333333333333,6.679166666666667,114.08333333333333,101.29166666666667
2024-05-24,23.462500000000002,41.112500000000004,480.7083333333333,25.058333333333334,6.8875,106.16666666666667,96.58333333333333
2024-05-25,19.849999999999998,40.208333333333336,396.5416666666667,20.495833333333334,4.7875000000000005,97.41666666666667,88.83333333333333
2024-05-26,15.75,29.175,406.9166666666667,21.5125,5.016666666666667,101.625,87.25
2024-05-27,13.116666666666667,22.099999999999998,435.5833333333333,24.020833333333332,5.320833333333334,105.58333333333333,89.125
2024-05-28,11.6,19.245833333333334,453.4583333333333,24.991666666666664,5.041666666666667,100.125,84.79166666666667
2024-05-29,13.745833333333332,22.145833333333332,437.4583333333333,23.34166666666667,5.933333333333334,108.25,89.04166666666667
2024-05-30,12.4,22.079166666666666,369.4583333333333,18.791666666666668,4.079166666666667,107.45833333333333,85.29166666666667
2024-05-31,17.900000000000002,31.941666666666666,432.875,21.279166666666665,6.179166666666667,110.5,86.83333333333333
2024-06-01,18.0125,32.641666666666666,369.4166666666667,15.841666666666667,4.9875,120.58333333333333,99.79166666666667
2024-06-02,20.633333333333333,37.604166666666664,509.25,26.420833333333334,5.920833333333333,112.45833333333333,101.54166666666667
2024-06-03,25.866666666666664,46.50833333333333,522.2916666666666,22.84583333333333,7.495833333333334,125.875,116.20833333333333
2024-06-04,30.058333333333334,57.23333333333333,581.25,29.995833333333334,8.445833333333333,108.83333333333333,106.83333333333333
2024-06-05,24.991666666666664,47.895833333333336,423.625,20.191666666666666,4.845833333333333,95.875,90.04166666666667
2024-06-06,27.004166666666666,69.75416666666666,288.875,10.616666666666667,5.354166666666667,119.54166666666667,92.625
2024-06-07,23.2375,44.145833333333336,377.7916666666667,18.029166666666665,6.245833333333334,104.04166666666667,101.75
2024-06-08,17.254166666666666,30.09166666666667,371.4583333333333,19.279166666666665,5.604166666666667,106.375,96.875
2024-06-09,13.566666666666668,22.2,386.1666666666667,20.224999999999998,4.25,107.29166666666667,91.33333333333333
2024-06-10,16.912499999999998,27.058333333333334,413.8333333333333,20.629166666666666,5.333333333333333,115.33333333333333,96.95833333333333
2024-06-11,17.616666666666667,27.866666666666664,361.2916666666667,17.041666666666668,5.0874999999999995,118.33333333333333,101.5
2024-06-12,17.370833333333334,26.7625,417.7083333333333,20.220833333333335,6.345833333333334,118.33333333333333,104.41666666666667
2024-06-13,21.65416666666667,34.8125,452.4166666666667,23.616666666666664,6.145833333333333,117.0,97.75
2024-06-14,23.995833333333334,40.333333333333336,417.375,18.470833333333335,5.433333333333334,112.25,99.95833333333333
2024-06-15,21.516666666666666,38.0,389.0,16.216666666666665,6.008333333333333,119.625,105.875
2024-06-16,21.416666666666668,38.604166666666664,485.0416666666667,24.441666666666666,6.570833333333333,106.83333333333333,99.04166666666667
2024-06-17,22.179166666666664,38.737500000000004,512.375,26.9375,6.891666666666667,102.29166666666667,97.29166666666667
2024-06-18,26.400000000000002,49.32916666666667,525.9583333333334,27.520833333333332,6.8125,102.0,99.16666666666667
2024-06-19,24.3125,44.4625,477.4583333333333,25.34583333333333,6.8125,111.83333333333333,106.66666666666667
2024-06-20,27.162499999999998,52.07083333333333,367.625,13.595833333333333,7.795833333333333,129.91666666666666,115.41666666666667
2024-06-21,34.87083333333333,64.62083333333334,491.1666666666667,23.125,8.387500000000001,119.91666666666667,112.58333333333333
2024-06-22,35.25,57.48333333333333,623.75,35.612500000000004,8.304166666666667,115.625,133.54166666666666
2024-06-23,24.270833333333332,45.98333333333333,410.2083333333333,20.779166666666665,5.870833333333334,113.41666666666667,108.29166666666667
2024-06-24,27.045833333333334,48.78333333333333,530.375,28.054166666666664,6.875,111.25,114.5
2024-06-25,28.22083333333333,49.775,538.0833333333334,25.554166666666664,6.8875,123.58333333333333,118.33333333333333
2024-06-26,22.458333333333332,33.69583333333333,510.0,23.02916666666667,8.0875,130.79166666666666,125.95833333333333
2024-06-27,64.14999999999999,126.22083333333335,529.3333333333334,18.7625,10.725000000000001,137.5,121.75
2024-06-28,67.62916666666666,119.83749999999999,474.3333333333333,14.108333333333334,11.924999999999999,157.25,166.91666666666666
2024-06-29,63.76666666666666,106.58333333333333,528.4166666666666,20.420833333333334,9.233333333333333,127.20833333333333,157.58333333333334
2024-06-30,72.04166666666667,117.51666666666667,534.7083333333334,18.433333333333334,10.416666666666666,131.29166666666666,160.83333333333334
2024-07-01,62.050000000000004,97.325,477.8333333333333,14.720833333333333,9.066666666666666,130.66666666666666,159.58333333333334
2024-07-02,55.24583333333334,89.25833333333333,490.6666666666667,18.345833333333335,8.5875,127.875,156.04166666666666
2024-07-03,44.449999999999996,78.30833333333334,406.9166666666667,14.129166666666668,6.616666666666667,118.75,134.5
2024-07-04,21.537499999999998,33.87916666666667,330.7916666666667,10.804166666666667,4.7625,115.20833333333333,105.16666666666667
2024-07-05,19.179166666666667,29.770833333333332,392.7916666666667,16.925,5.741666666666667,102.375,71.66666666666667
2024-07-06,20.958333333333332,33.50833333333333,368.4583333333333,13.166666666666666,5.4125000000000005,117.33333333333333,83.66666666666667
2024-07-07,31.520833333333332,47.50416666666666,576.0833333333334,28.945833333333336,8.825000000000001,115.54166666666667,106.95833333333333
2024-07-08,40.045833333333334,61.4,741.75,36.800000000000004,12.5375,122.5,133.91666666666666
2024-07-09,41.7875,70.03750000000001,626.8333333333334,33.487500000000004,9.7875,115.41666666666667,123.375
2024-07-10,49.8375,86.82916666666667,764.5833333333334,42.03333333333333,11.325000000000001,106.375,141.79166666666666
2024-07-11,43.67083333333333,74.6875,795.625,45.53333333333333,8.716666666666667,83.83333333333333,128.83333333333334
2024-07-12,47.55833333333334,77.91666666666667,743.6666666666666,41.545833333333334,9.416666666666666,94.58333333333333,129.79166666666666
2024-07-13,45.25416666666666,70.10833333333333,731.7083333333334,38.37083333333333,11.075000000000001,114.70833333333333,148.29166666666666
2024-07-14,44.9,65.92916666666666,944.5833333333334,45.8125,13.104166666666666,119.79166666666667,149.58333333333334
2024-07-15,36.079166666666666,57.5625,672.5416666666666,35.737500000000004,9.133333333333333,108.125,134.70833333333334
2024-07-16,37.4625,57.675000000000004,755.8333333333334,40.079166666666666,11.795833333333334,115.875,136.0
2024-07-17,41.420833333333334,70.75833333333334,692.4166666666666,37.625,9.533333333333333,98.45833333333333,122.66666666666667
2024-07-18,55.93333333333334,98.2625,648.3333333333334,34.483333333333334,9.904166666666667,98.91666666666667,139.95833333333334
2024-07-19,48.4125,85.25833333333334,693.75,41.358333333333334,9.170833333333333,91.58333333333333,148.29166666666666
2024-07-20,52.76666666666667,89.81666666666666,655.9166666666666,35.766666666666666,10.141666666666667,103.0,144.29166666666666
2024-07-21,59.262499999999996,102.85833333333333,601.5833333333334,28.2375,10.6,112.41666666666667,153.625
2024-07-22,66.45833333333333,121.3125,587.625,27.129166666666666,9.829166666666667,118.5,156.29166666666666
2024-07-23,75.55833333333334,141.32500000000002,517.6666666666666,19.2375,10.1625,132.95833333333334,163.0
2024-07-24,74.15833333333333,129.49166666666667,870.7916666666666,43.98333333333333,11.445833333333333,102.25,169.375
2024-07-25,70.89583333333333,121.15416666666665,680.375,30.758333333333336,11.729166666666666,120.91666666666667,165.29166666666666
2024-07-26,57.479166666666664,96.8125,643.5,30.016666666666666,9.775,110.08333333333333,159.75
2024-07-27,44.74166666666667,81.6875,491.9583333333333,20.658333333333335,9.495833333333334,111.75,134.75
2024-07-28,32.30833333333333,56.0875,415.5416666666667,17.037499999999998,6.933333333333334,113.58333333333333,111.08333333333333
2024-07-29,40.80833333333333,65.10833333333333,607.4166666666666,30.52916666666667,8.204166666666667,83.79166666666667,95.875
2024-07-30,51.35833333333333,76.70416666666667,900.875,47.32083333333333,13.975,81.45833333333333,135.5
2024-07-31,44.0375,66.54583333333333,1013.7916666666666,51.49166666666667,9.816666666666666,91.70833333333333,141.41666666666666
2024-08-01,26.645833333333332,39.50416666666667,623.9166666666666,28.4375,6.05,84.79166666666667,102.41666666666667
2024-08-02,31.266666666666666,45.67083333333333,783.0,38.545833333333334,9.091666666666667,80.91666666666667,97.70833333333333
2024-08-03,27.754166666666666,40.083333333333336,509.2083333333333,22.8875,8.004166666666666,96.08333333333333,96.08333333333333
2024-08-04,21.370833333333334,30.974999999999998,380.3333333333333,19.183333333333334,6.758333333333333,77.25,77.41666666666667
2024-08-05,25.7625,36.86666666666667,473.4166666666667,25.2,8.770833333333334,68.20833333333333,80.45833333333333
2024-08-06,26.179166666666664,37.5875,470.9166666666667,21.175,9.091666666666667,97.33333333333333,93.16666666666667
2024-08-07,32.84583333333333,49.1,444.2916666666667,19.7375,8.554166666666667,102.41666666666667,96.125
2024-08-08,28.825,41.170833333333334,430.9583333333333,19.904166666666665,7.208333333333333,92.66666666666667,91.5
2024-08-09,39.07083333333333,55.80416666666667,461.3333333333333,22.599999999999998,7.0874999999999995,83.95833333333333,106.04166666666667
2024-08-10,26.40833333333333,37.57083333333333,464.8333333333333,24.575,7.3500000000000005,81.16666666666667,88.79166666666667
2024-08-11,22.09166666666667,32.266666666666666,500.2916666666667,24.766666666666666,6.4750000000000005,88.54166666666667,85.375
2024-08-12,23.962500000000002,34.25833333333333,595.8333333333334,31.370833333333334,8.0625,78.79166666666667,78.5
2024-08-13,33.4875,48.291666666666664,616.0,31.516666666666666,11.054166666666667,91.375,98.79166666666667
2024-08-14,49.675000000000004,74.95416666666667,614.4166666666666,27.979166666666668,10.933333333333332,106.70833333333333,111.79166666666667
2024-08-15,24.09583333333333,36.362500000000004,608.3333333333334,29.729166666666668,8.820833333333333,82.08333333333333,111.0
2024-08-16,33.96666666666667,49.387499999999996,952.5416666666666,48.2875,10.241666666666667,65.33333333333333,84.16666666666667
2024-08-17,31.8125,45.050000000000004,754.5833333333334,34.1625,9.904166666666667,74.54166666666667,99.70833333333333
2024-08-18,33.87083333333333,47.95416666666667,882.75,38.94166666666667,13.154166666666667,72.5,100.70833333333333
2024-08-19,36.96666666666667,54.175000000000004,866.3333333333334,46.275,14.066666666666668,66.0,103.125
2024-08-20,22.166666666666668,33.53333333333333,618.5,32.88333333333333,10.895833333333334,82.54166666666667,94.54166666666667
2024-08-21,27.870833333333334,42.34166666666667,836.0416666666666,41.858333333333334,11.891666666666666,86.95833333333333,97.91666666666667
2024-08-22,27.337500000000002,45.38333333333333,883.0,45.74166666666667,9.887500000000001,89.29166666666667,102.70833333333333
2024-08-23,38.025,69.34583333333333,889.25,50.14166666666667,12.266666666666666,96.625,110.20833333333333
2024-08-24,53.525,95.44166666666666,961.375,49.19166666666666,13.375,100.91666666666667,138.125
2024-08-25,52.2125,88.09583333333335,914.7083333333334,51.36666666666667,13.025,100.54166666666667,147.375
2024-08-26,41.833333333333336,66.94166666666666,793.5416666666666,39.9875,10.216666666666667,104.20833333333333,146.5
2024-08-27,25.53333333333333,37.641666666666666,598.7083333333334,28.337500000000002,6.495833333333334,73.58333333333333,98.04166666666667
2024-08-28,17.254166666666666,24.383333333333336,609.125,34.516666666666666,5.1125,26.333333333333332,73.25
2024-08-29,20.870833333333334,29.733333333333334,641.9166666666666,30.604166666666668,6.5375000000000005,51.375,66.41666666666667
2024-08-30,28.90416666666667,41.675000000000004,835.4583333333334,45.145833333333336,7.366666666666667,29.875,78.75
2024-08-31,29.8625,43.42916666666667,900.7083333333334,43.90833333333333,7.566666666666666,73.125,100.5
2024-09-01,29.670833333333334,43.4375,915.25,50.541666666666664,15.716666666666667,90.0,110.33333333333333
2024-09-02,21.212500000000002,30.816666666666666,512.9166666666666,25.145833333333332,11.0875,88.83333333333333,87.70833333333333
2024-09-03,24.491666666666664,35.5,650.25,34.516666666666666,10.658333333333333,96.875,82.45833333333333
2024-09-04,38.525,55.65,796.9583333333334,34.574999999999996,12.820833333333333,109.83333333333333,120.45833333333333
2024-09-05,31.054166666666664,45.31666666666666,697.125,32.86666666666667,10.9375,105.45833333333333,106.54166666666667
2024-09-06,33.69166666666667,49.3125,774.75,37.708333333333336,11.141666666666666,101.45833333333333,107.08333333333333
2024-09-07,32.704166666666666,49.05416666666667,837.2916666666666,43.025000000000006,13.112499999999999,103.20833333333333,112.875
2024-09-08,36.32083333333333,54.00833333333333,990.5416666666666,48.87083333333334,12.354166666666666,101.79166666666667,123.25
2024-09-09,39.112500000000004,60.5625,1072.625,54.7125,10.549999999999999,84.54166666666667,118.125
2024-09-10,43.59583333333333,67.9375,1096.875,54.40833333333333,11.820833333333333,89.58333333333333,126.20833333333333
2024-09-11,38.204166666666666,58.699999999999996,994.0,46.3125,11.454166666666666,98.125,133.33333333333334
2024-09-12,27.7,40.833333333333336,813.7916666666666,34.40416666666667,8.533333333333333,103.95833333333333,119.20833333333333
2024-09-13,35.90416666666666,56.887499999999996,761.9166666666666,35.99166666666667,8.4,91.70833333333333,96.875
2024-09-14,39.50833333333333,65.33333333333333,666.0416666666666,29.1375,8.829166666666667,107.16666666666667,117.41666666666667
2024-09-15,36.05416666666667,58.949999999999996,1083.3333333333333,48.18333333333334,8.875,70.95833333333333,113.83333333333333
2024-09-16,35.00833333333333,59.57916666666667,1105.4583333333333,49.112500000000004,8.6625,71.375,106.875
2024-09-17,34.69583333333333,60.8375,993.5416666666666,45.34166666666667,8.383333333333335,70.91666666666667,108.08333333333333
2024-09-18,35.329166666666666,60.96666666666667,1011.9583333333334,42.233333333333334,11.612499999999999,86.66666666666667,116.625
2024-09-19,35.50416666666667,57.37916666666666,1029.9583333333333,47.145833333333336,12.045833333333334,86.25,114.95833333333333
2024-09-20,34.487500000000004,52.925000000000004,973.4166666666666,48.15,11.5,91.70833333333333,118.45833333333333
2024-09-21,38.82083333333333,57.49583333333334,918.7083333333334,42.28333333333333,13.166666666666666,98.375,118.91666666666667
2024-09-22,37.525,54.949999999999996,879.125,38.050000000000004,11.862499999999999,92.95833333333333,118.375
2024-09-23,36.50833333333333,53.583333333333336,872.4583333333334,39.762499999999996,12.170833333333334,89.625,114.91666666666667
2024-09-24,35.32083333333333,52.387499999999996,933.2083333333334,47.025,12.1625,83.33333333333333,112.54166666666667
2024-09-25,47.01666666666667,70.47500000000001,885.0416666666666,43.375,13.129166666666668,88.125,115.45833333333333
2024-09-26,49.6625,74.02083333333333,816.3333333333334,35.887499999999996,11.229166666666666,90.375,139.08333333333334
2024-09-27,35.2875,51.729166666666664,866.9583333333334,37.983333333333334,9.566666666666666,85.45833333333333,122.0
2024-09-28,33.704166666666666,49.85,1003.2083333333334,46.70416666666667,11.866666666666667,81.83333333333333,108.08333333333333
2024-09-29,39.737500000000004,58.895833333333336,1044.0,48.5875,11.454166666666666,75.08333333333333,110.375
2024-09-30,31.820833333333336,49.275,965.0416666666666,45.791666666666664,6.558333333333334,60.333333333333336,103.91666666666667
2024-10-01,28.5125,45.854166666666664,915.375,46.2125,7.608333333333333,59.291666666666664,86.29166666666667
2024-10-02,29.016666666666666,47.15416666666667,929.3333333333334,45.42916666666667,8.820833333333333,64.54166666666667,95.04166666666667
2024-10-03,29.495833333333334,48.050000000000004,963.2916666666666,46.09166666666667,9.779166666666667,68.04166666666667,96.45833333333333
2024-10-04,41.15416666666667,70.17083333333333,912.5416666666666,43.0625,11.816666666666668,72.20833333333333,104.70833333333333
2024-10-05,42.55416666666667,71.69583333333334,1076.125,45.62916666666666,12.720833333333333,67.5,114.20833333333333
2024-10-06,35.641666666666666,58.25833333333333,994.5833333333334,44.82083333333333,10.116666666666665,65.20833333333333,117.95833333333333
2024-10-07,27.516666666666666,41.55416666666667,1052.1666666666667,48.31666666666666,11.049999999999999,66.75,98.0
2024-10-08,27.695833333333336,51.17083333333333,779.375,38.71666666666667,8.325000000000001,56.791666666666664,89.625
2024-10-09,20.445833333333333,34.6125,704.625,39.21666666666667,6.966666666666666,49.833333333333336,74.66666666666667
2024-10-10,22.28333333333333,35.300000000000004,1005.5,45.81666666666666,8.145833333333334,51.791666666666664,75.45833333333333
2024-10-11,19.150000000000002,28.391666666666666,951.875,46.11666666666667,6.629166666666666,51.541666666666664,73.58333333333333
2024-10-12,21.320833333333333,31.366666666666664,1041.25,47.15833333333333,8.9375,53.583333333333336,71.29166666666667
2024-10-13,24.099999999999998,35.03333333333333,1114.1666666666667,47.875,9.908333333333333,52.958333333333336,78.95833333333333
2024-10-14,22.05,32.12083333333333,899.9583333333334,40.80833333333333,9.8125,62.958333333333336,80.625
2024-10-15,27.40833333333333,40.9625,976.75,41.137499999999996,8.695833333333333,61.416666666666664,80.125
2024-10-16,29.858333333333334,44.395833333333336,1011.4166666666666,47.3375,12.445833333333333,59.541666666666664,87.875
2024-10-17,35.37916666666667,55.49583333333334,950.625,45.85,12.674999999999999,70.20833333333333,99.08333333333333
2024-10-18,42.708333333333336,67.84166666666667,1095.2083333333333,48.1875,13.529166666666667,67.875,109.625
2024-10-19,35.737500000000004,55.895833333333336,1225.75,50.699999999999996,11.370833333333332,68.08333333333333,112.16666666666667
2024-10-20,49.237500000000004,76.33749999999999,1092.375,48.2875,13.5875,74.45833333333333,114.70833333333333
2024-10-21,48.07916666666667,74.49166666666666,1284.75,47.24583333333334,12.758333333333333,66.91666666666667,139.08333333333334
2024-10-22,49.52916666666667,79.59583333333333,1209.3333333333333,49.112500000000004,13.5,67.20833333333333,129.04166666666666
2024-10-23,47.1,78.825,1381.625,46.40416666666667,9.4,45.916666666666664,131.0
2024-10-24,35.479166666666664,62.0,1069.0416666666667,43.17916666666667,7.0874999999999995,45.291666666666664,126.41666666666667
2024-10-25,26.849999999999998,45.59166666666667,995.8333333333334,45.12916666666666,7.254166666666666,44.583333333333336,88.83333333333333
2024-10-26,25.641666666666666,41.12083333333333,985.875,43.15833333333333,7.2,51.041666666666664,83.91666666666667
2024-10-27,30.05,46.4375,1461.7916666666667,51.18333333333334,11.9375,42.583333333333336,78.95833333333333
2024-10-28,59.34166666666667,96.4375,995.9166666666666,56.1875,17.837500000000002,66.75,118.25
2024-10-29,49.666666666666664,90.63749999999999,1017.1666666666666,34.391666666666666,8.166666666666666,67.29166666666667,154.70833333333334
2024-10-30,36.52916666666667,63.15,1087.4583333333333,40.895833333333336,9.091666666666667,46.541666666666664,107.58333333333333
2024-10-31,23.991666666666664,36.4375,782.9166666666666,43.75833333333333,5.8625,41.208333333333336,94.08333333333333
2024-11-01,24.97083333333333,36.475,948.9583333333334,47.012499999999996,7.208333333333333,39.25,75.79166666666667
2024-11-02,30.041666666666668,43.44583333333333,1362.125,55.25416666666666,10.174999999999999,38.5,83.66666666666667
2024-11-03,36.32083333333333,52.2875,1133.0416666666667,55.4625,16.625,50.75,97.375
2024-11-04,35.475,50.916666666666664,1181.0833333333333,60.475,11.029166666666667,58.958333333333336,99.29166666666667
2024-11-05,56.40833333333333,85.50833333333333,1352.7916666666667,55.0375,18.204166666666666,68.83333333333333,116.83333333333333
2024-11-06,47.104166666666664,68.8875,1359.6666666666667,60.09166666666667,13.858333333333334,68.91666666666667,149.91666666666666
2024-11-07,65.03750000000001,99.94583333333333,1468.125,54.916666666666664,19.220833333333335,60.166666666666664,131.91666666666666
2024-11-08,80.74583333333334,125.19583333333333,1757.0833333333333,57.112500000000004,18.125,60.625,164.70833333333334
2024-11-09,81.3625,126.17083333333333,1667.375,60.225,17.004166666666666,57.208333333333336,167.0
2024-11-10,99.55,152.76666666666668,1507.0833333333333,38.050000000000004,24.166666666666668,79.16666666666667,178.79166666666666
2024-11-11,57.47083333333333,88.04166666666667,1367.875,39.65416666666667,8.504166666666666,41.5,165.95833333333334
2024-11-12,57.15416666666667,74.79166666666667,1351.25,46.199999999999996,10.916666666666666,41.458333333333336,139.75
2024-11-13,67.60833333333333,72.45,1621.7916666666667,60.03333333333333,17.741666666666667,37.625,157.5
2024-11-14,110.6125,119.52499999999999,1880.5833333333333,64.39999999999999,19.150000000000002,40.0,171.20833333333334
2024-11-15,71.99166666666666,77.13333333333334,1196.6666666666667,54.854166666666664,13.775,37.208333333333336,184.20833333333334
2024-11-16,46.375,52.46666666666667,1304.3333333333333,49.28333333333333,9.225,48.833333333333336,131.75
2024-11-17,31.866666666666664,33.395833333333336,929.5416666666666,45.895833333333336,9.591666666666667,50.166666666666664,122.16666666666667
2024-11-18,36.2125,37.6875,1117.5833333333333,53.69166666666666,11.1625,38.833333333333336,96.29166666666667
2024-11-19,39.52916666666666,40.88333333333333,1369.0416666666667,57.09583333333333,14.720833333333333,39.541666666666664,104.0
2024-11-20,36.47083333333333,37.61666666666667,1468.4166666666667,54.55416666666667,13.020833333333334,41.875,105.95833333333333
2024-11-21,38.954166666666666,40.262499999999996,1546.5,55.833333333333336,14.933333333333332,38.625,105.16666666666667
2024-11-22,52.93333333333334,55.4,1478.2916666666667,59.57083333333333,23.520833333333332,40.083333333333336,123.33333333333333
2024-11-23,52.395833333333336,58.59583333333333,1217.625,51.31666666666666,16.508333333333333,43.625,148.58333333333334
2024-11-24,42.958333333333336,48.76666666666667,879.0,44.4625,10.779166666666667,51.666666666666664,127.625
2024-11-25,38.420833333333334,40.6875,920.0416666666666,52.612500000000004,12.516666666666666,45.833333333333336,117.66666666666667
2024-11-26,38.079166666666666,39.92916666666667,1160.9583333333333,54.25833333333333,14.4625,44.625,102.54166666666667
2024-11-27,36.5625,37.84166666666667,1560.5416666666667,53.89166666666667,15.904166666666667,44.208333333333336,102.25
2024-11-28,36.362500000000004,37.2875,1362.2083333333333,53.10833333333333,18.304166666666667,42.916666666666664,101.95833333333333
2024-11-29,32.37083333333333,33.670833333333334,1135.7916666666667,45.958333333333336,17.575,49.208333333333336,109.04166666666667
2024-11-30,37.94166666666667,45.550000000000004,1389.3333333333333,47.12916666666666,13.104166666666666,37.125,86.95833333333333
2024-12-01,33.887499999999996,38.15416666666667,1337.4583333333333,46.13333333333333,13.525,44.625,114.25
2024-12-02,25.133333333333336,36.125,1421.0833333333333,33.62083333333333,10.383333333333333,56.458333333333336,80.58333333333333
2024-12-03,27.099999999999998,32.891666666666666,894.4166666666666,41.324999999999996,8.575000000000001,49.208333333333336,87.33333333333333
2024-12-04,33.420833333333334,36.291666666666664,682.9583333333334,43.94583333333333,11.1,46.583333333333336,87.95833333333333
2024-12-05,43.54583333333333,46.199999999999996,1335.6666666666667,54.762499999999996,16.416666666666668,36.458333333333336,106.16666666666667
2024-12-06,40.916666666666664,42.99583333333334,969.7916666666666,54.737500000000004,13.270833333333334,38.25,122.375
2024-12-07,41.358333333333334,42.84166666666667,1256.2083333333333,56.50416666666666,18.520833333333332,47.0,110.625
2024-12-08,42.55833333333333,43.12916666666666,900.5,38.85,15.583333333333334,57.875,120.16666666666667
2024-12-09,38.05416666666667,38.791666666666664,1020.2916666666666,44.63333333333333,16.179166666666667,46.833333333333336,105.70833333333333
2024-12-10,36.4375,37.6,841.8333333333334,44.675000000000004,12.549999999999999,43.5,106.45833333333333
2024-12-11,52.84166666666667,55.125,1290.875,59.770833333333336,19.633333333333333,32.125,115.91666666666667
2024-12-12,47.71666666666667,51.93333333333334,1236.9166666666667,50.77916666666667,18.962500000000002,37.916666666666664,145.29166666666666
2024-12-13,33.34166666666667,35.833333333333336,650.8333333333334,41.06666666666667,12.295833333333334,52.208333333333336,115.25
2024-12-14,43.25416666666666,44.92083333333333,1225.2083333333333,50.65833333333333,12.916666666666666,36.916666666666664,99.83333333333333
2024-12-15,55.25833333333333,58.17916666666667,1765.625,56.199999999999996,18.954166666666666,33.291666666666664,127.91666666666667
2024-12-16,63.75833333333333,66.00416666666668,1679.375,57.262499999999996,19.23333333333333,30.125,156.125
2024-12-17,60.708333333333336,62.666666666666664,1679.0833333333333,61.262499999999996,18.708333333333332,32.416666666666664,153.79166666666666
2024-12-18,57.40416666666667,58.89166666666667,1659.0,61.8125,15.991666666666667,24.875,151.0
2024-12-19,58.00416666666667,59.21666666666667,1247.9583333333333,58.32916666666667,15.825000000000001,42.541666666666664,150.70833333333334
2024-12-20,70.87083333333334,72.7,1643.3333333333333,63.25416666666666,17.900000000000002,33.666666666666664,158.33333333333334
2024-12-21,71.67083333333333,73.79583333333333,1813.6666666666667,61.387499999999996,17.595833333333335,35.916666666666664,159.625
2024-12-22,79.70416666666667,81.4875,1747.25,63.541666666666664,19.2875,35.416666666666664,163.29166666666666
2024-12-23,97.35000000000001,98.89999999999999,1229.375,51.979166666666664,22.05,49.666666666666664,176.16666666666666
2024-12-24,81.25416666666666,83.55,1198.25,52.35,18.400000000000002,44.041666666666664,174.75
2024-12-25,55.1625,57.770833333333336,1174.8333333333333,56.99583333333334,13.391666666666666,31.25,159.08333333333334
2024-12-26,62.512499999999996,65.19166666666666,1610.375,57.67916666666667,16.1125,35.583333333333336,146.08333333333334
2024-12-27,78.2375,80.54583333333333,1365.7916666666667,50.73333333333333,14.754166666666668,43.625,162.875
2024-12-28,70.50833333333334,72.125,1595.8333333333333,57.35833333333333,23.858333333333334,44.333333333333336,167.5
2024-12-29,58.39166666666667,58.92916666666667,1157.3333333333333,58.89166666666667,20.537499999999998,54.875,154.33333333333334
2024-12-30,47.824999999999996,49.80833333333334,1764.125,62.99166666666667,18.441666666666666,38.666666666666664,136.125
2024-12-31,62.76666666666667,67.075,1986.0833333333333,72.67916666666666,25.916666666666668,33.0,147.75
2025-01-01,60.11666666666667,65.69166666666666,1427.0833333333333,65.10833333333333,20.191666666666666,26.75,153.375
2025-01-02,45.90416666666667,51.88333333333333,1531.7083333333333,52.074999999999996,16.391666666666666,38.166666666666664,141.20833333333334
2025-01-03,50.82916666666667,56.875,1589.875,49.99583333333334,18.3,38.833333333333336,133.08333333333334
2025-01-04,55.30416666666667,59.78333333333333,1181.7916666666667,52.27916666666667,17.591666666666665,46.208333333333336,146.45833333333334
2025-01-05,41.387499999999996,42.55416666666667,1412.5,32.675000000000004,11.908333333333333,82.91666666666667,141.66666666666666
2025-01-06,50.62083333333334,52.27916666666667,1066.3333333333333,46.25416666666666,14.070833333333333,55.416666666666664,113.5
2025-01-07,41.166666666666664,41.97083333333333,815.375,49.237500000000004,12.450000000000001,57.291666666666664,135.375
2025-01-08,43.10833333333333,44.04583333333333,918.7083333333334,54.112500000000004,13.512500000000001,52.0,114.08333333333333
2025-01-09,44.53333333333333,45.824999999999996,1506.25,56.458333333333336,17.729166666666668,50.458333333333336,117.29166666666667
2025-01-10,48.175000000000004,49.875,1416.25,55.59583333333333,17.104166666666668,49.041666666666664,120.33333333333333
2025-01-11,69.25,71.00833333333334,1520.3333333333333,65.29583333333333,23.966666666666665,45.75,151.83333333333334
2025-01-12,75.02499999999999,76.60416666666667,1374.8333333333333,63.14166666666667,26.166666666666668,53.75,166.54166666666666
2025-01-13,54.50416666666666,55.012499999999996,1180.9583333333333,57.6,20.504166666666666,63.458333333333336,152.45833333333334
2025-01-14,68.53750000000001,69.41666666666667,1836.4583333333333,64.35833333333333,22.608333333333334,48.166666666666664,151.75
2025-01-15,69.35,70.3,1921.875,64.15833333333333,21.795833333333334,46.625,163.25
2025-01-16,60.4375,61.45416666666667,1153.3333333333333,51.47083333333333,15.479166666666666,64.45833333333333,155.66666666666666
2025-01-17,45.775,46.416666666666664,801.875,49.05833333333334,13.683333333333332,59.166666666666664,143.625
2025-01-18,52.81666666666666,54.80416666666667,1321.7083333333333,61.041666666666664,14.308333333333332,46.125,133.29166666666666
2025-01-19,66.37916666666666,68.45833333333333,1694.0,61.449999999999996,15.320833333333333,28.0,154.45833333333334
2025-01-20,45.55416666666667,47.208333333333336,1347.0416666666667,48.887499999999996,13.933333333333332,45.666666666666664,141.95833333333334
2025-01-21,49.05833333333334,50.67083333333333,1140.2916666666667,53.487500000000004,16.566666666666666,45.208333333333336,126.33333333333333
2025-01-22,39.99166666666667,41.983333333333334,998.9583333333334,48.34166666666667,13.887500000000001,49.75,123.20833333333333
2025-01-23,40.483333333333334,44.38333333333333,680.9583333333334,48.82083333333333,12.120833333333332,54.125,122.625
2025-01-24,32.75833333333333,34.112500000000004,664.375,42.67916666666667,10.637500000000001,57.791666666666664,100.58333333333333
2025-01-25,34.15416666666667,35.358333333333334,897.375,45.041666666666664,11.570833333333333,61.166666666666664,90.75
2025-01-26,39.2875,41.5,1166.0833333333333,51.50833333333333,14.450000000000001,54.208333333333336,104.58333333333333
2025-01-27,41.641666666666666,44.39166666666667,1025.0416666666667,53.979166666666664,15.204166666666666,56.041666666666664,115.41666666666667
2025-01-28,46.57916666666667,49.92083333333333,1414.1666666666667,47.89166666666667,16.641666666666666,66.875,116.75
2025-01-29,63.5375,66.97083333333333,1039.2083333333333,35.43333333333333,19.875,95.33333333333333,150.04166666666666
2025-01-30,35.15416666666667,40.916666666666664,784.7083333333334,36.37916666666667,12.029166666666667,68.375,129.70833333333334
2025-01-31,34.94166666666667,39.704166666666666,1022.2916666666666,39.6875,11.395833333333334,64.16666666666667,100.20833333333333
2025-02-01,51.012499999999996,58.38333333333333,998.7916666666666,22.6875,11.654166666666667,94.66666666666667,109.5
2025-02-02,40.00416666666667,45.5625,896.8333333333334,37.28333333333333,12.033333333333333,71.29166666666667,132.0
2025-02-03,41.525,45.21666666666667,727.25,26.995833333333334,11.0,91.95833333333333,118.16666666666667
2025-02-04,52.92916666666667,55.9,896.9583333333334,31.22083333333333,17.025000000000002,98.08333333333333,126.04166666666667
2025-02-05,60.262499999999996,62.14166666666667,1045.7083333333333,52.65,20.808333333333334,60.208333333333336,151.70833333333334
2025-02-06,36.574999999999996,38.85,837.5416666666666,31.645833333333332,13.154166666666667,81.66666666666667,129.54166666666666
2025-02-07,34.74166666666667,37.175000000000004,639.125,37.63333333333333,11.216666666666667,77.79166666666667,99.41666666666667
2025-02-08,37.083333333333336,40.291666666666664,741.7916666666666,47.666666666666664,15.075000000000001,64.16666666666667,98.66666666666667
2025-02-09,44.42916666666667,51.72083333333333,1075.2083333333333,52.987500000000004,15.708333333333334,56.625,116.08333333333333
2025-02-10,27.77916666666667,35.62083333333333,1065.0833333333333,30.125,9.266666666666667,78.70833333333333,104.875
2025-02-11,29.566666666666666,45.4125,969.5833333333334,29.349999999999998,11.883333333333333,79.45833333333333,79.5
2025-02-12,23.191666666666666,29.099999999999998,774.2916666666666,31.895833333333332,8.683333333333334,68.45833333333333,89.54166666666667
2025-02-13,26.741666666666664,31.724999999999998,667.7916666666666,38.858333333333334,9.7875,64.875,82.66666666666667
2025-02-14,25.608333333333334,28.770833333333332,811.8333333333334,35.84166666666667,10.445833333333333,69.0,81.33333333333333
2025-02-15,32.52916666666666,36.0,920.9166666666666,46.3375,11.679166666666667,57.208333333333336,84.45833333333333
2025-02-16,32.11666666666667,35.550000000000004,785.7083333333334,38.362500000000004,11.85,63.291666666666664,97.33333333333333
2025-02-17,30.258333333333336,34.87916666666667,876.4583333333334,31.537499999999998,11.695833333333333,74.08333333333333,87.33333333333333
2025-02-18,23.020833333333332,24.787499999999998,585.0,28.175,9.987499999999999,77.5,88.45833333333333
2025-02-19,26.0125,28.370833333333334,719.5416666666666,36.87916666666667,12.375,63.5,78.58333333333333
2025-02-20,27.8625,31.020833333333332,676.5416666666666,29.325,9.745833333333334,68.33333333333333,76.91666666666667
2025-02-21,25.525000000000002,28.40416666666667,878.5,39.94583333333333,10.625,60.25,89.04166666666667
2025-02-22,34.645833333333336,39.90416666666667,787.0416666666666,47.45416666666667,11.020833333333334,66.54166666666667,90.41666666666667
2025-02-23,32.670833333333334,36.07083333333333,877.9166666666666,50.45416666666667,12.654166666666667,60.541666666666664,99.25
2025-02-24,24.383333333333336,27.09583333333333,769.2083333333334,41.012499999999996,10.920833333333334,77.45833333333333,88.75
2025-02-25,34.65,42.35,1010.7083333333334,39.15,10.6625,68.5,90.58333333333333
2025-02-26,27.508333333333336,69.43333333333334,451.0833333333333,20.791666666666668,5.720833333333334,80.83333333333333,86.29166666666667
2025-02-27,21.179166666666667,46.675000000000004,703.7083333333334,15.495833333333332,4.795833333333333,75.5,86.625
2025-02-28,18.599999999999998,26.3125,597.0,27.3125,8.420833333333333,58.375,61.541666666666664
2025-03-01,28.625,36.475,787.375,34.362500000000004,9.237499999999999,54.0,79.91666666666667
2025-03-02,33.4125,38.55833333333333,826.5,46.104166666666664,12.450000000000001,56.625,91.83333333333333
2025-03-03,42.395833333333336,74.62916666666666,557.9166666666666,41.108333333333334,9.020833333333334,60.958333333333336,103.625
2025-03-04,32.5,54.77916666666667,720.3333333333334,32.175000000000004,9.991666666666667,68.125,117.75
2025-03-05,20.941666666666666,23.679166666666664,480.5,29.833333333333332,7.295833333333333,76.0,80.5
2025-03-06,23.941666666666666,26.27916666666667,978.2083333333334,40.44583333333333,10.870833333333332,63.583333333333336,69.70833333333333
2025-03-07,20.841666666666665,22.708333333333332,864.125,43.40833333333333,11.070833333333333,64.45833333333333,77.70833333333333
2025-03-08,21.787499999999998,24.349999999999998,660.25,41.025,9.379166666666666,68.875,74.08333333333333
2025-03-09,25.72083333333333,26.854166666666668,1234.7083333333333,45.375,12.737499999999999,67.41666666666667,81.375
2025-03-10,23.887500000000003,28.775000000000002,678.875,24.400000000000002,6.9375,87.0,82.54166666666667
2025-03-11,33.25,55.729166666666664,958.75,36.65416666666666,12.583333333333334,86.79166666666667,75.54166666666667
2025-03-12,37.88333333333333,54.7125,1048.2083333333333,43.29583333333333,13.533333333333333,76.79166666666667,108.33333333333333
2025-03-13,28.120833333333334,35.07083333333333,755.625,42.854166666666664,9.299999999999999,60.083333333333336,103.66666666666667
2025-03-14,21.724999999999998,32.7125,650.4583333333334,29.03333333333333,5.966666666666666,69.25,78.375
2025-03-15,23.629166666666666,40.1625,744.0,22.829166666666666,5.204166666666667,77.83333333333333,76.5
2025-03-16,21.704166666666666,28.133333333333336,1033.3333333333333,32.34583333333333,7.583333333333333,77.91666666666667,76.625
2025-03-17,26.258333333333336,28.55,893.5,42.77916666666667,13.85,72.54166666666667,81.54166666666667
2025-03-18,21.204166666666666,23.141666666666666,914.0833333333334,41.00833333333333,11.6,78.25,84.70833333333333
2025-03-19,20.916666666666668,24.099999999999998,927.7083333333334,36.82083333333333,11.254166666666668,79.66666666666667,75.75
2025-03-20,20.770833333333332,26.266666666666666,729.2916666666666,32.00833333333333,8.237499999999999,78.41666666666667,75.54166666666667
2025-03-21,20.45,23.479166666666668,586.3333333333334,33.525,7.666666666666667,80.125,81.58333333333333
2025-03-22,18.3875,21.758333333333336,892.9166666666666,39.71666666666667,9.920833333333333,88.16666666666667,73.625
2025-03-23,20.483333333333334,21.5,1113.1666666666667,37.03333333333333,14.4,92.83333333333333,89.125
2025-03-24,27.0125,28.545833333333334,1105.2083333333333,45.19166666666666,16.170833333333334,89.375,87.125
2025-03-25,35.77916666666667,40.50416666666667,870.9583333333334,25.604166666666668,13.295833333333333,120.45833333333333,116.33333333333333
2025-03-26,21.108333333333334,45.1625,625.5,12.283333333333333,6.266666666666667,114.70833333333333,92.58333333333333
2025-03-27,22.5625,52.475,607.9166666666666,15.666666666666666,6.966666666666666,105.625,76.33333333333333
2025-03-28,17.5125,27.787499999999998,473.3333333333333,19.6875,7.508333333333333,99.20833333333333,77.70833333333333
2025-03-29,16.2625,18.566666666666666,465.5833333333333,31.258333333333336,7.125,95.875,84.875
2025-03-30,15.220833333333333,17.066666666666666,545.2916666666666,34.80833333333333,7.816666666666666,88.75,77.375
2025-03-31,16.641666666666666,24.504166666666666,477.7083333333333,31.3,6.095833333333334,85.79166666666667,71.91666666666667
2025-04-01,28.120833333333334,43.70416666666667,534.5,33.358333333333334,7.3125,95.70833333333333,90.5
2025-04-02,27.52916666666667,40.9375,719.0416666666666,34.13333333333333,8.0375,95.16666666666667,99.79166666666667
2025-04-03,22.9875,34.391666666666666,656.6666666666666,24.125,7.358333333333333,89.33333333333333,82.66666666666667
2025-04-04,22.7,40.96666666666667,532.5416666666666,25.254166666666666,8.641666666666667,100.375,90.33333333333333
2025-04-05,18.845833333333335,27.96666666666667,643.4583333333334,33.6,8.1875,91.54166666666667,86.0
2025-04-06,14.512500000000001,17.270833333333332,663.6666666666666,34.80416666666667,8.108333333333333,90.29166666666667,78.70833333333333
2025-04-07,15.637500000000001,20.891666666666666,774.5833333333334,34.949999999999996,11.408333333333333,87.45833333333333,72.95833333333333
2025-04-08,22.0,29.599999999999998,848.2916666666666,22.816666666666666,9.258333333333333,93.875,73.45833333333333
2025-04-09,26.775000000000002,41.49583333333333,786.7916666666666,17.933333333333334,8.383333333333333,102.79166666666667,87.33333333333333
2025-04-10,26.295833333333334,49.42916666666667,732.5833333333334,27.962500000000002,7.408333333333334,81.875,84.79166666666667
2025-04-11,21.766666666666666,40.84166666666667,696.0833333333334,31.4875,5.804166666666667,75.75,78.91666666666667
2025-04-12,19.395833333333332,37.19583333333333,746.6666666666666,28.745833333333334,8.745833333333334,94.04166666666667,85.125
2025-04-13,22.191666666666666,30.3125,701.25,34.86666666666667,12.512500000000001,100.16666666666667,101.125
2025-04-14,15.108333333333334,18.541666666666668,776.125,31.833333333333332,11.041666666666666,117.95833333333333,105.58333333333333
2025-04-15,24.329166666666666,35.3375,660.8333333333334,22.40416666666667,11.354166666666666,129.66666666666666,106.95833333333333
2025-04-16,30.787499999999998,66.08749999999999,694.4583333333334,17.391666666666666,9.554166666666667,118.5,104.25
2025-04-17,24.395833333333332,38.09166666666667,673.5,27.304166666666664,8.720833333333333,102.29166666666667,95.95833333333333
2025-04-18,20.599999999999998,46.68333333333334,503.4166666666667,20.195833333333333,5.691666666666666,98.08333333333333,79.875
2025-04-19,28.2625,79.89166666666667,466.0833333333333,9.533333333333333,6.008333333333333,119.66666666666667,79.75
2025-04-20,32.137499999999996,102.175,463.9166666666667,12.791666666666666,6.941666666666666,118.25,97.58333333333333
2025-04-21,42.65,154.82500000000002,621.0416666666666,32.59166666666667,7.608333333333333,107.20833333333333,106.29166666666667
2025-04-22,28.833333333333332,73.22500000000001,619.0833333333334,26.97083333333333,7.4624999999999995,105.625,124.33333333333333
2025-04-23,19.208333333333332,37.5875,628.25,22.349999999999998,7.320833333333333,102.0,92.04166666666667
2025-04-24,12.279166666666667,19.591666666666665,684.5416666666666,16.854166666666668,5.8999999999999995,109.95833333333333,86.83333333333333
2025-04-25,10.966666666666667,15.616666666666667,629.5833333333334,18.316666666666666,6.1499999999999995,111.08333333333333,78.20833333333333
2025-04-26,12.575000000000001,20.495833333333334,596.5833333333334,26.495833333333334,5.608333333333333,101.16666666666667,74.95833333333333
2025-04-27,11.779166666666667,21.1375,486.75,18.474999999999998,6.158333333333334,115.25,87.16666666666667
2025-04-28,11.4625,17.958333333333332,651.75,22.508333333333336,7.383333333333333,111.58333333333333,87.16666666666667
2025-04-29,23.816666666666666,51.9125,716.375,28.016666666666666,8.975,119.41666666666667,100.0
2025-04-30,39.891666666666666,98.95,739.8333333333334,30.6125,13.116666666666667,135.625,126.375
2025-05-01,52.12083333333334,152.40416666666667,905.7916666666666,26.316666666666666,15.033333333333333,132.875,137.08333333333334
2025-05-02,60.97083333333333,151.82916666666668,981.5833333333334,27.295833333333334,14.366666666666667,118.04166666666667,156.70833333333334
2025-05-03,39.545833333333334,63.71666666666667,1073.875,22.420833333333334,10.175,125.625,144.54166666666666
2025-05-04,30.554166666666664,40.625,906.6666666666666,32.84583333333333,12.308333333333332,101.0,102.95833333333333
2025-05-05,35.145833333333336,48.85,876.125,33.262499999999996,9.450000000000001,101.16666666666667,112.25
2025-05-06,43.82083333333333,78.63333333333334,847.3333333333334,40.55416666666667,14.020833333333334,105.625,128.125
2025-05-07,47.05833333333334,102.08333333333333,922.2916666666666,24.704166666666666,10.179166666666667,126.375,134.45833333333334
2025-05-08,41.550000000000004,72.5,1010.4166666666666,23.508333333333336,6.633333333333333,108.375,120.95833333333333
2025-05-09,37.1625,57.44583333333333,641.6666666666666,44.895833333333336,8.004166666666666,87.54166666666667,117.95833333333333
2025-05-10,31.349999999999998,44.04583333333333,702.25,50.229166666666664,10.191666666666666,91.70833333333333,115.58333333333333
2025-05-11,32.05,44.94583333333333,929.5,41.99583333333333,10.870833333333332,101.75,104.83333333333333
2025-05-12,25.954166666666666,34.800000000000004,828.25,41.34583333333333,9.854166666666666,95.95833333333333,106.29166666666667
2025-05-13,21.925,30.162499999999998,726.75,37.262499999999996,7.329166666666667,97.79166666666667,98.83333333333333
2025-05-14,17.908333333333335,24.854166666666668,607.9583333333334,28.379166666666666,7.508333333333334,112.29166666666667,96.5
2025-05-15,16.729166666666668,21.104166666666668,582.3333333333334,34.983333333333334,8.9,113.08333333333333,98.125
2025-05-16,21.216666666666665,30.037499999999998,742.0833333333334,29.920833333333334,10.141666666666667,124.20833333333333,106.95833333333333
2025-05-17,23.191666666666666,31.4375,638.8333333333334,33.12916666666667,10.470833333333333,119.75,115.58333333333333
2025-05-18,23.208333333333332,31.8125,634.9166666666666,28.541666666666668,11.120833333333332,127.95833333333333,113.79166666666667
2025-05-19,22.15416666666667,34.80833333333333,724.5833333333334,20.287499999999998,9.629166666666666,132.29166666666666,110.5
2025-05-20,28.020833333333332,46.73333333333333,612.3333333333334,27.4875,10.262500000000001,114.75,105.58333333333333
2025-05-21,22.712500000000002,35.0,566.25,23.570833333333336,7.345833333333334,108.0,99.375
2025-05-22,41.199999999999996,81.62083333333334,644.0,17.754166666666666,10.0625,125.70833333333333,112.16666666666667
2025-05-23,73.575,238.5375,917.0,27.183333333333334,14.466666666666667,123.625,151.625
2025-05-24,65.35000000000001,177.22916666666666,807.9583333333334,33.49166666666667,12.15,107.125,159.95833333333334
2025-05-25,43.38333333333333,88.46249999999999,824.875,35.545833333333334,11.745833333333332,107.58333333333333,157.25
2025-05-26,37.55,56.62083333333334,745.3333333333334,33.7125,15.229166666666666,123.95833333333333,132.08333333333334
2025-05-27,37.21666666666667,58.708333333333336,691.9583333333334,35.93333333333333,12.479166666666666,112.20833333333333,122.0
2025-05-28,30.5,46.145833333333336,547.5,32.145833333333336,9.445833333333333,105.16666666666667,115.29166666666667
2025-05-29,24.795833333333334,38.362500000000004,742.1666666666666,31.712500000000002,8.983333333333333,101.79166666666667,102.41666666666667
2025-05-30,29.195833333333336,69.3625,535.3333333333334,25.979166666666668,8.716666666666667,113.66666666666667,98.0
2025-05-31,28.02916666666667,69.87916666666668,721.625,11.570833333333333,5.733333333333333,123.29166666666667,101.79166666666667
2025-06-01,20.870833333333334,47.925000000000004,694.0,24.933333333333334,6.7,114.58333333333333,97.58333333333333
2025-06-02,17.5125,29.516666666666666,434.6666666666667,21.479166666666668,6.945833333333333,113.41666666666667,98.125
2025-06-03,20.2375,31.483333333333334,403.6666666666667,13.595833333333333,6.7,137.5,106.58333333333333
2025-06-04,23.741666666666664,32.65,487.375,17.958333333333332,7.5375000000000005,129.66666666666666,107.45833333333333
2025-06-05,40.145833333333336,68.45,627.875,32.3375,11.445833333333333,125.0,118.91666666666667
2025-06-06,38.69166666666667,58.21666666666667,662.5416666666666,34.791666666666664,12.262500000000001,122.0,138.58333333333334
2025-06-07,33.07083333333333,62.62916666666666,571.5,38.300000000000004,11.520833333333334,112.79166666666667,120.91666666666667
2025-06-08,32.920833333333334,78.49583333333334,474.7083333333333,33.166666666666664,7.575,101.95833333333333,108.125
2025-06-09,32.0,64.86666666666666,606.25,39.11666666666667,7.675,96.79166666666667,110.79166666666667
2025-06-10,28.983333333333334,56.88333333333333,740.2083333333334,32.858333333333334,8.6,106.33333333333333,108.125
2025-06-11,31.541666666666668,53.67916666666667,654.125,30.141666666666666,9.454166666666667,116.58333333333333,114.54166666666667
2025-06-12,34.824999999999996,53.42083333333333,646.75,36.9375,10.9,105.70833333333333,115.375
2025-06-13,31.900000000000002,52.46666666666667,535.375,24.200000000000003,10.333333333333334,121.625,119.04166666666667
2025-06-14,33.87916666666667,55.00416666666666,491.75,22.704166666666666,9.5875,128.54166666666666,118.625
2025-06-15,32.512499999999996,46.90833333333333,530.875,25.445833333333336,8.758333333333333,119.375,120.41666666666667
2025-06-16,51.199999999999996,82.0625,676.375,24.304166666666664,15.533333333333333,136.54166666666666,130.83333333333334
2025-06-17,57.30416666666667,85.54583333333333,609.1666666666666,19.625,12.470833333333333,147.5,161.91666666666666
2025-06-18,53.7125,77.55833333333334,765.75,17.787499999999998,13.025,153.04166666666666,167.0
2025-06-19,49.81666666666666,70.80833333333334,675.5,12.570833333333333,11.658333333333333,159.54166666666666,156.29166666666666
2025-06-20,63.94583333333333,104.16666666666667,608.5416666666666,9.745833333333334,12.941666666666668,162.0,160.79166666666666
2025-06-21,62.512499999999996,137.51666666666668,537.5833333333334,10.6,9.691666666666666,142.45833333333334,154.875
2025-06-22,43.0375,87.40416666666665,740.9166666666666,23.054166666666664,7.1625000000000005,108.5,143.04166666666666
2025-06-23,58.4,111.575,866.5833333333334,26.433333333333334,12.845833333333333,117.16666666666667,140.75
2025-06-24,60.44166666666667,97.3,680.7916666666666,21.662499999999998,10.395833333333334,125.41666666666667,154.875
2025-06-25,28.820833333333336,43.15416666666667,848.25,19.083333333333332,6.4125000000000005,122.91666666666667,134.79166666666666
2025-06-26,22.879166666666666,24.7625,981.0416666666666,27.28333333333333,7.841666666666666,94.08333333333333,74.5
2025-06-27,34.2875,38.46666666666667,887.4583333333334,35.362500000000004,7.854166666666667,84.41666666666667,95.58333333333333
2025-06-28,42.99583333333334,62.6,890.5416666666666,34.44583333333333,14.725,107.75,110.70833333333333
2025-06-29,56.50833333333333,79.40416666666667,882.5416666666666,24.933333333333334,12.479166666666666,110.08333333333333,142.25
2025-06-30,41.94166666666667,59.94583333333333,574.6666666666666,14.833333333333334,9.004166666666666,130.45833333333334,137.33333333333334
2025-07-01,29.0625,40.57083333333333,611.3333333333334,20.579166666666666,5.979166666666667,97.91666666666667,102.66666666666667
2025-07-02,36.25833333333333,55.77916666666667,804.2083333333334,38.30416666666667,9.325000000000001,69.125,91.29166666666667
2025-07-03,43.050000000000004,67.26666666666667,725.5416666666666,26.912499999999998,10.1625,105.79166666666667,119.625
2025-07-04,54.95416666666667,99.575,725.7916666666666,19.591666666666665,11.270833333333334,122.5,137.875
2025-07-05,61.85833333333333,93.8625,797.0,17.675,9.104166666666666,125.125,152.16666666666666
2025-07-06,53.31666666666666,91.60416666666667,1041.3333333333333,21.729166666666668,8.358333333333333,116.70833333333333,147.04166666666666
2025-07-07,52.15,74.75,966.5,37.324999999999996,8.720833333333333,90.04166666666667,150.54166666666666
2025-07-08,36.199999999999996,46.94166666666666,1193.2083333333333,36.829166666666666,8.608333333333333,90.41666666666667,122.20833333333333
2025-07-09,31.8,38.612500000000004,863.7916666666666,27.8875,7.875,101.875,105.08333333333333
2025-07-10,30.858333333333334,36.4,806.0416666666666,24.837500000000002,6.395833333333333,93.375,84.66666666666667
2025-07-11,58.74166666666667,69.04166666666667,1004.3333333333334,40.0875,12.325000000000001,98.41666666666667,140.54166666666666
2025-07-12,33.55416666666667,37.59166666666667,973.6666666666666,25.650000000000002,9.0375,117.91666666666667,140.70833333333334
2025-07-13,50.15416666666667,59.925000000000004,1098.5833333333333,40.575,11.991666666666667,108.79166666666667,133.375
2025-07-14,47.54583333333333,51.708333333333336,1118.375,41.862500000000004,10.029166666666667,97.875,143.83333333333334
2025-07-15,39.583333333333336,40.3125,830.4166666666666,52.25416666666666,10.924999999999999,64.95833333333333,118.375
2025-07-16,18.645833333333332,19.729166666666668,963.5416666666666,34.9,4.004166666666666,52.583333333333336,92.04166666666667
2025-07-17,28.15416666666667,31.849999999999998,760.5416666666666,39.46666666666667,4.633333333333334,55.5,63.125
2025-07-18,43.78333333333333,55.92083333333333,939.2916666666666,32.625,8.9625,86.41666666666667,114.375
2025-07-19,40.19166666666667,47.07083333333333,1226.5,37.925000000000004,10.137500000000001,83.79166666666667,124.70833333333333
2025-07-20,39.9,71.09166666666667,712.75,27.833333333333332,9.495833333333334,103.70833333333333,114.83333333333333
2025-07-21,33.454166666666666,70.76666666666667,587.375,18.8,8.220833333333333,100.375,106.16666666666667
2025-07-22,23.445833333333336,32.854166666666664,580.3333333333334,22.5125,6.425,73.375,83.54166666666667
2025-07-23,22.945833333333336,27.65416666666667,751.7916666666666,36.12916666666667,6.754166666666666,73.875,79.58333333333333
2025-07-24,39.775,52.89166666666667,1067.0,42.579166666666666,7.954166666666667,72.875,93.95833333333333
2025-07-25,45.67916666666667,61.958333333333336,1355.7083333333333,37.59166666666667,12.004166666666668,103.75,132.83333333333334
2025-07-26,46.916666666666664,63.166666666666664,1232.1666666666667,38.34583333333333,10.3375,95.16666666666667,138.04166666666666
2025-07-27,59.104166666666664,73.45416666666667,1273.2083333333333,48.50416666666666,14.845833333333333,100.70833333333333,148.66666666666666
2025-07-28,61.449999999999996,77.82916666666667,1110.125,28.825,12.804166666666667,117.875,155.875
2025-07-29,39.141666666666666,51.354166666666664,702.3333333333334,18.220833333333335,5.9375,116.91666666666667,144.79166666666666
2025-07-30,19.0125,25.02916666666667,609.9583333333334,22.491666666666664,5.1000000000000005,93.70833333333333,80.83333333333333
2025-07-31,24.520833333333332,31.625,760.7083333333334,24.379166666666666,6.641666666666667,82.08333333333333,73.45833333333333
2025-08-01,34.104166666666664,36.770833333333336,866.25,24.1125,8.720833333333333,91.75,97.04166666666667
2025-08-02,33.949999999999996,36.858333333333334,1022.4166666666666,34.5875,10.279166666666667,94.0,105.0
2025-08-03,45.98333333333333,56.40416666666667,898.5,40.387499999999996,12.420833333333334,92.5,123.79166666666667
2025-08-04,47.8125,69.02499999999999,741.2083333333334,30.7375,10.674999999999999,100.33333333333333,128.875
2025-08-05,35.02916666666667,54.49583333333334,589.875,20.679166666666667,6.633333333333333,106.95833333333333,117.33333333333333
2025-08-06,29.95,49.99583333333334,767.625,24.775000000000002,8.375,106.0,96.04166666666667
2025-08-07,38.225,56.11666666666667,857.1666666666666,35.86666666666667,11.904166666666667,94.25,111.66666666666667
2025-08-08,42.22083333333333,59.34166666666667,739.0833333333334,36.5625,12.1625,100.91666666666667,121.08333333333333
2025-08-09,49.59166666666667,78.81666666666666,969.4583333333334,38.637499999999996,11.5625,97.33333333333333,133.375
2025-08-10,61.9625,98.82916666666667,1129.25,51.125,15.891666666666666,93.70833333333333,150.20833333333334
2025-08-11,58.75416666666666,87.13333333333333,802.0,37.016666666666666,16.266666666666666,98.75,156.66666666666666
2025-08-12,51.63333333333333,76.99166666666666,613.25,21.320833333333336,10.674999999999999,95.83333333333333,144.5
2025-08-13,56.208333333333336,105.8625,641.0833333333334,24.854166666666668,13.674999999999999,74.91666666666667,145.41666666666666
2025-08-14,46.112500000000004,81.10833333333333,569.625,23.058333333333334,8.495833333333334,78.29166666666667,142.91666666666666
2025-08-15,35.27916666666667,55.05833333333334,998.3333333333334,31.40833333333333,9.458333333333334,70.375,101.70833333333333
2025-08-16,45.75416666666666,64.80416666666666,875.5833333333334,34.12916666666667,12.8375,89.83333333333333,110.29166666666667
2025-08-17,39.645833333333336,52.3375,912.9166666666666,21.116666666666667,8.7125,106.95833333333333,135.5
2025-08-18,31.616666666666664,35.12916666666667,1175.6666666666667,36.06666666666667,5.7875000000000005,66.29166666666667,92.79166666666667
2025-08-19,41.233333333333334,44.19583333333333,1120.4583333333333,49.887499999999996,9.433333333333334,68.20833333333333,108.95833333333333
2025-08-20,37.545833333333334,39.82083333333333,1200.75,46.8375,9.591666666666667,74.16666666666667,117.75
2025-08-21,26.858333333333334,28.291666666666668,1046.125,30.383333333333336,9.745833333333334,89.66666666666667,99.91666666666667
2025-08-22,30.458333333333332,32.59166666666667,979.0416666666666,33.12083333333333,12.104166666666666,95.54166666666667,94.375
2025-08-23,36.475,39.25833333333333,758.9583333333334,26.770833333333332,7.895833333333333,99.625,100.0
2025-08-24,26.462500000000002,26.925,1024.8333333333333,31.983333333333334,6.595833333333334,68.5,93.33333333333333
2025-08-25,37.104166666666664,38.31666666666667,1014.0833333333334,47.083333333333336,10.566666666666666,80.79166666666667,110.625
2025-08-26,30.587500000000002,31.083333333333332,745.5,38.895833333333336,9.091666666666667,68.33333333333333,101.875
2025-08-27,34.5625,35.708333333333336,1218.25,51.17083333333333,11.1625,72.20833333333333,93.20833333333333
2025-08-28,44.9375,46.2125,1039.0416666666667,49.75416666666666,17.525000000000002,99.66666666666667,137.375
2025-08-29,25.745833333333334,26.791666666666668,706.9583333333334,20.683333333333334,9.3375,109.125,105.45833333333333
2025-08-30,24.641666666666666,24.920833333333334,934.4583333333334,31.920833333333334,7.3999999999999995,70.54166666666667,73.16666666666667
2025-08-31,31.925,32.137499999999996,945.75,37.824999999999996,7.708333333333333,54.791666666666664,96.08333333333333
2025-09-01,25.599999999999998,26.016666666666666,924.0,25.895833333333332,9.4125,77.875,86.04166666666667
2025-09-02,20.425,20.6875,986.9166666666666,24.133333333333336,5.9375,66.16666666666667,76.54166666666667
2025-09-03,22.191666666666666,22.445833333333336,965.9583333333334,33.37916666666667,5.995833333333334,55.75,68.58333333333333
2025-09-04,26.3125,26.6375,1136.75,36.78333333333333,7.966666666666666,68.95833333333333,86.125
2025-09-05,26.05,26.354166666666668,1069.1666666666667,43.449999999999996,9.737499999999999,63.083333333333336,78.79166666666667
2025-09-06,31.4875,31.679166666666664,992.4583333333334,42.329166666666666,13.858333333333334,83.16666666666667,107.08333333333333
2025-09-07,30.15416666666667,30.4375,1115.0833333333333,43.175000000000004,7.266666666666667,50.541666666666664,88.45833333333333
2025-09-08,45.96666666666667,46.6,1352.125,56.54583333333333,13.591666666666667,36.708333333333336,106.125
2025-09-09,51.791666666666664,52.550000000000004,1281.2083333333333,58.7125,17.849999999999998,74.5,137.95833333333334
2025-09-10,38.46666666666667,38.85,977.0833333333334,50.46666666666667,13.983333333333334,71.25,128.79166666666666
2025-09-11,36.175000000000004,37.583333333333336,922.75,44.262499999999996,14.325000000000001,76.16666666666667,105.58333333333333
2025-09-12,40.30833333333333,44.47083333333333,859.0833333333334,30.920833333333334,13.129166666666668,92.125,107.5
2025-09-13,36.291666666666664,39.2125,995.9166666666666,27.104166666666668,12.0875,101.54166666666667,112.33333333333333
2025-09-14,39.833333333333336,42.125,1151.375,35.5375,11.049999999999999,90.125,105.70833333333333
2025-09-15,37.270833333333336,39.24166666666667,1028.0833333333333,29.40416666666667,11.262500000000001,94.91666666666667,113.33333333333333
2025-09-16,30.129166666666666,33.1875,975.2916666666666,31.066666666666666,11.041666666666666,96.25,100.20833333333333
2025-09-17,38.55416666666667,47.30416666666667,965.5833333333334,46.05416666666667,13.929166666666667,75.66666666666667,101.83333333333333
2025-09-18,43.89166666666667,55.112500000000004,1235.0,45.74583333333334,13.170833333333334,83.625,118.04166666666667
2025-09-19,41.6,54.03333333333333,1102.5416666666667,50.65833333333333,12.329166666666666,66.875,122.83333333333333
2025-09-20,40.516666666666666,49.31666666666666,859.6666666666666,48.67083333333333,16.616666666666667,76.25,116.91666666666667
2025-09-21,36.479166666666664,43.94583333333333,934.625,49.73333333333333,13.766666666666666,80.29166666666667,110.79166666666667
2025-09-22,43.79583333333333,54.25416666666666,997.2916666666666,52.78333333333333,15.045833333333333,80.16666666666667,118.16666666666667
2025-09-23,47.9,56.895833333333336,1145.9583333333333,56.75833333333333,17.787499999999998,84.70833333333333,133.20833333333334
2025-09-24,47.62916666666666,54.64166666666667,1016.4583333333334,59.583333333333336,19.583333333333332,88.75,140.875
2025-09-25,39.266666666666666,45.541666666666664,904.8333333333334,49.40416666666667,15.420833333333334,89.5,128.91666666666666
2025-09-26,33.737500000000004,40.72083333333334,901.5,51.36666666666667,9.395833333333334,64.79166666666667,103.45833333333333
2025-09-27,38.34583333333333,46.55833333333334,998.5416666666666,56.49583333333334,14.629166666666668,73.91666666666667,106.375
2025-09-28,33.03333333333333,36.5,979.2916666666666,56.1875,13.591666666666667,72.875,112.95833333333333
2025-09-29,29.866666666666664,31.2375,1028.7083333333333,51.175000000000004,14.320833333333333,79.0,104.25
2025-09-30,30.254166666666666,31.945833333333336,1192.1666666666667,54.74166666666667,16.404166666666665,79.83333333333333,98.25
2025-10-01,33.77916666666667,38.112500000000004,1034.3333333333333,40.800000000000004,13.933333333333332,97.91666666666667,104.0
2025-10-02,31.270833333333332,36.13333333333333,1055.7083333333333,45.74583333333334,11.583333333333334,73.29166666666667,93.79166666666667
2025-10-03,37.574999999999996,43.12916666666666,1000.8333333333334,47.35,12.929166666666667,73.41666666666667,102.41666666666667
2025-10-04,41.24583333333333,46.975,1136.625,59.36666666666667,13.237499999999999,59.75,108.54166666666667
2025-10-05,34.175000000000004,39.016666666666666,1058.5833333333333,53.88333333333333,9.933333333333334,58.958333333333336,116.29166666666667
2025-10-06,21.150000000000002,26.27916666666667,741.75,32.96666666666666,5.345833333333334,66.625,84.45833333333333
2025-10-07,21.558333333333334,31.608333333333334,894.1666666666666,29.71666666666667,5.495833333333334,71.41666666666667,63.5
2025-10-08,32.041666666666664,39.65416666666667,1010.4166666666666,52.35833333333333,10.279166666666667,56.875,86.08333333333333
2025-10-09,31.2,37.37916666666667,1109.375,52.43333333333334,13.25,60.25,94.0
2025-10-10,30.212500000000002,32.84166666666667,1125.875,57.71666666666667,12.75,64.83333333333333,93.0
2025-10-11,22.829166666666666,23.829166666666666,922.375,48.25416666666666,11.395833333333334,69.91666666666667,87.125
2025-10-12,23.683333333333334,24.229166666666668,1133.6666666666667,52.23333333333333,12.383333333333333,65.91666666666667,77.20833333333333
2025-10-13,23.441666666666666,23.55,1278.3333333333333,55.10833333333333,14.916666666666666,73.54166666666667,84.875
2025-10-14,26.837500000000002,27.474999999999998,1154.9166666666667,43.166666666666664,17.016666666666666,84.70833333333333,88.83333333333333
2025-10-15,37.612500000000004,39.545833333333334,1109.0,47.5,18.5125,88.875,97.04166666666667
2025-10-16,34.891666666666666,35.949999999999996,1262.25,55.65416666666667,16.75,77.54166666666667,106.625
2025-10-17,35.92916666666667,36.56666666666667,1366.2083333333333,59.50833333333333,19.55,80.20833333333333,108.16666666666667
2025-10-18,36.083333333333336,36.8125,1361.0,64.70416666666667,21.258333333333333,71.29166666666667,107.58333333333333
2025-10-19,33.375,34.354166666666664,1175.5833333333333,50.21666666666667,18.095833333333335,79.25,101.75
2025-10-20,35.74166666666667,36.94583333333333,1259.5,58.21666666666667,15.950000000000001,60.958333333333336,96.79166666666667
2025-10-21,31.391666666666666,33.62916666666667,1131.4166666666667,50.15833333333333,12.420833333333334,66.79166666666667,99.5
2025-10-22,28.766666666666666,30.316666666666666,1191.75,54.25416666666666,11.575000000000001,61.833333333333336,88.45833333333333
2025-10-23,26.495833333333334,27.604166666666668,1414.0,50.9,13.3375,63.625,86.33333333333333
2025-10-24,31.270833333333332,33.1,1216.5416666666667,53.67083333333333,18.6625,61.541666666666664,83.66666666666667
2025-10-25,33.887499999999996,36.354166666666664,1237.8333333333333,56.425000000000004,16.995833333333334,64.625,96.125
2025-10-26,35.395833333333336,37.94166666666667,1278.25,52.85,20.125,70.33333333333333,96.66666666666667
2025-10-27,39.55833333333333,42.729166666666664,1275.125,52.22083333333333,17.941666666666666,67.91666666666667,107.91666666666667
2025-10-28,39.30416666666667,41.82083333333333,1137.7083333333333,53.112500000000004,15.916666666666666,67.54166666666667,115.625
2025-10-29,42.22083333333333,45.15,1281.9166666666667,52.729166666666664,15.908333333333333,64.20833333333333,104.75
2025-10-30,48.07916666666667,51.525,1054.4583333333333,54.4625,14.35,67.79166666666667,131.5
2025-10-31,42.4,45.28333333333333,1244.1666666666667,57.05833333333334,16.325,58.958333333333336,120.66666666666667
2025-11-01,46.44583333333333,48.89166666666667,1418.4583333333333,58.362500000000004,16.675,56.666666666666664,124.16666666666667
2025-11-02,44.1,46.550000000000004,1198.0416666666667,57.63333333333333,15.566666666666668,64.66666666666667,124.45833333333333
2025-11-03,35.99166666666667,37.8375,1281.0833333333333,53.94583333333333,13.5375,59.708333333333336,111.83333333333333
2025-11-04,39.479166666666664,42.07083333333333,928.875,28.616666666666664,11.891666666666666,79.41666666666667,110.125
2025-11-05,39.68333333333333,44.54583333333333,875.625,34.895833333333336,10.695833333333333,65.25,108.625
2025-11-06,35.25833333333333,36.61666666666667,981.0,50.53333333333333,10.341666666666667,52.458333333333336,104.91666666666667
2025-11-07,30.912499999999998,31.733333333333334,1320.2083333333333,51.262499999999996,10.866666666666667,47.625,92.66666666666667
2025-11-08,30.745833333333334,31.34166666666667,1394.0,54.35833333333333,12.833333333333334,46.0,92.16666666666667
2025-11-09,31.09166666666667,31.641666666666666,1204.9583333333333,57.6,11.975,45.708333333333336,92.16666666666667
2025-11-10,34.795833333333334,35.24583333333333,1444.8333333333333,59.0625,17.266666666666666,44.0,92.91666666666667
2025-11-11,39.68333333333333,40.44166666666667,1242.625,56.77916666666667,18.783333333333335,55.291666666666664,106.625
2025-11-12,40.52916666666667,42.18333333333333,1161.625,58.17083333333333,13.570833333333333,51.666666666666664,107.70833333333333
2025-11-13,41.1625,43.5,1226.625,58.74583333333334,15.141666666666666,49.791666666666664,117.125
2025-11-14,41.608333333333334,43.80833333333334,1489.75,59.208333333333336,18.283333333333335,47.833333333333336,111.79166666666667
2025-11-15,44.7125,45.61666666666667,1412.5416666666667,61.979166666666664,17.075,47.541666666666664,119.54166666666667
2025-11-16,48.68333333333334,49.5875,1551.5416666666667,63.99166666666667,16.25,54.0,127.5
2025-11-17,48.6625,49.5625,1811.1666666666667,68.8875,17.474999999999998,44.333333333333336,133.75
2025-11-18,58.11666666666667,58.74166666666667,1679.25,64.57916666666667,24.375,53.833333333333336,145.5
2025-11-19,62.01666666666667,62.99166666666667,1880.0833333333333,66.52916666666667,29.45,49.708333333333336,153.375
2025-11-20,71.6,72.52083333333333,1584.2916666666667,71.29166666666667,30.554166666666664,66.20833333333333,156.79166666666666
2025-11-21,72.32083333333334,73.18333333333334,1654.4583333333333,66.46249999999999,31.212500000000002,65.5,162.95833333333334
2025-11-22,64.325,66.5625,1378.6666666666667,63.13333333333333,22.0,67.25,158.70833333333334
2025-11-23,68.51666666666667,71.23333333333333,1533.7916666666667,59.9625,28.8,61.708333333333336,158.16666666666666
2025-11-24,68.125,70.72083333333333,1564.25,65.61666666666666,27.079166666666666,56.291666666666664,159.70833333333334
2025-11-25,61.862500000000004,64.1125,1284.7083333333333,61.46666666666667,17.275000000000002,63.5,155.41666666666666
2025-11-26,66.99166666666666,69.94583333333334,1627.0416666666667,64.80416666666666,26.275000000000002,46.458333333333336,155.5
2025-11-27,70.3625,73.38333333333334,1621.3333333333333,61.416666666666664,21.154166666666665,53.5,160.79166666666666
2025-11-28,59.791666666666664,61.98333333333333,1663.0,64.34166666666667,18.408333333333335,41.833333333333336,156.08333333333334
2025-11-29,56.9,58.699999999999996,1837.8333333333333,60.17083333333333,19.758333333333333,38.375,152.0
2025-11-30,56.49583333333334,57.39166666666667,1579.4166666666667,61.15,20.745833333333334,39.958333333333336,150.125
2025-12-01,68.675,69.1375,2068.6666666666665,65.425,24.745833333333334,44.833333333333336,155.45833333333334
2025-12-02,73.17083333333333,73.42083333333333,1639.5,65.37083333333334,28.025000000000002,56.333333333333336,162.33333333333334
2025-12-03,66.17083333333333,66.44166666666666,1412.2916666666667,65.41250000000001,21.879166666666666,59.166666666666664,158.70833333333334
2025-12-04,66.16250000000001,66.79166666666667,1555.2083333333333,69.18333333333334,21.14166666666667,47.708333333333336,157.0
2025-12-05,73.9375,75.125,1229.4583333333333,63.916666666666664,28.495833333333334,45.875,162.54166666666666
2025-12-06,46.979166666666664,48.725,901.9166666666666,51.175000000000004,11.654166666666667,39.708333333333336,152.79166666666666
2025-12-07,51.916666666666664,53.74583333333334,1356.9583333333333,61.57916666666667,21.191666666666666,29.208333333333332,125.375
2025-12-08,46.72083333333333,49.145833333333336,1256.7916666666667,56.96666666666667,14.525,37.416666666666664,141.66666666666666
2025-12-09,48.35833333333333,51.06666666666666,989.8333333333334,54.708333333333336,15.329166666666666,37.0,119.79166666666667
2025-12-10,58.25416666666666,60.59166666666667,1381.2083333333333,66.32916666666667,17.958333333333332,36.458333333333336,148.16666666666666
2025-12-11,54.5625,56.60833333333333,1308.9166666666667,61.916666666666664,16.416666666666668,44.916666666666664,149.95833333333334
2025-12-12,54.85833333333333,58.43333333333334,1524.375,64.36666666666666,18.8625,30.5,147.25
2025-12-13,78.29166666666667,81.80833333333334,1749.0833333333333,62.14166666666667,25.791666666666668,34.958333333333336,156.16666666666666
2025-12-14,84.02916666666667,87.425,1774.375,63.84583333333333,27.349999999999998,35.333333333333336,169.91666666666666
2025-12-15,75.15833333333333,78.81666666666666,1415.8333333333333,68.63333333333334,22.416666666666668,36.875,166.91666666666666
2025-12-16,54.09166666666667,57.82083333333333,1007.4166666666666,60.449999999999996,15.041666666666666,40.75,158.75
2025-12-17,57.75,63.625,1330.125,65.00416666666666,18.779166666666665,33.375,141.875
2025-12-18,63.49583333333333,68.62083333333332,1970.7083333333333,63.208333333333336,20.745833333333334,21.75,153.91666666666666
2025-12-19,61.84166666666667,65.90416666666667,1748.0,66.28333333333333,17.941666666666666,26.041666666666668,154.20833333333334
2025-12-20,79.16250000000001,86.53750000000001,1985.625,64.09583333333333,25.412499999999998,31.291666666666668,161.04166666666666
2025-12-21,62.61666666666667,68.40416666666667,1049.75,42.89166666666667,13.262500000000001,38.291666666666664,167.45833333333334
2025-12-22,44.475,47.979166666666664,1310.75,34.38333333333333,11.191666666666668,49.25,130.25
2025-12-23,34.766666666666666,37.97083333333333,828.0833333333334,36.87916666666667,10.829166666666666,52.291666666666664,107.75
2025-12-24,45.4,47.137499999999996,928.9583333333334,51.270833333333336,14.487499999999999,45.416666666666664,114.08333333333333
2025-12-25,48.645833333333336,50.449999999999996,1425.125,54.27916666666667,16.75,38.583333333333336,124.95833333333333
2025-12-26,52.99166666666667,54.291666666666664,1440.8333333333333,59.49583333333333,21.125,39.041666666666664,137.58333333333334
2025-12-27,55.39166666666667,56.85833333333333,1497.75,62.324999999999996,17.125,33.5,144.33333333333334
2025-12-28,65.19166666666666,66.97500000000001,2106.625,62.1625,24.537499999999998,36.125,151.41666666666666
2025-12-29,67.07916666666667,71.29583333333333,1963.0,70.04166666666667,24.212500000000002,25.458333333333332,161.45833333333334
2025-12-30,64.02499999999999,69.6875,2201.3333333333335,61.5375,16.120833333333334,14.25,157.0
2025-12-31,64.1875,70.30833333333334,1402.625,59.71666666666667,18.991666666666667,10.875,155.29166666666666
2026-01-01,67.55,72.075,1480.0,51.67916666666667,19.591666666666665,37.208333333333336,155.58333333333334
2026-01-02,58.270833333333336,60.37083333333334,1048.0833333333333,52.18333333333334,16.466666666666665,44.291666666666664,159.08333333333334
2026-01-03,62.96666666666667,64.51666666666667,1545.2083333333333,65.77499999999999,24.620833333333334,43.875,152.66666666666666
2026-01-04,61.8125,63.975,1647.3333333333333,57.800000000000004,25.3875,55.0,153.75
2026-01-05,54.15833333333333,57.74583333333334,1288.0,50.541666666666664,16.229166666666668,48.625,151.83333333333334
2026-01-06,51.291666666666664,53.791666666666664,1163.25,56.770833333333336,17.941666666666666,41.541666666666664,144.75
2026-01-07,50.90416666666667,52.75416666666666,1074.4583333333333,55.3375,16.483333333333334,45.125,145.70833333333334
2026-01-08,53.39166666666667,54.94166666666666,1797.1666666666667,58.55416666666667,18.370833333333334,49.583333333333336,125.79166666666667
2026-01-09,74.83333333333333,77.00833333333334,1672.6666666666667,61.75416666666666,26.912499999999998,55.625,157.79166666666666
2026-01-10,68.325,71.30833333333334,1850.875,66.49583333333334,21.979166666666668,44.291666666666664,159.25
2026-01-11,65.34166666666667,67.66666666666667,1755.0416666666667,69.10000000000001,18.6125,41.958333333333336,159.95833333333334
2026-01-12,66.32916666666667,68.47083333333333,1857.125,73.67083333333333,23.8875,37.25,155.91666666666666
2026-01-13,75.68333333333334,78.64999999999999,2107.6666666666665,73.8,26.6875,46.541666666666664,163.04166666666666
2026-01-14,61.75,65.425,1882.9583333333333,72.1875,22.195833333333336,40.416666666666664,158.41666666666666
2026-01-15,64.89166666666667,68.60000000000001,1831.3333333333333,65.53750000000001,22.537499999999998,46.291666666666664,159.45833333333334
2026-01-16,70.55833333333334,74.40416666666667,1492.0833333333333,66.12916666666666,19.404166666666665,31.708333333333332,153.625
2026-01-17,72.52499999999999,75.98333333333333,1923.3333333333333,57.666666666666664,22.224999999999998,38.041666666666664,163.33333333333334
2026-01-18,62.40833333333333,69.04166666666667,1174.9166666666667,59.949999999999996,18.5125,31.458333333333332,158.66666666666666
2026-01-19,78.82916666666667,88.35416666666667,1637.5,55.09583333333333,19.954166666666666,39.208333333333336,162.41666666666666
2026-01-20,58.225,64.67916666666666,1377.5,48.18333333333334,17.016666666666666,40.291666666666664,157.79166666666666
2026-01-21,54.354166666666664,59.42083333333333,1272.0833333333333,61.020833333333336,19.004166666666666,37.375,149.75
2026-01-22,39.4625,41.43333333333333,891.875,26.516666666666666,11.316666666666668,75.66666666666667,144.95833333333334
2026-01-23,23.945833333333336,26.458333333333332,667.0833333333334,13.454166666666666,9.833333333333334,90.66666666666667,88.25
2026-01-24,26.7375,28.974999999999998,860.5,31.0125,12.9375,58.0,77.58333333333333
2026-01-25,48.02916666666667,49.75,833.7083333333334,45.3375,11.2875,65.54166666666667,105.16666666666667
2026-01-26,55.225,60.36666666666667,2264.4166666666665,49.19583333333333,14.9,43.708333333333336,131.5
2026-01-27,40.020833333333336,45.479166666666664,1394.5416666666667,43.762499999999996,10.916666666666666,45.708333333333336,139.75
2026-01-28,45.06666666666666,47.229166666666664,1153.3333333333333,50.27916666666667,17.658333333333335,44.0,115.875
2026-01-29,43.61666666666667,45.975,1060.4583333333333,51.300000000000004,14.141666666666666,49.291666666666664,123.91666666666667
2026-01-30,46.46666666666667,49.77916666666667,1491.75,55.72083333333333,15.479166666666666,44.25,115.91666666666667
2026-01-31,51.395833333333336,53.50833333333333,1524.7916666666667,54.987500000000004,15.833333333333334,54.25,140.75
2026-02-01,60.975,66.35000000000001,1456.2916666666667,46.637499999999996,17.283333333333335,65.375,138.70833333333334
2026-02-02,52.975,58.208333333333336,967.4583333333334,50.025,13.704166666666666,51.5,156.625
2026-02-03,37.954166666666666,42.65,1039.2916666666667,45.333333333333336,10.391666666666667,53.0,123.95833333333333
2026-02-04,28.02916666666667,30.866666666666664,761.0,36.40833333333333,9.008333333333333,62.333333333333336,92.33333333333333
2026-02-05,38.22083333333333,41.375,942.0416666666666,45.28333333333333,13.975,54.625,91.45833333333333
2026-02-06,31.287499999999998,38.07083333333333,963.625,41.275,11.879166666666668,54.083333333333336,111.58333333333333
2026-02-07,31.570833333333336,39.766666666666666,732.7916666666666,42.3125,10.504166666666666,59.416666666666664,86.41666666666667
2026-02-08,32.5375,35.87083333333333,995.7916666666666,45.48333333333333,11.416666666666666,56.5,90.29166666666667
2026-02-09,42.67916666666667,46.30416666666667,1290.7083333333333,56.979166666666664,16.770833333333332,38.833333333333336,105.20833333333333
2026-02-10,36.13333333333333,41.87083333333333,983.2083333333334,36.266666666666666,8.866666666666667,56.958333333333336,117.75
2026-02-11,28.670833333333334,30.962500000000002,700.8333333333334,38.266666666666666,10.174999999999999,59.416666666666664,91.41666666666667
2026-02-12,31.679166666666664,33.14166666666667,928.25,44.37083333333334,11.0875,56.208333333333336,85.70833333333333
2026-02-13,36.083333333333336,37.49166666666667,1157.2916666666667,51.25416666666666,14.483333333333334,51.666666666666664,102.5
2026-02-14,30.754166666666666,35.56666666666667,861.25,46.5875,11.591666666666667,56.541666666666664,96.33333333333333
2026-02-15,35.17916666666667,42.86666666666667,862.0,45.02916666666667,11.975,61.041666666666664,93.33333333333333
2026-02-16,33.762499999999996,39.333333333333336,935.2916666666666,45.8375,14.441666666666668,57.75,98.83333333333333
2026-02-17,42.30833333333333,47.074999999999996,969.5,45.574999999999996,16.916666666666668,63.791666666666664,103.0
2026-02-18,44.78333333333333,47.99166666666667,975.2916666666666,50.65833333333333,16.233333333333334,61.541666666666664,124.04166666666667
2026-02-19,43.275,45.40833333333333,1046.625,45.05833333333334,23.329166666666666,78.70833333333333,121.91666666666667
2026-02-20,40.324999999999996,42.391666666666666,809.0,42.295833333333334,19.054166666666667,79.41666666666667,117.5
2026-02-21,43.50416666666666,46.80416666666667,1000.375,51.958333333333336,16.4875,79.08333333333333,114.20833333333333
2026-02-22,47.270833333333336,54.4125,1169.5833333333333,50.4625,19.258333333333333,81.95833333333333,124.70833333333333
2026-02-23,43.175000000000004,48.645833333333336,981.9166666666666,46.3125,16.570833333333333,78.45833333333333,126.75
2026-02-24,40.483333333333334,44.449999999999996,1143.9583333333333,45.86666666666667,15.466666666666667,70.04166666666667,114.29166666666667
2026-02-25,34.34166666666667,36.71666666666667,1014.1666666666666,41.22083333333333,13.054166666666667,69.45833333333333,106.45833333333333
2026-02-26,37.175000000000004,40.87083333333333,1017.9583333333334,42.63333333333333,12.775,65.70833333333333,99.08333333333333
2026-02-27,38.28333333333334,54.70416666666667,1005.5416666666666,42.4625,13.7875,71.79166666666667,106.29166666666667
2026-02-28,29.974999999999998,45.395833333333336,763.0416666666666,36.71666666666667,11.895833333333334,70.25,98.70833333333333
2026-03-01,28.462500000000002,37.92916666666667,707.4166666666666,39.24166666666667,8.983333333333333,68.20833333333333,88.08333333333333
2026-03-02,27.395833333333332,33.1625,673.0,40.74166666666667,8.4,66.25,87.70833333333333
2026-03-03,25.141666666666666,30.729166666666668,725.4583333333334,41.81666666666667,9.0375,68.95833333333333,80.54166666666667
2026-03-04,28.820833333333336,40.829166666666666,928.5,45.354166666666664,10.945833333333333,66.66666666666667,81.75
2026-03-05,36.545833333333334,61.025,896.2083333333334,42.75,11.725,59.375,95.41666666666667
2026-03-06,38.170833333333334,56.1875,1063.25,48.387499999999996,14.729166666666666,67.20833333333333,104.08333333333333
2026-03-07,32.37916666666667,42.833333333333336,793.5833333333334,21.224999999999998,12.041666666666666,103.29166666666667,103.04166666666667
2026-03-08,26.608333333333334,39.204166666666666,872.8333333333334,32.25,9.233333333333333,77.58333333333333,87.79166666666667
2026-03-09,30.516666666666666,45.31666666666666,664.7916666666666,40.0625,10.108333333333333,58.708333333333336,88.95833333333333
2026-03-10,30.045833333333334,48.86666666666667,689.4166666666666,14.095833333333333,6.708333333333333,98.70833333333333,90.16666666666667
2026-03-11,28.983333333333334,53.770833333333336,830.1666666666666,23.804166666666664,7.0375000000000005,83.33333333333333,85.79166666666667
2026-03-12,34.61666666666667,56.25833333333333,906.6666666666666,31.5125,10.541666666666666,83.04166666666667,88.5
2026-03-13,22.808333333333334,28.40833333333333,726.8333333333334,37.34166666666667,6.9125000000000005,59.833333333333336,98.375
2026-03-14,25.09583333333333,28.391666666666666,787.75,45.21666666666667,10.783333333333333,61.958333333333336,71.70833333333333
2026-03-15,26.629166666666666,37.104166666666664,600.125,28.883333333333336,6.2375,57.75,87.125
2026-03-16,29.599999999999998,41.108333333333334,793.625,31.829166666666666,8.270833333333334,68.375,78.83333333333333
2026-03-17,32.2,38.53333333333333,1000.5833333333334,45.92916666666667,9.458333333333334,55.875,99.0
2026-03-18,26.46666666666667,41.82083333333333,1207.5,40.791666666666664,5.841666666666666,54.958333333333336,89.20833333333333
2026-03-19,32.0625,66.39166666666667,1161.9166666666667,35.233333333333334,9.3125,57.666666666666664,80.0
2026-03-20,39.145833333333336,60.79583333333333,1202.0,45.974999999999994,13.4375,56.458333333333336,109.41666666666667
2026-03-21,39.55416666666667,49.10833333333333,764.5416666666666,36.891666666666666,14.75,69.5,104.625
2026-03-22,35.670833333333334,39.99166666666667,792.5,40.483333333333334,10.237499999999999,73.08333333333333,109.70833333333333
2026-03-23,24.208333333333332,27.895833333333332,801.9583333333334,28.59583333333333,9.979166666666666,82.625,95.41666666666667
2026-03-24,20.416666666666668,26.004166666666666,643.875,30.129166666666666,9.729166666666666,81.58333333333333,75.20833333333333
2026-03-25,26.483333333333334,34.0625,944.75,41.87916666666667,11.204166666666666,68.83333333333333,79.58333333333333
2026-03-26,35.675000000000004,44.75,691.4166666666666,43.125,12.345833333333333,66.29166666666667,92.41666666666667
2026-03-27,35.2875,40.34583333333333,843.5833333333334,49.541666666666664,12.65,71.625,106.91666666666667
2026-03-28,23.741666666666664,25.883333333333336,1222.2083333333333,40.7875,12.3125,69.58333333333333,90.0
2026-03-29,23.6375,30.75,915.5833333333334,31.3,7.633333333333333,77.375,74.0
2026-03-30,26.833333333333332,72.1375,554.0,26.541666666666668,6.720833333333334,76.16666666666667,80.25
2026-03-31,24.462500000000002,50.99166666666667,835.2083333333334,28.929166666666664,7.4624999999999995,69.66666666666667,80.04166666666667
2026-04-01,32.795833333333334,66.39583333333333,923.75,33.958333333333336,9.058333333333334,75.79166666666667,85.08333333333333
2026-04-02,32.270833333333336,51.24166666666667,991.1666666666666,43.68333333333334,9.575000000000001,63.291666666666664,101.25
2026-04-03,21.366666666666664,36.15833333333333,514.0833333333334,23.891666666666666,4.7124999999999995,69.25,84.70833333333333
2026-04-04,19.474999999999998,44.95416666666667,548.125,26.21666666666667,5.266666666666667,65.375,67.79166666666667
2026-04-05,20.941666666666666,36.05833333333333,726.25,34.708333333333336,7.095833333333334,69.45833333333333,71.75
2026-04-06,18.412499999999998,27.962500000000002,571.5833333333334,29.870833333333334,5.8374999999999995,73.66666666666667,78.0
2026-04-07,18.120833333333334,37.11666666666667,497.2916666666667,18.320833333333333,4.125,86.95833333333333,67.08333333333333
2026-04-08,22.229166666666668,45.4625,921.9166666666666,29.22083333333333,6.829166666666667,88.5,65.70833333333333
2026-04-09,26.429166666666664,34.62083333333333,784.5,36.333333333333336,8.025,85.04166666666667,84.66666666666667
2026-04-10,19.7625,24.433333333333334,507.7916666666667,39.15416666666667,7.791666666666667,75.25,86.75
2026-04-11,25.941666666666666,48.79583333333333,798.25,38.920833333333334,9.666666666666666,79.04166666666667,80.04166666666667
2026-04-12,21.220833333333335,35.55833333333333,677.875,36.86666666666667,8.329166666666667,85.375,87.04166666666667
2026-04-13,19.3,26.09166666666667,735.0416666666666,36.65833333333333,7.158333333333334,87.0,86.75
2026-04-14,19.275000000000002,23.429166666666664,685.5416666666666,41.137499999999996,8.791666666666666,90.04166666666667,84.08333333333333
2026-04-15,17.916666666666668,19.995833333333334,640.1666666666666,40.608333333333334,8.458333333333334,92.41666666666667,85.5
2026-04-16,19.224999999999998,25.670833333333334,790.4583333333334,37.50833333333333,10.670833333333334,86.45833333333333,78.20833333333333
2026-04-17,19.095833333333335,40.55833333333333,444.1666666666667,22.28333333333333,5.270833333333333,86.45833333333333,69.29166666666667
2026-04-18,24.295833333333334,61.479166666666664,540.5833333333334,29.587500000000002,6.991666666666667,88.58333333333333,76.20833333333333
2026-04-19,22.954166666666666,51.63333333333333,735.9583333333334,30.7,8.579166666666667,83.08333333333333,84.58333333333333
2026-04-20,19.716666666666665,34.59166666666667,750.25,31.8875,6.883333333333333,74.5,80.375
2026-04-21,21.3875,30.083333333333332,646.5833333333334,40.766666666666666,8.529166666666667,75.375,77.20833333333333
2026-04-22,20.025,27.59583333333333,734.9583333333334,42.079166666666666,9.0375,79.58333333333333,80.375
2026-04-23,23.266666666666666,36.82083333333333,586.125,37.420833333333334,10.970833333333333,85.66666666666667,84.54166666666667
2026-04-24,25.175,60.333333333333336,652.0416666666666,27.245833333333334,8.325000000000001,85.5,83.20833333333333
2026-04-25,21.375,54.8375,843.2916666666666,20.220833333333335,6.916666666666667,90.5,79.33333333333333
2026-04-26,15.695833333333333,22.72083333333333,528.2083333333334,30.441666666666666,6.816666666666666,78.25,79.58333333333333
2026-04-27,17.729166666666668,20.170833333333334,650.5416666666666,46.59583333333333,9.700000000000001,79.625,76.16666666666667
2026-04-28,19.212500000000002,28.224999999999998,527.7083333333334,25.516666666666666,6.820833333333333,87.83333333333333,75.0
2026-04-29,16.620833333333334,26.770833333333332,559.6666666666666,30.233333333333334,5.0125,71.95833333333333,66.5
2026-04-30,19.970833333333335,26.3,754.875,33.12916666666667,8.108333333333333,89.33333333333333,80.79166666666667
2026-05-01,18.224999999999998,23.866666666666664,728.125,31.354166666666668,9.145833333333334,92.625,86.79166666666667
2026-05-02,16.954166666666666,24.941666666666666,736.6666666666666,29.983333333333334,8.804166666666667,98.91666666666667,87.125
2026-05-03,18.558333333333334,30.741666666666664,876.0833333333334,29.520833333333332,8.5875,98.125,83.33333333333333
2026-05-04,24.008333333333336,51.87083333333334,554.0,27.858333333333334,8.612499999999999,105.125,88.5
2026-05-05,22.133333333333336,46.44166666666666,539.5833333333334,23.8125,9.454166666666667,113.875,106.08333333333333
2026-05-06,21.395833333333332,30.787499999999998,629.9583333333334,30.541666666666668,11.691666666666668,116.95833333333333,106.79166666666667
2026-05-07,21.933333333333334,30.883333333333336,590.2916666666666,21.858333333333334,9.770833333333334,127.70833333333333,112.5
2026-05-08,43.05416666666667,115.05833333333334,549.0,20.904166666666665,11.795833333333334,132.75,120.91666666666667
2026-05-09,55.69583333333333,139.22083333333333,848.0833333333334,28.529166666666665,14.775,130.0,153.04166666666666
2026-05-10,54.09166666666667,116.10833333333333,725.9166666666666,26.650000000000002,13.487499999999999,127.29166666666667,157.29166666666666
2026-05-11,52.520833333333336,88.65416666666665,959.375,31.400000000000002,15.0375,125.41666666666667,155.79166666666666
2026-05-12,42.09166666666667,78.825,949.375,37.00416666666667,11.279166666666667,100.54166666666667,133.5
2026-05-13,31.579166666666666,45.19583333333333,855.8333333333334,43.82083333333333,7.995833333333334,72.29166666666667,113.91666666666667
2026-05-14,31.32083333333333,46.083333333333336,796.5,39.141666666666666,9.833333333333334,78.41666666666667,88.70833333333333
2026-05-15,28.733333333333334,36.766666666666666,862.9583333333334,41.112500000000004,8.754166666666666,74.125,98.66666666666667
2026-05-16,22.916666666666668,29.829166666666666,605.75,41.6625,8.058333333333334,82.58333333333333,97.25
2026-05-17,15.075000000000001,17.429166666666667,423.5416666666667,31.21666666666667,5.858333333333333,91.95833333333333,87.41666666666667
2026-05-18,18.4875,36.604166666666664,731.125,27.479166666666668,7.091666666666666,95.04166666666667,81.75
2026-05-19,23.745833333333334,45.7875,714.25,24.316666666666666,7.2375,102.875,90.20833333333333
2026-05-20,25.833333333333332,50.87916666666666,703.9583333333334,25.120833333333334,7.266666666666667,95.16666666666667,88.08333333333333
2026-05-21,30.337500000000002,83.62916666666666,740.4583333333334,31.00833333333333,7.733333333333333,79.33333333333333,85.25
2026-05-22,31.59166666666667,80.38333333333334,599.6666666666666,32.09166666666667,7.995833333333334,81.625,91.91666666666667
2026-05-23,22.78333333333333,49.354166666666664,663.875,22.483333333333334,6.075,96.29166666666667,95.125
2026-05-24,25.108333333333334,53.074999999999996,449.9166666666667,25.3125,6.991666666666667,86.79166666666667,81.875
2026-05-25,19.829166666666666,31.108333333333334,517.125,27.15416666666667,5.641666666666667,92.5,92.16666666666667
2026-05-26,16.125,23.912499999999998,662.7083333333334,27.0625,5.5625,99.66666666666667,82.875
2026-05-27,17.279166666666665,29.4375,674.5416666666666,29.691666666666666,5.595833333333334,94.29166666666667,77.83333333333333
2026-05-28,21.5125,34.041666666666664,618.125,36.358333333333334,6.5874999999999995,91.16666666666667,85.16666666666667
2026-05-29,31.570833333333336,53.24583333333334,544.125,26.495833333333334,7.9125000000000005,117.08333333333333,107.83333333333333
2026-05-30,56.324999999999996,169.22083333333333,587.4583333333334,18.2625,8.933333333333334,130.70833333333334,124.54166666666667
2026-05-31,52.54583333333333,128.7125,555.9166666666666,15.4,8.666666666666666,129.79166666666666,155.5
2026-06-01,54.025,127.02083333333333,770.75,16.608333333333334,10.799999999999999,125.70833333333333,144.04166666666666
2026-06-02,56.69166666666666,123.47500000000001,766.125,15.995833333333332,9.9,128.25,150.45833333333334
2026-06-03,35.75,69.4375,897.7083333333334,15.054166666666667,8.808333333333334,119.75,136.375
2026-06-04,33.891666666666666,62.541666666666664,784.25,25.616666666666664,9.487499999999999,106.125,107.33333333333333
2026-06-05,34.9125,55.112500000000004,775.75,35.4125,9.15,93.0,115.08333333333333
2026-06-06,19.229166666666668,26.491666666666664,626.9166666666666,24.087500000000002,6.133333333333333,101.04166666666667,99.5
2026-06-07,18.804166666666667,25.554166666666664,487.8333333333333,28.587500000000002,7.183333333333334,104.66666666666667,98.29166666666667
2026-06-08,15.683333333333332,20.9375,577.0416666666666,28.508333333333336,6.2250000000000005,103.41666666666667,91.83333333333333
2026-06-09,16.6875,20.150000000000002,688.25,34.57083333333333,7.4375,106.75,96.04166666666667
2026-06-10,19.974999999999998,28.004166666666666,773.5,31.4875,8.458333333333334,115.375,100.75
2026-06-11,24.004166666666666,30.724999999999998,629.5833333333334,21.883333333333336,8.95,138.0,121.45833333333333
2026-06-12,34.920833333333334,71.00833333333334,751.5833333333334,15.3125,8.575000000000001,120.33333333333333,103.08333333333333
2026-06-13,28.462500000000002,50.12083333333334,650.25,17.400000000000002,6.416666666666667,117.33333333333333,107.16666666666667
2026-06-14,30.191666666666666,51.949999999999996,589.625,20.204166666666666,8.275,110.25,105.33333333333333
2026-06-15,28.829166666666666,48.15833333333333,800.75,15.804166666666667,8.708333333333334,115.54166666666667,103.91666666666667
2026-06-16,37.512499999999996,55.61666666666667,661.625,19.075,7.779166666666666,111.45833333333333,109.45833333333333
2026-06-17,36.81666666666667,48.84583333333333,964.1666666666666,23.695833333333336,8.8125,105.25,116.25
2026-06-18,28.920833333333334,40.35,1001.5833333333334,19.845833333333335,8.729166666666666,107.29166666666667,111.08333333333333
2026-06-19,32.44166666666667,42.4125,780.6666666666666,37.37916666666667,11.129166666666668,92.54166666666667,100.95833333333333
2026-06-20,31.691666666666666,37.62083333333333,792.9166666666666,42.46666666666667,9.137500000000001,90.20833333333333,113.91666666666667
2026-06-21,21.0,26.912499999999998,700.5,19.583333333333332,6.316666666666666,97.91666666666667,88.66666666666667
2026-06-22,24.3875,30.954166666666666,893.4166666666666,28.195833333333336,5.9875,90.41666666666667,88.75
2026-06-23,25.520833333333332,29.2375,914.2083333333334,38.0,8.137500000000001,89.54166666666667,99.29166666666667
2026-06-24,27.5625,38.9375,632.7083333333334,26.8875,7.8875,102.16666666666667,92.70833333333333
2026-06-25,34.6625,51.475,794.9166666666666,29.954166666666666,8.508333333333333,104.75,103.75
2026-06-26,39.925000000000004,50.20416666666667,995.9166666666666,36.699999999999996,10.625,105.70833333333333,123.16666666666667
2026-06-27,37.425000000000004,49.525,962.2083333333334,33.27916666666667,9.316666666666666,105.25,121.41666666666667
2026-06-28,33.57083333333333,45.0875,551.2916666666666,20.841666666666665,9.475,114.33333333333333,115.0
2026-06-29,40.56666666666667,53.2125,611.875,18.329166666666666,9.950000000000001,123.95833333333333,121.58333333333333
2026-06-30,50.074999999999996,67.8,467.75,14.970833333333333,10.704166666666666,133.08333333333334,132.20833333333334
2026-07-01,47.65833333333333,87.3875,634.7916666666666,15.658333333333333,8.737499999999999,124.83333333333333,135.875
2026-07-02,46.833333333333336,79.06666666666666,666.75,22.575,11.179166666666667,118.70833333333333,135.91666666666666
2026-07-03,42.987500000000004,70.79166666666667,727.4583333333334,38.19583333333333,10.6875,107.29166666666667,140.83333333333334
2026-07-04,42.550000000000004,60.416666666666664,738.4166666666666,40.93333333333333,11.833333333333334,107.29166666666667,133.58333333333334
2026-07-05,49.862500000000004,67.46666666666667,622.6666666666666,26.379166666666666,11.049999999999999,118.79166666666667,132.875
2026-07-06,59.59583333333333,76.60416666666667,739.3333333333334,17.75,9.470833333333333,125.08333333333333,150.08333333333334
2026-07-07,56.333333333333336,72.27916666666667,803.5833333333334,38.53333333333333,12.066666666666668,103.95833333333333,157.91666666666666
2026-07-08,60.75,74.0125,795.0833333333334,24.483333333333334,11.545833333333334,133.83333333333334,162.0
2026-07-09,64.9875,77.34166666666667,798.0833333333334,32.766666666666666,11.245833333333332,117.79166666666667,167.70833333333334
2026-07-10,49.275,66.50833333333334,715.2083333333334,23.9375,11.375,127.79166666666667,152.79166666666666
2026-07-11,34.800000000000004,46.52916666666667,619.9166666666666,17.925,8.0625,129.20833333333334,136.08333333333334
2026-07-12,32.71666666666667,44.137499999999996,797.25,26.608333333333334,8.35,104.625,108.625
2026-07-13,32.47083333333333,40.2625,1064.9166666666667,35.104166666666664,9.4125,106.33333333333333,123.625
2026-07-14,31.066666666666666,39.125,932.0,35.233333333333334,9.183333333333334,109.91666666666667,118.83333333333333
2026-07-15,38.708333333333336,47.05416666666667,867.9583333333334,36.358333333333334,10.125,112.29166666666667,125.70833333333333
2026-07-16,46.550000000000004,62.99583333333334,995.75,40.61666666666667,10.129166666666666,103.04166666666667,131.16666666666666
2026-07-17,49.525,76.89999999999999,725.9166666666666,29.6375,10.995833333333332,113.625,139.375
2026-07-18,51.99166666666667,81.50416666666668,646.0416666666666,24.34583333333333,10.612499999999999,111.625,142.16666666666666
2026-07-19,38.18333333333333,58.762499999999996,509.0833333333333,15.758333333333333,8.0375,106.875,120.83333333333333
2026-07-20,30.991666666666664,55.083333333333336,567.3333333333334,18.616666666666667,8.270833333333334,102.75,98.41666666666667
2026-07-21,16.741666666666667,29.141666666666666,611.8333333333334,22.429166666666664,5.254166666666666,72.33333333333333,84.375
2026-07-22,17.966666666666665,21.0,600.2916666666666,29.820833333333336,5.633333333333333,57.166666666666664,62.958333333333336
2026-07-23,29.03333333333333,30.150000000000002,1093.5416666666667,32.7125,6.575,58.416666666666664,76.375
2026-07-24,32.35,33.00833333333333,860.4583333333334,40.075,8.558333333333334,58.125,94.20833333333333
2026-07-25,32.7125,33.512499999999996,1292.9583333333333,47.449999999999996,7.716666666666666,40.958333333333336,90.54166666666667
2026-07-26,28.21666666666667,30.724999999999998,756.2916666666666,28.370833333333334,8.229166666666666,79.79166666666667,92.625
2026-07-27,36.19583333333333,37.63333333333333,820.0,46.824999999999996,10.808333333333332,76.66666666666667,107.91666666666667
2026-07-28,34.141666666666666,37.24166666666667,974.875,27.608333333333334,10.975,105.41666666666667,109.0
2026-07-29,36.9375,41.34166666666667,963.0833333333334,29.020833333333332,9.783333333333333,107.54166666666667,110.04166666666667
2026-07-30,44.020833333333336,47.699999999999996,836.75,36.06666666666667,10.025,95.91666666666667,124.29166666666667
