date,temperature_2m_max,temperature_2m_min,temperature_2m_mean,precipitation_sum,wind_speed_10m_max,pm2_5,pm10,carbon_monoxide,nitrogen_dioxide,sulphur_dioxide,ozone,AQI,month,month_sin,month_cos
2024-01-01,18.3,5.6,11.3,0.0,10.6,46.82083333333333,70.82916666666667,1771.5833333333333,59.89166666666667,13.175,31.95833333333333,144.08333333333334,1,0.49999999999999994,0.8660254037844387
2024-01-02,16.1,6.4,10.4,0.0,10.4,47.225,70.97500000000001,1620.625,61.275,18.125,30.83333333333333,125.91666666666669,1,0.49999999999999994,0.8660254037844387
2024-01-03,16.0,5.6,9.3,0.0,6.0,59.083333333333336,89.44583333333333,1971.5833333333333,64.07083333333334,24.2,34.625,140.83333333333334,1,0.49999999999999994,0.8660254037844387
2024-01-04,16.1,5.7,10.2,0.0,7.1,60.11666666666667,93.02916666666664,1870.7083333333333,66.08333333333333,17.779166666666665,32.625,153.54166666666666,1,0.49999999999999994,0.8660254037844387
2024-01-05,16.1,6.4,10.3,0.0,7.3,63.80833333333334,99.34166666666664,2042.6666666666667,66.60000000000001,24.4375,39.208333333333336,154.20833333333334,1,0.49999999999999994,0.8660254037844387
2024-01-06,16.6,4.9,9.5,0.0,7.2,66.29166666666667,102.44166666666666,2077.958333333333,69.96249999999999,20.55,43.458333333333336,157.25,1,0.49999999999999994,0.8660254037844387
2024-01-07,16.2,3.8,9.8,0.0,7.4,58.38333333333333,90.07083333333333,1878.5833333333333,64.37083333333334,19.266666666666666,32.916666666666664,153.83333333333334,1,0.49999999999999994,0.8660254037844387
2024-01-08,16.3,5.7,9.9,0.0,6.9,68.1875,103.72916666666669,2117.5416666666665,65.43333333333334,20.83333333333333,46.25,155.375,1,0.49999999999999994,0.8660254037844387
2024-01-09,16.5,5.6,9.5,0.0,8.2,68.94583333333334,103.36666666666667,2128.708333333333,72.77083333333333,18.466666666666665,51.458333333333336,162.33333333333334,1,0.49999999999999994,0.8660254037844387
2024-01-10,17.3,4.5,9.6,0.0,13.0,55.145833333333336,81.77916666666667,1679.3333333333333,61.0875,11.916666666666666,52.41666666666666,154.41666666666666,1,0.49999999999999994,0.8660254037844387
2024-01-11,17.2,4.8,10.1,0.0,9.8,47.5125,70.29583333333333,1431.625,58.74166666666667,15.858333333333334,38.16666666666666,135.45833333333334,1,0.49999999999999994,0.8660254037844387
2024-01-12,17.2,4.9,10.6,0.0,9.2,72.11666666666666,105.4,2097.0,71.12083333333334,16.391666666666666,28.916666666666668,145.29166666666666,1,0.49999999999999994,0.8660254037844387
2024-01-13,16.7,5.4,11.1,0.0,6.5,78.95416666666667,114.59166666666664,2092.7916666666665,70.72500000000001,24.441666666666663,51.79166666666666,169.04166666666666,1,0.49999999999999994,0.8660254037844387
2024-01-14,18.1,4.7,9.8,0.0,9.3,83.59583333333333,120.675,2371.4166666666665,79.24166666666666,20.2,72.25,165.04166666666666,1,0.49999999999999994,0.8660254037844387
2024-01-15,18.9,4.6,10.4,0.0,10.5,77.76666666666667,112.65833333333336,2325.5,74.0125,19.191666666666663,64.0,167.33333333333334,1,0.49999999999999994,0.8660254037844387
2024-01-16,16.3,4.5,9.8,0.0,10.0,93.24166666666667,135.45416666666668,2268.5,65.40416666666667,29.329166666666666,69.41666666666667,174.16666666666666,1,0.49999999999999994,0.8660254037844387
2024-01-17,18.1,5.9,11.1,0.0,7.3,91.97916666666669,134.59583333333333,2427.333333333333,70.5,25.254166666666663,66.54166666666667,176.20833333333334,1,0.49999999999999994,0.8660254037844387
2024-01-18,18.4,7.4,11.3,0.0,9.5,76.35416666666667,113.4375,2252.5,68.64999999999999,17.395833333333332,58.375,168.79166666666666,1,0.49999999999999994,0.8660254037844387
2024-01-19,18.3,5.2,11.5,0.0,9.4,68.02916666666667,104.62083333333334,1911.375,65.27916666666667,15.775,50.375,162.20833333333334,1,0.49999999999999994,0.8660254037844387
2024-01-20,15.5,6.1,9.7,0.0,9.7,93.6875,138.54999999999998,2031.0416666666667,55.24166666666667,24.58333333333333,74.83333333333333,170.375,1,0.49999999999999994,0.8660254037844387
2024-01-21,15.5,6.2,9.5,0.0,13.6,90.2125,133.92499999999998,2292.958333333333,66.94166666666666,20.08333333333333,71.91666666666667,175.45833333333334,1,0.49999999999999994,0.8660254037844387
2024-01-22,14.1,4.9,8.4,0.0,8.9,69.89166666666667,105.75,1932.2083333333333,61.9,21.4875,52.91666666666666,167.58333333333334,1,0.49999999999999994,0.8660254037844387
2024-01-23,15.0,3.3,8.4,0.0,10.7,88.38333333333333,130.75416666666666,2084.875,63.70416666666667,23.6875,60.625,167.29166666666666,1,0.49999999999999994,0.8660254037844387
2024-01-24,16.6,2.5,9.2,0.0,9.5,67.42083333333333,100.55416666666667,1860.4166666666667,64.39166666666667,21.633333333333336,60.25,166.95833333333334,1,0.49999999999999994,0.8660254037844387
2024-01-25,14.6,4.6,9.5,0.0,8.3,76.62083333333334,114.57916666666668,1972.0,58.35833333333333,29.95,60.54166666666666,159.83333333333334,1,0.49999999999999994,0.8660254037844387
2024-01-26,17.1,6.7,11.5,1.3,10.9,72.05,118.4125,1834.0833333333333,52.91666666666666,18.383333333333333,31.125,169.875,1,0.49999999999999994,0.8660254037844387
2024-01-27,19.3,6.1,12.5,0.0,17.9,36.55833333333333,58.30416666666667,1184.2916666666667,43.19583333333333,10.066666666666666,37.04166666666666,125.70833333333331,1,0.49999999999999994,0.8660254037844387
2024-01-28,17.4,9.8,13.2,1.3,12.7,45.9125,74.44583333333334,1210.625,53.06666666666666,10.970833333333331,41.91666666666666,115.33333333333331,1,0.49999999999999994,0.8660254037844387
2024-01-29,18.2,9.0,12.8,1.9,12.5,55.44583333333333,91.22916666666669,1107.4166666666667,35.266666666666666,15.3875,71.95833333333333,144.91666666666666,1,0.49999999999999994,0.8660254037844387
2024-01-30,15.7,7.5,11.5,3.0,8.2,37.09166666666667,71.47500000000001,952.4166666666666,40.3375,9.658333333333331,40.29166666666666,113.66666666666669,1,0.49999999999999994,0.8660254037844387
2024-01-31,11.7,8.8,10.3,37.8,14.7,43.81666666666666,85.1875,527.3333333333334,17.625,5.908333333333334,70.41666666666667,124.25,1,0.49999999999999994,0.8660254037844387
2024-02-01,13.8,4.7,8.8,4.4,10.5,34.5375,56.17083333333333,1122.5,33.050000000000004,11.6,58.375,100.875,2,0.8660254037844386,0.5000000000000001
2024-02-02,15.3,3.4,9.3,0.0,12.5,24.8125,37.27916666666667,837.2916666666666,36.41666666666666,8.491666666666667,51.958333333333336,93.875,2,0.8660254037844386,0.5000000000000001
2024-02-03,11.3,8.6,9.8,2.0,13.9,35.86666666666667,54.46666666666667,962.625,38.72916666666666,7.712499999999999,42.54166666666666,89.0,2,0.8660254037844386,0.5000000000000001
2024-02-04,12.4,6.2,9.4,0.9,16.4,34.325,59.69583333333333,1046.0416666666667,36.34583333333333,10.991666666666667,45.25,101.04166666666669,2,0.8660254037844386,0.5000000000000001
2024-02-05,15.0,4.1,9.0,0.0,10.7,28.429166666666664,45.6875,1165.5833333333333,41.90416666666667,10.420833333333333,44.0,87.54166666666667,2,0.8660254037844386,0.5000000000000001
2024-02-06,15.2,5.0,9.5,0.0,8.7,34.36666666666667,55.1375,1158.25,41.9375,10.204166666666667,62.458333333333336,93.95833333333331,2,0.8660254037844386,0.5000000000000001
2024-02-07,16.3,4.1,10.1,0.0,18.1,27.55,42.875,921.375,39.65416666666667,6.979166666666667,64.20833333333333,96.41666666666669,2,0.8660254037844386,0.5000000000000001
2024-02-08,18.1,8.5,12.3,0.0,23.9,22.6875,33.391666666666666,785.0833333333334,35.37083333333333,6.1125,61.625,78.125,2,0.8660254037844386,0.5000000000000001
2024-02-09,19.7,5.3,11.9,0.0,10.4,31.854166666666668,46.27916666666667,1055.9166666666667,40.395833333333336,11.179166666666667,55.25,82.91666666666667,2,0.8660254037844386,0.5000000000000001
2024-02-10,20.1,7.0,12.4,0.0,12.4,33.25,48.04583333333333,1126.5,44.04166666666666,11.229166666666666,61.75,95.33333333333331,2,0.8660254037844386,0.5000000000000001
2024-02-11,20.5,7.2,13.1,0.0,8.1,34.1625,49.45,1244.5416666666667,44.51666666666667,10.475,53.5,93.33333333333331,2,0.8660254037844386,0.5000000000000001
2024-02-12,20.7,8.7,14.4,0.0,7.9,40.75833333333333,59.62083333333334,1350.125,44.79166666666666,12.629166666666668,50.16666666666666,102.29166666666669,2,0.8660254037844386,0.5000000000000001
2024-02-13,21.6,8.2,14.1,0.0,13.8,33.483333333333334,49.16666666666666,1292.5416666666667,44.9125,8.908333333333333,46.625,114.5,2,0.8660254037844386,0.5000000000000001
2024-02-14,21.5,7.7,14.3,0.0,16.5,29.766666666666666,43.770833333333336,1003.2083333333334,40.06666666666667,7.604166666666667,56.833333333333336,90.125,2,0.8660254037844386,0.5000000000000001
2024-02-15,22.9,8.8,15.3,0.0,8.7,31.325,46.15416666666667,1068.375,41.10833333333333,11.508333333333333,58.375,88.08333333333333,2,0.8660254037844386,0.5000000000000001
2024-02-16,23.7,10.2,16.4,0.0,13.0,36.81666666666667,53.44583333333333,1463.0833333333333,47.25416666666666,12.395833333333334,58.0,100.875,2,0.8660254037844386,0.5000000000000001
2024-02-17,23.6,11.6,17.0,0.0,9.4,47.25833333333333,69.97500000000001,1379.4166666666667,46.69166666666666,16.145833333333332,62.04166666666666,111.0,2,0.8660254037844386,0.5000000000000001
2024-02-18,16.9,12.5,14.0,14.4,22.0,50.54166666666666,92.19583333333333,713.2083333333334,23.116666666666664,9.129166666666666,72.16666666666667,145.33333333333334,2,0.8660254037844386,0.5000000000000001
2024-02-19,15.4,9.2,12.4,37.0,35.2,37.87916666666667,71.8875,473.125,18.82916666666667,6.866666666666667,90.91666666666669,107.625,2,0.8660254037844386,0.5000000000000001
2024-02-20,15.2,6.2,10.5,5.2,14.7,28.979166666666668,50.48333333333333,669.625,28.266666666666666,6.575,68.375,97.08333333333331,2,0.8660254037844386,0.5000000000000001
2024-02-21,16.7,5.5,11.1,1.8,11.7,30.28333333333333,48.69166666666666,962.4166666666666,37.8125,9.933333333333334,56.375,93.125,2,0.8660254037844386,0.5000000000000001
2024-02-22,17.3,7.1,11.8,0.2,11.2,21.2875,32.46666666666667,686.5,30.7375,7.229166666666667,66.33333333333333,83.08333333333333,2,0.8660254037844386,0.5000000000000001
2024-02-23,17.5,5.5,10.9,0.0,11.8,27.77083333333333,41.42083333333333,919.125,32.4375,7.391666666666667,71.54166666666667,78.33333333333333,2,0.8660254037844386,0.5000000000000001
2024-02-24,17.4,6.3,11.6,0.0,9.3,24.954166666666666,36.94166666666667,1035.3333333333333,37.7625,10.366666666666664,70.20833333333333,81.0,2,0.8660254037844386,0.5000000000000001
2024-02-25,17.9,7.4,12.6,0.0,13.0,32.545833333333334,49.575,1003.7083333333334,34.5,9.9125,74.875,84.83333333333333,2,0.8660254037844386,0.5000000000000001
2024-02-26,17.4,7.5,11.6,0.0,18.7,33.325,50.3125,779.6666666666666,34.42916666666667,8.366666666666667,60.25,100.70833333333331,2,0.8660254037844386,0.5000000000000001
2024-02-27,18.9,7.7,12.9,0.0,14.8,28.58333333333333,45.93333333333334,762.25,37.6375,9.275,62.41666666666666,89.54166666666667,2,0.8660254037844386,0.5000000000000001
2024-02-28,20.2,9.0,14.0,0.0,16.2,27.15416666666667,43.208333333333336,836.7916666666666,41.49583333333333,7.1625000000000005,59.25,87.54166666666667,2,0.8660254037844386,0.5000000000000001
2024-02-29,19.3,8.9,14.3,0.0,15.3,28.179166666666664,42.81666666666666,1036.0,45.87916666666666,9.920833333333333,44.208333333333336,81.45833333333333,2,0.8660254037844386,0.5000000000000001
2024-03-01,15.7,11.5,12.9,21.5,18.3,31.454166666666666,52.375,1005.125,32.65416666666667,5.683333333333334,42.5,97.79166666666669,3,1.0,6.123233995736766e-17
2024-03-02,15.3,9.4,12.3,49.9,32.9,27.775,49.00416666666666,312.1666666666667,9.766666666666667,4.370833333333334,81.0,83.83333333333333,3,1.0,6.123233995736766e-17
2024-03-03,13.4,4.9,9.3,26.2,18.4,23.204166666666666,38.075,395.5833333333333,14.775,6.808333333333334,77.625,79.58333333333333,3,1.0,6.123233995736766e-17
2024-03-04,15.2,4.4,9.5,0.1,15.1,30.245833333333334,50.5625,657.2083333333334,31.92083333333333,9.345833333333331,72.20833333333333,82.375,3,1.0,6.123233995736766e-17
2024-03-05,17.8,5.8,11.4,0.0,15.9,35.40416666666667,59.7,988.375,42.72916666666666,10.079166666666667,71.16666666666667,97.29166666666669,3,1.0,6.123233995736766e-17
2024-03-06,19.1,6.9,12.7,0.0,9.2,38.22083333333333,60.89166666666667,1008.25,48.57083333333333,12.3875,66.79166666666667,102.58333333333331,3,1.0,6.123233995736766e-17
2024-03-07,19.1,9.5,14.0,0.0,9.6,40.025,65.13333333333334,976.4583333333334,38.895833333333336,11.395833333333334,72.83333333333333,108.41666666666669,3,1.0,6.123233995736766e-17
2024-03-08,19.9,7.7,13.9,0.0,15.4,29.370833333333334,49.175,799.875,36.4625,7.429166666666667,72.91666666666667,102.33333333333331,3,1.0,6.123233995736766e-17
2024-03-09,21.8,10.3,15.9,0.0,21.4,23.8,37.23333333333333,809.9583333333334,36.77916666666667,5.9,72.0,83.91666666666667,3,1.0,6.123233995736766e-17
2024-03-10,21.8,10.0,16.0,0.0,9.9,27.066666666666663,42.92083333333333,1133.6666666666667,46.5375,9.795833333333333,51.54166666666666,74.875,3,1.0,6.123233995736766e-17
2024-03-11,22.1,13.0,17.3,0.0,12.4,37.05,57.7,1128.625,43.00833333333333,13.0125,64.58333333333333,98.25,3,1.0,6.123233995736766e-17
2024-03-12,23.5,10.2,17.3,0.0,12.4,28.79583333333333,50.675,775.75,35.06666666666667,10.2875,76.04166666666667,99.25,3,1.0,6.123233995736766e-17
2024-03-13,18.1,12.2,14.7,19.2,20.0,32.225,57.94166666666666,502.0416666666667,20.01666666666667,8.095833333333333,79.25,90.125,3,1.0,6.123233995736766e-17
2024-03-14,20.9,11.1,14.8,2.0,12.4,28.6375,52.84166666666667,562.0833333333334,26.0875,8.4625,78.66666666666667,94.625,3,1.0,6.123233995736766e-17
2024-03-15,22.0,10.7,15.8,0.0,16.9,20.6625,31.979166666666668,753.8333333333334,34.87083333333333,6.879166666666666,66.08333333333333,77.875,3,1.0,6.123233995736766e-17
2024-03-16,24.2,10.0,17.1,0.0,11.6,22.445833333333336,33.67916666666667,926.0416666666666,41.28333333333333,9.604166666666666,60.16666666666666,74.70833333333333,3,1.0,6.123233995736766e-17
2024-03-17,24.7,11.1,18.1,0.0,15.9,24.433333333333334,36.90833333333333,831.1666666666666,37.75416666666667,7.945833333333333,64.375,76.20833333333333,3,1.0,6.123233995736766e-17
2024-03-18,25.8,12.9,18.6,0.0,12.1,26.629166666666663,41.62916666666667,888.6666666666666,41.62916666666667,7.337499999999999,64.95833333333333,84.625,3,1.0,6.123233995736766e-17
2024-03-19,27.1,13.8,20.0,0.0,16.5,22.6875,34.87916666666667,903.4583333333334,39.8625,8.6875,63.66666666666666,83.04166666666667,3,1.0,6.123233995736766e-17
2024-03-20,28.4,13.2,20.8,0.0,11.3,23.975,37.891666666666666,704.1666666666666,28.508333333333336,9.220833333333331,89.375,86.41666666666667,3,1.0,6.123233995736766e-17
2024-03-21,23.7,16.1,20.3,0.2,17.5,25.325,48.15,648.7916666666666,28.65,7.125,63.66666666666666,78.29166666666667,3,1.0,6.123233995736766e-17
2024-03-22,22.8,13.7,17.9,33.1,10.7,36.75,80.95416666666667,548.3333333333334,24.73333333333333,6.870833333333334,87.41666666666667,87.58333333333333,3,1.0,6.123233995736766e-17
2024-03-23,26.2,12.1,19.4,0.0,16.4,26.7625,42.71666666666667,861.8333333333334,36.62083333333333,7.7875,74.125,97.70833333333331,3,1.0,6.123233995736766e-17
2024-03-24,27.0,15.8,20.9,2.2,18.3,30.8375,59.12916666666666,772.0833333333334,38.80416666666667,9.095833333333331,70.79166666666667,87.79166666666667,3,1.0,6.123233995736766e-17
2024-03-25,28.1,14.8,21.4,0.0,16.8,22.741666666666664,38.141666666666666,783.4583333333334,35.47083333333333,6.608333333333333,67.875,89.75,3,1.0,6.123233995736766e-17
2024-03-26,29.0,14.3,21.3,0.2,17.2,22.15416666666667,35.62916666666667,676.7083333333334,29.9125,7.316666666666666,75.875,74.875,3,1.0,6.123233995736766e-17
2024-03-27,25.6,16.1,19.2,5.6,16.5,29.10833333333333,62.85416666666666,533.5,23.979166666666668,7.620833333333334,73.25,83.25,3,1.0,6.123233995736766e-17
2024-03-28,25.8,15.5,20.3,1.5,16.4,26.2625,53.85,646.6666666666666,27.945833333333336,9.466666666666669,71.25,82.25,3,1.0,6.123233995736766e-17
2024-03-29,25.4,15.1,20.5,0.7,26.9,21.704166666666666,49.05,412.4166666666667,19.0625,5.0125,67.08333333333333,83.125,3,1.0,6.123233995736766e-17
2024-03-30,21.7,14.9,17.6,26.3,20.9,16.958333333333332,47.29583333333333,297.25,12.941666666666668,4.7,78.70833333333333,66.91666666666667,3,1.0,6.123233995736766e-17
2024-03-31,23.1,12.5,17.2,0.0,15.3,17.191666666666666,40.55,515.0,25.15833333333333,6.108333333333333,71.875,64.70833333333333,3,1.0,6.123233995736766e-17
2024-04-01,26.0,14.2,19.4,0.0,12.5,18.929166666666667,32.6625,743.125,37.04583333333333,6.620833333333334,66.95833333333333,73.58333333333333,4,0.8660254037844388,-0.4999999999999998
2024-04-02,27.1,13.4,20.2,0.0,11.0,20.475,31.620833333333334,817.3333333333334,41.66666666666666,7.183333333333334,65.91666666666667,75.95833333333333,4,0.8660254037844388,-0.4999999999999998
2024-04-03,24.5,14.2,18.5,3.3,30.3,22.854166666666668,40.22916666666666,473.0833333333333,18.616666666666667,6.170833333333333,93.625,76.875,4,0.8660254037844388,-0.4999999999999998
2024-04-04,26.5,12.9,19.9,0.0,16.3,17.224999999999998,31.54583333333333,481.0,23.6125,5.658333333333334,87.45833333333333,73.58333333333333,4,0.8660254037844388,-0.4999999999999998
2024-04-05,27.6,15.9,20.9,0.0,17.3,19.829166666666666,34.30833333333333,634.875,32.2125,6.1625000000000005,72.91666666666667,75.41666666666667,4,0.8660254037844388,-0.4999999999999998
2024-04-06,28.5,14.6,21.5,0.0,15.9,19.041666666666668,31.9875,558.875,27.5375,7.0125,87.08333333333333,81.04166666666667,4,0.8660254037844388,-0.4999999999999998
2024-04-07,29.8,14.4,22.0,0.0,12.1,16.6875,26.77916666666667,633.7083333333334,34.09166666666667,5.420833333333333,70.25,72.95833333333333,4,0.8660254037844388,-0.4999999999999998
2024-04-08,30.7,15.8,22.4,0.0,12.9,18.22083333333333,29.066666666666663,603.625,30.48333333333333,6.870833333333334,80.79166666666667,78.625,4,0.8660254037844388,-0.4999999999999998
2024-04-09,31.3,15.9,23.6,0.0,11.6,13.120833333333332,20.416666666666668,488.2916666666667,21.829166666666666,5.995833333333334,88.08333333333333,74.125,4,0.8660254037844388,-0.4999999999999998
2024-04-10,30.4,17.2,23.7,1.2,14.0,19.691666666666663,31.929166666666664,546.625,25.6875,9.1625,80.125,69.45833333333333,4,0.8660254037844388,-0.4999999999999998
2024-04-11,27.7,16.0,21.6,3.3,17.3,29.320833333333336,53.5875,623.7083333333334,32.358333333333334,8.875,86.95833333333333,89.5,4,0.8660254037844388,-0.4999999999999998
2024-04-12,30.5,17.2,23.3,1.0,16.2,28.59166666666667,62.28333333333333,457.9583333333333,19.70833333333333,6.591666666666666,90.83333333333331,90.79166666666669,4,0.8660254037844388,-0.4999999999999998
2024-04-13,22.6,16.4,19.4,3.9,26.3,32.68333333333333,72.03333333333333,383.125,16.95,6.2,87.54166666666667,90.125,4,0.8660254037844388,-0.4999999999999998
2024-04-14,23.0,16.0,18.9,7.5,15.8,36.583333333333336,76.2375,444.9583333333333,20.416666666666668,6.379166666666666,90.625,93.66666666666669,4,0.8660254037844388,-0.4999999999999998
2024-04-15,23.4,14.3,18.3,35.1,16.7,24.754166666666663,47.75416666666666,468.5833333333333,23.416666666666668,3.6625,65.58333333333333,100.08333333333331,4,0.8660254037844388,-0.4999999999999998
2024-04-16,26.0,13.1,19.7,0.0,14.9,21.22083333333333,41.60833333333333,478.5,23.5125,5.7875000000000005,85.25,77.125,4,0.8660254037844388,-0.4999999999999998
2024-04-17,27.8,16.8,22.2,0.0,14.1,26.34166666666667,41.3875,878.1666666666666,43.72916666666666,8.466666666666667,66.20833333333333,78.08333333333333,4,0.8660254037844388,-0.4999999999999998
2024-04-18,23.2,17.1,19.9,19.7,17.2,19.34583333333333,36.275,494.25,24.766666666666666,5.254166666666666,75.75,81.41666666666667,4,0.8660254037844388,-0.4999999999999998
2024-04-19,23.4,15.7,18.3,33.2,25.0,21.604166666666668,56.46666666666667,435.4583333333333,23.754166666666663,4.6125,66.58333333333333,69.125,4,0.8660254037844388,-0.4999999999999998
2024-04-20,24.9,14.6,19.2,1.9,18.1,23.004166666666663,64.175,714.0416666666666,29.366666666666664,5.808333333333334,66.41666666666667,72.58333333333333,4,0.8660254037844388,-0.4999999999999998
2024-04-21,27.9,15.2,21.1,0.1,14.8,20.808333333333334,45.35833333333333,822.5,41.30416666666667,5.675,60.04166666666666,80.58333333333333,4,0.8660254037844388,-0.4999999999999998
2024-04-22,27.0,16.6,21.4,0.6,12.8,17.537499999999998,28.65416666666667,701.7916666666666,34.90833333333333,6.1625000000000005,70.58333333333333,73.79166666666667,4,0.8660254037844388,-0.4999999999999998
2024-04-23,28.6,17.0,22.6,0.4,11.9,22.0,35.28333333333333,599.3333333333334,32.395833333333336,5.370833333333334,75.33333333333333,78.79166666666667,4,0.8660254037844388,-0.4999999999999998
2024-04-24,28.0,17.1,22.4,1.3,17.7,24.55,38.7,641.5416666666666,33.72083333333333,7.6375,81.70833333333333,90.75,4,0.8660254037844388,-0.4999999999999998
2024-04-25,31.4,17.8,24.7,0.0,13.6,16.570833333333333,26.40416666666667,582.5833333333334,29.525,5.3500000000000005,82.75,79.5,4,0.8660254037844388,-0.4999999999999998
2024-04-26,29.7,18.8,22.3,2.2,25.3,23.641666666666666,37.92916666666667,601.7083333333334,26.9625,7.891666666666667,87.45833333333333,78.83333333333333,4,0.8660254037844388,-0.4999999999999998
2024-04-27,20.7,16.5,18.6,17.2,15.8,21.266666666666666,47.05,330.9166666666667,16.091666666666665,4.316666666666666,90.95833333333331,75.75,4,0.8660254037844388,-0.4999999999999998
2024-04-28,24.6,16.3,18.9,11.9,19.3,18.70833333333333,38.44166666666667,278.7916666666667,10.820833333333333,3.9875,102.91666666666669,72.125,4,0.8660254037844388,-0.4999999999999998
2024-04-29,22.2,13.8,17.4,19.0,17.3,22.825,49.70416666666667,348.625,16.420833333333334,4.4125,91.83333333333331,70.41666666666667,4,0.8660254037844388,-0.4999999999999998
2024-04-30,23.2,12.1,17.7,0.0,23.2,15.045833333333334,29.27083333333333,443.4166666666667,22.725,5.15,79.91666666666667,75.0,4,0.8660254037844388,-0.4999999999999998
2024-05-01,25.6,12.5,19.2,0.0,13.1,22.166666666666668,37.16666666666666,672.1666666666666,40.175,7.425,84.75,86.16666666666667,5,0.49999999999999994,-0.8660254037844387
2024-05-02,28.3,14.3,21.6,0.0,11.2,24.383333333333336,37.083333333333336,730.2083333333334,37.954166666666666,6.683333333333334,88.0,90.58333333333331,5,0.49999999999999994,-0.8660254037844387
2024-05-03,28.2,16.5,22.7,0.0,16.2,31.366666666666664,48.25,757.75,36.67916666666667,10.275,86.41666666666667,91.625,5,0.49999999999999994,-0.8660254037844387
2024-05-04,29.4,16.8,22.9,3.2,20.3,27.854166666666668,56.625,599.9166666666666,29.59166666666667,6.458333333333333,80.29166666666667,92.0,5,0.49999999999999994,-0.8660254037844387
2024-05-05,30.0,19.4,24.5,0.0,17.2,18.04583333333333,37.29583333333333,692.375,37.225,5.7375,70.95833333333333,85.45833333333333,5,0.49999999999999994,-0.8660254037844387
2024-05-06,32.9,18.8,25.9,0.0,9.7,20.995833333333334,41.29166666666666,695.6666666666666,39.5125,7.35,81.66666666666667,85.70833333333333,5,0.49999999999999994,-0.8660254037844387
2024-05-07,34.6,21.2,27.2,0.0,11.3,17.620833333333334,29.73333333333333,662.7916666666666,35.7,6.8625,87.45833333333333,88.875,5,0.49999999999999994,-0.8660254037844387
2024-05-08,35.2,20.7,28.0,0.0,10.8,17.7625,27.08333333333333,698.6666666666666,36.97083333333333,7.516666666666667,96.875,94.41666666666669,5,0.49999999999999994,-0.8660254037844387
2024-05-09,35.2,21.5,28.3,0.0,16.5,27.870833333333334,52.51666666666667,699.375,35.4375,9.266666666666667,101.33333333333331,97.08333333333331,5,0.49999999999999994,-0.8660254037844387
2024-05-10,33.4,22.5,27.8,1.0,18.2,28.666666666666668,56.175,616.5833333333334,28.29583333333333,8.233333333333333,89.04166666666667,96.41666666666669,5,0.49999999999999994,-0.8660254037844387
2024-05-11,32.7,22.3,26.5,2.6,16.3,21.65416666666667,50.06666666666666,592.125,30.1,7.695833333333333,81.41666666666667,95.54166666666669,5,0.49999999999999994,-0.8660254037844387
2024-05-12,29.1,19.6,23.6,3.3,17.4,28.3625,71.9375,597.5833333333334,32.71666666666667,8.154166666666667,85.08333333333333,85.29166666666667,5,0.49999999999999994,-0.8660254037844387
2024-05-13,31.8,17.0,25.0,0.0,14.4,15.816666666666668,28.0625,514.1666666666666,27.58333333333333,4.966666666666667,89.5,94.625,5,0.49999999999999994,-0.8660254037844387
2024-05-14,34.4,20.2,27.2,0.0,11.4,13.6125,23.0625,438.9583333333333,22.116666666666664,5.008333333333334,106.70833333333331,90.70833333333331,5,0.49999999999999994,-0.8660254037844387
2024-05-15,36.6,22.4,28.8,0.0,10.2,15.241666666666667,24.325,474.9166666666667,22.4375,7.566666666666666,111.16666666666669,94.54166666666669,5,0.49999999999999994,-0.8660254037844387
2024-05-16,35.9,21.9,29.2,0.4,27.5,15.575,29.23333333333333,481.625,24.09166666666667,6.875,97.95833333333331,87.875,5,0.49999999999999994,-0.8660254037844387
2024-05-17,37.4,22.7,29.7,0.0,24.2,17.4875,47.6,488.2916666666667,27.22083333333333,5.9125000000000005,85.375,79.41666666666667,5,0.49999999999999994,-0.8660254037844387
2024-05-18,35.9,26.2,30.0,2.7,19.7,22.92083333333333,66.04166666666667,450.4583333333333,25.2,4.9625,78.41666666666667,71.29166666666667,5,0.49999999999999994,-0.8660254037844387
2024-05-19,37.0,24.2,30.4,0.0,16.9,22.40833333333333,53.12916666666666,454.7916666666667,24.695833333333336,6.2625,88.375,90.125,5,0.49999999999999994,-0.8660254037844387
2024-05-20,37.6,23.1,30.4,0.0,22.1,16.9875,32.49583333333333,398.625,20.5625,4.979166666666667,96.5,88.95833333333333,5,0.49999999999999994,-0.8660254037844387
2024-05-21,37.6,26.0,31.5,0.0,14.6,16.620833333333334,29.229166666666668,390.25,20.254166666666663,4.941666666666666,96.375,80.66666666666667,5,0.49999999999999994,-0.8660254037844387
2024-05-22,38.9,23.2,32.0,0.0,11.5,17.775000000000002,28.77916666666667,438.2083333333333,21.441666666666663,7.179166666666667,109.875,99.58333333333331,5,0.49999999999999994,-0.8660254037844387
2024-05-23,38.9,23.6,32.1,0.0,13.4,16.8,27.0875,408.75,19.508333333333333,6.679166666666667,114.08333333333331,101.29166666666669,5,0.49999999999999994,-0.8660254037844387
2024-05-24,38.3,24.2,32.0,0.0,20.2,23.4625,41.1125,480.7083333333333,25.058333333333334,6.8875,106.16666666666669,96.58333333333331,5,0.49999999999999994,-0.8660254037844387
2024-05-25,37.0,25.5,31.4,0.0,19.2,19.85,40.208333333333336,396.5416666666667,20.495833333333334,4.7875000000000005,97.41666666666669,88.83333333333333,5,0.49999999999999994,-0.8660254037844387
2024-05-26,39.4,26.1,32.4,0.0,17.2,15.75,29.175,406.9166666666667,21.5125,5.016666666666667,101.625,87.25,5,0.49999999999999994,-0.8660254037844387
2024-05-27,39.4,27.6,32.5,0.0,18.8,13.116666666666667,22.1,435.5833333333333,24.02083333333333,5.320833333333334,105.58333333333331,89.125,5,0.49999999999999994,-0.8660254037844387
2024-05-28,39.1,26.3,32.2,0.0,19.7,11.6,19.245833333333334,453.4583333333333,24.991666666666664,5.041666666666667,100.125,84.79166666666667,5,0.49999999999999994,-0.8660254037844387
2024-05-29,39.3,27.0,32.4,0.0,28.1,13.745833333333332,22.14583333333333,437.4583333333333,23.34166666666667,5.933333333333334,108.25,89.04166666666667,5,0.49999999999999994,-0.8660254037844387
2024-05-30,39.3,25.6,31.8,0.0,15.2,12.4,22.079166666666666,369.4583333333333,18.791666666666668,4.079166666666667,107.45833333333331,85.29166666666667,5,0.49999999999999994,-0.8660254037844387
2024-05-31,39.6,24.4,32.6,0.0,22.6,17.900000000000002,31.941666666666663,432.875,21.279166666666665,6.179166666666667,110.5,86.83333333333333,5,0.49999999999999994,-0.8660254037844387
2024-06-01,40.3,24.5,32.7,0.0,20.2,18.0125,32.641666666666666,369.4166666666667,15.841666666666669,4.9875,120.58333333333331,99.79166666666669,6,1.2246467991473532e-16,-1.0
2024-06-02,39.4,24.0,32.4,0.0,10.6,20.633333333333333,37.60416666666666,509.25,26.42083333333333,5.920833333333333,112.45833333333331,101.54166666666669,6,1.2246467991473532e-16,-1.0
2024-06-03,40.1,25.6,32.7,0.0,24.1,25.866666666666664,46.50833333333333,522.2916666666666,22.84583333333333,7.495833333333334,125.875,116.20833333333331,6,1.2246467991473532e-16,-1.0
2024-06-04,38.7,26.6,31.2,0.0,23.6,30.058333333333334,57.23333333333333,581.25,29.995833333333334,8.445833333333333,108.83333333333331,106.83333333333331,6,1.2246467991473532e-16,-1.0
2024-06-05,36.4,24.5,30.0,0.9,20.8,24.991666666666664,47.895833333333336,423.625,20.191666666666663,4.845833333333333,95.875,90.04166666666667,6,1.2246467991473532e-16,-1.0
2024-06-06,33.2,22.7,26.5,4.3,18.1,27.004166666666663,69.75416666666666,288.875,10.616666666666667,5.354166666666667,119.54166666666669,92.625,6,1.2246467991473532e-16,-1.0
2024-06-07,33.0,21.9,27.0,0.4,16.6,23.2375,44.145833333333336,377.7916666666667,18.029166666666665,6.245833333333334,104.04166666666669,101.75,6,1.2246467991473532e-16,-1.0
2024-06-08,35.3,21.1,28.4,0.0,16.1,17.254166666666666,30.09166666666667,371.4583333333333,19.279166666666665,5.604166666666667,106.375,96.875,6,1.2246467991473532e-16,-1.0
2024-06-09,36.0,21.3,29.1,0.0,17.2,13.566666666666668,22.2,386.1666666666667,20.225,4.25,107.29166666666669,91.33333333333331,6,1.2246467991473532e-16,-1.0
2024-06-10,38.0,22.6,30.5,0.0,21.6,16.912499999999998,27.058333333333334,413.8333333333333,20.629166666666663,5.333333333333333,115.33333333333331,96.95833333333331,6,1.2246467991473532e-16,-1.0
2024-06-11,39.4,25.3,32.2,0.0,13.7,17.616666666666667,27.866666666666664,361.2916666666667,17.041666666666668,5.0875,118.33333333333331,101.5,6,1.2246467991473532e-16,-1.0
2024-06-12,41.2,26.2,33.6,0.0,11.3,17.370833333333334,26.7625,417.7083333333333,20.22083333333333,6.345833333333334,118.33333333333331,104.41666666666669,6,1.2246467991473532e-16,-1.0
2024-06-13,40.9,25.8,33.2,0.0,20.9,21.65416666666667,34.8125,452.4166666666667,23.616666666666664,6.145833333333333,117.0,97.75,6,1.2246467991473532e-16,-1.0
2024-06-14,38.8,26.4,32.4,0.0,23.3,23.995833333333334,40.333333333333336,417.375,18.47083333333333,5.433333333333334,112.25,99.95833333333331,6,1.2246467991473532e-16,-1.0
2024-06-15,40.9,27.2,33.4,0.0,24.9,21.516666666666666,38.0,389.0,16.216666666666665,6.008333333333333,119.625,105.875,6,1.2246467991473532e-16,-1.0
2024-06-16,41.6,26.8,34.7,0.0,18.1,21.416666666666668,38.60416666666666,485.0416666666667,24.441666666666663,6.570833333333333,106.83333333333331,99.04166666666669,6,1.2246467991473532e-16,-1.0
2024-06-17,42.8,26.7,34.9,0.0,24.0,22.179166666666664,38.7375,512.375,26.9375,6.891666666666667,102.29166666666669,97.29166666666669,6,1.2246467991473532e-16,-1.0
2024-06-18,42.7,28.3,35.2,0.0,22.9,26.4,49.32916666666667,525.9583333333334,27.52083333333333,6.8125,102.0,99.16666666666669,6,1.2246467991473532e-16,-1.0
2024-06-19,40.1,27.3,34.3,0.0,17.3,24.3125,44.4625,477.4583333333333,25.34583333333333,6.8125,111.83333333333331,106.66666666666669,6,1.2246467991473532e-16,-1.0
2024-06-20,36.0,27.7,31.8,0.0,17.4,27.1625,52.07083333333333,367.625,13.595833333333331,7.795833333333333,129.91666666666666,115.41666666666669,6,1.2246467991473532e-16,-1.0
2024-06-21,34.3,24.4,29.4,0.2,14.1,34.87083333333333,64.62083333333334,491.1666666666667,23.125,8.387500000000001,119.91666666666669,112.58333333333331,6,1.2246467991473532e-16,-1.0
2024-06-22,37.1,25.0,31.2,0.0,14.1,35.25,57.48333333333333,623.75,35.612500000000004,8.304166666666667,115.625,133.54166666666666,6,1.2246467991473532e-16,-1.0
2024-06-23,38.0,27.7,32.4,0.0,17.6,24.27083333333333,45.98333333333333,410.2083333333333,20.779166666666665,5.870833333333334,113.41666666666669,108.29166666666669,6,1.2246467991473532e-16,-1.0
2024-06-24,39.3,26.9,33.1,0.0,12.4,27.04583333333333,48.78333333333333,530.375,28.054166666666664,6.875,111.25,114.5,6,1.2246467991473532e-16,-1.0
2024-06-25,40.0,26.1,33.7,0.0,14.0,28.22083333333333,49.775,538.0833333333334,25.554166666666664,6.8875,123.58333333333331,118.33333333333331,6,1.2246467991473532e-16,-1.0
2024-06-26,41.5,26.8,35.1,0.0,17.2,22.45833333333333,33.69583333333333,510.0,23.02916666666667,8.0875,130.79166666666666,125.95833333333331,6,1.2246467991473532e-16,-1.0
2024-06-27,38.6,29.4,33.3,0.0,19.2,64.14999999999999,126.22083333333336,529.3333333333334,18.7625,10.725,137.5,121.75,6,1.2246467991473532e-16,-1.0
2024-06-28,36.9,25.5,32.1,0.4,13.0,67.62916666666666,119.8375,474.3333333333333,14.108333333333334,11.925,157.25,166.91666666666666,6,1.2246467991473532e-16,-1.0
2024-06-29,38.2,26.0,32.8,5.7,12.5,63.76666666666666,106.58333333333331,528.4166666666666,20.42083333333333,9.233333333333333,127.20833333333331,157.58333333333334,6,1.2246467991473532e-16,-1.0
2024-06-30,37.9,25.9,32.3,0.3,10.8,72.04166666666667,117.51666666666668,534.7083333333334,18.433333333333334,10.416666666666666,131.29166666666666,160.83333333333334,6,1.2246467991473532e-16,-1.0
2024-07-01,38.4,26.5,32.4,5.6,12.3,62.05,97.325,477.8333333333333,14.720833333333331,9.066666666666666,130.66666666666666,159.58333333333334,7,-0.4999999999999998,-0.8660254037844388
2024-07-02,36.8,25.1,31.3,18.9,17.3,55.24583333333334,89.25833333333333,490.6666666666667,18.34583333333333,8.5875,127.875,156.04166666666666,7,-0.4999999999999998,-0.8660254037844388
2024-07-03,38.3,26.1,32.5,1.6,17.9,44.45,78.30833333333334,406.9166666666667,14.129166666666668,6.616666666666667,118.75,134.5,7,-0.4999999999999998,-0.8660254037844388
2024-07-04,32.9,25.8,29.2,7.3,20.6,21.5375,33.87916666666667,330.7916666666667,10.804166666666667,4.7625,115.20833333333331,105.16666666666669,7,-0.4999999999999998,-0.8660254037844388
2024-07-05,31.1,23.8,27.6,11.7,17.8,19.179166666666667,29.77083333333333,392.7916666666667,16.925,5.741666666666667,102.375,71.66666666666667,7,-0.4999999999999998,-0.8660254037844388
2024-07-06,31.8,21.9,26.9,24.8,14.1,20.95833333333333,33.50833333333333,368.4583333333333,13.166666666666666,5.4125000000000005,117.33333333333331,83.66666666666667,7,-0.4999999999999998,-0.8660254037844388
2024-07-07,30.8,22.1,27.2,0.8,16.9,31.52083333333333,47.50416666666666,576.0833333333334,28.945833333333336,8.825000000000001,115.54166666666669,106.95833333333331,7,-0.4999999999999998,-0.8660254037844388
2024-07-08,33.7,23.9,29.0,0.0,8.2,40.04583333333333,61.4,741.75,36.8,12.5375,122.5,133.91666666666666,7,-0.4999999999999998,-0.8660254037844388
2024-07-09,33.6,24.5,29.3,2.5,13.3,41.7875,70.03750000000001,626.8333333333334,33.487500000000004,9.7875,115.41666666666669,123.375,7,-0.4999999999999998,-0.8660254037844388
2024-07-10,33.0,23.8,29.0,11.0,15.9,49.8375,86.82916666666667,764.5833333333334,42.03333333333333,11.325,106.375,141.79166666666666,7,-0.4999999999999998,-0.8660254037844388
2024-07-11,32.7,25.8,28.9,7.2,24.0,43.67083333333333,74.6875,795.625,45.53333333333333,8.716666666666667,83.83333333333333,128.83333333333334,7,-0.4999999999999998,-0.8660254037844388
2024-07-12,32.5,25.2,28.7,1.5,19.8,47.55833333333334,77.91666666666667,743.6666666666666,41.54583333333333,9.416666666666666,94.58333333333331,129.79166666666666,7,-0.4999999999999998,-0.8660254037844388
2024-07-13,32.5,23.5,28.4,0.0,7.3,45.25416666666666,70.10833333333333,731.7083333333334,38.37083333333333,11.075,114.70833333333331,148.29166666666666,7,-0.4999999999999998,-0.8660254037844388
2024-07-14,33.4,23.1,28.5,14.1,19.7,44.9,65.92916666666666,944.5833333333334,45.8125,13.104166666666666,119.79166666666669,149.58333333333334,7,-0.4999999999999998,-0.8660254037844388
2024-07-15,35.6,24.8,30.2,0.0,12.6,36.079166666666666,57.5625,672.5416666666666,35.737500000000004,9.133333333333333,108.125,134.70833333333334,7,-0.4999999999999998,-0.8660254037844388
2024-07-16,35.8,25.3,30.7,0.0,9.7,37.4625,57.675,755.8333333333334,40.079166666666666,11.795833333333334,115.875,136.0,7,-0.4999999999999998,-0.8660254037844388
2024-07-17,35.6,26.7,31.1,0.3,10.3,41.42083333333333,70.75833333333334,692.4166666666666,37.625,9.533333333333331,98.45833333333331,122.66666666666669,7,-0.4999999999999998,-0.8660254037844388
2024-07-18,33.8,24.8,29.0,17.0,17.6,55.93333333333334,98.2625,648.3333333333334,34.483333333333334,9.904166666666669,98.91666666666669,139.95833333333334,7,-0.4999999999999998,-0.8660254037844388
2024-07-19,34.9,25.9,29.9,0.0,10.5,48.4125,85.25833333333334,693.75,41.35833333333333,9.170833333333333,91.58333333333331,148.29166666666666,7,-0.4999999999999998,-0.8660254037844388
2024-07-20,34.7,26.2,30.7,0.1,10.2,52.76666666666667,89.81666666666666,655.9166666666666,35.766666666666666,10.141666666666667,103.0,144.29166666666666,7,-0.4999999999999998,-0.8660254037844388
2024-07-21,35.9,26.9,31.2,0.0,12.3,59.2625,102.85833333333332,601.5833333333334,28.2375,10.6,112.41666666666669,153.625,7,-0.4999999999999998,-0.8660254037844388
2024-07-22,35.1,26.8,30.2,5.0,15.8,66.45833333333333,121.3125,587.625,27.129166666666663,9.829166666666667,118.5,156.29166666666666,7,-0.4999999999999998,-0.8660254037844388
2024-07-23,33.8,24.5,28.6,22.9,19.6,75.55833333333334,141.32500000000002,517.6666666666666,19.2375,10.1625,132.95833333333334,163.0,7,-0.4999999999999998,-0.8660254037844388
2024-07-24,34.5,26.0,30.0,0.5,6.8,74.15833333333333,129.49166666666667,870.7916666666666,43.98333333333333,11.445833333333333,102.25,169.375,7,-0.4999999999999998,-0.8660254037844388
2024-07-25,35.2,23.8,30.1,3.6,15.5,70.89583333333333,121.15416666666664,680.375,30.758333333333336,11.729166666666666,120.91666666666669,165.29166666666666,7,-0.4999999999999998,-0.8660254037844388
2024-07-26,35.7,25.3,30.6,4.2,10.7,57.47916666666666,96.8125,643.5,30.016666666666666,9.775,110.08333333333331,159.75,7,-0.4999999999999998,-0.8660254037844388
2024-07-27,34.4,25.2,30.7,3.1,16.9,44.74166666666667,81.6875,491.9583333333333,20.65833333333333,9.495833333333334,111.75,134.75,7,-0.4999999999999998,-0.8660254037844388
2024-07-28,33.1,25.6,28.7,9.7,14.6,32.30833333333333,56.0875,415.5416666666667,17.037499999999998,6.933333333333334,113.58333333333331,111.08333333333331,7,-0.4999999999999998,-0.8660254037844388
2024-07-29,30.3,26.8,28.2,12.7,16.1,40.80833333333333,65.10833333333333,607.4166666666666,30.52916666666667,8.204166666666667,83.79166666666667,95.875,7,-0.4999999999999998,-0.8660254037844388
2024-07-30,32.3,25.6,28.8,11.1,12.2,51.35833333333333,76.70416666666667,900.875,47.32083333333333,13.975,81.45833333333333,135.5,7,-0.4999999999999998,-0.8660254037844388
2024-07-31,34.5,26.1,30.3,0.0,9.0,44.0375,66.54583333333333,1013.7916666666666,51.49166666666667,9.816666666666666,91.70833333333331,141.41666666666666,7,-0.4999999999999998,-0.8660254037844388
2024-08-01,29.2,24.2,26.7,56.6,27.7,26.64583333333333,39.50416666666667,623.9166666666666,28.4375,6.05,84.79166666666667,102.41666666666669,8,-0.8660254037844384,-0.5000000000000004
2024-08-02,32.7,24.5,28.7,30.1,8.7,31.266666666666666,45.67083333333333,783.0,38.54583333333333,9.091666666666669,80.91666666666667,97.70833333333331,8,-0.8660254037844384,-0.5000000000000004
2024-08-03,32.3,25.2,27.9,1.5,17.0,27.754166666666663,40.083333333333336,509.2083333333333,22.8875,8.004166666666666,96.08333333333331,96.08333333333331,8,-0.8660254037844384,-0.5000000000000004
2024-08-04,30.5,24.3,27.2,3.6,17.3,21.370833333333334,30.975,380.3333333333333,19.183333333333334,6.758333333333333,77.25,77.41666666666667,8,-0.8660254037844384,-0.5000000000000004
2024-08-05,31.2,24.8,28.1,0.7,8.9,25.7625,36.86666666666667,473.4166666666667,25.2,8.770833333333334,68.20833333333333,80.45833333333333,8,-0.8660254037844384,-0.5000000000000004
2024-08-06,33.0,24.6,27.7,13.8,11.2,26.179166666666664,37.5875,470.9166666666667,21.175,9.091666666666669,97.33333333333331,93.16666666666669,8,-0.8660254037844384,-0.5000000000000004
2024-08-07,31.9,23.4,26.9,14.8,13.0,32.84583333333333,49.1,444.2916666666667,19.7375,8.554166666666667,102.41666666666669,96.125,8,-0.8660254037844384,-0.5000000000000004
2024-08-08,30.2,24.2,26.8,2.3,12.0,28.825,41.17083333333333,430.9583333333333,19.904166666666665,7.208333333333333,92.66666666666669,91.5,8,-0.8660254037844384,-0.5000000000000004
2024-08-09,31.5,24.7,28.0,1.9,9.8,39.07083333333333,55.80416666666667,461.3333333333333,22.6,7.0875,83.95833333333333,106.04166666666669,8,-0.8660254037844384,-0.5000000000000004
2024-08-10,30.7,24.2,27.4,10.3,15.8,26.40833333333333,37.57083333333333,464.8333333333333,24.575,7.35,81.16666666666667,88.79166666666667,8,-0.8660254037844384,-0.5000000000000004
2024-08-11,27.4,23.0,25.1,30.7,16.2,22.09166666666667,32.266666666666666,500.2916666666667,24.766666666666666,6.4750000000000005,88.54166666666667,85.375,8,-0.8660254037844384,-0.5000000000000004
2024-08-12,31.5,23.3,27.2,0.0,8.9,23.9625,34.25833333333333,595.8333333333334,31.370833333333334,8.0625,78.79166666666667,78.5,8,-0.8660254037844384,-0.5000000000000004
2024-08-13,33.1,24.2,28.8,0.0,6.6,33.4875,48.29166666666666,616.0,31.516666666666666,11.054166666666667,91.375,98.79166666666669,8,-0.8660254037844384,-0.5000000000000004
2024-08-14,31.9,25.7,28.8,2.1,13.1,49.675,74.95416666666667,614.4166666666666,27.979166666666668,10.933333333333332,106.70833333333331,111.79166666666669,8,-0.8660254037844384,-0.5000000000000004
2024-08-15,28.8,23.8,25.8,29.2,15.2,24.09583333333333,36.3625,608.3333333333334,29.729166666666668,8.820833333333333,82.08333333333333,111.0,8,-0.8660254037844384,-0.5000000000000004
2024-08-16,31.8,24.9,27.3,9.1,14.9,33.96666666666667,49.3875,952.5416666666666,48.2875,10.241666666666667,65.33333333333333,84.16666666666667,8,-0.8660254037844384,-0.5000000000000004
2024-08-17,28.9,24.1,26.2,19.6,13.6,31.8125,45.05,754.5833333333334,34.1625,9.904166666666669,74.54166666666667,99.70833333333331,8,-0.8660254037844384,-0.5000000000000004
2024-08-18,32.0,24.5,27.7,0.5,8.3,33.87083333333333,47.95416666666667,882.75,38.94166666666667,13.154166666666669,72.5,100.70833333333331,8,-0.8660254037844384,-0.5000000000000004
2024-08-19,31.3,23.5,27.2,2.3,9.0,36.96666666666667,54.175,866.3333333333334,46.275,14.066666666666668,66.0,103.125,8,-0.8660254037844384,-0.5000000000000004
2024-08-20,29.7,22.5,26.1,19.6,11.3,22.166666666666668,33.53333333333333,618.5,32.88333333333333,10.895833333333334,82.54166666666667,94.54166666666669,8,-0.8660254037844384,-0.5000000000000004
2024-08-21,30.7,22.3,26.3,5.5,14.8,27.870833333333334,42.34166666666667,836.0416666666666,41.85833333333333,11.891666666666666,86.95833333333333,97.91666666666669,8,-0.8660254037844384,-0.5000000000000004
2024-08-22,31.9,22.9,27.2,0.0,11.6,27.3375,45.38333333333333,883.0,45.74166666666667,9.8875,89.29166666666667,102.70833333333331,8,-0.8660254037844384,-0.5000000000000004
2024-08-23,32.7,23.9,28.1,0.7,9.8,38.025,69.34583333333333,889.25,50.14166666666667,12.266666666666666,96.625,110.20833333333331,8,-0.8660254037844384,-0.5000000000000004
2024-08-24,32.6,24.3,28.2,0.2,9.1,53.525,95.44166666666666,961.375,49.19166666666666,13.375,100.91666666666669,138.125,8,-0.8660254037844384,-0.5000000000000004
2024-08-25,31.5,24.7,27.9,2.8,9.4,52.2125,88.09583333333335,914.7083333333334,51.36666666666667,13.025,100.54166666666669,147.375,8,-0.8660254037844384,-0.5000000000000004
2024-08-26,33.2,25.1,28.8,0.9,11.7,41.833333333333336,66.94166666666666,793.5416666666666,39.9875,10.216666666666669,104.20833333333331,146.5,8,-0.8660254037844384,-0.5000000000000004
2024-08-27,30.0,23.3,26.2,1.6,14.9,25.53333333333333,37.641666666666666,598.7083333333334,28.3375,6.495833333333334,73.58333333333333,98.04166666666669,8,-0.8660254037844384,-0.5000000000000004
2024-08-28,27.2,23.7,25.3,4.4,10.5,17.254166666666666,24.383333333333336,609.125,34.516666666666666,5.1125,26.33333333333333,73.25,8,-0.8660254037844384,-0.5000000000000004
2024-08-29,27.4,23.0,25.1,21.5,14.2,20.870833333333334,29.73333333333333,641.9166666666666,30.604166666666668,6.5375000000000005,51.375,66.41666666666667,8,-0.8660254037844384,-0.5000000000000004
2024-08-30,28.3,23.0,25.1,19.1,15.4,28.90416666666667,41.675,835.4583333333334,45.145833333333336,7.366666666666667,29.875,78.75,8,-0.8660254037844384,-0.5000000000000004
2024-08-31,31.5,22.2,26.6,0.0,17.7,29.8625,43.42916666666667,900.7083333333334,43.90833333333333,7.566666666666666,73.125,100.5,8,-0.8660254037844384,-0.5000000000000004
2024-09-01,32.6,23.3,28.0,0.0,8.4,29.67083333333333,43.4375,915.25,50.54166666666666,15.716666666666669,90.0,110.33333333333331,9,-1.0,-1.8369701987210297e-16
2024-09-02,29.2,22.7,25.9,18.8,15.7,21.2125,30.816666666666663,512.9166666666666,25.14583333333333,11.0875,88.83333333333333,87.70833333333333,9,-1.0,-1.8369701987210297e-16
2024-09-03,28.9,22.3,25.5,14.7,11.0,24.491666666666664,35.5,650.25,34.516666666666666,10.658333333333331,96.875,82.45833333333333,9,-1.0,-1.8369701987210297e-16
2024-09-04,30.8,22.8,26.5,0.5,7.2,38.525,55.65,796.9583333333334,34.575,12.820833333333333,109.83333333333331,120.45833333333331,9,-1.0,-1.8369701987210297e-16
2024-09-05,30.5,23.0,26.5,0.5,6.0,31.054166666666664,45.31666666666666,697.125,32.86666666666667,10.9375,105.45833333333331,106.54166666666669,9,-1.0,-1.8369701987210297e-16
2024-09-06,30.2,21.5,25.9,4.5,16.5,33.69166666666667,49.3125,774.75,37.708333333333336,11.141666666666666,101.45833333333331,107.08333333333331,9,-1.0,-1.8369701987210297e-16
2024-09-07,29.9,21.3,25.4,7.6,11.0,32.704166666666666,49.05416666666667,837.2916666666666,43.025000000000006,13.1125,103.20833333333331,112.875,9,-1.0,-1.8369701987210297e-16
2024-09-08,31.2,22.6,26.6,0.0,10.1,36.32083333333333,54.00833333333333,990.5416666666666,48.87083333333334,12.354166666666666,101.79166666666669,123.25,9,-1.0,-1.8369701987210297e-16
2024-09-09,32.7,22.7,27.4,0.0,10.4,39.1125,60.5625,1072.625,54.7125,10.55,84.54166666666667,118.125,9,-1.0,-1.8369701987210297e-16
2024-09-10,31.5,23.5,27.7,0.2,11.0,43.59583333333333,67.9375,1096.875,54.40833333333333,11.820833333333333,89.58333333333333,126.20833333333331,9,-1.0,-1.8369701987210297e-16
2024-09-11,32.1,23.4,27.4,0.0,12.6,38.204166666666666,58.7,994.0,46.3125,11.454166666666666,98.125,133.33333333333334,9,-1.0,-1.8369701987210297e-16
2024-09-12,32.7,23.6,28.0,0.0,15.0,27.7,40.833333333333336,813.7916666666666,34.40416666666667,8.533333333333333,103.95833333333331,119.20833333333331,9,-1.0,-1.8369701987210297e-16
2024-09-13,32.3,23.5,27.7,0.5,14.2,35.90416666666666,56.8875,761.9166666666666,35.99166666666667,8.4,91.70833333333331,96.875,9,-1.0,-1.8369701987210297e-16
2024-09-14,29.3,22.0,24.8,19.9,13.9,39.50833333333333,65.33333333333333,666.0416666666666,29.1375,8.829166666666667,107.16666666666669,117.41666666666669,9,-1.0,-1.8369701987210297e-16
2024-09-15,30.3,20.2,25.5,3.9,24.2,36.05416666666667,58.95,1083.3333333333333,48.18333333333334,8.875,70.95833333333333,113.83333333333331,9,-1.0,-1.8369701987210297e-16
2024-09-16,31.8,21.0,26.2,0.0,12.2,35.00833333333333,59.57916666666667,1105.4583333333333,49.1125,8.6625,71.375,106.875,9,-1.0,-1.8369701987210297e-16
2024-09-17,31.4,20.9,26.2,0.0,14.6,34.69583333333333,60.8375,993.5416666666666,45.34166666666667,8.383333333333335,70.91666666666667,108.08333333333331,9,-1.0,-1.8369701987210297e-16
2024-09-18,32.2,21.4,26.6,0.0,8.9,35.329166666666666,60.96666666666667,1011.9583333333334,42.23333333333333,11.6125,86.66666666666667,116.625,9,-1.0,-1.8369701987210297e-16
2024-09-19,34.0,22.8,27.6,0.0,6.7,35.50416666666667,57.37916666666666,1029.9583333333333,47.145833333333336,12.045833333333334,86.25,114.95833333333331,9,-1.0,-1.8369701987210297e-16
2024-09-20,33.2,22.3,27.5,0.0,8.8,34.487500000000004,52.925,973.4166666666666,48.15,11.5,91.70833333333331,118.45833333333331,9,-1.0,-1.8369701987210297e-16
2024-09-21,33.0,23.0,27.7,0.0,8.7,38.82083333333333,57.49583333333334,918.7083333333334,42.28333333333333,13.166666666666666,98.375,118.91666666666669,9,-1.0,-1.8369701987210297e-16
2024-09-22,33.7,23.7,28.4,0.0,7.9,37.525,54.95,879.125,38.05,11.8625,92.95833333333331,118.375,9,-1.0,-1.8369701987210297e-16
2024-09-23,34.6,24.1,29.0,0.0,8.4,36.50833333333333,53.583333333333336,872.4583333333334,39.7625,12.170833333333334,89.625,114.91666666666669,9,-1.0,-1.8369701987210297e-16
2024-09-24,34.9,24.0,29.4,0.0,9.7,35.32083333333333,52.3875,933.2083333333334,47.025,12.1625,83.33333333333333,112.54166666666669,9,-1.0,-1.8369701987210297e-16
2024-09-25,34.2,26.0,29.7,0.1,10.7,47.01666666666667,70.47500000000001,885.0416666666666,43.375,13.129166666666668,88.125,115.45833333333331,9,-1.0,-1.8369701987210297e-16
2024-09-26,31.4,23.5,27.4,9.2,16.0,49.6625,74.02083333333333,816.3333333333334,35.8875,11.229166666666666,90.375,139.08333333333334,9,-1.0,-1.8369701987210297e-16
2024-09-27,28.4,22.0,24.6,27.2,11.4,35.2875,51.72916666666666,866.9583333333334,37.98333333333333,9.566666666666666,85.45833333333333,122.0,9,-1.0,-1.8369701987210297e-16
2024-09-28,29.6,20.4,24.7,10.5,23.1,33.704166666666666,49.85,1003.2083333333334,46.70416666666667,11.866666666666667,81.83333333333333,108.08333333333331,9,-1.0,-1.8369701987210297e-16
2024-09-29,29.2,21.6,24.9,0.6,12.1,39.7375,58.895833333333336,1044.0,48.5875,11.454166666666666,75.08333333333333,110.375,9,-1.0,-1.8369701987210297e-16
2024-09-30,31.0,21.5,25.5,0.0,18.7,31.820833333333336,49.275,965.0416666666666,45.79166666666666,6.558333333333334,60.333333333333336,103.91666666666669,9,-1.0,-1.8369701987210297e-16
2024-10-01,31.7,21.3,25.7,0.0,10.9,28.5125,45.85416666666666,915.375,46.2125,7.608333333333333,59.29166666666666,86.29166666666667,10,-0.8660254037844386,0.5
2024-10-02,32.3,20.7,25.9,0.0,9.3,29.016666666666666,47.15416666666667,929.3333333333334,45.42916666666667,8.820833333333333,64.54166666666667,95.04166666666669,10,-0.8660254037844386,0.5
2024-10-03,32.0,20.7,26.0,0.0,7.6,29.495833333333334,48.05,963.2916666666666,46.09166666666667,9.779166666666669,68.04166666666667,96.45833333333331,10,-0.8660254037844386,0.5
2024-10-04,31.6,21.3,25.8,0.0,10.3,41.15416666666667,70.17083333333333,912.5416666666666,43.0625,11.816666666666668,72.20833333333333,104.70833333333331,10,-0.8660254037844386,0.5
2024-10-05,30.4,21.1,25.0,1.6,11.3,42.55416666666667,71.69583333333334,1076.125,45.62916666666666,12.720833333333331,67.5,114.20833333333331,10,-0.8660254037844386,0.5
2024-10-06,30.2,17.8,24.2,0.0,10.1,35.641666666666666,58.25833333333333,994.5833333333334,44.82083333333333,10.116666666666664,65.20833333333333,117.95833333333331,10,-0.8660254037844386,0.5
2024-10-07,31.0,18.9,24.5,0.0,22.5,27.516666666666666,41.55416666666667,1052.1666666666667,48.31666666666666,11.05,66.75,98.0,10,-0.8660254037844386,0.5
2024-10-08,27.7,19.6,22.8,5.2,22.7,27.695833333333336,51.17083333333333,779.375,38.71666666666667,8.325000000000001,56.79166666666666,89.625,10,-0.8660254037844386,0.5
2024-10-09,28.5,18.8,23.0,0.0,14.4,20.445833333333333,34.6125,704.625,39.21666666666667,6.966666666666666,49.833333333333336,74.66666666666667,10,-0.8660254037844386,0.5
2024-10-10,28.8,17.1,22.4,0.0,11.6,22.28333333333333,35.300000000000004,1005.5,45.81666666666666,8.145833333333334,51.79166666666666,75.45833333333333,10,-0.8660254037844386,0.5
2024-10-11,29.5,17.5,22.9,0.0,16.6,19.15,28.391666666666666,951.875,46.11666666666667,6.629166666666666,51.54166666666666,73.58333333333333,10,-0.8660254037844386,0.5
2024-10-12,29.9,18.0,23.4,0.0,11.4,21.320833333333333,31.366666666666664,1041.25,47.15833333333333,8.9375,53.583333333333336,71.29166666666667,10,-0.8660254037844386,0.5
2024-10-13,30.3,18.5,23.6,0.0,9.6,24.1,35.03333333333333,1114.1666666666667,47.875,9.908333333333331,52.958333333333336,78.95833333333333,10,-0.8660254037844386,0.5
2024-10-14,30.1,18.6,23.5,0.7,11.2,22.05,32.12083333333333,899.9583333333334,40.80833333333333,9.8125,62.958333333333336,80.625,10,-0.8660254037844386,0.5
2024-10-15,30.5,18.4,23.4,0.0,12.6,27.40833333333333,40.9625,976.75,41.1375,8.695833333333333,61.41666666666666,80.125,10,-0.8660254037844386,0.5
2024-10-16,30.7,18.1,24.1,0.0,11.9,29.85833333333333,44.395833333333336,1011.4166666666666,47.3375,12.445833333333333,59.54166666666666,87.875,10,-0.8660254037844386,0.5
2024-10-17,30.1,19.2,23.9,0.0,10.1,35.37916666666667,55.49583333333334,950.625,45.85,12.675,70.20833333333333,99.08333333333331,10,-0.8660254037844386,0.5
2024-10-18,29.8,19.1,23.8,0.0,9.7,42.708333333333336,67.84166666666667,1095.2083333333333,48.1875,13.529166666666669,67.875,109.625,10,-0.8660254037844386,0.5
2024-10-19,30.2,17.5,23.5,0.0,10.4,35.737500000000004,55.895833333333336,1225.75,50.7,11.370833333333332,68.08333333333333,112.16666666666669,10,-0.8660254037844386,0.5
2024-10-20,29.6,17.6,23.5,0.0,12.3,49.2375,76.33749999999999,1092.375,48.2875,13.5875,74.45833333333333,114.70833333333331,10,-0.8660254037844386,0.5
2024-10-21,29.2,18.9,23.6,0.0,10.6,48.07916666666667,74.49166666666666,1284.75,47.24583333333334,12.758333333333333,66.91666666666667,139.08333333333334,10,-0.8660254037844386,0.5
2024-10-22,28.8,18.2,23.2,0.1,14.6,49.52916666666667,79.59583333333333,1209.3333333333333,49.1125,13.5,67.20833333333333,129.04166666666666,10,-0.8660254037844386,0.5
2024-10-23,27.3,17.3,21.7,1.0,14.9,47.1,78.825,1381.625,46.40416666666667,9.4,45.91666666666666,131.0,10,-0.8660254037844386,0.5
2024-10-24,28.0,17.7,22.2,0.0,14.5,35.479166666666664,62.0,1069.0416666666667,43.17916666666667,7.0875,45.29166666666666,126.41666666666669,10,-0.8660254037844386,0.5
2024-10-25,29.2,16.8,22.0,0.0,15.2,26.85,45.59166666666667,995.8333333333334,45.12916666666666,7.254166666666666,44.583333333333336,88.83333333333333,10,-0.8660254037844386,0.5
2024-10-26,30.4,18.9,23.2,0.0,12.6,25.641666666666666,41.12083333333333,985.875,43.15833333333333,7.2,51.04166666666666,83.91666666666667,10,-0.8660254037844386,0.5
2024-10-27,29.1,17.6,22.8,0.0,10.0,30.05,46.4375,1461.7916666666667,51.18333333333334,11.9375,42.583333333333336,78.95833333333333,10,-0.8660254037844386,0.5
2024-10-28,28.6,18.0,22.7,0.1,9.8,59.34166666666667,96.4375,995.9166666666666,56.1875,17.837500000000002,66.75,118.25,10,-0.8660254037844386,0.5
2024-10-29,23.4,17.9,20.0,33.8,19.2,49.66666666666666,90.6375,1017.1666666666666,34.391666666666666,8.166666666666666,67.29166666666667,154.70833333333334,10,-0.8660254037844386,0.5
2024-10-30,26.7,16.9,21.0,0.0,12.9,36.52916666666667,63.15,1087.4583333333333,40.895833333333336,9.091666666666669,46.54166666666666,107.58333333333331,10,-0.8660254037844386,0.5
2024-10-31,26.9,17.1,21.0,0.0,18.4,23.991666666666664,36.4375,782.9166666666666,43.75833333333333,5.8625,41.208333333333336,94.08333333333331,10,-0.8660254037844386,0.5
2024-11-01,26.7,16.1,20.3,0.0,9.9,24.97083333333333,36.475,948.9583333333334,47.0125,7.208333333333333,39.25,75.79166666666667,11,-0.5000000000000004,0.8660254037844384
2024-11-02,26.4,15.2,20.7,0.0,9.1,30.041666666666668,43.44583333333333,1362.125,55.25416666666666,10.175,38.5,83.66666666666667,11,-0.5000000000000004,0.8660254037844384
2024-11-03,26.3,15.5,20.3,0.0,9.3,36.32083333333333,52.2875,1133.0416666666667,55.4625,16.625,50.75,97.375,11,-0.5000000000000004,0.8660254037844384
2024-11-04,26.4,15.4,19.8,0.0,14.3,35.475,50.91666666666666,1181.0833333333333,60.475,11.029166666666669,58.958333333333336,99.29166666666669,11,-0.5000000000000004,0.8660254037844384
2024-11-05,26.0,15.2,20.3,0.0,10.8,56.40833333333333,85.50833333333333,1352.7916666666667,55.0375,18.204166666666666,68.83333333333333,116.83333333333331,11,-0.5000000000000004,0.8660254037844384
2024-11-06,26.7,16.2,20.7,0.0,11.6,47.10416666666666,68.8875,1359.6666666666667,60.09166666666667,13.858333333333334,68.91666666666667,149.91666666666666,11,-0.5000000000000004,0.8660254037844384
2024-11-07,26.0,15.9,20.5,0.0,10.2,65.03750000000001,99.94583333333333,1468.125,54.91666666666666,19.22083333333333,60.16666666666666,131.91666666666666,11,-0.5000000000000004,0.8660254037844384
2024-11-08,26.1,17.3,21.1,0.0,8.2,80.74583333333334,125.19583333333333,1757.0833333333333,57.1125,18.125,60.625,164.70833333333334,11,-0.5000000000000004,0.8660254037844384
2024-11-09,25.6,16.7,20.6,0.0,8.0,81.3625,126.17083333333332,1667.375,60.225,17.004166666666666,57.208333333333336,167.0,11,-0.5000000000000004,0.8660254037844384
2024-11-10,24.7,16.3,20.6,1.0,9.2,99.55,152.76666666666668,1507.0833333333333,38.05,24.166666666666668,79.16666666666667,178.79166666666666,11,-0.5000000000000004,0.8660254037844384
2024-11-11,22.0,15.4,18.1,12.9,16.8,57.47083333333333,88.04166666666667,1367.875,39.65416666666667,8.504166666666666,41.5,165.95833333333334,11,-0.5000000000000004,0.8660254037844384
2024-11-12,24.8,14.4,18.5,0.5,15.7,57.15416666666667,74.79166666666667,1351.25,46.2,10.916666666666666,41.458333333333336,139.75,11,-0.5000000000000004,0.8660254037844384
2024-11-13,23.9,14.7,18.1,0.0,8.1,67.60833333333333,72.45,1621.7916666666667,60.03333333333333,17.741666666666667,37.625,157.5,11,-0.5000000000000004,0.8660254037844384
2024-11-14,21.9,14.2,17.5,0.3,6.8,110.6125,119.525,1880.5833333333333,64.39999999999999,19.15,40.0,171.20833333333334,11,-0.5000000000000004,0.8660254037844384
2024-11-15,22.5,13.4,17.1,3.6,14.8,71.99166666666666,77.13333333333334,1196.6666666666667,54.85416666666666,13.775,37.208333333333336,184.2083333333333,11,-0.5000000000000004,0.8660254037844384
2024-11-16,20.9,11.9,15.7,0.0,7.9,46.375,52.46666666666667,1304.3333333333333,49.28333333333333,9.225,48.833333333333336,131.75,11,-0.5000000000000004,0.8660254037844384
2024-11-17,21.7,11.3,15.8,0.0,10.1,31.866666666666664,33.395833333333336,929.5416666666666,45.895833333333336,9.591666666666669,50.16666666666666,122.16666666666669,11,-0.5000000000000004,0.8660254037844384
2024-11-18,22.0,11.9,15.6,0.0,10.3,36.2125,37.6875,1117.5833333333333,53.69166666666666,11.1625,38.833333333333336,96.29166666666669,11,-0.5000000000000004,0.8660254037844384
2024-11-19,21.8,10.8,15.1,0.0,8.0,39.52916666666666,40.88333333333333,1369.0416666666667,57.09583333333333,14.720833333333331,39.54166666666666,104.0,11,-0.5000000000000004,0.8660254037844384
2024-11-20,21.5,10.0,14.9,0.0,8.4,36.47083333333333,37.61666666666667,1468.4166666666667,54.55416666666667,13.020833333333334,41.875,105.95833333333331,11,-0.5000000000000004,0.8660254037844384
2024-11-21,21.7,11.3,15.4,0.0,8.2,38.954166666666666,40.2625,1546.5,55.833333333333336,14.933333333333332,38.625,105.16666666666669,11,-0.5000000000000004,0.8660254037844384
2024-11-22,21.5,11.8,15.9,0.0,5.8,52.93333333333334,55.4,1478.2916666666667,59.57083333333333,23.52083333333333,40.083333333333336,123.33333333333331,11,-0.5000000000000004,0.8660254037844384
2024-11-23,19.7,12.7,15.4,0.8,9.0,52.395833333333336,58.59583333333333,1217.625,51.31666666666666,16.508333333333333,43.625,148.58333333333334,11,-0.5000000000000004,0.8660254037844384
2024-11-24,21.1,11.4,15.5,1.1,10.7,42.958333333333336,48.76666666666667,879.0,44.4625,10.779166666666669,51.66666666666666,127.625,11,-0.5000000000000004,0.8660254037844384
2024-11-25,22.2,11.6,15.9,0.0,10.5,38.42083333333333,40.6875,920.0416666666666,52.6125,12.516666666666666,45.833333333333336,117.66666666666669,11,-0.5000000000000004,0.8660254037844384
2024-11-26,22.2,11.1,15.8,0.0,9.5,38.079166666666666,39.92916666666667,1160.9583333333333,54.25833333333333,14.4625,44.625,102.54166666666669,11,-0.5000000000000004,0.8660254037844384
2024-11-27,21.5,10.4,15.4,0.0,9.6,36.5625,37.84166666666667,1560.5416666666667,53.89166666666667,15.904166666666669,44.208333333333336,102.25,11,-0.5000000000000004,0.8660254037844384
2024-11-28,22.3,10.3,15.4,0.0,6.0,36.3625,37.2875,1362.2083333333333,53.10833333333333,18.304166666666667,42.91666666666666,101.95833333333331,11,-0.5000000000000004,0.8660254037844384
2024-11-29,21.2,11.4,15.2,0.0,17.0,32.37083333333333,33.670833333333334,1135.7916666666667,45.958333333333336,17.575,49.208333333333336,109.04166666666669,11,-0.5000000000000004,0.8660254037844384
2024-11-30,20.6,10.7,15.1,0.0,10.8,37.94166666666667,45.55,1389.3333333333333,47.12916666666666,13.104166666666666,37.125,86.95833333333333,11,-0.5000000000000004,0.8660254037844384
2024-12-01,21.6,10.9,15.3,0.0,8.0,33.8875,38.15416666666667,1337.4583333333333,46.13333333333333,13.525,44.625,114.25,12,-2.4492935982947064e-16,1.0
2024-12-02,22.1,11.1,15.5,0.0,13.6,25.133333333333336,36.125,1421.0833333333333,33.62083333333333,10.383333333333333,56.458333333333336,80.58333333333333,12,-2.4492935982947064e-16,1.0
2024-12-03,21.4,9.4,15.2,0.0,12.0,27.1,32.891666666666666,894.4166666666666,41.325,8.575000000000001,49.208333333333336,87.33333333333333,12,-2.4492935982947064e-16,1.0
2024-12-04,21.3,11.1,15.3,0.0,14.9,33.420833333333334,36.29166666666666,682.9583333333334,43.94583333333333,11.1,46.583333333333336,87.95833333333333,12,-2.4492935982947064e-16,1.0
2024-12-05,21.0,9.2,14.2,0.0,8.3,43.54583333333333,46.2,1335.6666666666667,54.7625,16.416666666666668,36.458333333333336,106.16666666666669,12,-2.4492935982947064e-16,1.0
2024-12-06,20.4,9.1,13.5,0.0,12.1,40.91666666666666,42.99583333333334,969.7916666666666,54.7375,13.270833333333334,38.25,122.375,12,-2.4492935982947064e-16,1.0
2024-12-07,19.1,8.4,12.6,0.0,7.9,41.35833333333333,42.84166666666667,1256.2083333333333,56.50416666666666,18.52083333333333,47.0,110.625,12,-2.4492935982947064e-16,1.0
2024-12-08,13.2,8.2,10.5,0.2,15.8,42.55833333333333,43.12916666666666,900.5,38.85,15.583333333333334,57.875,120.16666666666669,12,-2.4492935982947064e-16,1.0
2024-12-09,15.8,6.5,10.2,0.0,13.2,38.05416666666667,38.79166666666666,1020.2916666666666,44.63333333333333,16.179166666666667,46.833333333333336,105.70833333333331,12,-2.4492935982947064e-16,1.0
2024-12-10,16.3,4.5,9.8,0.0,10.8,36.4375,37.6,841.8333333333334,44.675,12.55,43.5,106.45833333333331,12,-2.4492935982947064e-16,1.0
2024-12-11,16.2,5.4,9.9,0.0,7.9,52.84166666666667,55.125,1290.875,59.770833333333336,19.633333333333333,32.125,115.91666666666669,12,-2.4492935982947064e-16,1.0
2024-12-12,16.3,5.2,9.7,0.0,6.3,47.71666666666667,51.93333333333334,1236.9166666666667,50.77916666666667,18.9625,37.91666666666666,145.29166666666666,12,-2.4492935982947064e-16,1.0
2024-12-13,16.8,6.3,11.1,0.0,17.5,33.34166666666667,35.833333333333336,650.8333333333334,41.06666666666667,12.295833333333334,52.208333333333336,115.25,12,-2.4492935982947064e-16,1.0
2024-12-14,18.6,6.9,11.7,0.0,9.6,43.25416666666666,44.92083333333333,1225.2083333333333,50.65833333333333,12.916666666666666,36.91666666666666,99.83333333333331,12,-2.4492935982947064e-16,1.0
2024-12-15,18.4,7.0,11.8,0.0,4.8,55.25833333333333,58.17916666666667,1765.625,56.2,18.954166666666666,33.291666666666664,127.91666666666669,12,-2.4492935982947064e-16,1.0
2024-12-16,18.5,6.1,11.2,0.0,6.2,63.75833333333333,66.00416666666668,1679.375,57.2625,19.23333333333333,30.125,156.125,12,-2.4492935982947064e-16,1.0
2024-12-17,18.3,6.1,10.9,0.0,5.7,60.708333333333336,62.66666666666666,1679.0833333333333,61.2625,18.70833333333333,32.416666666666664,153.79166666666666,12,-2.4492935982947064e-16,1.0
2024-12-18,17.0,7.8,11.2,0.0,4.8,57.40416666666667,58.89166666666667,1659.0,61.8125,15.991666666666667,24.875,151.0,12,-2.4492935982947064e-16,1.0
2024-12-19,17.3,5.5,10.8,0.0,8.6,58.00416666666667,59.21666666666667,1247.9583333333333,58.32916666666667,15.825,42.54166666666666,150.70833333333334,12,-2.4492935982947064e-16,1.0
2024-12-20,17.2,6.2,10.4,0.0,7.5,70.87083333333334,72.7,1643.3333333333333,63.25416666666666,17.900000000000002,33.666666666666664,158.33333333333334,12,-2.4492935982947064e-16,1.0
2024-12-21,17.1,5.3,10.4,0.0,5.1,71.67083333333333,73.79583333333333,1813.6666666666667,61.3875,17.595833333333335,35.916666666666664,159.625,12,-2.4492935982947064e-16,1.0
2024-12-22,16.5,7.2,11.4,0.0,6.2,79.70416666666667,81.4875,1747.25,63.54166666666666,19.2875,35.416666666666664,163.29166666666666,12,-2.4492935982947064e-16,1.0
2024-12-23,16.2,7.7,10.8,0.0,10.5,97.35,98.9,1229.375,51.97916666666666,22.05,49.66666666666666,176.16666666666666,12,-2.4492935982947064e-16,1.0
2024-12-24,17.0,5.8,10.6,0.0,9.8,81.25416666666666,83.55,1198.25,52.35,18.4,44.04166666666666,174.75,12,-2.4492935982947064e-16,1.0
2024-12-25,18.0,6.8,10.9,0.0,11.8,55.1625,57.770833333333336,1174.8333333333333,56.99583333333334,13.391666666666666,31.25,159.08333333333334,12,-2.4492935982947064e-16,1.0
2024-12-26,19.4,7.5,12.1,0.0,5.4,62.5125,65.19166666666666,1610.375,57.67916666666667,16.1125,35.583333333333336,146.08333333333334,12,-2.4492935982947064e-16,1.0
2024-12-27,18.0,7.5,12.0,0.0,7.1,78.2375,80.54583333333333,1365.7916666666667,50.73333333333333,14.754166666666668,43.625,162.875,12,-2.4492935982947064e-16,1.0
2024-12-28,16.5,7.2,11.3,0.0,8.2,70.50833333333334,72.125,1595.8333333333333,57.35833333333333,23.85833333333333,44.333333333333336,167.5,12,-2.4492935982947064e-16,1.0
2024-12-29,17.5,6.5,11.0,0.0,11.7,58.39166666666667,58.92916666666667,1157.3333333333333,58.89166666666667,20.5375,54.875,154.33333333333334,12,-2.4492935982947064e-16,1.0
2024-12-30,17.6,6.6,11.2,0.0,7.2,47.825,49.80833333333334,1764.125,62.99166666666667,18.441666666666663,38.66666666666666,136.125,12,-2.4492935982947064e-16,1.0
2024-12-31,17.6,6.4,11.3,0.0,6.6,62.76666666666667,67.075,1986.0833333333333,72.67916666666666,25.916666666666668,33.0,147.75,12,-2.4492935982947064e-16,1.0
2025-01-01,17.9,6.9,11.5,0.7,13.6,60.11666666666667,65.69166666666666,1427.0833333333333,65.10833333333333,20.191666666666663,26.75,153.375,1,0.49999999999999994,0.8660254037844387
2025-01-02,18.6,6.7,12.0,0.3,6.5,45.90416666666667,51.88333333333333,1531.7083333333333,52.075,16.391666666666666,38.16666666666666,141.20833333333334,1,0.49999999999999994,0.8660254037844387
2025-01-03,19.6,8.2,13.2,0.0,6.0,50.82916666666667,56.875,1589.875,49.99583333333334,18.3,38.833333333333336,133.08333333333334,1,0.49999999999999994,0.8660254037844387
2025-01-04,20.2,8.8,13.1,0.0,14.3,55.30416666666667,59.78333333333333,1181.7916666666667,52.27916666666667,17.591666666666665,46.208333333333336,146.45833333333334,1,0.49999999999999994,0.8660254037844387
2025-01-05,17.4,8.7,12.3,0.5,12.5,41.3875,42.55416666666667,1412.5,32.675000000000004,11.908333333333331,82.91666666666667,141.66666666666666,1,0.49999999999999994,0.8660254037844387
2025-01-06,15.4,7.8,11.1,3.9,12.1,50.62083333333334,52.27916666666667,1066.3333333333333,46.25416666666666,14.070833333333333,55.41666666666666,113.5,1,0.49999999999999994,0.8660254037844387
2025-01-07,17.3,7.7,11.5,0.0,15.1,41.16666666666666,41.97083333333333,815.375,49.2375,12.45,57.29166666666666,135.375,1,0.49999999999999994,0.8660254037844387
2025-01-08,18.1,7.6,11.9,0.0,16.4,43.10833333333333,44.04583333333333,918.7083333333334,54.1125,13.5125,52.0,114.08333333333331,1,0.49999999999999994,0.8660254037844387
2025-01-09,18.9,6.7,11.5,0.0,7.2,44.53333333333333,45.825,1506.25,56.458333333333336,17.729166666666668,50.458333333333336,117.29166666666669,1,0.49999999999999994,0.8660254037844387
2025-01-10,19.0,6.4,11.4,0.0,10.7,48.175,49.875,1416.25,55.59583333333333,17.104166666666668,49.04166666666666,120.33333333333331,1,0.49999999999999994,0.8660254037844387
2025-01-11,16.4,6.5,10.7,0.0,6.2,69.25,71.00833333333334,1520.3333333333333,65.29583333333333,23.966666666666665,45.75,151.83333333333334,1,0.49999999999999994,0.8660254037844387
2025-01-12,17.6,7.6,12.0,0.0,9.9,75.02499999999999,76.60416666666667,1374.8333333333333,63.14166666666667,26.166666666666668,53.75,166.54166666666666,1,0.49999999999999994,0.8660254037844387
2025-01-13,17.6,6.4,11.1,0.0,12.6,54.50416666666666,55.0125,1180.9583333333333,57.6,20.504166666666663,63.458333333333336,152.45833333333334,1,0.49999999999999994,0.8660254037844387
2025-01-14,17.6,7.4,11.9,0.0,7.8,68.53750000000001,69.41666666666667,1836.4583333333333,64.35833333333333,22.60833333333333,48.16666666666666,151.75,1,0.49999999999999994,0.8660254037844387
2025-01-15,18.7,6.2,11.9,0.0,7.1,69.35,70.3,1921.875,64.15833333333333,21.79583333333333,46.625,163.25,1,0.49999999999999994,0.8660254037844387
2025-01-16,15.3,7.3,10.6,0.3,13.9,60.4375,61.45416666666667,1153.3333333333333,51.47083333333333,15.479166666666666,64.45833333333333,155.66666666666666,1,0.49999999999999994,0.8660254037844387
2025-01-17,17.4,7.5,11.8,0.0,14.4,45.775,46.41666666666666,801.875,49.05833333333334,13.683333333333332,59.16666666666666,143.625,1,0.49999999999999994,0.8660254037844387
2025-01-18,18.6,8.7,13.0,0.0,7.4,52.81666666666666,54.80416666666667,1321.7083333333333,61.04166666666666,14.308333333333332,46.125,133.29166666666666,1,0.49999999999999994,0.8660254037844387
2025-01-19,15.3,8.5,10.9,1.6,8.2,66.37916666666666,68.45833333333333,1694.0,61.45,15.320833333333333,28.0,154.45833333333334,1,0.49999999999999994,0.8660254037844387
2025-01-20,18.0,6.7,10.5,1.0,13.8,45.55416666666667,47.208333333333336,1347.0416666666667,48.8875,13.933333333333332,45.66666666666666,141.95833333333334,1,0.49999999999999994,0.8660254037844387
2025-01-21,18.6,6.7,12.1,0.0,11.6,49.05833333333334,50.67083333333333,1140.2916666666667,53.4875,16.566666666666666,45.208333333333336,126.33333333333331,1,0.49999999999999994,0.8660254037844387
2025-01-22,18.4,8.3,13.0,0.0,11.5,39.99166666666667,41.98333333333333,998.9583333333334,48.34166666666667,13.8875,49.75,123.20833333333331,1,0.49999999999999994,0.8660254037844387
2025-01-23,19.0,8.6,13.3,0.0,14.9,40.48333333333333,44.38333333333333,680.9583333333334,48.82083333333333,12.120833333333332,54.125,122.625,1,0.49999999999999994,0.8660254037844387
2025-01-24,20.1,10.6,14.8,0.0,17.7,32.75833333333333,34.112500000000004,664.375,42.67916666666667,10.6375,57.79166666666666,100.58333333333331,1,0.49999999999999994,0.8660254037844387
2025-01-25,20.8,8.8,13.9,0.0,13.8,34.15416666666667,35.358333333333334,897.375,45.04166666666666,11.570833333333333,61.16666666666666,90.75,1,0.49999999999999994,0.8660254037844387
2025-01-26,21.7,8.8,14.0,0.0,10.5,39.2875,41.5,1166.0833333333333,51.50833333333333,14.45,54.208333333333336,104.58333333333331,1,0.49999999999999994,0.8660254037844387
2025-01-27,22.3,7.7,14.4,0.0,11.3,41.641666666666666,44.39166666666667,1025.0416666666667,53.97916666666666,15.204166666666666,56.04166666666666,115.41666666666669,1,0.49999999999999994,0.8660254037844387
2025-01-28,22.6,9.0,15.6,0.1,10.7,46.57916666666667,49.92083333333333,1414.1666666666667,47.89166666666667,16.641666666666666,66.875,116.75,1,0.49999999999999994,0.8660254037844387
2025-01-29,19.4,10.2,14.7,0.7,12.3,63.5375,66.97083333333333,1039.2083333333333,35.43333333333333,19.875,95.33333333333331,150.04166666666666,1,0.49999999999999994,0.8660254037844387
2025-01-30,19.7,7.6,13.4,0.0,12.4,35.15416666666667,40.91666666666666,784.7083333333334,36.37916666666667,12.029166666666669,68.375,129.70833333333334,1,0.49999999999999994,0.8660254037844387
2025-01-31,19.8,9.7,14.1,0.1,10.1,34.94166666666667,39.704166666666666,1022.2916666666666,39.6875,11.395833333333334,64.16666666666667,100.20833333333331,1,0.49999999999999994,0.8660254037844387
2025-02-01,17.9,8.5,12.4,2.6,13.8,51.0125,58.38333333333333,998.7916666666666,22.6875,11.654166666666669,94.66666666666669,109.5,2,0.8660254037844386,0.5000000000000001
2025-02-02,20.7,8.1,14.0,0.0,13.7,40.00416666666667,45.5625,896.8333333333334,37.28333333333333,12.033333333333331,71.29166666666667,132.0,2,0.8660254037844386,0.5000000000000001
2025-02-03,21.7,9.0,14.6,0.0,16.3,41.525,45.21666666666667,727.25,26.995833333333334,11.0,91.95833333333331,118.16666666666669,2,0.8660254037844386,0.5000000000000001
2025-02-04,18.6,8.7,13.4,0.0,13.2,52.92916666666667,55.9,896.9583333333334,31.22083333333333,17.025000000000002,98.08333333333331,126.04166666666669,2,0.8660254037844386,0.5000000000000001
2025-02-05,18.6,7.8,12.7,0.0,10.3,60.2625,62.14166666666667,1045.7083333333333,52.65,20.808333333333334,60.208333333333336,151.70833333333334,2,0.8660254037844386,0.5000000000000001
2025-02-06,18.8,8.3,13.0,0.0,15.4,36.575,38.85,837.5416666666666,31.64583333333333,13.154166666666669,81.66666666666667,129.54166666666666,2,0.8660254037844386,0.5000000000000001
2025-02-07,20.8,10.2,14.7,0.0,15.8,34.74166666666667,37.175,639.125,37.63333333333333,11.216666666666669,77.79166666666667,99.41666666666669,2,0.8660254037844386,0.5000000000000001
2025-02-08,22.2,10.3,16.1,0.0,12.0,37.083333333333336,40.29166666666666,741.7916666666666,47.66666666666666,15.075,64.16666666666667,98.66666666666669,2,0.8660254037844386,0.5000000000000001
2025-02-09,23.7,11.5,17.5,0.0,9.4,44.42916666666667,51.72083333333333,1075.2083333333333,52.9875,15.708333333333334,56.625,116.08333333333331,2,0.8660254037844386,0.5000000000000001
2025-02-10,20.3,13.6,16.6,0.0,11.4,27.77916666666667,35.62083333333333,1065.0833333333333,30.125,9.266666666666667,78.70833333333333,104.875,2,0.8660254037844386,0.5000000000000001
2025-02-11,19.7,10.7,14.9,1.5,12.3,29.566666666666663,45.4125,969.5833333333334,29.35,11.883333333333333,79.45833333333333,79.5,2,0.8660254037844386,0.5000000000000001
2025-02-12,20.6,9.4,14.7,0.0,11.7,23.191666666666663,29.1,774.2916666666666,31.89583333333333,8.683333333333334,68.45833333333333,89.54166666666667,2,0.8660254037844386,0.5000000000000001
2025-02-13,20.7,10.2,14.8,0.0,11.9,26.741666666666664,31.725,667.7916666666666,38.85833333333333,9.7875,64.875,82.66666666666667,2,0.8660254037844386,0.5000000000000001
2025-02-14,22.2,8.8,15.6,0.0,10.6,25.60833333333333,28.77083333333333,811.8333333333334,35.84166666666667,10.445833333333333,69.0,81.33333333333333,2,0.8660254037844386,0.5000000000000001
2025-02-15,23.1,11.3,16.9,0.0,11.9,32.52916666666666,36.0,920.9166666666666,46.3375,11.679166666666667,57.208333333333336,84.45833333333333,2,0.8660254037844386,0.5000000000000001
2025-02-16,23.1,10.8,16.1,0.3,11.0,32.11666666666667,35.550000000000004,785.7083333333334,38.3625,11.85,63.29166666666666,97.33333333333331,2,0.8660254037844386,0.5000000000000001
2025-02-17,22.6,11.3,16.7,0.1,12.3,30.258333333333336,34.87916666666667,876.4583333333334,31.5375,11.695833333333333,74.08333333333333,87.33333333333333,2,0.8660254037844386,0.5000000000000001
2025-02-18,24.3,10.7,17.5,0.0,16.8,23.02083333333333,24.7875,585.0,28.175,9.9875,77.5,88.45833333333333,2,0.8660254037844386,0.5000000000000001
2025-02-19,23.6,12.6,17.5,0.6,17.4,26.0125,28.370833333333334,719.5416666666666,36.87916666666667,12.375,63.5,78.58333333333333,2,0.8660254037844386,0.5000000000000001
2025-02-20,13.3,9.1,11.3,21.6,13.4,27.8625,31.02083333333333,676.5416666666666,29.325,9.745833333333334,68.33333333333333,76.91666666666667,2,0.8660254037844386,0.5000000000000001
2025-02-21,19.0,7.4,13.0,0.0,10.0,25.525,28.40416666666667,878.5,39.94583333333333,10.625,60.25,89.04166666666667,2,0.8660254037844386,0.5000000000000001
2025-02-22,20.7,10.2,14.5,0.0,11.0,34.645833333333336,39.90416666666667,787.0416666666666,47.45416666666667,11.020833333333334,66.54166666666667,90.41666666666669,2,0.8660254037844386,0.5000000000000001
2025-02-23,22.2,9.8,15.3,0.0,11.1,32.670833333333334,36.07083333333333,877.9166666666666,50.45416666666667,12.654166666666669,60.54166666666666,99.25,2,0.8660254037844386,0.5000000000000001
2025-02-24,23.6,10.6,16.7,0.0,12.8,24.383333333333336,27.09583333333333,769.2083333333334,41.0125,10.920833333333334,77.45833333333333,88.75,2,0.8660254037844386,0.5000000000000001
2025-02-25,16.8,12.8,14.6,4.8,12.7,34.65,42.35,1010.7083333333334,39.15,10.6625,68.5,90.58333333333331,2,0.8660254037844386,0.5000000000000001
2025-02-26,18.1,12.6,14.9,7.0,18.8,27.508333333333336,69.43333333333334,451.0833333333333,20.791666666666668,5.720833333333334,80.83333333333333,86.29166666666667,2,0.8660254037844386,0.5000000000000001
2025-02-27,16.0,11.7,13.4,10.3,12.4,21.179166666666667,46.675,703.7083333333334,15.495833333333332,4.795833333333333,75.5,86.625,2,0.8660254037844386,0.5000000000000001
2025-02-28,17.0,9.9,12.5,15.6,9.9,18.6,26.3125,597.0,27.3125,8.420833333333333,58.375,61.54166666666666,2,0.8660254037844386,0.5000000000000001
2025-03-01,19.7,9.3,13.6,0.1,11.1,28.625,36.475,787.375,34.362500000000004,9.2375,54.0,79.91666666666667,3,1.0,6.123233995736766e-17
2025-03-02,21.0,9.2,14.4,0.0,9.3,33.4125,38.55833333333333,826.5,46.10416666666666,12.45,56.625,91.83333333333331,3,1.0,6.123233995736766e-17
2025-03-03,13.1,8.8,11.0,46.8,18.0,42.395833333333336,74.62916666666666,557.9166666666666,41.10833333333333,9.020833333333334,60.958333333333336,103.625,3,1.0,6.123233995736766e-17
2025-03-04,16.1,7.1,11.1,0.2,17.0,32.5,54.77916666666667,720.3333333333334,32.175000000000004,9.991666666666667,68.125,117.75,3,1.0,6.123233995736766e-17
2025-03-05,19.7,8.1,13.6,0.0,21.3,20.941666666666663,23.679166666666664,480.5,29.83333333333333,7.295833333333333,76.0,80.5,3,1.0,6.123233995736766e-17
2025-03-06,22.3,8.9,15.1,0.0,9.0,23.941666666666663,26.27916666666667,978.2083333333334,40.44583333333333,10.870833333333332,63.583333333333336,69.70833333333333,3,1.0,6.123233995736766e-17
2025-03-07,23.2,11.3,16.6,0.0,10.1,20.841666666666665,22.70833333333333,864.125,43.40833333333333,11.070833333333333,64.45833333333333,77.70833333333333,3,1.0,6.123233995736766e-17
2025-03-08,23.4,11.9,16.8,0.0,17.5,21.7875,24.35,660.25,41.025,9.379166666666666,68.875,74.08333333333333,3,1.0,6.123233995736766e-17
2025-03-09,24.6,11.5,17.9,0.0,9.7,25.72083333333333,26.854166666666668,1234.7083333333333,45.375,12.7375,67.41666666666667,81.375,3,1.0,6.123233995736766e-17
2025-03-10,20.5,14.6,16.8,11.6,13.2,23.887500000000003,28.775,678.875,24.4,6.9375,87.0,82.54166666666667,3,1.0,6.123233995736766e-17
2025-03-11,23.1,10.8,17.2,0.1,9.7,33.25,55.72916666666666,958.75,36.65416666666666,12.583333333333334,86.79166666666667,75.54166666666667,3,1.0,6.123233995736766e-17
2025-03-12,22.3,14.2,17.9,5.5,8.1,37.88333333333333,54.7125,1048.2083333333333,43.29583333333333,13.533333333333331,76.79166666666667,108.33333333333331,3,1.0,6.123233995736766e-17
2025-03-13,21.3,12.0,16.5,3.2,10.6,28.120833333333334,35.07083333333333,755.625,42.85416666666666,9.3,60.083333333333336,103.66666666666669,3,1.0,6.123233995736766e-17
2025-03-14,18.8,12.4,15.2,6.5,15.7,21.725,32.7125,650.4583333333334,29.03333333333333,5.966666666666666,69.25,78.375,3,1.0,6.123233995736766e-17
2025-03-15,19.3,11.2,14.7,6.0,14.0,23.629166666666663,40.1625,744.0,22.829166666666666,5.204166666666667,77.83333333333333,76.5,3,1.0,6.123233995736766e-17
2025-03-16,22.6,11.1,16.4,0.0,11.4,21.704166666666666,28.133333333333336,1033.3333333333333,32.34583333333333,7.583333333333333,77.91666666666667,76.625,3,1.0,6.123233995736766e-17
2025-03-17,24.2,12.1,17.6,0.0,7.2,26.258333333333336,28.55,893.5,42.77916666666667,13.85,72.54166666666667,81.54166666666667,3,1.0,6.123233995736766e-17
2025-03-18,25.2,12.7,18.4,0.0,9.5,21.204166666666666,23.141666666666666,914.0833333333334,41.00833333333333,11.6,78.25,84.70833333333333,3,1.0,6.123233995736766e-17
2025-03-19,25.2,13.4,18.6,0.5,12.2,20.916666666666668,24.1,927.7083333333334,36.82083333333333,11.254166666666668,79.66666666666667,75.75,3,1.0,6.123233995736766e-17
2025-03-20,25.1,13.8,18.8,0.0,11.0,20.77083333333333,26.266666666666666,729.2916666666666,32.00833333333333,8.237499999999999,78.41666666666667,75.54166666666667,3,1.0,6.123233995736766e-17
2025-03-21,26.3,13.4,19.3,0.0,12.8,20.45,23.479166666666668,586.3333333333334,33.525,7.666666666666667,80.125,81.58333333333333,3,1.0,6.123233995736766e-17
2025-03-22,29.1,12.0,19.5,0.0,10.8,18.3875,21.758333333333336,892.9166666666666,39.71666666666667,9.920833333333333,88.16666666666667,73.625,3,1.0,6.123233995736766e-17
2025-03-23,29.9,14.7,21.7,0.0,6.5,20.48333333333333,21.5,1113.1666666666667,37.03333333333333,14.4,92.83333333333331,89.125,3,1.0,6.123233995736766e-17
2025-03-24,28.8,16.3,21.9,0.0,7.3,27.0125,28.54583333333333,1105.2083333333333,45.19166666666666,16.170833333333334,89.375,87.125,3,1.0,6.123233995736766e-17
2025-03-25,28.5,17.4,22.0,0.1,12.2,35.77916666666667,40.50416666666667,870.9583333333334,25.604166666666668,13.295833333333333,120.45833333333331,116.33333333333331,3,1.0,6.123233995736766e-17
2025-03-26,26.2,15.1,20.1,1.9,19.6,21.10833333333333,45.1625,625.5,12.283333333333331,6.266666666666667,114.70833333333331,92.58333333333331,3,1.0,6.123233995736766e-17
2025-03-27,27.1,14.7,19.3,0.0,18.3,22.5625,52.475,607.9166666666666,15.666666666666666,6.966666666666666,105.625,76.33333333333333,3,1.0,6.123233995736766e-17
2025-03-28,21.4,11.1,15.9,0.4,16.8,17.5125,27.7875,473.3333333333333,19.6875,7.508333333333333,99.20833333333331,77.70833333333333,3,1.0,6.123233995736766e-17
2025-03-29,24.3,11.7,17.7,0.0,18.7,16.2625,18.566666666666663,465.5833333333333,31.258333333333336,7.125,95.875,84.875,3,1.0,6.123233995736766e-17
2025-03-30,26.9,12.2,19.6,0.0,19.3,15.220833333333331,17.066666666666666,545.2916666666666,34.80833333333333,7.816666666666666,88.75,77.375,3,1.0,6.123233995736766e-17
2025-03-31,28.8,15.3,21.8,0.0,14.9,16.641666666666666,24.504166666666663,477.7083333333333,31.3,6.095833333333334,85.79166666666667,71.91666666666667,3,1.0,6.123233995736766e-17
2025-04-01,29.8,16.6,22.9,0.0,13.1,28.120833333333334,43.70416666666667,534.5,33.358333333333334,7.3125,95.70833333333331,90.5,4,0.8660254037844388,-0.4999999999999998
2025-04-02,31.2,15.3,23.2,0.0,13.0,27.52916666666667,40.9375,719.0416666666666,34.13333333333333,8.0375,95.16666666666669,99.79166666666669,4,0.8660254037844388,-0.4999999999999998
2025-04-03,24.2,15.6,19.9,0.2,25.4,22.9875,34.391666666666666,656.6666666666666,24.125,7.358333333333333,89.33333333333333,82.66666666666667,4,0.8660254037844388,-0.4999999999999998
2025-04-04,29.6,14.6,22.0,0.0,14.4,22.7,40.96666666666667,532.5416666666666,25.254166666666663,8.641666666666667,100.375,90.33333333333331,4,0.8660254037844388,-0.4999999999999998
2025-04-05,31.9,18.8,24.9,0.0,15.5,18.84583333333333,27.96666666666667,643.4583333333334,33.6,8.1875,91.54166666666669,86.0,4,0.8660254037844388,-0.4999999999999998
2025-04-06,34.7,19.1,27.1,0.0,15.5,14.5125,17.270833333333332,663.6666666666666,34.80416666666667,8.108333333333333,90.29166666666669,78.70833333333333,4,0.8660254037844388,-0.4999999999999998
2025-04-07,36.7,21.7,28.5,0.0,11.7,15.6375,20.891666666666666,774.5833333333334,34.95,11.408333333333331,87.45833333333333,72.95833333333333,4,0.8660254037844388,-0.4999999999999998
2025-04-08,32.1,23.0,26.2,1.6,25.9,22.0,29.6,848.2916666666666,22.816666666666663,9.258333333333333,93.875,73.45833333333333,4,0.8660254037844388,-0.4999999999999998
2025-04-09,34.5,19.6,26.0,1.0,18.9,26.775,41.49583333333333,786.7916666666666,17.933333333333334,8.383333333333333,102.79166666666669,87.33333333333333,4,0.8660254037844388,-0.4999999999999998
2025-04-10,31.3,20.5,24.5,1.3,17.0,26.29583333333333,49.42916666666667,732.5833333333334,27.9625,7.408333333333334,81.875,84.79166666666667,4,0.8660254037844388,-0.4999999999999998
2025-04-11,29.0,17.7,23.4,1.2,15.2,21.766666666666666,40.84166666666667,696.0833333333334,31.4875,5.804166666666667,75.75,78.91666666666667,4,0.8660254037844388,-0.4999999999999998
2025-04-12,32.0,17.0,24.4,0.0,9.0,19.39583333333333,37.19583333333333,746.6666666666666,28.745833333333334,8.745833333333334,94.04166666666669,85.125,4,0.8660254037844388,-0.4999999999999998
2025-04-13,34.2,18.8,26.4,0.0,9.9,22.191666666666663,30.3125,701.25,34.86666666666667,12.5125,100.16666666666669,101.125,4,0.8660254037844388,-0.4999999999999998
2025-04-14,36.4,22.1,28.6,0.0,9.4,15.108333333333334,18.541666666666668,776.125,31.83333333333333,11.041666666666666,117.95833333333331,105.58333333333331,4,0.8660254037844388,-0.4999999999999998
2025-04-15,36.3,22.6,29.4,0.0,10.9,24.329166666666666,35.3375,660.8333333333334,22.40416666666667,11.354166666666666,129.66666666666666,106.95833333333331,4,0.8660254037844388,-0.4999999999999998
2025-04-16,34.4,22.4,26.9,0.9,20.4,30.7875,66.08749999999999,694.4583333333334,17.391666666666666,9.554166666666667,118.5,104.25,4,0.8660254037844388,-0.4999999999999998
2025-04-17,34.7,20.3,27.1,0.0,10.5,24.39583333333333,38.09166666666667,673.5,27.304166666666664,8.720833333333333,102.29166666666669,95.95833333333331,4,0.8660254037844388,-0.4999999999999998
2025-04-18,35.1,20.9,27.4,3.1,28.9,20.6,46.68333333333334,503.4166666666667,20.195833333333333,5.691666666666666,98.08333333333331,79.875,4,0.8660254037844388,-0.4999999999999998
2025-04-19,29.9,19.4,23.7,6.4,21.4,28.2625,79.89166666666667,466.0833333333333,9.533333333333331,6.008333333333333,119.66666666666669,79.75,4,0.8660254037844388,-0.4999999999999998
2025-04-20,29.2,17.2,22.7,6.8,17.3,32.1375,102.175,463.9166666666667,12.791666666666666,6.941666666666666,118.25,97.58333333333331,4,0.8660254037844388,-0.4999999999999998
2025-04-21,34.4,16.4,25.8,0.0,16.6,42.65,154.82500000000002,621.0416666666666,32.59166666666667,7.608333333333333,107.20833333333331,106.29166666666669,4,0.8660254037844388,-0.4999999999999998
2025-04-22,34.0,19.5,26.5,0.0,14.2,28.83333333333333,73.22500000000001,619.0833333333334,26.97083333333333,7.462499999999999,105.625,124.33333333333331,4,0.8660254037844388,-0.4999999999999998
2025-04-23,34.5,17.7,26.3,0.0,14.3,19.20833333333333,37.5875,628.25,22.35,7.320833333333333,102.0,92.04166666666669,4,0.8660254037844388,-0.4999999999999998
2025-04-24,35.0,18.0,26.1,0.0,13.9,12.279166666666669,19.591666666666665,684.5416666666666,16.854166666666668,5.9,109.95833333333331,86.83333333333333,4,0.8660254037844388,-0.4999999999999998
2025-04-25,36.5,19.8,27.8,0.0,14.2,10.966666666666669,15.616666666666667,629.5833333333334,18.316666666666663,6.15,111.08333333333331,78.20833333333333,4,0.8660254037844388,-0.4999999999999998
2025-04-26,35.3,19.8,28.5,0.0,15.4,12.575,20.495833333333334,596.5833333333334,26.495833333333334,5.608333333333333,101.16666666666669,74.95833333333333,4,0.8660254037844388,-0.4999999999999998
2025-04-27,36.9,19.5,29.0,0.0,14.8,11.779166666666669,21.1375,486.75,18.475,6.158333333333334,115.25,87.16666666666667,4,0.8660254037844388,-0.4999999999999998
2025-04-28,39.3,22.2,31.1,0.0,13.0,11.4625,17.958333333333332,651.75,22.508333333333336,7.383333333333333,111.58333333333331,87.16666666666667,4,0.8660254037844388,-0.4999999999999998
2025-04-29,38.1,23.6,31.1,0.0,15.1,23.816666666666663,51.9125,716.375,28.016666666666666,8.975,119.41666666666669,100.0,4,0.8660254037844388,-0.4999999999999998
2025-04-30,37.4,23.9,30.5,0.0,15.7,39.891666666666666,98.95,739.8333333333334,30.6125,13.116666666666667,135.625,126.375,4,0.8660254037844388,-0.4999999999999998
2025-05-01,33.4,23.3,28.1,1.1,26.0,52.12083333333334,152.40416666666667,905.7916666666666,26.316666666666663,15.033333333333331,132.875,137.08333333333334,5,0.49999999999999994,-0.8660254037844387
2025-05-02,31.5,21.7,24.8,7.4,12.4,60.97083333333333,151.82916666666668,981.5833333333334,27.29583333333333,14.366666666666667,118.04166666666669,156.70833333333334,5,0.49999999999999994,-0.8660254037844387
2025-05-03,29.4,20.1,25.1,1.3,11.9,39.54583333333333,63.71666666666667,1073.875,22.42083333333333,10.175,125.625,144.54166666666666,5,0.49999999999999994,-0.8660254037844387
2025-05-04,29.7,21.3,25.1,3.3,11.9,30.554166666666664,40.625,906.6666666666666,32.84583333333333,12.308333333333332,101.0,102.95833333333331,5,0.49999999999999994,-0.8660254037844387
2025-05-05,30.3,20.2,24.4,0.0,15.1,35.145833333333336,48.85,876.125,33.2625,9.45,101.16666666666669,112.25,5,0.49999999999999994,-0.8660254037844387
2025-05-06,32.0,19.9,26.5,0.1,9.0,43.82083333333333,78.63333333333334,847.3333333333334,40.55416666666667,14.020833333333334,105.625,128.125,5,0.49999999999999994,-0.8660254037844387
2025-05-07,32.2,22.4,28.0,0.3,11.3,47.05833333333334,102.08333333333331,922.2916666666666,24.704166666666666,10.179166666666667,126.375,134.45833333333334,5,0.49999999999999994,-0.8660254037844387
2025-05-08,31.5,22.1,25.9,5.2,22.7,41.55,72.5,1010.4166666666666,23.508333333333336,6.633333333333333,108.375,120.95833333333331,5,0.49999999999999994,-0.8660254037844387
2025-05-09,28.5,20.8,24.4,1.8,16.5,37.1625,57.44583333333333,641.6666666666666,44.895833333333336,8.004166666666666,87.54166666666667,117.95833333333331,5,0.49999999999999994,-0.8660254037844387
2025-05-10,33.7,20.6,26.7,4.4,10.6,31.35,44.04583333333333,702.25,50.22916666666666,10.191666666666666,91.70833333333331,115.58333333333331,5,0.49999999999999994,-0.8660254037844387
2025-05-11,33.0,22.0,27.7,0.5,11.3,32.05,44.94583333333333,929.5,41.99583333333333,10.870833333333332,101.75,104.83333333333331,5,0.49999999999999994,-0.8660254037844387
2025-05-12,34.2,21.7,27.4,0.6,13.0,25.954166666666666,34.800000000000004,828.25,41.34583333333333,9.854166666666666,95.95833333333331,106.29166666666669,5,0.49999999999999994,-0.8660254037844387
2025-05-13,36.5,22.1,29.5,0.0,11.2,21.925,30.1625,726.75,37.2625,7.329166666666667,97.79166666666669,98.83333333333331,5,0.49999999999999994,-0.8660254037844387
2025-05-14,38.3,22.8,30.9,0.0,17.9,17.908333333333335,24.854166666666668,607.9583333333334,28.379166666666663,7.508333333333334,112.29166666666669,96.5,5,0.49999999999999994,-0.8660254037844387
2025-05-15,40.1,23.6,32.5,0.0,13.4,16.729166666666668,21.104166666666668,582.3333333333334,34.983333333333334,8.9,113.08333333333331,98.125,5,0.49999999999999994,-0.8660254037844387
2025-05-16,40.6,26.3,33.6,0.0,14.5,21.216666666666665,30.0375,742.0833333333334,29.92083333333333,10.141666666666667,124.20833333333331,106.95833333333331,5,0.49999999999999994,-0.8660254037844387
2025-05-17,41.7,25.9,33.9,0.0,10.4,23.191666666666663,31.4375,638.8333333333334,33.12916666666667,10.470833333333331,119.75,115.58333333333331,5,0.49999999999999994,-0.8660254037844387
2025-05-18,41.8,26.6,34.7,0.0,10.8,23.20833333333333,31.8125,634.9166666666666,28.541666666666668,11.120833333333332,127.95833333333331,113.79166666666669,5,0.49999999999999994,-0.8660254037844387
2025-05-19,40.3,28.0,34.1,0.0,11.8,22.15416666666667,34.80833333333333,724.5833333333334,20.2875,9.629166666666666,132.29166666666666,110.5,5,0.49999999999999994,-0.8660254037844387
2025-05-20,41.3,26.6,34.5,0.0,17.4,28.02083333333333,46.73333333333333,612.3333333333334,27.4875,10.2625,114.75,105.58333333333331,5,0.49999999999999994,-0.8660254037844387
2025-05-21,42.9,27.1,35.4,0.0,15.3,22.7125,35.0,566.25,23.570833333333336,7.345833333333334,108.0,99.375,5,0.49999999999999994,-0.8660254037844387
2025-05-22,40.3,27.9,33.7,0.0,16.4,41.2,81.62083333333334,644.0,17.754166666666666,10.0625,125.70833333333331,112.16666666666669,5,0.49999999999999994,-0.8660254037844387
2025-05-23,38.3,26.9,32.2,0.0,18.2,73.575,238.5375,917.0,27.183333333333334,14.466666666666669,123.625,151.625,5,0.49999999999999994,-0.8660254037844387
2025-05-24,32.2,24.3,27.9,5.6,27.6,65.35000000000001,177.22916666666666,807.9583333333334,33.49166666666667,12.15,107.125,159.95833333333334,5,0.49999999999999994,-0.8660254037844387
2025-05-25,34.7,21.7,28.1,0.0,8.8,43.38333333333333,88.46249999999999,824.875,35.545833333333334,11.745833333333332,107.58333333333331,157.25,5,0.49999999999999994,-0.8660254037844387
2025-05-26,37.3,23.4,30.4,0.0,15.5,37.55,56.62083333333334,745.3333333333334,33.7125,15.229166666666666,123.95833333333331,132.08333333333334,5,0.49999999999999994,-0.8660254037844387
2025-05-27,34.6,25.3,29.3,1.4,23.2,37.21666666666667,58.708333333333336,691.9583333333334,35.93333333333333,12.479166666666666,112.20833333333331,122.0,5,0.49999999999999994,-0.8660254037844387
2025-05-28,37.4,23.6,30.4,0.0,15.0,30.5,46.145833333333336,547.5,32.145833333333336,9.445833333333333,105.16666666666669,115.29166666666669,5,0.49999999999999994,-0.8660254037844387
2025-05-29,37.6,24.2,28.9,7.5,15.0,24.79583333333333,38.3625,742.1666666666666,31.7125,8.983333333333333,101.79166666666669,102.41666666666669,5,0.49999999999999994,-0.8660254037844387
2025-05-30,33.7,22.2,29.2,1.1,20.9,29.195833333333336,69.3625,535.3333333333334,25.979166666666668,8.716666666666667,113.66666666666669,98.0,5,0.49999999999999994,-0.8660254037844387
2025-05-31,28.7,20.0,24.8,4.7,21.1,28.02916666666667,69.87916666666668,721.625,11.570833333333333,5.733333333333333,123.29166666666669,101.79166666666669,5,0.49999999999999994,-0.8660254037844387
2025-06-01,32.1,19.1,25.3,0.1,13.5,20.870833333333334,47.925,694.0,24.933333333333334,6.7,114.58333333333331,97.58333333333331,6,1.2246467991473532e-16,-1.0
2025-06-02,34.4,20.9,27.8,0.0,13.8,17.5125,29.516666666666666,434.6666666666667,21.479166666666668,6.945833333333333,113.41666666666669,98.125,6,1.2246467991473532e-16,-1.0
2025-06-03,31.5,22.1,26.6,0.6,14.9,20.2375,31.48333333333333,403.6666666666667,13.595833333333331,6.7,137.5,106.58333333333331,6,1.2246467991473532e-16,-1.0
2025-06-04,31.3,21.7,26.4,1.0,11.9,23.741666666666664,32.65,487.375,17.958333333333332,7.5375,129.66666666666666,107.45833333333331,6,1.2246467991473532e-16,-1.0
2025-06-05,35.8,22.4,29.0,0.0,8.2,40.145833333333336,68.45,627.875,32.3375,11.445833333333333,125.0,118.91666666666669,6,1.2246467991473532e-16,-1.0
2025-06-06,38.0,23.8,31.3,0.0,11.9,38.69166666666667,58.21666666666667,662.5416666666666,34.791666666666664,12.2625,122.0,138.58333333333334,6,1.2246467991473532e-16,-1.0
2025-06-07,40.8,26.0,34.0,0.0,12.2,33.07083333333333,62.62916666666666,571.5,38.3,11.520833333333334,112.79166666666669,120.91666666666669,6,1.2246467991473532e-16,-1.0
2025-06-08,41.1,27.3,34.6,0.0,15.4,32.920833333333334,78.49583333333334,474.7083333333333,33.166666666666664,7.575,101.95833333333331,108.125,6,1.2246467991473532e-16,-1.0
2025-06-09,42.8,28.4,36.2,0.0,13.7,32.0,64.86666666666666,606.25,39.11666666666667,7.675,96.79166666666669,110.79166666666669,6,1.2246467991473532e-16,-1.0
2025-06-10,43.7,27.8,36.8,0.0,11.1,28.98333333333333,56.88333333333333,740.2083333333334,32.858333333333334,8.6,106.33333333333331,108.125,6,1.2246467991473532e-16,-1.0
2025-06-11,44.3,29.3,37.0,0.0,13.0,31.541666666666668,53.67916666666667,654.125,30.141666666666666,9.454166666666667,116.58333333333331,114.54166666666669,6,1.2246467991473532e-16,-1.0
2025-06-12,43.6,28.8,36.8,0.0,13.5,34.825,53.42083333333333,646.75,36.9375,10.9,105.70833333333331,115.375,6,1.2246467991473532e-16,-1.0
2025-06-13,41.8,28.9,35.8,0.0,21.7,31.9,52.46666666666667,535.375,24.200000000000003,10.333333333333334,121.625,119.04166666666669,6,1.2246467991473532e-16,-1.0
2025-06-14,40.3,29.0,34.9,0.0,20.8,33.87916666666667,55.00416666666666,491.75,22.704166666666666,9.5875,128.54166666666666,118.625,6,1.2246467991473532e-16,-1.0
2025-06-15,42.3,28.2,35.2,0.0,14.4,32.5125,46.90833333333333,530.875,25.445833333333336,8.758333333333333,119.375,120.41666666666669,6,1.2246467991473532e-16,-1.0
2025-06-16,36.3,29.3,32.9,0.1,9.6,51.2,82.0625,676.375,24.304166666666664,15.533333333333331,136.54166666666666,130.83333333333334,6,1.2246467991473532e-16,-1.0
2025-06-17,37.8,27.6,31.9,0.9,18.6,57.30416666666667,85.54583333333333,609.1666666666666,19.625,12.470833333333331,147.5,161.91666666666666,6,1.2246467991473532e-16,-1.0
2025-06-18,39.1,26.9,33.5,0.0,11.8,53.7125,77.55833333333334,765.75,17.787499999999998,13.025,153.04166666666666,167.0,6,1.2246467991473532e-16,-1.0
2025-06-19,41.0,29.1,35.3,0.0,11.5,49.81666666666666,70.80833333333334,675.5,12.570833333333333,11.658333333333331,159.54166666666666,156.29166666666666,6,1.2246467991473532e-16,-1.0
2025-06-20,41.0,30.3,35.6,0.0,14.7,63.94583333333333,104.16666666666669,608.5416666666666,9.745833333333334,12.941666666666668,162.0,160.79166666666666,6,1.2246467991473532e-16,-1.0
2025-06-21,39.1,28.2,32.9,7.6,17.7,62.5125,137.51666666666668,537.5833333333334,10.6,9.691666666666666,142.45833333333334,154.875,6,1.2246467991473532e-16,-1.0
2025-06-22,33.3,24.9,28.9,25.5,10.4,43.0375,87.40416666666665,740.9166666666666,23.054166666666664,7.1625000000000005,108.5,143.04166666666666,6,1.2246467991473532e-16,-1.0
2025-06-23,35.2,24.8,30.5,5.2,10.2,58.4,111.575,866.5833333333334,26.433333333333334,12.845833333333331,117.16666666666669,140.75,6,1.2246467991473532e-16,-1.0
2025-06-24,36.0,26.4,31.2,0.0,11.7,60.44166666666667,97.3,680.7916666666666,21.6625,10.395833333333334,125.41666666666669,154.875,6,1.2246467991473532e-16,-1.0
2025-06-25,31.5,25.5,28.0,31.9,15.7,28.820833333333336,43.15416666666667,848.25,19.08333333333333,6.4125000000000005,122.91666666666669,134.79166666666666,6,1.2246467991473532e-16,-1.0
2025-06-26,29.6,25.4,27.1,7.5,17.5,22.879166666666663,24.7625,981.0416666666666,27.28333333333333,7.841666666666666,94.08333333333331,74.5,6,1.2246467991473532e-16,-1.0
2025-06-27,32.9,25.1,28.7,0.5,13.9,34.2875,38.46666666666667,887.4583333333334,35.362500000000004,7.854166666666667,84.41666666666667,95.58333333333331,6,1.2246467991473532e-16,-1.0
2025-06-28,34.0,24.2,29.6,4.5,9.8,42.99583333333334,62.6,890.5416666666666,34.44583333333333,14.725,107.75,110.70833333333331,6,1.2246467991473532e-16,-1.0
2025-06-29,34.3,24.3,28.8,18.9,14.2,56.50833333333333,79.40416666666667,882.5416666666666,24.933333333333334,12.479166666666666,110.08333333333331,142.25,6,1.2246467991473532e-16,-1.0
2025-06-30,33.9,23.7,28.5,21.5,13.0,41.94166666666667,59.94583333333333,574.6666666666666,14.833333333333334,9.004166666666666,130.45833333333334,137.33333333333334,6,1.2246467991473532e-16,-1.0
2025-07-01,32.8,23.2,27.3,22.9,17.5,29.0625,40.57083333333333,611.3333333333334,20.579166666666666,5.979166666666667,97.91666666666669,102.66666666666669,7,-0.4999999999999998,-0.8660254037844388
2025-07-02,31.7,23.9,27.3,17.7,12.2,36.25833333333333,55.77916666666667,804.2083333333334,38.30416666666667,9.325,69.125,91.29166666666669,7,-0.4999999999999998,-0.8660254037844388
2025-07-03,33.1,25.7,29.4,0.5,11.1,43.05,67.26666666666667,725.5416666666666,26.9125,10.1625,105.79166666666669,119.625,7,-0.4999999999999998,-0.8660254037844388
2025-07-04,34.5,26.3,30.0,0.2,8.8,54.95416666666667,99.575,725.7916666666666,19.591666666666665,11.270833333333334,122.5,137.875,7,-0.4999999999999998,-0.8660254037844388
2025-07-05,35.0,25.0,29.9,10.0,13.4,61.85833333333333,93.8625,797.0,17.675,9.104166666666666,125.125,152.16666666666666,7,-0.4999999999999998,-0.8660254037844388
2025-07-06,32.6,24.3,28.3,22.2,16.4,53.31666666666666,91.60416666666669,1041.3333333333333,21.729166666666668,8.358333333333333,116.70833333333331,147.04166666666666,7,-0.4999999999999998,-0.8660254037844388
2025-07-07,32.3,25.7,28.2,5.4,12.9,52.15,74.75,966.5,37.325,8.720833333333333,90.04166666666667,150.54166666666666,7,-0.4999999999999998,-0.8660254037844388
2025-07-08,30.7,25.1,27.8,4.4,11.6,36.2,46.94166666666666,1193.2083333333333,36.829166666666666,8.608333333333333,90.41666666666669,122.20833333333331,7,-0.4999999999999998,-0.8660254037844388
2025-07-09,31.1,23.4,27.0,20.4,11.8,31.8,38.6125,863.7916666666666,27.8875,7.875,101.875,105.08333333333331,7,-0.4999999999999998,-0.8660254037844388
2025-07-10,28.6,22.3,25.6,11.2,13.8,30.85833333333333,36.4,806.0416666666666,24.8375,6.395833333333333,93.375,84.66666666666667,7,-0.4999999999999998,-0.8660254037844388
2025-07-11,32.0,23.2,27.2,2.9,7.9,58.74166666666667,69.04166666666667,1004.3333333333334,40.0875,12.325,98.41666666666669,140.54166666666666,7,-0.4999999999999998,-0.8660254037844388
2025-07-12,33.4,22.1,28.1,3.7,10.3,33.55416666666667,37.59166666666667,973.6666666666666,25.65,9.0375,117.91666666666669,140.70833333333334,7,-0.4999999999999998,-0.8660254037844388
2025-07-13,32.7,25.0,28.1,7.4,10.6,50.15416666666667,59.925,1098.5833333333333,40.575,11.991666666666667,108.79166666666669,133.375,7,-0.4999999999999998,-0.8660254037844388
2025-07-14,31.2,23.2,27.2,1.3,7.8,47.54583333333333,51.708333333333336,1118.375,41.8625,10.029166666666669,97.875,143.83333333333334,7,-0.4999999999999998,-0.8660254037844388
2025-07-15,29.1,25.3,26.6,3.0,13.4,39.583333333333336,40.3125,830.4166666666666,52.25416666666666,10.925,64.95833333333333,118.375,7,-0.4999999999999998,-0.8660254037844388
2025-07-16,27.6,23.6,25.2,55.0,14.7,18.64583333333333,19.729166666666668,963.5416666666666,34.9,4.004166666666666,52.583333333333336,92.04166666666669,7,-0.4999999999999998,-0.8660254037844388
2025-07-17,28.9,23.2,25.2,68.2,16.7,28.15416666666667,31.85,760.5416666666666,39.46666666666667,4.633333333333334,55.5,63.125,7,-0.4999999999999998,-0.8660254037844388
2025-07-18,32.0,24.2,28.0,0.3,10.3,43.78333333333333,55.92083333333333,939.2916666666666,32.625,8.9625,86.41666666666667,114.375,7,-0.4999999999999998,-0.8660254037844388
2025-07-19,33.8,25.0,29.4,0.0,6.2,40.19166666666667,47.07083333333333,1226.5,37.925,10.1375,83.79166666666667,124.70833333333331,7,-0.4999999999999998,-0.8660254037844388
2025-07-20,33.7,26.4,29.6,1.4,11.0,39.9,71.09166666666667,712.75,27.83333333333333,9.495833333333334,103.70833333333331,114.83333333333331,7,-0.4999999999999998,-0.8660254037844388
2025-07-21,31.8,24.5,27.0,27.5,14.1,33.454166666666666,70.76666666666667,587.375,18.8,8.220833333333333,100.375,106.16666666666669,7,-0.4999999999999998,-0.8660254037844388
2025-07-22,30.3,24.2,26.1,22.3,13.9,23.445833333333336,32.854166666666664,580.3333333333334,22.5125,6.425,73.375,83.54166666666667,7,-0.4999999999999998,-0.8660254037844388
2025-07-23,30.5,22.7,25.6,42.1,12.2,22.945833333333336,27.65416666666667,751.7916666666666,36.12916666666667,6.754166666666666,73.875,79.58333333333333,7,-0.4999999999999998,-0.8660254037844388
2025-07-24,31.7,23.7,27.4,0.1,8.1,39.775,52.89166666666667,1067.0,42.579166666666666,7.954166666666667,72.875,93.95833333333331,7,-0.4999999999999998,-0.8660254037844388
2025-07-25,33.4,24.1,28.7,0.1,7.6,45.67916666666667,61.958333333333336,1355.7083333333333,37.59166666666667,12.004166666666668,103.75,132.83333333333334,7,-0.4999999999999998,-0.8660254037844388
2025-07-26,33.9,25.7,29.7,0.0,7.6,46.91666666666666,63.16666666666666,1232.1666666666667,38.34583333333333,10.3375,95.16666666666669,138.04166666666666,7,-0.4999999999999998,-0.8660254037844388
2025-07-27,34.6,25.9,30.2,0.1,7.5,59.10416666666666,73.45416666666667,1273.2083333333333,48.50416666666666,14.845833333333331,100.70833333333331,148.66666666666666,7,-0.4999999999999998,-0.8660254037844388
2025-07-28,34.2,25.7,29.5,1.0,10.1,61.45,77.82916666666667,1110.125,28.825,12.804166666666667,117.875,155.875,7,-0.4999999999999998,-0.8660254037844388
2025-07-29,32.0,23.9,27.6,25.6,15.4,39.141666666666666,51.35416666666666,702.3333333333334,18.22083333333333,5.9375,116.91666666666669,144.79166666666666,7,-0.4999999999999998,-0.8660254037844388
2025-07-30,30.2,23.2,26.2,35.2,15.4,19.0125,25.02916666666667,609.9583333333334,22.491666666666664,5.1000000000000005,93.70833333333331,80.83333333333333,7,-0.4999999999999998,-0.8660254037844388
2025-07-31,31.3,23.2,27.7,2.9,10.8,24.52083333333333,31.625,760.7083333333334,24.379166666666663,6.641666666666667,82.08333333333333,73.45833333333333,7,-0.4999999999999998,-0.8660254037844388
2025-08-01,30.9,23.8,27.0,2.6,13.5,34.104166666666664,36.770833333333336,866.25,24.1125,8.720833333333333,91.75,97.04166666666669,8,-0.8660254037844384,-0.5000000000000004
2025-08-02,30.5,23.0,27.1,7.2,10.1,33.95,36.85833333333333,1022.4166666666666,34.5875,10.279166666666669,94.0,105.0,8,-0.8660254037844384,-0.5000000000000004
2025-08-03,32.1,22.8,28.0,2.3,12.0,45.98333333333333,56.40416666666667,898.5,40.3875,12.420833333333334,92.5,123.79166666666669,8,-0.8660254037844384,-0.5000000000000004
2025-08-04,32.9,24.3,28.4,4.5,11.1,47.8125,69.02499999999999,741.2083333333334,30.7375,10.675,100.33333333333331,128.875,8,-0.8660254037844384,-0.5000000000000004
2025-08-05,32.1,24.0,28.1,4.4,13.2,35.02916666666667,54.49583333333334,589.875,20.679166666666667,6.633333333333333,106.95833333333331,117.33333333333331,8,-0.8660254037844384,-0.5000000000000004
2025-08-06,31.5,23.2,26.8,4.6,13.7,29.95,49.99583333333334,767.625,24.775,8.375,106.0,96.04166666666669,8,-0.8660254037844384,-0.5000000000000004
2025-08-07,32.6,23.2,27.9,0.8,7.8,38.225,56.11666666666667,857.1666666666666,35.86666666666667,11.904166666666669,94.25,111.66666666666669,8,-0.8660254037844384,-0.5000000000000004
2025-08-08,33.0,24.5,28.5,0.5,9.7,42.22083333333333,59.34166666666667,739.0833333333334,36.5625,12.1625,100.91666666666669,121.08333333333331,8,-0.8660254037844384,-0.5000000000000004
2025-08-09,32.3,23.7,27.9,1.5,10.9,49.59166666666667,78.81666666666666,969.4583333333334,38.6375,11.5625,97.33333333333331,133.375,8,-0.8660254037844384,-0.5000000000000004
2025-08-10,32.1,24.3,28.2,1.9,7.2,61.9625,98.82916666666668,1129.25,51.125,15.891666666666666,93.70833333333331,150.20833333333334,8,-0.8660254037844384,-0.5000000000000004
2025-08-11,34.5,25.6,30.1,0.4,9.6,58.75416666666666,87.13333333333333,802.0,37.016666666666666,16.266666666666666,98.75,156.66666666666666,8,-0.8660254037844384,-0.5000000000000004
2025-08-12,32.1,26.4,28.5,2.3,13.3,51.63333333333333,76.99166666666666,613.25,21.320833333333336,10.675,95.83333333333331,144.5,8,-0.8660254037844384,-0.5000000000000004
2025-08-13,33.2,25.7,28.9,0.3,11.8,56.208333333333336,105.8625,641.0833333333334,24.854166666666668,13.675,74.91666666666667,145.41666666666666,8,-0.8660254037844384,-0.5000000000000004
2025-08-14,31.6,25.0,27.5,17.2,15.6,46.1125,81.10833333333333,569.625,23.058333333333334,8.495833333333334,78.29166666666667,142.91666666666666,8,-0.8660254037844384,-0.5000000000000004
2025-08-15,31.2,23.5,26.9,9.6,10.1,35.27916666666667,55.05833333333334,998.3333333333334,31.40833333333333,9.458333333333334,70.375,101.70833333333331,8,-0.8660254037844384,-0.5000000000000004
2025-08-16,32.0,23.7,28.0,29.7,12.8,45.75416666666666,64.80416666666666,875.5833333333334,34.12916666666667,12.8375,89.83333333333333,110.29166666666669,8,-0.8660254037844384,-0.5000000000000004
2025-08-17,30.5,23.5,26.6,24.0,12.8,39.645833333333336,52.3375,912.9166666666666,21.116666666666667,8.7125,106.95833333333331,135.5,8,-0.8660254037844384,-0.5000000000000004
2025-08-18,27.5,23.0,25.3,50.2,11.7,31.616666666666664,35.12916666666667,1175.6666666666667,36.06666666666667,5.7875000000000005,66.29166666666667,92.79166666666669,8,-0.8660254037844384,-0.5000000000000004
2025-08-19,30.4,22.7,26.3,4.7,12.3,41.23333333333333,44.19583333333333,1120.4583333333333,49.8875,9.433333333333334,68.20833333333333,108.95833333333331,8,-0.8660254037844384,-0.5000000000000004
2025-08-20,31.6,23.2,26.9,0.0,10.3,37.54583333333333,39.82083333333333,1200.75,46.8375,9.591666666666669,74.16666666666667,117.75,8,-0.8660254037844384,-0.5000000000000004
2025-08-21,32.1,23.7,27.9,0.0,9.3,26.85833333333333,28.291666666666668,1046.125,30.383333333333336,9.745833333333334,89.66666666666667,99.91666666666669,8,-0.8660254037844384,-0.5000000000000004
2025-08-22,32.7,24.7,28.7,0.1,8.2,30.45833333333333,32.59166666666667,979.0416666666666,33.12083333333333,12.104166666666666,95.54166666666669,94.375,8,-0.8660254037844384,-0.5000000000000004
2025-08-23,30.7,24.6,27.0,8.5,10.6,36.475,39.25833333333333,758.9583333333334,26.77083333333333,7.895833333333333,99.625,100.0,8,-0.8660254037844384,-0.5000000000000004
2025-08-24,28.7,22.7,24.7,30.3,15.0,26.4625,26.925,1024.8333333333333,31.98333333333333,6.595833333333334,68.5,93.33333333333331,8,-0.8660254037844384,-0.5000000000000004
2025-08-25,30.2,22.1,25.7,2.2,16.0,37.10416666666666,38.31666666666667,1014.0833333333334,47.083333333333336,10.566666666666666,80.79166666666667,110.625,8,-0.8660254037844384,-0.5000000000000004
2025-08-26,30.5,22.9,25.8,0.0,11.6,30.5875,31.08333333333333,745.5,38.895833333333336,9.091666666666669,68.33333333333333,101.875,8,-0.8660254037844384,-0.5000000000000004
2025-08-27,28.4,23.2,25.4,2.3,9.9,34.5625,35.708333333333336,1218.25,51.17083333333333,11.1625,72.20833333333333,93.20833333333331,8,-0.8660254037844384,-0.5000000000000004
2025-08-28,32.2,23.1,27.7,0.1,6.6,44.9375,46.2125,1039.0416666666667,49.75416666666666,17.525000000000002,99.66666666666669,137.375,8,-0.8660254037844384,-0.5000000000000004
2025-08-29,31.0,23.6,27.5,4.4,12.7,25.745833333333334,26.791666666666668,706.9583333333334,20.683333333333334,9.3375,109.125,105.45833333333331,8,-0.8660254037844384,-0.5000000000000004
2025-08-30,29.8,22.8,26.0,7.0,11.2,24.641666666666666,24.92083333333333,934.4583333333334,31.92083333333333,7.399999999999999,70.54166666666667,73.16666666666667,8,-0.8660254037844384,-0.5000000000000004
2025-08-31,28.1,23.5,25.3,2.0,13.2,31.925,32.1375,945.75,37.825,7.708333333333333,54.79166666666666,96.08333333333331,8,-0.8660254037844384,-0.5000000000000004
2025-09-01,29.6,22.5,25.2,6.6,9.9,25.6,26.016666666666666,924.0,25.89583333333333,9.4125,77.875,86.04166666666667,9,-1.0,-1.8369701987210297e-16
2025-09-02,29.3,22.1,25.1,2.5,12.1,20.425,20.6875,986.9166666666666,24.133333333333336,5.9375,66.16666666666667,76.54166666666667,9,-1.0,-1.8369701987210297e-16
2025-09-03,27.4,21.8,24.2,3.9,14.5,22.191666666666663,22.445833333333336,965.9583333333334,33.37916666666667,5.995833333333334,55.75,68.58333333333333,9,-1.0,-1.8369701987210297e-16
2025-09-04,30.7,22.0,25.6,0.2,11.0,26.3125,26.6375,1136.75,36.78333333333333,7.966666666666666,68.95833333333333,86.125,9,-1.0,-1.8369701987210297e-16
2025-09-05,31.6,22.9,26.8,0.0,6.5,26.05,26.354166666666668,1069.1666666666667,43.45,9.7375,63.083333333333336,78.79166666666667,9,-1.0,-1.8369701987210297e-16
2025-09-06,32.1,23.6,27.7,0.0,9.7,31.4875,31.679166666666664,992.4583333333334,42.329166666666666,13.858333333333334,83.16666666666667,107.08333333333331,9,-1.0,-1.8369701987210297e-16
2025-09-07,29.5,22.7,25.7,5.0,14.1,30.15416666666667,30.4375,1115.0833333333333,43.175,7.266666666666667,50.54166666666666,88.45833333333333,9,-1.0,-1.8369701987210297e-16
2025-09-08,29.1,22.8,26.0,0.3,9.5,45.96666666666667,46.6,1352.125,56.54583333333333,13.591666666666669,36.708333333333336,106.125,9,-1.0,-1.8369701987210297e-16
2025-09-09,31.4,23.6,27.3,0.0,5.8,51.79166666666666,52.55,1281.2083333333333,58.7125,17.849999999999998,74.5,137.95833333333334,9,-1.0,-1.8369701987210297e-16
2025-09-10,32.6,23.7,27.8,0.0,8.1,38.46666666666667,38.85,977.0833333333334,50.46666666666667,13.983333333333334,71.25,128.79166666666666,9,-1.0,-1.8369701987210297e-16
2025-09-11,33.3,23.2,27.9,0.0,11.0,36.175,37.583333333333336,922.75,44.2625,14.325,76.16666666666667,105.58333333333331,9,-1.0,-1.8369701987210297e-16
2025-09-12,33.1,23.8,28.2,0.7,10.0,40.30833333333333,44.47083333333333,859.0833333333334,30.92083333333333,13.129166666666668,92.125,107.5,9,-1.0,-1.8369701987210297e-16
2025-09-13,33.0,24.6,28.8,1.0,9.6,36.29166666666666,39.2125,995.9166666666666,27.104166666666668,12.0875,101.54166666666669,112.33333333333331,9,-1.0,-1.8369701987210297e-16
2025-09-14,33.2,23.9,28.5,2.5,11.6,39.833333333333336,42.125,1151.375,35.5375,11.05,90.125,105.70833333333331,9,-1.0,-1.8369701987210297e-16
2025-09-15,33.7,24.3,28.8,3.4,14.2,37.270833333333336,39.24166666666667,1028.0833333333333,29.40416666666667,11.2625,94.91666666666669,113.33333333333331,9,-1.0,-1.8369701987210297e-16
2025-09-16,31.3,21.4,26.5,38.2,14.7,30.129166666666663,33.1875,975.2916666666666,31.066666666666663,11.041666666666666,96.25,100.20833333333331,9,-1.0,-1.8369701987210297e-16
2025-09-17,32.7,21.9,27.7,2.5,11.1,38.55416666666667,47.30416666666667,965.5833333333334,46.05416666666667,13.929166666666667,75.66666666666667,101.83333333333331,9,-1.0,-1.8369701987210297e-16
2025-09-18,30.5,21.6,25.8,19.6,17.5,43.89166666666667,55.1125,1235.0,45.74583333333334,13.170833333333334,83.625,118.04166666666669,9,-1.0,-1.8369701987210297e-16
2025-09-19,32.0,20.9,26.5,3.1,22.5,41.6,54.03333333333333,1102.5416666666667,50.65833333333333,12.329166666666666,66.875,122.83333333333331,9,-1.0,-1.8369701987210297e-16
2025-09-20,32.4,22.4,26.7,0.0,7.1,40.516666666666666,49.31666666666666,859.6666666666666,48.67083333333333,16.616666666666667,76.25,116.91666666666669,9,-1.0,-1.8369701987210297e-16
2025-09-21,33.1,22.4,27.3,0.0,7.9,36.47916666666666,43.94583333333333,934.625,49.73333333333333,13.766666666666666,80.29166666666667,110.79166666666669,9,-1.0,-1.8369701987210297e-16
2025-09-22,33.8,22.4,27.8,0.0,9.7,43.79583333333333,54.25416666666666,997.2916666666666,52.78333333333333,15.045833333333333,80.16666666666667,118.16666666666669,9,-1.0,-1.8369701987210297e-16
2025-09-23,35.2,23.2,28.8,0.0,9.4,47.9,56.895833333333336,1145.9583333333333,56.75833333333333,17.787499999999998,84.70833333333333,133.20833333333334,9,-1.0,-1.8369701987210297e-16
2025-09-24,35.3,23.7,29.1,0.0,8.0,47.62916666666666,54.64166666666667,1016.4583333333334,59.583333333333336,19.58333333333333,88.75,140.875,9,-1.0,-1.8369701987210297e-16
2025-09-25,31.8,22.4,26.6,4.8,28.3,39.266666666666666,45.54166666666666,904.8333333333334,49.40416666666667,15.420833333333334,89.5,128.91666666666666,9,-1.0,-1.8369701987210297e-16
2025-09-26,33.3,22.3,27.0,0.0,10.5,33.737500000000004,40.72083333333334,901.5,51.36666666666667,9.395833333333334,64.79166666666667,103.45833333333331,9,-1.0,-1.8369701987210297e-16
2025-09-27,35.2,20.8,27.6,0.0,9.8,38.34583333333333,46.55833333333334,998.5416666666666,56.49583333333334,14.629166666666668,73.91666666666667,106.375,9,-1.0,-1.8369701987210297e-16
2025-09-28,35.6,22.6,28.5,0.0,9.1,33.03333333333333,36.5,979.2916666666666,56.1875,13.591666666666669,72.875,112.95833333333331,9,-1.0,-1.8369701987210297e-16
2025-09-29,35.3,23.1,28.0,0.0,10.3,29.866666666666664,31.2375,1028.7083333333333,51.175,14.320833333333333,79.0,104.25,9,-1.0,-1.8369701987210297e-16
2025-09-30,34.2,22.9,28.4,0.0,10.4,30.254166666666663,31.945833333333336,1192.1666666666667,54.74166666666667,16.404166666666665,79.83333333333333,98.25,9,-1.0,-1.8369701987210297e-16
2025-10-01,31.0,20.5,26.1,8.1,11.1,33.77916666666667,38.1125,1034.3333333333333,40.8,13.933333333333332,97.91666666666669,104.0,10,-0.8660254037844386,0.5
2025-10-02,30.9,21.9,26.0,1.7,8.7,31.27083333333333,36.13333333333333,1055.7083333333333,45.74583333333334,11.583333333333334,73.29166666666667,93.79166666666669,10,-0.8660254037844386,0.5
2025-10-03,27.8,21.3,24.3,2.8,18.7,37.575,43.12916666666666,1000.8333333333334,47.35,12.929166666666667,73.41666666666667,102.41666666666669,10,-0.8660254037844386,0.5
2025-10-04,28.2,19.3,23.3,3.5,12.8,41.24583333333333,46.975,1136.625,59.36666666666667,13.2375,59.75,108.54166666666669,10,-0.8660254037844386,0.5
2025-10-05,25.1,19.1,21.8,0.8,21.0,34.175000000000004,39.016666666666666,1058.5833333333333,53.88333333333333,9.933333333333334,58.958333333333336,116.29166666666669,10,-0.8660254037844386,0.5
2025-10-06,19.6,15.7,17.3,30.0,12.9,21.15,26.27916666666667,741.75,32.96666666666666,5.345833333333334,66.625,84.45833333333333,10,-0.8660254037844386,0.5
2025-10-07,22.0,14.2,17.5,4.1,12.9,21.558333333333334,31.60833333333333,894.1666666666666,29.71666666666667,5.495833333333334,71.41666666666667,63.5,10,-0.8660254037844386,0.5
2025-10-08,25.6,15.0,19.8,0.0,9.9,32.041666666666664,39.65416666666667,1010.4166666666666,52.35833333333333,10.279166666666669,56.875,86.08333333333333,10,-0.8660254037844386,0.5
2025-10-09,26.5,16.5,20.7,0.0,10.0,31.2,37.37916666666667,1109.375,52.43333333333334,13.25,60.25,94.0,10,-0.8660254037844386,0.5
2025-10-10,27.3,16.4,21.4,0.0,6.8,30.2125,32.84166666666667,1125.875,57.71666666666667,12.75,64.83333333333333,93.0,10,-0.8660254037844386,0.5
2025-10-11,27.3,17.5,21.5,0.0,12.7,22.829166666666666,23.829166666666666,922.375,48.25416666666666,11.395833333333334,69.91666666666667,87.125,10,-0.8660254037844386,0.5
2025-10-12,27.9,16.7,21.5,0.0,7.4,23.683333333333334,24.229166666666668,1133.6666666666667,52.23333333333333,12.383333333333333,65.91666666666667,77.20833333333333,10,-0.8660254037844386,0.5
2025-10-13,28.1,17.0,22.0,0.0,7.9,23.441666666666663,23.55,1278.3333333333333,55.10833333333333,14.916666666666666,73.54166666666667,84.875,10,-0.8660254037844386,0.5
2025-10-14,28.1,18.1,22.5,0.0,10.7,26.8375,27.475,1154.9166666666667,43.16666666666666,17.016666666666666,84.70833333333333,88.83333333333333,10,-0.8660254037844386,0.5
2025-10-15,28.1,19.1,22.8,0.0,8.8,37.6125,39.54583333333333,1109.0,47.5,18.5125,88.875,97.04166666666669,10,-0.8660254037844386,0.5
2025-10-16,28.2,17.6,22.4,0.0,10.2,34.891666666666666,35.95,1262.25,55.65416666666667,16.75,77.54166666666667,106.625,10,-0.8660254037844386,0.5
2025-10-17,29.1,19.1,23.3,0.0,6.1,35.92916666666667,36.56666666666667,1366.2083333333333,59.50833333333333,19.55,80.20833333333333,108.16666666666669,10,-0.8660254037844386,0.5
2025-10-18,29.4,18.2,23.1,0.0,6.3,36.083333333333336,36.8125,1361.0,64.70416666666667,21.258333333333333,71.29166666666667,107.58333333333331,10,-0.8660254037844386,0.5
2025-10-19,29.4,19.4,23.3,0.0,8.1,33.375,34.354166666666664,1175.5833333333333,50.21666666666667,18.09583333333333,79.25,101.75,10,-0.8660254037844386,0.5
2025-10-20,28.9,18.0,22.3,0.0,7.8,35.74166666666667,36.94583333333333,1259.5,58.21666666666667,15.95,60.958333333333336,96.79166666666669,10,-0.8660254037844386,0.5
2025-10-21,28.1,18.0,22.0,0.0,9.3,31.391666666666666,33.62916666666667,1131.4166666666667,50.15833333333333,12.420833333333334,66.79166666666667,99.5,10,-0.8660254037844386,0.5
2025-10-22,28.4,16.7,21.7,0.0,10.7,28.766666666666666,30.316666666666663,1191.75,54.25416666666666,11.575,61.833333333333336,88.45833333333333,10,-0.8660254037844386,0.5
2025-10-23,28.4,17.4,22.0,0.0,7.4,26.495833333333334,27.604166666666668,1414.0,50.9,13.3375,63.625,86.33333333333333,10,-0.8660254037844386,0.5
2025-10-24,28.2,17.0,21.5,0.0,7.3,31.27083333333333,33.1,1216.5416666666667,53.67083333333333,18.6625,61.54166666666666,83.66666666666667,10,-0.8660254037844386,0.5
2025-10-25,28.2,16.6,21.4,0.0,6.4,33.8875,36.35416666666666,1237.8333333333333,56.425,16.995833333333334,64.625,96.125,10,-0.8660254037844386,0.5
2025-10-26,27.9,16.7,21.2,0.0,7.6,35.395833333333336,37.94166666666667,1278.25,52.85,20.125,70.33333333333333,96.66666666666669,10,-0.8660254037844386,0.5
2025-10-27,27.1,16.1,20.8,0.0,8.1,39.55833333333333,42.72916666666666,1275.125,52.22083333333333,17.941666666666666,67.91666666666667,107.91666666666669,10,-0.8660254037844386,0.5
2025-10-28,27.1,16.2,20.5,0.0,8.4,39.30416666666667,41.82083333333333,1137.7083333333333,53.1125,15.916666666666666,67.54166666666667,115.625,10,-0.8660254037844386,0.5
2025-10-29,26.6,15.4,20.1,0.0,10.5,42.22083333333333,45.15,1281.9166666666667,52.72916666666666,15.908333333333331,64.20833333333333,104.75,10,-0.8660254037844386,0.5
2025-10-30,27.0,16.5,20.5,0.0,10.1,48.07916666666667,51.525,1054.4583333333333,54.4625,14.35,67.79166666666667,131.5,10,-0.8660254037844386,0.5
2025-10-31,26.9,15.7,20.4,0.0,10.3,42.4,45.28333333333333,1244.1666666666667,57.05833333333334,16.325,58.958333333333336,120.66666666666669,10,-0.8660254037844386,0.5
2025-11-01,26.8,15.9,20.4,0.0,9.4,46.44583333333333,48.89166666666667,1418.4583333333333,58.3625,16.675,56.66666666666666,124.16666666666669,11,-0.5000000000000004,0.8660254037844384
2025-11-02,26.9,15.3,20.2,0.0,9.8,44.1,46.55,1198.0416666666667,57.63333333333333,15.566666666666668,64.66666666666667,124.45833333333331,11,-0.5000000000000004,0.8660254037844384
2025-11-03,26.8,14.8,20.1,0.0,10.9,35.99166666666667,37.8375,1281.0833333333333,53.94583333333333,13.5375,59.708333333333336,111.83333333333331,11,-0.5000000000000004,0.8660254037844384
2025-11-04,24.3,12.9,16.9,9.8,25.6,39.47916666666666,42.07083333333333,928.875,28.616666666666664,11.891666666666666,79.41666666666667,110.125,11,-0.5000000000000004,0.8660254037844384
2025-11-05,21.9,12.2,16.2,0.0,13.6,39.68333333333333,44.54583333333333,875.625,34.895833333333336,10.695833333333333,65.25,108.625,11,-0.5000000000000004,0.8660254037844384
2025-11-06,23.7,12.4,16.8,0.0,11.3,35.25833333333333,36.61666666666667,981.0,50.53333333333333,10.341666666666669,52.458333333333336,104.91666666666669,11,-0.5000000000000004,0.8660254037844384
2025-11-07,24.5,11.2,16.7,0.0,7.9,30.9125,31.73333333333333,1320.2083333333333,51.2625,10.866666666666667,47.625,92.66666666666669,11,-0.5000000000000004,0.8660254037844384
2025-11-08,23.7,11.7,16.7,0.0,7.8,30.745833333333334,31.34166666666667,1394.0,54.35833333333333,12.833333333333334,46.0,92.16666666666669,11,-0.5000000000000004,0.8660254037844384
2025-11-09,23.7,11.2,16.5,0.0,8.9,31.09166666666667,31.641666666666666,1204.9583333333333,57.6,11.975,45.708333333333336,92.16666666666669,11,-0.5000000000000004,0.8660254037844384
2025-11-10,23.0,11.8,16.2,0.0,6.7,34.795833333333334,35.24583333333333,1444.8333333333333,59.0625,17.266666666666666,44.0,92.91666666666669,11,-0.5000000000000004,0.8660254037844384
2025-11-11,22.9,11.9,16.1,0.0,8.7,39.68333333333333,40.44166666666667,1242.625,56.77916666666667,18.78333333333333,55.29166666666666,106.625,11,-0.5000000000000004,0.8660254037844384
2025-11-12,22.4,11.0,15.6,0.0,9.4,40.52916666666667,42.18333333333333,1161.625,58.17083333333333,13.570833333333333,51.66666666666666,107.70833333333331,11,-0.5000000000000004,0.8660254037844384
2025-11-13,22.2,10.9,15.4,0.0,8.6,41.1625,43.5,1226.625,58.74583333333334,15.141666666666666,49.79166666666666,117.125,11,-0.5000000000000004,0.8660254037844384
2025-11-14,22.2,9.9,15.2,0.0,5.7,41.60833333333333,43.80833333333334,1489.75,59.208333333333336,18.28333333333333,47.833333333333336,111.79166666666669,11,-0.5000000000000004,0.8660254037844384
2025-11-15,21.9,10.0,15.0,0.0,7.5,44.7125,45.61666666666667,1412.5416666666667,61.97916666666666,17.075,47.54166666666666,119.54166666666669,11,-0.5000000000000004,0.8660254037844384
2025-11-16,21.7,9.7,14.8,0.0,7.1,48.68333333333334,49.5875,1551.5416666666667,63.99166666666667,16.25,54.0,127.5,11,-0.5000000000000004,0.8660254037844384
2025-11-17,21.3,9.3,14.8,0.0,7.3,48.6625,49.5625,1811.1666666666667,68.8875,17.474999999999998,44.333333333333336,133.75,11,-0.5000000000000004,0.8660254037844384
2025-11-18,21.5,11.0,15.3,0.0,8.7,58.11666666666667,58.74166666666667,1679.25,64.57916666666667,24.375,53.833333333333336,145.5,11,-0.5000000000000004,0.8660254037844384
2025-11-19,21.2,10.7,15.2,0.0,5.0,62.01666666666667,62.99166666666667,1880.0833333333333,66.52916666666667,29.45,49.708333333333336,153.375,11,-0.5000000000000004,0.8660254037844384
2025-11-20,21.6,10.5,15.7,0.0,6.2,71.6,72.52083333333333,1584.2916666666667,71.29166666666667,30.554166666666664,66.20833333333333,156.79166666666666,11,-0.5000000000000004,0.8660254037844384
2025-11-21,21.5,11.6,15.6,0.0,6.8,72.32083333333334,73.18333333333334,1654.4583333333333,66.46249999999999,31.2125,65.5,162.95833333333334,11,-0.5000000000000004,0.8660254037844384
2025-11-22,20.3,9.9,14.4,0.0,11.3,64.325,66.5625,1378.6666666666667,63.13333333333333,22.0,67.25,158.70833333333334,11,-0.5000000000000004,0.8660254037844384
2025-11-23,20.2,10.3,14.3,0.0,8.0,68.51666666666667,71.23333333333333,1533.7916666666667,59.9625,28.8,61.708333333333336,158.16666666666666,11,-0.5000000000000004,0.8660254037844384
2025-11-24,19.7,9.4,13.3,0.0,8.9,68.125,70.72083333333333,1564.25,65.61666666666666,27.079166666666666,56.29166666666666,159.70833333333334,11,-0.5000000000000004,0.8660254037844384
2025-11-25,19.2,8.3,12.7,0.0,10.2,61.8625,64.1125,1284.7083333333333,61.46666666666667,17.275000000000002,63.5,155.41666666666666,11,-0.5000000000000004,0.8660254037844384
2025-11-26,19.1,8.6,13.0,0.0,5.4,66.99166666666666,69.94583333333334,1627.0416666666667,64.80416666666666,26.275,46.458333333333336,155.5,11,-0.5000000000000004,0.8660254037844384
2025-11-27,19.1,8.2,12.6,0.0,7.0,70.3625,73.38333333333334,1621.3333333333333,61.41666666666666,21.154166666666665,53.5,160.79166666666666,11,-0.5000000000000004,0.8660254037844384
2025-11-28,19.5,8.1,12.8,0.0,5.6,59.79166666666666,61.98333333333333,1663.0,64.34166666666667,18.40833333333333,41.833333333333336,156.08333333333334,11,-0.5000000000000004,0.8660254037844384
2025-11-29,19.9,8.1,12.9,0.0,6.6,56.9,58.7,1837.8333333333333,60.17083333333333,19.758333333333333,38.375,152.0,11,-0.5000000000000004,0.8660254037844384
2025-11-30,19.6,8.2,12.7,0.0,7.3,56.49583333333334,57.39166666666667,1579.4166666666667,61.15,20.745833333333334,39.958333333333336,150.125,11,-0.5000000000000004,0.8660254037844384
2025-12-01,18.9,7.9,12.5,0.0,3.6,68.675,69.1375,2068.6666666666665,65.425,24.745833333333334,44.833333333333336,155.45833333333334,12,-2.4492935982947064e-16,1.0
2025-12-02,18.2,7.7,11.8,0.0,7.5,73.17083333333333,73.42083333333333,1639.5,65.37083333333334,28.025,56.333333333333336,162.33333333333334,12,-2.4492935982947064e-16,1.0
2025-12-03,18.9,6.8,11.8,0.0,9.5,66.17083333333333,66.44166666666666,1412.2916666666667,65.41250000000001,21.879166666666663,59.16666666666666,158.70833333333334,12,-2.4492935982947064e-16,1.0
2025-12-04,19.6,8.4,12.6,0.0,7.0,66.16250000000001,66.79166666666667,1555.2083333333333,69.18333333333334,21.14166666666667,47.708333333333336,157.0,12,-2.4492935982947064e-16,1.0
2025-12-05,20.0,8.5,13.1,0.0,10.8,73.9375,75.125,1229.4583333333333,63.91666666666666,28.495833333333334,45.875,162.54166666666666,12,-2.4492935982947064e-16,1.0
2025-12-06,20.6,8.0,13.4,0.0,13.6,46.97916666666666,48.725,901.9166666666666,51.175,11.654166666666669,39.708333333333336,152.79166666666666,12,-2.4492935982947064e-16,1.0
2025-12-07,20.5,8.9,13.5,0.0,7.9,51.91666666666666,53.74583333333334,1356.9583333333333,61.57916666666667,21.191666666666663,29.20833333333333,125.375,12,-2.4492935982947064e-16,1.0
2025-12-08,20.8,8.9,13.3,0.0,11.0,46.72083333333333,49.145833333333336,1256.7916666666667,56.96666666666667,14.525,37.41666666666666,141.66666666666666,12,-2.4492935982947064e-16,1.0
2025-12-09,20.7,9.2,13.8,0.0,11.5,48.35833333333333,51.06666666666666,989.8333333333334,54.708333333333336,15.329166666666666,37.0,119.79166666666669,12,-2.4492935982947064e-16,1.0
2025-12-10,21.3,8.9,14.0,0.0,7.8,58.25416666666666,60.59166666666667,1381.2083333333333,66.32916666666667,17.958333333333332,36.458333333333336,148.16666666666666,12,-2.4492935982947064e-16,1.0
2025-12-11,20.9,9.0,14.0,0.0,10.7,54.5625,56.60833333333333,1308.9166666666667,61.91666666666666,16.416666666666668,44.91666666666666,149.95833333333334,12,-2.4492935982947064e-16,1.0
2025-12-12,20.2,9.3,14.4,0.0,8.2,54.85833333333333,58.43333333333334,1524.375,64.36666666666666,18.8625,30.5,147.25,12,-2.4492935982947064e-16,1.0
2025-12-13,18.4,11.6,14.0,0.0,7.0,78.29166666666667,81.80833333333334,1749.0833333333333,62.14166666666667,25.791666666666668,34.958333333333336,156.16666666666666,12,-2.4492935982947064e-16,1.0
2025-12-14,19.2,10.0,14.1,0.0,8.1,84.02916666666667,87.425,1774.375,63.84583333333333,27.35,35.333333333333336,169.91666666666666,12,-2.4492935982947064e-16,1.0
2025-12-15,20.4,9.5,14.1,0.0,8.9,75.15833333333333,78.81666666666666,1415.8333333333333,68.63333333333334,22.416666666666668,36.875,166.91666666666666,12,-2.4492935982947064e-16,1.0
2025-12-16,22.4,9.6,14.8,0.0,14.6,54.09166666666667,57.82083333333333,1007.4166666666666,60.45,15.041666666666666,40.75,158.75,12,-2.4492935982947064e-16,1.0
2025-12-17,22.1,10.8,15.5,0.0,8.3,57.75,63.625,1330.125,65.00416666666666,18.779166666666665,33.375,141.875,12,-2.4492935982947064e-16,1.0
2025-12-18,21.4,12.1,15.7,0.0,6.8,63.49583333333333,68.62083333333332,1970.7083333333333,63.208333333333336,20.745833333333334,21.75,153.91666666666666,12,-2.4492935982947064e-16,1.0
2025-12-19,20.8,10.2,14.7,0.0,8.2,61.84166666666667,65.90416666666667,1748.0,66.28333333333333,17.941666666666666,26.041666666666668,154.20833333333334,12,-2.4492935982947064e-16,1.0
2025-12-20,19.2,11.2,14.9,0.2,6.1,79.16250000000001,86.53750000000001,1985.625,64.09583333333333,25.4125,31.291666666666668,161.04166666666666,12,-2.4492935982947064e-16,1.0
2025-12-21,15.4,10.3,12.9,13.5,11.8,62.61666666666667,68.40416666666667,1049.75,42.89166666666667,13.2625,38.29166666666666,167.45833333333334,12,-2.4492935982947064e-16,1.0
2025-12-22,18.6,9.7,12.6,23.9,11.9,44.475,47.97916666666666,1310.75,34.38333333333333,11.191666666666668,49.25,130.25,12,-2.4492935982947064e-16,1.0
2025-12-23,18.4,8.8,12.8,0.0,16.3,34.766666666666666,37.97083333333333,828.0833333333334,36.87916666666667,10.829166666666666,52.29166666666666,107.75,12,-2.4492935982947064e-16,1.0
2025-12-24,20.1,9.5,13.2,0.0,14.2,45.4,47.1375,928.9583333333334,51.270833333333336,14.4875,45.41666666666666,114.08333333333331,12,-2.4492935982947064e-16,1.0
2025-12-25,18.5,7.9,12.2,0.0,6.9,48.645833333333336,50.45,1425.125,54.27916666666667,16.75,38.583333333333336,124.95833333333331,12,-2.4492935982947064e-16,1.0
2025-12-26,18.2,9.5,12.5,0.0,8.3,52.99166666666667,54.29166666666666,1440.8333333333333,59.49583333333333,21.125,39.04166666666666,137.58333333333334,12,-2.4492935982947064e-16,1.0
2025-12-27,18.1,7.9,12.0,0.0,6.7,55.39166666666667,56.85833333333333,1497.75,62.325,17.125,33.5,144.33333333333334,12,-2.4492935982947064e-16,1.0
2025-12-28,16.8,8.5,12.4,0.2,5.2,65.19166666666666,66.97500000000001,2106.625,62.1625,24.5375,36.125,151.41666666666666,12,-2.4492935982947064e-16,1.0
2025-12-29,18.2,7.8,12.3,0.0,9.1,67.07916666666667,71.29583333333333,1963.0,70.04166666666667,24.2125,25.45833333333333,161.45833333333334,12,-2.4492935982947064e-16,1.0
2025-12-30,15.4,9.9,11.9,0.7,11.1,64.02499999999999,69.6875,2201.333333333333,61.5375,16.120833333333334,14.25,157.0,12,-2.4492935982947064e-16,1.0
2025-12-31,13.6,7.5,10.6,2.9,9.3,64.1875,70.30833333333334,1402.625,59.71666666666667,18.991666666666667,10.875,155.29166666666666,12,-2.4492935982947064e-16,1.0
2026-01-01,14.2,8.6,10.9,7.6,8.9,67.55,72.075,1480.0,51.67916666666667,19.591666666666665,37.208333333333336,155.58333333333334,1,0.49999999999999994,0.8660254037844387
2026-01-02,16.5,6.7,10.6,0.0,11.5,58.270833333333336,60.37083333333334,1048.0833333333333,52.18333333333334,16.466666666666665,44.29166666666666,159.08333333333334,1,0.49999999999999994,0.8660254037844387
2026-01-03,16.3,8.1,11.0,0.0,9.0,62.96666666666667,64.51666666666667,1545.2083333333333,65.77499999999999,24.620833333333334,43.875,152.66666666666666,1,0.49999999999999994,0.8660254037844387
2026-01-04,15.1,6.9,10.3,2.1,6.7,61.8125,63.975,1647.3333333333333,57.8,25.3875,55.0,153.75,1,0.49999999999999994,0.8660254037844387
2026-01-05,14.8,7.3,10.1,0.0,10.0,54.15833333333333,57.74583333333334,1288.0,50.54166666666666,16.229166666666668,48.625,151.83333333333334,1,0.49999999999999994,0.8660254037844387
2026-01-06,15.2,5.8,9.6,0.0,8.3,51.29166666666666,53.79166666666666,1163.25,56.770833333333336,17.941666666666666,41.54166666666666,144.75,1,0.49999999999999994,0.8660254037844387
2026-01-07,15.9,6.4,9.7,0.0,10.9,50.90416666666667,52.75416666666666,1074.4583333333333,55.3375,16.483333333333334,45.125,145.70833333333334,1,0.49999999999999994,0.8660254037844387
2026-01-08,14.2,4.1,8.7,0.0,4.8,53.39166666666667,54.94166666666666,1797.1666666666667,58.55416666666667,18.370833333333334,49.583333333333336,125.79166666666669,1,0.49999999999999994,0.8660254037844387
2026-01-09,14.1,3.8,8.2,0.0,7.3,74.83333333333333,77.00833333333334,1672.6666666666667,61.75416666666666,26.9125,55.625,157.79166666666666,1,0.49999999999999994,0.8660254037844387
2026-01-10,15.4,4.3,8.8,0.0,6.2,68.325,71.30833333333334,1850.875,66.49583333333334,21.979166666666668,44.29166666666666,159.25,1,0.49999999999999994,0.8660254037844387
2026-01-11,15.5,4.3,8.8,0.0,7.7,65.34166666666667,67.66666666666667,1755.0416666666667,69.10000000000001,18.6125,41.958333333333336,159.95833333333334,1,0.49999999999999994,0.8660254037844387
2026-01-12,15.4,5.7,9.6,0.0,5.4,66.32916666666667,68.47083333333333,1857.125,73.67083333333333,23.8875,37.25,155.91666666666666,1,0.49999999999999994,0.8660254037844387
2026-01-13,15.9,3.7,9.3,0.0,7.9,75.68333333333334,78.64999999999999,2107.6666666666665,73.8,26.6875,46.54166666666666,163.04166666666666,1,0.49999999999999994,0.8660254037844387
2026-01-14,16.8,5.2,10.0,0.0,7.5,61.75,65.425,1882.9583333333333,72.1875,22.195833333333336,40.41666666666666,158.41666666666666,1,0.49999999999999994,0.8660254037844387
2026-01-15,17.4,4.6,10.4,0.0,5.8,64.89166666666667,68.60000000000001,1831.3333333333333,65.53750000000001,22.5375,46.29166666666666,159.45833333333334,1,0.49999999999999994,0.8660254037844387
2026-01-16,15.2,8.7,10.8,0.3,6.5,70.55833333333334,74.40416666666667,1492.0833333333333,66.12916666666666,19.404166666666665,31.70833333333333,153.625,1,0.49999999999999994,0.8660254037844387
2026-01-17,17.3,7.0,11.1,0.0,9.4,72.52499999999999,75.98333333333333,1923.3333333333333,57.66666666666666,22.225,38.04166666666666,163.33333333333334,1,0.49999999999999994,0.8660254037844387
2026-01-18,19.3,7.6,12.2,0.0,12.0,62.40833333333333,69.04166666666667,1174.9166666666667,59.95,18.5125,31.45833333333333,158.66666666666666,1,0.49999999999999994,0.8660254037844387
2026-01-19,18.8,8.8,12.7,1.1,7.6,78.82916666666667,88.35416666666667,1637.5,55.09583333333333,19.954166666666666,39.208333333333336,162.41666666666666,1,0.49999999999999994,0.8660254037844387
2026-01-20,18.8,6.9,12.2,0.0,11.2,58.225,64.67916666666666,1377.5,48.18333333333334,17.016666666666666,40.29166666666666,157.79166666666666,1,0.49999999999999994,0.8660254037844387
2026-01-21,19.0,8.8,12.5,0.0,9.3,54.35416666666666,59.42083333333333,1272.0833333333333,61.020833333333336,19.004166666666663,37.375,149.75,1,0.49999999999999994,0.8660254037844387
2026-01-22,16.2,7.2,11.1,7.9,19.7,39.4625,41.43333333333333,891.875,26.516666666666666,11.316666666666668,75.66666666666667,144.95833333333334,1,0.49999999999999994,0.8660254037844387
2026-01-23,10.2,4.0,8.1,21.9,27.8,23.945833333333336,26.45833333333333,667.0833333333334,13.454166666666666,9.833333333333334,90.66666666666669,88.25,1,0.49999999999999994,0.8660254037844387
2026-01-24,12.0,2.8,7.1,0.0,19.1,26.7375,28.975,860.5,31.0125,12.9375,58.0,77.58333333333333,1,0.49999999999999994,0.8660254037844387
2026-01-25,16.6,5.3,10.4,0.0,16.5,48.02916666666667,49.75,833.7083333333334,45.3375,11.2875,65.54166666666667,105.16666666666669,1,0.49999999999999994,0.8660254037844387
2026-01-26,14.1,8.1,10.9,0.2,11.4,55.225,60.36666666666667,2264.4166666666665,49.19583333333333,14.9,43.708333333333336,131.5,1,0.49999999999999994,0.8660254037844387
2026-01-27,11.8,7.1,9.5,7.1,9.1,40.020833333333336,45.47916666666666,1394.5416666666667,43.7625,10.916666666666666,45.708333333333336,139.75,1,0.49999999999999994,0.8660254037844387
2026-01-28,15.3,4.8,9.5,0.0,9.1,45.06666666666666,47.22916666666666,1153.3333333333333,50.27916666666667,17.658333333333335,44.0,115.875,1,0.49999999999999994,0.8660254037844387
2026-01-29,16.5,6.4,10.7,0.0,11.4,43.61666666666667,45.975,1060.4583333333333,51.3,14.141666666666666,49.29166666666666,123.91666666666669,1,0.49999999999999994,0.8660254037844387
2026-01-30,18.6,8.2,12.4,0.0,8.5,46.46666666666667,49.77916666666667,1491.75,55.72083333333333,15.479166666666666,44.25,115.91666666666669,1,0.49999999999999994,0.8660254037844387
2026-01-31,17.6,7.9,12.4,0.0,8.0,51.395833333333336,53.50833333333333,1524.7916666666667,54.9875,15.833333333333334,54.25,140.75,1,0.49999999999999994,0.8660254037844387
2026-02-01,16.6,9.2,12.5,0.3,8.4,60.975,66.35000000000001,1456.2916666666667,46.6375,17.283333333333335,65.375,138.70833333333334,2,0.8660254037844386,0.5000000000000001
2026-02-02,18.4,8.1,12.6,0.0,12.3,52.975,58.208333333333336,967.4583333333334,50.025,13.704166666666666,51.5,156.625,2,0.8660254037844386,0.5000000000000001
2026-02-03,17.9,8.4,12.4,1.5,12.2,37.954166666666666,42.65,1039.2916666666667,45.333333333333336,10.391666666666667,53.0,123.95833333333331,2,0.8660254037844386,0.5000000000000001
2026-02-04,19.4,9.2,13.5,0.0,16.1,28.02916666666667,30.866666666666664,761.0,36.40833333333333,9.008333333333333,62.333333333333336,92.33333333333331,2,0.8660254037844386,0.5000000000000001
2026-02-05,20.1,8.8,13.5,0.0,13.2,38.22083333333333,41.375,942.0416666666666,45.28333333333333,13.975,54.625,91.45833333333331,2,0.8660254037844386,0.5000000000000001
2026-02-06,19.2,8.6,12.0,8.9,20.2,31.2875,38.07083333333333,963.625,41.275,11.879166666666668,54.083333333333336,111.58333333333331,2,0.8660254037844386,0.5000000000000001
2026-02-07,18.3,7.5,12.0,0.0,15.7,31.570833333333336,39.766666666666666,732.7916666666666,42.3125,10.504166666666666,59.41666666666666,86.41666666666667,2,0.8660254037844386,0.5000000000000001
2026-02-08,20.4,8.1,13.3,0.0,10.7,32.5375,35.87083333333333,995.7916666666666,45.48333333333333,11.416666666666666,56.5,90.29166666666669,2,0.8660254037844386,0.5000000000000001
2026-02-09,19.2,10.7,14.5,0.1,8.8,42.67916666666667,46.30416666666667,1290.7083333333333,56.97916666666666,16.770833333333332,38.833333333333336,105.20833333333331,2,0.8660254037844386,0.5000000000000001
2026-02-10,15.4,9.6,11.8,18.8,17.4,36.13333333333333,41.87083333333333,983.2083333333334,36.266666666666666,8.866666666666667,56.958333333333336,117.75,2,0.8660254037844386,0.5000000000000001
2026-02-11,19.3,8.8,13.4,0.0,15.1,28.67083333333333,30.9625,700.8333333333334,38.266666666666666,10.175,59.41666666666666,91.41666666666669,2,0.8660254037844386,0.5000000000000001
2026-02-12,21.4,9.1,14.6,0.0,11.7,31.679166666666664,33.14166666666667,928.25,44.37083333333334,11.0875,56.208333333333336,85.70833333333333,2,0.8660254037844386,0.5000000000000001
2026-02-13,22.2,10.0,15.3,0.0,7.7,36.083333333333336,37.49166666666667,1157.2916666666667,51.25416666666666,14.483333333333334,51.66666666666666,102.5,2,0.8660254037844386,0.5000000000000001
2026-02-14,22.4,11.0,15.8,0.0,13.0,30.754166666666663,35.56666666666667,861.25,46.5875,11.591666666666669,56.54166666666666,96.33333333333331,2,0.8660254037844386,0.5000000000000001
2026-02-15,23.1,11.3,16.1,0.0,10.1,35.17916666666667,42.86666666666667,862.0,45.02916666666667,11.975,61.04166666666666,93.33333333333331,2,0.8660254037844386,0.5000000000000001
2026-02-16,23.7,11.5,16.7,0.0,10.3,33.7625,39.333333333333336,935.2916666666666,45.8375,14.441666666666668,57.75,98.83333333333331,2,0.8660254037844386,0.5000000000000001
2026-02-17,22.2,12.1,16.5,0.0,11.6,42.30833333333333,47.075,969.5,45.575,16.916666666666668,63.79166666666666,103.0,2,0.8660254037844386,0.5000000000000001
2026-02-18,23.4,12.0,17.1,0.0,12.1,44.78333333333333,47.99166666666667,975.2916666666666,50.65833333333333,16.233333333333334,61.54166666666666,124.04166666666669,2,0.8660254037844386,0.5000000000000001
2026-02-19,25.1,11.5,18.0,0.0,8.9,43.275,45.40833333333333,1046.625,45.05833333333334,23.329166666666666,78.70833333333333,121.91666666666669,2,0.8660254037844386,0.5000000000000001
2026-02-20,25.0,13.2,18.2,0.0,11.8,40.325,42.391666666666666,809.0,42.29583333333333,19.054166666666667,79.41666666666667,117.5,2,0.8660254037844386,0.5000000000000001
2026-02-21,25.6,12.3,18.4,0.0,9.7,43.50416666666666,46.80416666666667,1000.375,51.958333333333336,16.4875,79.08333333333333,114.20833333333331,2,0.8660254037844386,0.5000000000000001
2026-02-22,25.8,13.4,19.1,0.0,7.3,47.270833333333336,54.4125,1169.5833333333333,50.4625,19.258333333333333,81.95833333333333,124.70833333333331,2,0.8660254037844386,0.5000000000000001
2026-02-23,25.7,13.5,19.0,0.0,9.8,43.175,48.645833333333336,981.9166666666666,46.3125,16.570833333333333,78.45833333333333,126.75,2,0.8660254037844386,0.5000000000000001
2026-02-24,26.5,13.1,19.0,0.0,8.8,40.48333333333333,44.45,1143.9583333333333,45.86666666666667,15.466666666666669,70.04166666666667,114.29166666666669,2,0.8660254037844386,0.5000000000000001
2026-02-25,26.5,14.4,19.7,0.0,10.3,34.34166666666667,36.71666666666667,1014.1666666666666,41.22083333333333,13.054166666666667,69.45833333333333,106.45833333333331,2,0.8660254037844386,0.5000000000000001
2026-02-26,26.2,14.9,19.8,0.0,9.6,37.175,40.87083333333333,1017.9583333333334,42.63333333333333,12.775,65.70833333333333,99.08333333333331,2,0.8660254037844386,0.5000000000000001
2026-02-27,26.9,14.8,20.0,0.0,11.0,38.28333333333334,54.70416666666667,1005.5416666666666,42.4625,13.7875,71.79166666666667,106.29166666666669,2,0.8660254037844386,0.5000000000000001
2026-02-28,26.7,15.2,20.1,0.0,12.5,29.975,45.395833333333336,763.0416666666666,36.71666666666667,11.895833333333334,70.25,98.70833333333331,2,0.8660254037844386,0.5000000000000001
2026-03-01,27.0,14.2,20.2,0.0,13.7,28.4625,37.92916666666667,707.4166666666666,39.24166666666667,8.983333333333333,68.20833333333333,88.08333333333333,3,1.0,6.123233995736766e-17
2026-03-02,27.4,13.9,20.2,0.0,14.8,27.39583333333333,33.1625,673.0,40.74166666666667,8.4,66.25,87.70833333333333,3,1.0,6.123233995736766e-17
2026-03-03,29.1,14.7,21.9,0.0,13.7,25.141666666666666,30.729166666666668,725.4583333333334,41.81666666666667,9.0375,68.95833333333333,80.54166666666667,3,1.0,6.123233995736766e-17
2026-03-04,30.4,17.2,23.3,0.0,10.2,28.820833333333336,40.829166666666666,928.5,45.35416666666666,10.945833333333333,66.66666666666667,81.75,3,1.0,6.123233995736766e-17
2026-03-05,32.3,17.5,24.6,0.0,10.3,36.54583333333333,61.025,896.2083333333334,42.75,11.725,59.375,95.41666666666669,3,1.0,6.123233995736766e-17
2026-03-06,33.1,18.7,25.6,0.0,12.0,38.17083333333333,56.1875,1063.25,48.3875,14.729166666666666,67.20833333333333,104.08333333333331,3,1.0,6.123233995736766e-17
2026-03-07,29.1,20.2,24.0,0.0,12.3,32.37916666666667,42.833333333333336,793.5833333333334,21.225,12.041666666666666,103.29166666666669,103.04166666666669,3,1.0,6.123233995736766e-17
2026-03-08,32.4,16.5,23.8,0.0,11.7,26.60833333333333,39.204166666666666,872.8333333333334,32.25,9.233333333333333,77.58333333333333,87.79166666666667,3,1.0,6.123233995736766e-17
2026-03-09,31.1,18.9,24.0,1.1,24.5,30.516666666666666,45.31666666666666,664.7916666666666,40.0625,10.108333333333333,58.708333333333336,88.95833333333333,3,1.0,6.123233995736766e-17
2026-03-10,25.9,17.1,20.5,3.9,21.0,30.04583333333333,48.86666666666667,689.4166666666666,14.095833333333331,6.708333333333333,98.70833333333331,90.16666666666669,3,1.0,6.123233995736766e-17
2026-03-11,24.1,15.9,19.4,39.2,14.4,28.98333333333333,53.770833333333336,830.1666666666666,23.804166666666664,7.0375000000000005,83.33333333333333,85.79166666666667,3,1.0,6.123233995736766e-17
2026-03-12,23.3,14.7,18.6,2.0,9.6,34.61666666666667,56.25833333333333,906.6666666666666,31.5125,10.541666666666666,83.04166666666667,88.5,3,1.0,6.123233995736766e-17
2026-03-13,24.5,14.7,18.7,0.0,11.0,22.808333333333334,28.40833333333333,726.8333333333334,37.34166666666667,6.9125000000000005,59.833333333333336,98.375,3,1.0,6.123233995736766e-17
2026-03-14,26.4,14.7,19.8,0.0,9.9,25.09583333333333,28.391666666666666,787.75,45.21666666666667,10.783333333333331,61.958333333333336,71.70833333333333,3,1.0,6.123233995736766e-17
2026-03-15,19.5,13.2,15.7,10.6,19.8,26.629166666666663,37.10416666666666,600.125,28.883333333333336,6.2375,57.75,87.125,3,1.0,6.123233995736766e-17
2026-03-16,18.8,10.5,14.4,1.7,11.0,29.6,41.10833333333333,793.625,31.829166666666666,8.270833333333334,68.375,78.83333333333333,3,1.0,6.123233995736766e-17
2026-03-17,21.5,11.9,16.4,0.0,12.2,32.2,38.53333333333333,1000.5833333333334,45.92916666666667,9.458333333333334,55.875,99.0,3,1.0,6.123233995736766e-17
2026-03-18,17.0,13.3,14.8,5.7,13.5,26.46666666666667,41.82083333333333,1207.5,40.79166666666666,5.841666666666666,54.958333333333336,89.20833333333333,3,1.0,6.123233995736766e-17
2026-03-19,18.5,13.3,15.3,4.6,9.9,32.0625,66.39166666666667,1161.9166666666667,35.233333333333334,9.3125,57.66666666666666,80.0,3,1.0,6.123233995736766e-17
2026-03-20,19.7,11.6,15.0,11.3,9.6,39.145833333333336,60.79583333333333,1202.0,45.975,13.4375,56.458333333333336,109.41666666666669,3,1.0,6.123233995736766e-17
2026-03-21,21.8,11.2,16.3,0.0,11.5,39.55416666666667,49.10833333333333,764.5416666666666,36.891666666666666,14.75,69.5,104.625,3,1.0,6.123233995736766e-17
2026-03-22,23.2,13.2,18.0,0.0,15.8,35.670833333333334,39.99166666666667,792.5,40.48333333333333,10.2375,73.08333333333333,109.70833333333331,3,1.0,6.123233995736766e-17
2026-03-23,24.6,13.5,18.9,0.4,14.9,24.20833333333333,27.89583333333333,801.9583333333334,28.59583333333333,9.979166666666666,82.625,95.41666666666669,3,1.0,6.123233995736766e-17
2026-03-24,25.4,15.1,19.8,0.1,12.2,20.416666666666668,26.004166666666663,643.875,30.129166666666663,9.729166666666666,81.58333333333333,75.20833333333333,3,1.0,6.123233995736766e-17
2026-03-25,27.1,16.1,20.5,3.6,13.9,26.48333333333333,34.0625,944.75,41.87916666666667,11.204166666666666,68.83333333333333,79.58333333333333,3,1.0,6.123233995736766e-17
2026-03-26,23.6,15.9,19.4,1.1,11.7,35.675000000000004,44.75,691.4166666666666,43.125,12.345833333333331,66.29166666666667,92.41666666666669,3,1.0,6.123233995736766e-17
2026-03-27,27.0,15.9,21.4,0.0,13.1,35.2875,40.34583333333333,843.5833333333334,49.54166666666666,12.65,71.625,106.91666666666669,3,1.0,6.123233995736766e-17
2026-03-28,28.1,16.5,22.3,0.0,10.9,23.741666666666664,25.883333333333336,1222.2083333333333,40.7875,12.3125,69.58333333333333,90.0,3,1.0,6.123233995736766e-17
2026-03-29,24.5,17.0,20.2,13.1,11.3,23.6375,30.75,915.5833333333334,31.3,7.633333333333333,77.375,74.0,3,1.0,6.123233995736766e-17
2026-03-30,24.2,15.0,17.9,26.4,17.0,26.83333333333333,72.1375,554.0,26.541666666666668,6.720833333333334,76.16666666666667,80.25,3,1.0,6.123233995736766e-17
2026-03-31,25.5,13.1,19.2,0.0,11.3,24.4625,50.99166666666667,835.2083333333334,28.929166666666664,7.462499999999999,69.66666666666667,80.04166666666667,3,1.0,6.123233995736766e-17
2026-04-01,25.9,16.2,20.7,0.0,8.5,32.795833333333334,66.39583333333333,923.75,33.958333333333336,9.058333333333334,75.79166666666667,85.08333333333333,4,0.8660254037844388,-0.4999999999999998
2026-04-02,26.1,18.5,21.1,3.2,12.8,32.270833333333336,51.24166666666667,991.1666666666666,43.68333333333334,9.575,63.29166666666666,101.25,4,0.8660254037844388,-0.4999999999999998
2026-04-03,20.6,15.4,18.5,22.5,18.0,21.366666666666664,36.15833333333333,514.0833333333334,23.891666666666666,4.7125,69.25,84.70833333333333,4,0.8660254037844388,-0.4999999999999998
2026-04-04,20.3,13.5,16.7,4.7,24.3,19.475,44.95416666666667,548.125,26.21666666666667,5.266666666666667,65.375,67.79166666666667,4,0.8660254037844388,-0.4999999999999998
2026-04-05,24.1,12.4,17.8,0.2,9.5,20.941666666666663,36.05833333333333,726.25,34.708333333333336,7.095833333333334,69.45833333333333,71.75,4,0.8660254037844388,-0.4999999999999998
2026-04-06,24.7,15.1,19.4,0.0,12.1,18.4125,27.9625,571.5833333333334,29.870833333333334,5.8375,73.66666666666667,78.0,4,0.8660254037844388,-0.4999999999999998
2026-04-07,17.2,12.5,15.0,29.8,32.7,18.120833333333334,37.11666666666667,497.2916666666667,18.320833333333333,4.125,86.95833333333333,67.08333333333333,4,0.8660254037844388,-0.4999999999999998
2026-04-08,18.2,11.4,13.8,10.8,12.2,22.229166666666668,45.4625,921.9166666666666,29.22083333333333,6.829166666666667,88.5,65.70833333333333,4,0.8660254037844388,-0.4999999999999998
2026-04-09,19.8,11.5,15.7,0.8,11.5,26.429166666666664,34.62083333333333,784.5,36.333333333333336,8.025,85.04166666666667,84.66666666666667,4,0.8660254037844388,-0.4999999999999998
2026-04-10,23.7,13.0,18.2,0.0,13.6,19.7625,24.433333333333334,507.7916666666667,39.15416666666667,7.791666666666667,75.25,86.75,4,0.8660254037844388,-0.4999999999999998
2026-04-11,22.9,15.0,18.6,0.4,9.5,25.941666666666663,48.79583333333333,798.25,38.92083333333333,9.666666666666666,79.04166666666667,80.04166666666667,4,0.8660254037844388,-0.4999999999999998
2026-04-12,25.5,15.0,20.1,0.0,10.8,21.22083333333333,35.55833333333333,677.875,36.86666666666667,8.329166666666667,85.375,87.04166666666667,4,0.8660254037844388,-0.4999999999999998
2026-04-13,27.6,16.4,21.6,0.0,12.7,19.3,26.09166666666667,735.0416666666666,36.65833333333333,7.158333333333334,87.0,86.75,4,0.8660254037844388,-0.4999999999999998
2026-04-14,29.2,16.9,22.4,0.0,11.7,19.275,23.429166666666664,685.5416666666666,41.1375,8.791666666666666,90.04166666666667,84.08333333333333,4,0.8660254037844388,-0.4999999999999998
2026-04-15,30.0,18.0,23.5,0.0,15.2,17.916666666666668,19.995833333333334,640.1666666666666,40.60833333333333,8.458333333333334,92.41666666666669,85.5,4,0.8660254037844388,-0.4999999999999998
2026-04-16,30.6,18.1,23.8,0.7,15.3,19.225,25.67083333333333,790.4583333333334,37.50833333333333,10.670833333333334,86.45833333333333,78.20833333333333,4,0.8660254037844388,-0.4999999999999998
2026-04-17,26.8,17.9,21.6,2.9,23.7,19.09583333333333,40.55833333333333,444.1666666666667,22.28333333333333,5.270833333333333,86.45833333333333,69.29166666666667,4,0.8660254037844388,-0.4999999999999998
2026-04-18,29.0,17.5,22.5,0.6,16.9,24.29583333333333,61.47916666666666,540.5833333333334,29.5875,6.991666666666667,88.58333333333333,76.20833333333333,4,0.8660254037844388,-0.4999999999999998
2026-04-19,28.7,17.0,22.5,0.9,13.5,22.954166666666666,51.63333333333333,735.9583333333334,30.7,8.579166666666667,83.08333333333333,84.58333333333333,4,0.8660254037844388,-0.4999999999999998
2026-04-20,31.1,18.3,24.1,0.0,11.8,19.716666666666665,34.59166666666667,750.25,31.8875,6.883333333333333,74.5,80.375,4,0.8660254037844388,-0.4999999999999998
2026-04-21,32.2,19.9,25.6,0.0,14.6,21.3875,30.08333333333333,646.5833333333334,40.766666666666666,8.529166666666667,75.375,77.20833333333333,4,0.8660254037844388,-0.4999999999999998
2026-04-22,34.3,20.0,27.4,0.0,12.4,20.025,27.59583333333333,734.9583333333334,42.079166666666666,9.0375,79.58333333333333,80.375,4,0.8660254037844388,-0.4999999999999998
2026-04-23,34.0,23.2,27.9,0.3,26.7,23.266666666666666,36.82083333333333,586.125,37.42083333333333,10.970833333333331,85.66666666666667,84.54166666666667,4,0.8660254037844388,-0.4999999999999998
2026-04-24,34.9,22.6,27.1,0.0,22.7,25.175,60.333333333333336,652.0416666666666,27.245833333333334,8.325000000000001,85.5,83.20833333333333,4,0.8660254037844388,-0.4999999999999998
2026-04-25,33.8,20.1,26.8,0.0,12.7,21.375,54.8375,843.2916666666666,20.22083333333333,6.916666666666667,90.5,79.33333333333333,4,0.8660254037844388,-0.4999999999999998
2026-04-26,34.9,21.1,28.3,0.0,15.6,15.695833333333333,22.72083333333333,528.2083333333334,30.441666666666663,6.816666666666666,78.25,79.58333333333333,4,0.8660254037844388,-0.4999999999999998
2026-04-27,35.7,23.5,29.3,0.0,9.0,17.729166666666668,20.17083333333333,650.5416666666666,46.59583333333333,9.7,79.625,76.16666666666667,4,0.8660254037844388,-0.4999999999999998
2026-04-28,31.2,20.3,26.1,3.8,21.3,19.2125,28.225,527.7083333333334,25.516666666666666,6.820833333333333,87.83333333333333,75.0,4,0.8660254037844388,-0.4999999999999998
2026-04-29,29.1,19.8,24.2,0.8,15.7,16.620833333333334,26.77083333333333,559.6666666666666,30.23333333333333,5.0125,71.95833333333333,66.5,4,0.8660254037844388,-0.4999999999999998
2026-04-30,31.9,19.9,24.5,2.0,13.5,19.97083333333333,26.3,754.875,33.12916666666667,8.108333333333333,89.33333333333333,80.79166666666667,4,0.8660254037844388,-0.4999999999999998
2026-05-01,33.2,20.4,26.8,0.0,13.2,18.225,23.866666666666664,728.125,31.354166666666668,9.145833333333334,92.625,86.79166666666667,5,0.49999999999999994,-0.8660254037844387
2026-05-02,34.8,22.7,28.0,0.0,19.2,16.954166666666666,24.941666666666663,736.6666666666666,29.98333333333333,8.804166666666667,98.91666666666669,87.125,5,0.49999999999999994,-0.8660254037844387
2026-05-03,30.6,19.2,25.1,0.1,12.3,18.558333333333334,30.741666666666664,876.0833333333334,29.52083333333333,8.5875,98.125,83.33333333333333,5,0.49999999999999994,-0.8660254037844387
2026-05-04,28.8,18.7,23.3,2.1,16.3,24.008333333333336,51.87083333333334,554.0,27.85833333333333,8.612499999999999,105.125,88.5,5,0.49999999999999994,-0.8660254037844387
2026-05-05,31.0,17.3,24.1,0.0,14.6,22.133333333333336,46.44166666666666,539.5833333333334,23.8125,9.454166666666667,113.875,106.08333333333331,5,0.49999999999999994,-0.8660254037844387
2026-05-06,32.5,19.0,25.9,0.0,9.1,21.39583333333333,30.7875,629.9583333333334,30.541666666666668,11.691666666666668,116.95833333333331,106.79166666666669,5,0.49999999999999994,-0.8660254037844387
2026-05-07,33.3,21.4,27.0,0.0,12.5,21.933333333333334,30.883333333333336,590.2916666666666,21.85833333333333,9.770833333333334,127.70833333333331,112.5,5,0.49999999999999994,-0.8660254037844387
2026-05-08,33.8,22.1,27.7,0.0,12.7,43.05416666666667,115.05833333333334,549.0,20.904166666666665,11.795833333333334,132.75,120.91666666666669,5,0.49999999999999994,-0.8660254037844387
2026-05-09,36.5,23.4,29.8,0.0,8.8,55.69583333333333,139.22083333333333,848.0833333333334,28.529166666666665,14.775,130.0,153.04166666666666,5,0.49999999999999994,-0.8660254037844387
2026-05-10,36.0,22.4,29.5,5.5,15.7,54.09166666666667,116.10833333333332,725.9166666666666,26.65,13.4875,127.29166666666669,157.29166666666666,5,0.49999999999999994,-0.8660254037844387
2026-05-11,30.9,21.6,24.5,4.0,15.0,52.520833333333336,88.65416666666665,959.375,31.4,15.0375,125.41666666666669,155.79166666666666,5,0.49999999999999994,-0.8660254037844387
2026-05-12,31.5,19.6,25.7,0.0,7.5,42.09166666666667,78.825,949.375,37.00416666666667,11.279166666666669,100.54166666666669,133.5,5,0.49999999999999994,-0.8660254037844387
2026-05-13,32.9,21.8,27.5,0.0,8.8,31.579166666666666,45.19583333333333,855.8333333333334,43.82083333333333,7.995833333333334,72.29166666666667,113.91666666666669,5,0.49999999999999994,-0.8660254037844387
2026-05-14,33.3,21.4,26.1,1.4,15.5,31.32083333333333,46.083333333333336,796.5,39.141666666666666,9.833333333333334,78.41666666666667,88.70833333333333,5,0.49999999999999994,-0.8660254037844387
2026-05-15,32.5,20.0,26.2,1.1,13.0,28.73333333333333,36.766666666666666,862.9583333333334,41.1125,8.754166666666666,74.125,98.66666666666669,5,0.49999999999999994,-0.8660254037844387
2026-05-16,34.9,21.4,28.1,0.0,9.1,22.916666666666668,29.829166666666666,605.75,41.6625,8.058333333333334,82.58333333333333,97.25,5,0.49999999999999994,-0.8660254037844387
2026-05-17,36.0,23.4,29.9,0.0,14.8,15.075,17.429166666666667,423.5416666666667,31.21666666666667,5.858333333333333,91.95833333333331,87.41666666666667,5,0.49999999999999994,-0.8660254037844387
2026-05-18,40.3,26.5,33.2,0.0,12.3,18.4875,36.60416666666666,731.125,27.479166666666668,7.091666666666666,95.04166666666669,81.75,5,0.49999999999999994,-0.8660254037844387
2026-05-19,39.7,24.0,33.3,0.0,23.6,23.745833333333334,45.7875,714.25,24.316666666666663,7.2375,102.875,90.20833333333331,5,0.49999999999999994,-0.8660254037844387
2026-05-20,39.8,28.4,33.6,0.4,22.8,25.83333333333333,50.87916666666666,703.9583333333334,25.120833333333334,7.266666666666667,95.16666666666669,88.08333333333333,5,0.49999999999999994,-0.8660254037844387
2026-05-21,34.5,21.7,28.7,3.3,21.9,30.3375,83.62916666666666,740.4583333333334,31.00833333333333,7.733333333333333,79.33333333333333,85.25,5,0.49999999999999994,-0.8660254037844387
2026-05-22,35.3,22.7,29.1,0.0,14.2,31.59166666666667,80.38333333333334,599.6666666666666,32.09166666666667,7.995833333333334,81.625,91.91666666666669,5,0.49999999999999994,-0.8660254037844387
2026-05-23,35.6,24.4,30.0,0.0,15.8,22.78333333333333,49.35416666666666,663.875,22.48333333333333,6.075,96.29166666666669,95.125,5,0.49999999999999994,-0.8660254037844387
2026-05-24,35.2,23.6,29.7,0.0,10.2,25.10833333333333,53.075,449.9166666666667,25.3125,6.991666666666667,86.79166666666667,81.875,5,0.49999999999999994,-0.8660254037844387
2026-05-25,35.9,24.2,30.0,0.5,15.1,19.829166666666666,31.10833333333333,517.125,27.15416666666667,5.641666666666667,92.5,92.16666666666669,5,0.49999999999999994,-0.8660254037844387
2026-05-26,37.3,24.2,30.7,0.0,14.6,16.125,23.9125,662.7083333333334,27.0625,5.5625,99.66666666666669,82.875,5,0.49999999999999994,-0.8660254037844387
2026-05-27,39.7,26.9,33.1,0.0,15.6,17.279166666666665,29.4375,674.5416666666666,29.691666666666663,5.595833333333334,94.29166666666669,77.83333333333333,5,0.49999999999999994,-0.8660254037844387
2026-05-28,38.9,27.6,33.1,0.3,12.8,21.5125,34.041666666666664,618.125,36.35833333333333,6.5875,91.16666666666669,85.16666666666667,5,0.49999999999999994,-0.8660254037844387
2026-05-29,37.0,26.4,31.5,0.0,19.9,31.570833333333336,53.24583333333334,544.125,26.495833333333334,7.9125,117.08333333333331,107.83333333333331,5,0.49999999999999994,-0.8660254037844387
2026-05-30,31.6,23.1,28.2,0.2,19.5,56.325,169.22083333333333,587.4583333333334,18.2625,8.933333333333334,130.70833333333334,124.54166666666669,5,0.49999999999999994,-0.8660254037844387
2026-05-31,33.4,23.5,28.6,0.1,11.0,52.54583333333333,128.7125,555.9166666666666,15.4,8.666666666666666,129.79166666666666,155.5,5,0.49999999999999994,-0.8660254037844387
2026-06-01,34.1,25.0,29.7,1.2,11.1,54.025,127.02083333333331,770.75,16.608333333333334,10.8,125.70833333333331,144.04166666666666,6,1.2246467991473532e-16,-1.0
2026-06-02,35.4,26.6,30.5,0.9,14.5,56.69166666666666,123.475,766.125,15.995833333333332,9.9,128.25,150.45833333333334,6,1.2246467991473532e-16,-1.0
2026-06-03,35.4,25.4,30.4,0.8,17.9,35.75,69.4375,897.7083333333334,15.054166666666667,8.808333333333334,119.75,136.375,6,1.2246467991473532e-16,-1.0
2026-06-04,29.8,21.8,26.0,12.0,16.0,33.891666666666666,62.54166666666666,784.25,25.616666666666664,9.4875,106.125,107.33333333333331,6,1.2246467991473532e-16,-1.0
2026-06-05,32.6,21.7,26.9,0.1,9.2,34.9125,55.1125,775.75,35.4125,9.15,93.0,115.08333333333331,6,1.2246467991473532e-16,-1.0
2026-06-06,35.3,23.7,29.1,0.0,9.4,19.229166666666668,26.491666666666664,626.9166666666666,24.0875,6.133333333333333,101.04166666666669,99.5,6,1.2246467991473532e-16,-1.0
2026-06-07,36.3,23.4,30.2,0.7,8.4,18.804166666666667,25.554166666666664,487.8333333333333,28.5875,7.183333333333334,104.66666666666669,98.29166666666669,6,1.2246467991473532e-16,-1.0
2026-06-08,38.8,25.5,32.3,0.0,10.0,15.683333333333332,20.9375,577.0416666666666,28.508333333333336,6.2250000000000005,103.41666666666669,91.83333333333331,6,1.2246467991473532e-16,-1.0
2026-06-09,40.6,26.8,34.0,0.0,12.0,16.6875,20.15,688.25,34.57083333333333,7.4375,106.75,96.04166666666669,6,1.2246467991473532e-16,-1.0
2026-06-10,41.7,27.8,34.5,0.0,9.6,19.975,28.004166666666663,773.5,31.4875,8.458333333333334,115.375,100.75,6,1.2246467991473532e-16,-1.0
2026-06-11,40.6,28.4,34.4,0.1,19.7,24.004166666666663,30.725,629.5833333333334,21.883333333333336,8.95,138.0,121.45833333333331,6,1.2246467991473532e-16,-1.0
2026-06-12,31.4,21.7,27.3,12.1,19.2,34.920833333333334,71.00833333333334,751.5833333333334,15.3125,8.575000000000001,120.33333333333331,103.08333333333331,6,1.2246467991473532e-16,-1.0
2026-06-13,32.6,24.4,28.5,0.5,18.4,28.4625,50.12083333333334,650.25,17.400000000000002,6.416666666666667,117.33333333333331,107.16666666666669,6,1.2246467991473532e-16,-1.0
2026-06-14,35.6,25.0,30.4,0.4,6.3,30.191666666666663,51.95,589.625,20.204166666666666,8.275,110.25,105.33333333333331,6,1.2246467991473532e-16,-1.0
2026-06-15,35.1,26.5,30.6,1.6,18.0,28.829166666666666,48.15833333333333,800.75,15.804166666666667,8.708333333333334,115.54166666666669,103.91666666666669,6,1.2246467991473532e-16,-1.0
2026-06-16,33.3,23.1,28.4,5.6,22.4,37.5125,55.61666666666667,661.625,19.075,7.779166666666666,111.45833333333331,109.45833333333331,6,1.2246467991473532e-16,-1.0
2026-06-17,35.0,25.4,29.6,2.9,10.3,36.81666666666667,48.84583333333333,964.1666666666666,23.695833333333336,8.8125,105.25,116.25,6,1.2246467991473532e-16,-1.0
2026-06-18,35.8,24.4,29.9,1.6,9.7,28.92083333333333,40.35,1001.5833333333334,19.84583333333333,8.729166666666666,107.29166666666669,111.08333333333331,6,1.2246467991473532e-16,-1.0
2026-06-19,34.8,24.4,29.1,1.6,17.1,32.44166666666667,42.4125,780.6666666666666,37.37916666666667,11.129166666666668,92.54166666666669,100.95833333333331,6,1.2246467991473532e-16,-1.0
2026-06-20,35.4,23.4,29.9,0.0,8.7,31.691666666666663,37.62083333333333,792.9166666666666,42.46666666666667,9.1375,90.20833333333331,113.91666666666669,6,1.2246467991473532e-16,-1.0
2026-06-21,35.7,21.8,29.1,4.4,17.8,21.0,26.9125,700.5,19.58333333333333,6.316666666666666,97.91666666666669,88.66666666666667,6,1.2246467991473532e-16,-1.0
2026-06-22,31.6,21.0,26.9,7.4,17.7,24.3875,30.954166666666666,893.4166666666666,28.195833333333336,5.9875,90.41666666666669,88.75,6,1.2246467991473532e-16,-1.0
2026-06-23,34.9,24.6,29.7,0.8,9.0,25.52083333333333,29.2375,914.2083333333334,38.0,8.137500000000001,89.54166666666667,99.29166666666669,6,1.2246467991473532e-16,-1.0
2026-06-24,37.8,25.9,31.8,0.1,11.6,27.5625,38.9375,632.7083333333334,26.8875,7.8875,102.16666666666669,92.70833333333331,6,1.2246467991473532e-16,-1.0
2026-06-25,32.7,24.2,28.9,1.0,17.5,34.6625,51.475,794.9166666666666,29.954166666666666,8.508333333333333,104.75,103.75,6,1.2246467991473532e-16,-1.0
2026-06-26,36.7,26.3,31.5,0.0,7.8,39.925,50.20416666666667,995.9166666666666,36.7,10.625,105.70833333333331,123.16666666666669,6,1.2246467991473532e-16,-1.0
2026-06-27,38.7,27.3,33.1,0.0,7.9,37.425,49.525,962.2083333333334,33.27916666666667,9.316666666666666,105.25,121.41666666666669,6,1.2246467991473532e-16,-1.0
2026-06-28,40.0,29.0,34.4,0.0,12.8,33.57083333333333,45.0875,551.2916666666666,20.841666666666665,9.475,114.33333333333331,115.0,6,1.2246467991473532e-16,-1.0
2026-06-29,38.5,29.8,34.4,0.4,13.0,40.56666666666667,53.2125,611.875,18.329166666666666,9.95,123.95833333333331,121.58333333333331,6,1.2246467991473532e-16,-1.0
2026-06-30,39.1,30.7,34.1,2.6,15.1,50.075,67.8,467.75,14.970833333333331,10.704166666666666,133.08333333333334,132.20833333333334,6,1.2246467991473532e-16,-1.0
2026-07-01,35.0,24.3,30.3,4.7,16.3,47.65833333333333,87.3875,634.7916666666666,15.658333333333331,8.737499999999999,124.83333333333331,135.875,7,-0.4999999999999998,-0.8660254037844388
2026-07-02,33.8,24.8,29.5,0.2,10.4,46.833333333333336,79.06666666666666,666.75,22.575,11.179166666666667,118.70833333333331,135.91666666666666,7,-0.4999999999999998,-0.8660254037844388
2026-07-03,35.5,23.2,29.9,6.5,18.9,42.9875,70.79166666666667,727.4583333333334,38.19583333333333,10.6875,107.29166666666669,140.83333333333334,7,-0.4999999999999998,-0.8660254037844388
2026-07-04,38.0,27.6,32.9,0.0,10.7,42.55,60.41666666666666,738.4166666666666,40.93333333333333,11.833333333333334,107.29166666666669,133.58333333333334,7,-0.4999999999999998,-0.8660254037844388
2026-07-05,39.1,28.8,33.8,0.1,10.6,49.8625,67.46666666666667,622.6666666666666,26.379166666666663,11.05,118.79166666666669,132.875,7,-0.4999999999999998,-0.8660254037844388
2026-07-06,35.0,28.7,32.1,0.3,12.2,59.59583333333333,76.60416666666667,739.3333333333334,17.75,9.470833333333331,125.08333333333331,150.08333333333334,7,-0.4999999999999998,-0.8660254037844388
2026-07-07,35.7,26.9,30.8,0.0,11.8,56.333333333333336,72.27916666666667,803.5833333333334,38.53333333333333,12.066666666666668,103.95833333333331,157.91666666666666,7,-0.4999999999999998,-0.8660254037844388
2026-07-08,36.6,26.4,31.0,0.3,11.2,60.75,74.0125,795.0833333333334,24.48333333333333,11.545833333333334,133.83333333333334,162.0,7,-0.4999999999999998,-0.8660254037844388
2026-07-09,35.2,24.8,29.9,0.0,8.5,64.9875,77.34166666666667,798.0833333333334,32.766666666666666,11.245833333333332,117.79166666666669,167.70833333333334,7,-0.4999999999999998,-0.8660254037844388
2026-07-10,35.7,25.6,30.4,1.0,14.1,49.275,66.50833333333334,715.2083333333334,23.9375,11.375,127.79166666666669,152.79166666666666,7,-0.4999999999999998,-0.8660254037844388
2026-07-11,32.2,24.0,28.2,6.1,12.5,34.800000000000004,46.52916666666667,619.9166666666666,17.925,8.0625,129.20833333333334,136.08333333333334,7,-0.4999999999999998,-0.8660254037844388
2026-07-12,30.6,22.2,26.4,12.1,12.5,32.71666666666667,44.1375,797.25,26.60833333333333,8.35,104.625,108.625,7,-0.4999999999999998,-0.8660254037844388
2026-07-13,33.7,25.2,29.5,0.5,5.9,32.47083333333333,40.2625,1064.9166666666667,35.104166666666664,9.4125,106.33333333333331,123.625,7,-0.4999999999999998,-0.8660254037844388
2026-07-14,34.0,22.3,29.0,3.8,11.8,31.066666666666663,39.125,932.0,35.233333333333334,9.183333333333334,109.91666666666669,118.83333333333331,7,-0.4999999999999998,-0.8660254037844388
2026-07-15,34.2,25.5,29.5,2.0,10.5,38.708333333333336,47.05416666666667,867.9583333333334,36.35833333333333,10.125,112.29166666666669,125.70833333333331,7,-0.4999999999999998,-0.8660254037844388
2026-07-16,35.9,26.2,31.4,0.0,8.6,46.55,62.99583333333334,995.75,40.61666666666667,10.129166666666666,103.04166666666669,131.16666666666666,7,-0.4999999999999998,-0.8660254037844388
2026-07-17,36.6,28.4,32.2,1.0,11.4,49.525,76.89999999999999,725.9166666666666,29.6375,10.995833333333332,113.625,139.375,7,-0.4999999999999998,-0.8660254037844388
2026-07-18,36.5,28.8,32.5,0.8,12.5,51.99166666666667,81.50416666666668,646.0416666666666,24.34583333333333,10.6125,111.625,142.16666666666666,7,-0.4999999999999998,-0.8660254037844388
2026-07-19,33.9,27.0,30.5,2.5,15.4,38.18333333333333,58.7625,509.0833333333333,15.758333333333333,8.0375,106.875,120.83333333333331,7,-0.4999999999999998,-0.8660254037844388
2026-07-20,30.5,24.6,27.6,19.0,13.1,30.991666666666664,55.083333333333336,567.3333333333334,18.616666666666667,8.270833333333334,102.75,98.41666666666669,7,-0.4999999999999998,-0.8660254037844388
2026-07-21,24.9,23.5,24.3,52.2,16.1,16.741666666666667,29.141666666666666,611.8333333333334,22.429166666666664,5.254166666666666,72.33333333333333,84.375,7,-0.4999999999999998,-0.8660254037844388
2026-07-22,27.6,24.0,25.7,1.6,19.4,17.966666666666665,21.0,600.2916666666666,29.820833333333336,5.633333333333333,57.16666666666666,62.958333333333336,7,-0.4999999999999998,-0.8660254037844388
2026-07-23,30.0,24.2,26.6,1.2,16.4,29.03333333333333,30.15,1093.5416666666667,32.7125,6.575,58.41666666666666,76.375,7,-0.4999999999999998,-0.8660254037844388
2026-07-24,30.7,24.3,27.4,1.0,14.1,32.35,33.00833333333333,860.4583333333334,40.075,8.558333333333334,58.125,94.20833333333331,7,-0.4999999999999998,-0.8660254037844388
2026-07-25,27.6,25.2,26.1,7.1,9.1,32.7125,33.5125,1292.9583333333333,47.45,7.716666666666666,40.958333333333336,90.54166666666669,7,-0.4999999999999998,-0.8660254037844388
2026-07-26,32.1,24.9,28.0,1.4,8.0,28.21666666666667,30.725,756.2916666666666,28.370833333333334,8.229166666666666,79.79166666666667,92.625,7,-0.4999999999999998,-0.8660254037844388
2026-07-27,33.6,26.1,29.8,0.0,5.2,36.19583333333333,37.63333333333333,820.0,46.825,10.808333333333332,76.66666666666667,107.91666666666669,7,-0.4999999999999998,-0.8660254037844388
2026-07-28,34.3,26.2,29.9,1.9,12.1,34.141666666666666,37.24166666666667,974.875,27.60833333333333,10.975,105.41666666666669,109.0,7,-0.4999999999999998,-0.8660254037844388
2026-07-29,30.9,23.4,27.2,6.0,12.0,36.9375,41.34166666666667,963.0833333333334,29.02083333333333,9.783333333333331,107.54166666666669,110.04166666666669,7,-0.4999999999999998,-0.8660254037844388
2026-07-30,32.2,24.8,28.5,0.9,12.3,44.020833333333336,47.7,836.75,36.06666666666667,10.025,95.91666666666669,124.29166666666669,7,-0.4999999999999998,-0.8660254037844388
