temperature_2m,relative_humidity_2m,surface_pressure,precipitation,wind_speed_10m,datetime
10.3,75,956.8,0.0,4.3,2024-01-01 00:00:00
8.7,79,956.3,0.0,5.9,2024-01-01 01:00:00
8.7,78,956.1,0.0,6.4,2024-01-01 02:00:00
10.6,69,956.8,0.0,4.0,2024-01-01 03:00:00
10.3,68,956.6,0.0,2.3,2024-01-01 04:00:00
8.7,72,956.1,0.0,2.4,2024-01-01 05:00:00
5.6,90,955.7,0.0,3.6,2024-01-01 06:00:00
5.9,87,956.4,0.0,5.1,2024-01-01 07:00:00
7.7,83,957.3,0.0,5.1,2024-01-01 08:00:00
11.3,72,958.3,0.0,4.9,2024-01-01 09:00:00
13.7,65,959.1,0.0,2.3,2024-01-01 10:00:00
15.7,59,958.8,0.0,3.3,2024-01-01 11:00:00
17.3,52,957.9,0.0,5.4,2024-01-01 12:00:00
18.2,48,957.1,0.0,7.6,2024-01-01 13:00:00
18.3,48,956.3,0.0,9.3,2024-01-01 14:00:00
17.7,50,955.8,0.0,10.6,2024-01-01 15:00:00
16.3,59,955.5,0.0,8.4,2024-01-01 16:00:00
12.7,75,954.8,0.0,7.0,2024-01-01 17:00:00
10.3,87,954.9,0.0,7.4,2024-01-01 18:00:00
9.2,88,955.3,0.0,4.8,2024-01-01 19:00:00
8.5,83,955.6,0.0,5.4,2024-01-01 20:00:00
8.2,76,955.7,0.0,7.2,2024-01-01 21:00:00
9.1,72,956.3,0.0,6.6,2024-01-01 22:00:00
7.6,81,955.8,0.0,8.1,2024-01-01 23:00:00
7.2,85,955.5,0.0,8.1,2024-01-02 00:00:00
8.6,79,955.5,0.0,5.8,2024-01-02 01:00:00
9.5,74,955.4,0.0,2.5,2024-01-02 02:00:00
9.0,74,955.2,0.0,1.1,2024-01-02 03:00:00
8.6,75,955.0,0.0,0.8,2024-01-02 04:00:00
8.2,76,954.9,0.0,1.9,2024-01-02 05:00:00
6.4,96,955.4,0.0,2.7,2024-01-02 06:00:00
6.8,94,955.9,0.0,3.6,2024-01-02 07:00:00
7.5,94,956.6,0.0,4.4,2024-01-02 08:00:00
8.6,92,957.3,0.0,4.0,2024-01-02 09:00:00
10.1,84,957.9,0.0,2.4,2024-01-02 10:00:00
12.5,74,957.9,0.0,3.8,2024-01-02 11:00:00
14.0,69,957.0,0.0,4.0,2024-01-02 12:00:00
15.3,64,956.1,0.0,3.1,2024-01-02 13:00:00
16.0,61,955.4,0.0,2.7,2024-01-02 14:00:00
16.1,61,955.0,0.0,2.9,2024-01-02 15:00:00
15.3,65,954.7,0.0,4.2,2024-01-02 16:00:00
12.9,76,954.4,0.0,6.0,2024-01-02 17:00:00
10.0,86,954.8,0.0,8.4,2024-01-02 18:00:00
9.1,88,955.3,0.0,10.4,2024-01-02 19:00:00
10.3,84,956.1,0.0,5.2,2024-01-02 20:00:00
9.5,88,955.7,0.0,1.1,2024-01-02 21:00:00
9.0,90,955.5,0.0,0.5,2024-01-02 22:00:00
8.6,91,955.5,0.0,1.3,2024-01-02 23:00:00
8.1,93,955.3,0.0,1.8,2024-01-03 00:00:00
6.8,100,955.3,0.0,2.6,2024-01-03 01:00:00
5.6,100,954.9,0.0,3.7,2024-01-03 02:00:00
5.8,100,954.8,0.0,3.6,2024-01-03 03:00:00
5.8,100,954.5,0.0,2.2,2024-01-03 04:00:00
6.3,99,954.8,0.0,1.5,2024-01-03 05:00:00
6.6,100,956.1,0.0,4.3,2024-01-03 06:00:00
6.6,100,956.3,0.0,4.9,2024-01-03 07:00:00
6.9,98,957.0,0.0,4.8,2024-01-03 08:00:00
7.8,95,958.0,0.0,2.4,2024-01-03 09:00:00
10.2,82,959.1,0.0,1.4,2024-01-03 10:00:00
12.7,72,959.0,0.0,3.2,2024-01-03 11:00:00
14.4,67,958.3,0.0,4.5,2024-01-03 12:00:00
15.5,63,957.2,0.0,4.2,2024-01-03 13:00:00
16.0,61,956.4,0.0,5.2,2024-01-03 14:00:00
15.9,62,956.0,0.0,5.6,2024-01-03 15:00:00
14.9,66,955.7,0.0,5.1,2024-01-03 16:00:00
12.2,79,955.3,0.0,6.0,2024-01-03 17:00:00
8.7,92,955.2,0.0,5.8,2024-01-03 18:00:00
7.6,94,954.9,0.0,4.3,2024-01-03 19:00:00
7.5,93,955.5,0.0,4.7,2024-01-03 20:00:00
7.2,92,955.7,0.0,5.7,2024-01-03 21:00:00
6.9,92,955.5,0.0,4.9,2024-01-03 22:00:00
6.3,92,955.2,0.0,5.3,2024-01-03 23:00:00
6.5,91,954.9,0.0,5.1,2024-01-04 00:00:00
6.4,90,954.5,0.0,5.9,2024-01-04 01:00:00
6.0,89,954.6,0.0,6.4,2024-01-04 02:00:00
6.3,86,954.7,0.0,5.4,2024-01-04 03:00:00
7.1,83,954.8,0.0,4.2,2024-01-04 04:00:00
7.9,77,955.0,0.0,2.6,2024-01-04 05:00:00
5.7,91,956.0,0.0,2.7,2024-01-04 06:00:00
7.3,82,956.7,0.0,0.5,2024-01-04 07:00:00
7.8,79,957.1,0.0,2.6,2024-01-04 08:00:00
8.6,81,957.7,0.0,1.6,2024-01-04 09:00:00
10.6,76,958.5,0.0,2.3,2024-01-04 10:00:00
12.9,69,958.4,0.0,3.1,2024-01-04 11:00:00
14.5,64,957.4,0.0,3.6,2024-01-04 12:00:00
15.5,60,956.7,0.0,5.0,2024-01-04 13:00:00
16.1,57,956.1,0.0,4.7,2024-01-04 14:00:00
16.1,57,955.7,0.0,3.2,2024-01-04 15:00:00
15.3,64,955.4,0.0,1.8,2024-01-04 16:00:00
13.7,68,955.2,0.0,3.9,2024-01-04 17:00:00
10.6,81,955.8,0.0,7.1,2024-01-04 18:00:00
9.8,81,956.0,0.0,7.0,2024-01-04 19:00:00
9.8,75,956.2,0.0,5.6,2024-01-04 20:00:00
11.6,63,956.6,0.0,2.9,2024-01-04 21:00:00
10.9,64,956.5,0.0,1.9,2024-01-04 22:00:00
8.2,76,955.4,0.0,4.9,2024-01-04 23:00:00
7.2,81,954.8,0.0,7.1,2024-01-05 00:00:00
7.1,84,954.6,0.0,6.6,2024-01-05 01:00:00
7.1,86,954.6,0.0,6.1,2024-01-05 02:00:00
6.5,88,954.2,0.0,6.7,2024-01-05 03:00:00
6.8,87,953.8,0.0,6.0,2024-01-05 04:00:00
7.0,86,953.8,0.0,4.6,2024-01-05 05:00:00
6.5,82,954.5,0.0,4.2,2024-01-05 06:00:00
6.7,80,955.2,0.0,4.1,2024-01-05 07:00:00
6.4,84,956.0,0.0,4.2,2024-01-05 08:00:00
9.5,73,957.3,0.0,1.5,2024-01-05 09:00:00
11.1,71,958.2,0.0,3.6,2024-01-05 10:00:00
12.8,68,958.2,0.0,3.2,2024-01-05 11:00:00
14.4,63,957.4,0.0,4.0,2024-01-05 12:00:00
15.5,59,956.8,0.0,4.2,2024-01-05 13:00:00
16.0,56,956.2,0.0,3.8,2024-01-05 14:00:00
16.1,55,956.3,0.0,3.0,2024-01-05 15:00:00
15.5,67,956.3,0.0,1.8,2024-01-05 16:00:00
14.7,61,956.5,0.0,1.5,2024-01-05 17:00:00
13.3,68,956.6,0.0,2.6,2024-01-05 18:00:00
10.4,78,956.6,0.0,3.1,2024-01-05 19:00:00
8.9,82,956.5,0.0,5.5,2024-01-05 20:00:00
10.0,76,957.0,0.0,4.0,2024-01-05 21:00:00
10.8,72,957.3,0.0,2.6,2024-01-05 22:00:00
6.8,87,956.3,0.0,7.3,2024-01-05 23:00:00
7.6,85,956.2,0.0,5.4,2024-01-06 00:00:00
6.7,88,955.6,0.0,5.6,2024-01-06 01:00:00
6.1,89,955.6,0.0,6.1,2024-01-06 02:00:00
5.5,88,955.1,0.0,6.9,2024-01-06 03:00:00
4.9,87,955.0,0.0,7.2,2024-01-06 04:00:00
5.0,82,955.0,0.0,5.5,2024-01-06 05:00:00
8.4,66,957.1,0.0,3.1,2024-01-06 06:00:00
7.8,67,957.7,0.0,2.8,2024-01-06 07:00:00
7.5,67,958.4,0.0,2.1,2024-01-06 08:00:00
8.5,67,959.6,0.0,2.3,2024-01-06 09:00:00
10.3,65,959.9,0.0,1.8,2024-01-06 10:00:00
12.6,60,960.4,0.0,3.3,2024-01-06 11:00:00
14.2,57,959.5,0.0,3.6,2024-01-06 12:00:00
15.5,55,958.7,0.0,2.7,2024-01-06 13:00:00
16.4,53,957.9,0.0,2.6,2024-01-06 14:00:00
16.6,53,957.6,0.0,4.2,2024-01-06 15:00:00
15.6,61,957.4,0.0,3.3,2024-01-06 16:00:00
12.1,74,956.8,0.0,7.1,2024-01-06 17:00:00
8.6,86,957.0,0.0,6.3,2024-01-06 18:00:00
8.1,88,957.1,0.0,4.6,2024-01-06 19:00:00
7.3,89,957.2,0.0,4.9,2024-01-06 20:00:00
8.3,82,957.7,0.0,4.3,2024-01-06 21:00:00
7.5,83,957.6,0.0,5.4,2024-01-06 22:00:00
6.3,86,957.2,0.0,7.1,2024-01-06 23:00:00
5.6,86,956.9,0.0,7.4,2024-01-07 00:00:00
5.8,81,956.4,0.0,6.5,2024-01-07 01:00:00
5.7,78,956.4,0.0,6.4,2024-01-07 02:00:00
5.8,75,956.3,0.0,5.1,2024-01-07 03:00:00
6.4,70,956.3,0.0,4.2,2024-01-07 04:00:00
7.5,63,956.3,0.0,2.8,2024-01-07 05:00:00
3.8,79,956.4,0.0,3.9,2024-01-07 06:00:00
4.9,71,957.5,0.0,3.6,2024-01-07 07:00:00
6.0,69,958.4,0.0,3.6,2024-01-07 08:00:00
8.4,64,959.5,0.0,2.1,2024-01-07 09:00:00
10.9,62,960.4,0.0,2.3,2024-01-07 10:00:00
13.0,61,960.7,0.0,3.2,2024-01-07 11:00:00
14.6,60,959.9,0.0,3.9,2024-01-07 12:00:00
15.7,57,959.0,0.0,3.3,2024-01-07 13:00:00
16.2,56,958.4,0.0,3.3,2024-01-07 14:00:00
16.1,56,957.9,0.0,3.7,2024-01-07 15:00:00
15.2,63,957.7,0.0,3.1,2024-01-07 16:00:00
14.4,63,957.6,0.0,3.8,2024-01-07 17:00:00
10.2,76,957.4,0.0,5.8,2024-01-07 18:00:00
10.0,73,957.6,0.0,4.8,2024-01-07 19:00:00
10.7,66,957.8,0.0,3.2,2024-01-07 20:00:00
10.6,61,958.2,0.0,2.5,2024-01-07 21:00:00
9.8,61,958.1,0.0,2.9,2024-01-07 22:00:00
7.6,69,957.4,0.0,5.4,2024-01-07 23:00:00
6.6,75,956.9,0.0,6.9,2024-01-08 00:00:00
6.2,78,956.3,0.0,6.4,2024-01-08 01:00:00
6.2,78,956.0,0.0,5.4,2024-01-08 02:00:00
6.4,76,956.2,0.0,4.2,2024-01-08 03:00:00
7.4,69,956.2,0.0,3.6,2024-01-08 04:00:00
7.7,65,956.1,0.0,3.3,2024-01-08 05:00:00
5.7,73,957.1,0.0,5.4,2024-01-08 06:00:00
7.2,64,957.6,0.0,4.8,2024-01-08 07:00:00
7.5,62,958.0,0.0,4.7,2024-01-08 08:00:00
9.0,59,958.9,0.0,2.4,2024-01-08 09:00:00
11.4,55,959.8,0.0,0.5,2024-01-08 10:00:00
13.4,51,959.9,0.0,2.3,2024-01-08 11:00:00
14.8,50,959.1,0.0,3.3,2024-01-08 12:00:00
15.8,49,958.3,0.0,2.6,2024-01-08 13:00:00
16.3,48,957.8,0.0,2.2,2024-01-08 14:00:00
16.3,48,957.5,0.0,3.2,2024-01-08 15:00:00
15.3,71,957.5,0.0,2.3,2024-01-08 16:00:00
12.8,65,957.0,0.0,6.1,2024-01-08 17:00:00
9.6,83,957.0,0.0,6.0,2024-01-08 18:00:00
9.5,84,956.8,0.0,5.0,2024-01-08 19:00:00
9.0,86,956.9,0.0,4.1,2024-01-08 20:00:00
9.1,85,957.5,0.0,5.4,2024-01-08 21:00:00
8.2,88,957.4,0.0,6.1,2024-01-08 22:00:00
7.6,87,957.1,0.0,5.8,2024-01-08 23:00:00
6.8,88,957.0,0.0,5.4,2024-01-09 00:00:00
6.6,88,956.8,0.0,5.6,2024-01-09 01:00:00
6.8,85,956.8,0.0,5.6,2024-01-09 02:00:00
6.8,82,956.6,0.0,5.5,2024-01-09 03:00:00
6.2,81,955.9,0.0,5.6,2024-01-09 04:00:00
5.6,79,955.7,0.0,7.7,2024-01-09 05:00:00
8.1,68,957.8,0.0,0.5,2024-01-09 06:00:00
8.1,66,958.3,0.0,1.5,2024-01-09 07:00:00
7.3,69,958.9,0.0,1.1,2024-01-09 08:00:00
7.8,74,960.2,0.0,2.4,2024-01-09 09:00:00
10.1,71,960.7,0.0,1.5,2024-01-09 10:00:00
12.5,64,960.8,0.0,2.2,2024-01-09 11:00:00
14.1,60,960.0,0.0,3.8,2024-01-09 12:00:00
15.7,54,959.1,0.0,4.8,2024-01-09 13:00:00
16.5,51,958.6,0.0,6.1,2024-01-09 14:00:00
16.5,50,958.3,0.0,7.0,2024-01-09 15:00:00
15.5,55,958.1,0.0,6.2,2024-01-09 16:00:00
11.8,71,957.3,0.0,6.2,2024-01-09 17:00:00
8.6,82,958.0,0.0,5.6,2024-01-09 18:00:00
8.0,88,958.0,0.0,4.0,2024-01-09 19:00:00
7.6,87,958.1,0.0,4.7,2024-01-09 20:00:00
6.7,86,958.4,0.0,8.2,2024-01-09 21:00:00
7.1,81,958.4,0.0,6.8,2024-01-09 22:00:00
6.6,80,957.8,0.0,6.4,2024-01-09 23:00:00
6.5,78,957.3,0.0,5.8,2024-01-10 00:00:00
5.4,81,956.6,0.0,6.3,2024-01-10 01:00:00
5.0,82,956.3,0.0,6.6,2024-01-10 02:00:00
5.1,82,956.2,0.0,6.4,2024-01-10 03:00:00
4.9,83,955.8,0.0,5.7,2024-01-10 04:00:00
4.5,83,955.6,0.0,6.2,2024-01-10 05:00:00
6.0,74,957.2,0.0,4.9,2024-01-10 06:00:00
7.9,64,957.8,0.0,3.2,2024-01-10 07:00:00
6.6,72,957.8,0.0,3.6,2024-01-10 08:00:00
9.4,67,958.7,0.0,5.7,2024-01-10 09:00:00
12.1,62,959.5,0.0,4.0,2024-01-10 10:00:00
14.2,55,959.0,0.0,6.5,2024-01-10 11:00:00
16.0,49,958.0,0.0,10.0,2024-01-10 12:00:00
16.9,45,957.0,0.0,12.9,2024-01-10 13:00:00
17.3,45,956.2,0.0,13.0,2024-01-10 14:00:00
17.1,46,955.5,0.0,13.0,2024-01-10 15:00:00
15.4,55,955.1,0.0,12.9,2024-01-10 16:00:00
12.7,67,954.5,0.0,11.9,2024-01-10 17:00:00
10.1,77,954.7,0.0,10.0,2024-01-10 18:00:00
8.7,80,954.1,0.0,7.1,2024-01-10 19:00:00
7.8,79,954.2,0.0,6.6,2024-01-10 20:00:00
7.3,73,954.3,0.0,7.7,2024-01-10 21:00:00
7.0,69,954.4,0.0,8.7,2024-01-10 22:00:00
6.9,67,954.3,0.0,8.2,2024-01-10 23:00:00
6.3,69,954.2,0.0,6.4,2024-01-11 00:00:00
5.9,71,954.0,0.0,5.7,2024-01-11 01:00:00
5.6,73,954.1,0.0,5.0,2024-01-11 02:00:00
5.3,76,953.9,0.0,4.5,2024-01-11 03:00:00
5.3,75,953.5,0.0,5.0,2024-01-11 04:00:00
4.8,78,953.1,0.0,6.4,2024-01-11 05:00:00
7.8,65,955.4,0.0,4.4,2024-01-11 06:00:00
7.2,68,955.8,0.0,1.4,2024-01-11 07:00:00
5.0,81,956.3,0.0,1.5,2024-01-11 08:00:00
8.8,67,958.0,0.0,1.1,2024-01-11 09:00:00
11.1,62,959.2,0.0,2.6,2024-01-11 10:00:00
12.8,61,959.3,0.0,3.4,2024-01-11 11:00:00
14.3,58,958.3,0.0,3.8,2024-01-11 12:00:00
15.7,56,957.4,0.0,2.2,2024-01-11 13:00:00
16.8,54,957.0,0.0,2.9,2024-01-11 14:00:00
17.2,51,956.5,0.0,3.8,2024-01-11 15:00:00
16.2,72,956.4,0.0,2.1,2024-01-11 16:00:00
15.1,59,956.3,0.0,2.3,2024-01-11 17:00:00
11.7,68,956.7,0.0,6.1,2024-01-11 18:00:00
9.8,75,957.2,0.0,9.8,2024-01-11 19:00:00
10.5,70,957.8,0.0,3.7,2024-01-11 20:00:00
10.0,72,958.0,0.0,3.3,2024-01-11 21:00:00
10.1,69,957.7,0.0,1.5,2024-01-11 22:00:00
9.7,67,957.1,0.0,4.1,2024-01-11 23:00:00
6.2,77,955.8,0.0,8.4,2024-01-12 00:00:00
7.0,72,955.4,0.0,7.7,2024-01-12 01:00:00
6.6,68,954.5,0.0,8.2,2024-01-12 02:00:00
6.5,61,954.2,0.0,8.7,2024-01-12 03:00:00
6.1,62,953.4,0.0,9.2,2024-01-12 04:00:00
6.0,65,953.2,0.0,8.7,2024-01-12 05:00:00
5.2,70,953.9,0.0,6.9,2024-01-12 06:00:00
4.9,71,954.3,0.0,6.9,2024-01-12 07:00:00
6.0,67,954.8,0.0,6.6,2024-01-12 08:00:00
9.5,60,956.0,0.0,7.4,2024-01-12 09:00:00
12.9,53,957.2,0.0,4.7,2024-01-12 10:00:00
15.1,49,957.1,0.0,4.6,2024-01-12 11:00:00
16.8,46,956.3,0.0,5.2,2024-01-12 12:00:00
17.2,45,955.6,0.0,6.8,2024-01-12 13:00:00
17.1,47,955.0,0.0,6.5,2024-01-12 14:00:00
16.5,50,954.7,0.0,5.8,2024-01-12 15:00:00
15.4,60,954.6,0.0,2.9,2024-01-12 16:00:00
13.9,64,954.9,0.0,2.9,2024-01-12 17:00:00
12.1,76,955.7,0.0,5.4,2024-01-12 18:00:00
11.7,77,956.0,0.0,6.6,2024-01-12 19:00:00
11.1,78,956.0,0.0,7.6,2024-01-12 20:00:00
10.4,81,955.6,0.0,7.3,2024-01-12 21:00:00
10.6,79,955.9,0.0,3.9,2024-01-12 22:00:00
9.9,83,956.0,0.0,4.0,2024-01-12 23:00:00
7.9,92,955.3,0.0,6.5,2024-01-13 00:00:00
8.8,88,955.0,0.0,4.8,2024-01-13 01:00:00
8.3,87,954.2,0.0,3.3,2024-01-13 02:00:00
10.4,73,954.0,0.0,0.5,2024-01-13 03:00:00
7.8,82,953.0,0.0,4.1,2024-01-13 04:00:00
6.1,87,952.5,0.0,6.3,2024-01-13 05:00:00
5.4,93,953.7,0.0,4.5,2024-01-13 06:00:00
7.2,80,954.6,0.0,4.6,2024-01-13 07:00:00
6.7,83,954.8,0.0,4.6,2024-01-13 08:00:00
9.0,76,956.1,0.0,1.6,2024-01-13 09:00:00
11.4,72,957.0,0.0,3.3,2024-01-13 10:00:00
13.1,69,957.1,0.0,3.9,2024-01-13 11:00:00
14.8,64,956.3,0.0,3.1,2024-01-13 12:00:00
16.1,58,955.9,0.0,3.4,2024-01-13 13:00:00
16.7,56,955.4,0.0,3.9,2024-01-13 14:00:00
16.7,55,955.1,0.0,3.4,2024-01-13 15:00:00
16.2,58,955.1,0.0,1.8,2024-01-13 16:00:00
15.4,60,955.0,0.0,3.3,2024-01-13 17:00:00
14.4,58,955.6,0.0,3.0,2024-01-13 18:00:00
12.8,65,955.9,0.0,6.5,2024-01-13 19:00:00
10.7,76,956.2,0.0,4.7,2024-01-13 20:00:00
10.0,78,956.6,0.0,2.9,2024-01-13 21:00:00
10.1,75,956.7,0.0,1.6,2024-01-13 22:00:00
9.8,74,956.2,0.0,2.9,2024-01-13 23:00:00
6.2,84,955.2,0.0,7.5,2024-01-14 00:00:00
5.8,85,954.9,0.0,6.7,2024-01-14 01:00:00
5.9,86,954.6,0.0,5.4,2024-01-14 02:00:00
5.0,89,953.9,0.0,5.1,2024-01-14 03:00:00
4.8,86,953.3,0.0,5.9,2024-01-14 04:00:00
4.7,84,953.2,0.0,5.9,2024-01-14 05:00:00
5.1,74,954.6,0.0,8.2,2024-01-14 06:00:00
4.9,75,954.7,0.0,6.6,2024-01-14 07:00:00
5.2,80,955.6,0.0,6.4,2024-01-14 08:00:00
9.3,67,957.0,0.0,4.1,2024-01-14 09:00:00
12.3,59,957.8,0.0,1.8,2024-01-14 10:00:00
14.6,56,957.7,0.0,3.9,2024-01-14 11:00:00
16.6,51,956.9,0.0,5.8,2024-01-14 12:00:00
17.8,48,956.0,0.0,7.3,2024-01-14 13:00:00
18.1,47,955.6,0.0,9.0,2024-01-14 14:00:00
17.6,50,955.1,0.0,9.3,2024-01-14 15:00:00
16.3,57,954.8,0.0,7.5,2024-01-14 16:00:00
11.9,77,953.9,0.0,8.1,2024-01-14 17:00:00
9.7,82,954.5,0.0,5.9,2024-01-14 18:00:00
8.7,86,955.0,0.0,4.5,2024-01-14 19:00:00
8.3,83,955.4,0.0,5.1,2024-01-14 20:00:00
8.6,73,955.7,0.0,5.5,2024-01-14 21:00:00
10.1,64,956.2,0.0,5.2,2024-01-14 22:00:00
8.8,68,955.5,0.0,7.3,2024-01-14 23:00:00
8.5,67,955.2,0.0,6.5,2024-01-15 00:00:00
8.2,63,954.8,0.0,4.6,2024-01-15 01:00:00
7.0,64,954.2,0.0,6.1,2024-01-15 02:00:00
6.6,67,953.7,0.0,6.9,2024-01-15 03:00:00
5.8,73,952.9,0.0,8.0,2024-01-15 04:00:00
4.6,79,952.3,0.0,9.0,2024-01-15 05:00:00
7.2,69,954.7,0.0,3.1,2024-01-15 06:00:00
7.4,64,954.7,0.0,1.6,2024-01-15 07:00:00
7.4,61,955.2,0.0,1.1,2024-01-15 08:00:00
9.7,57,956.1,0.0,1.1,2024-01-15 09:00:00
12.4,53,956.5,0.0,0.4,2024-01-15 10:00:00
14.8,51,956.4,0.0,2.3,2024-01-15 11:00:00
16.8,49,955.4,0.0,5.2,2024-01-15 12:00:00
18.3,45,954.5,0.0,7.6,2024-01-15 13:00:00
18.9,42,953.7,0.0,9.1,2024-01-15 14:00:00
18.3,45,953.1,0.0,9.4,2024-01-15 15:00:00
16.8,54,952.9,0.0,6.5,2024-01-15 16:00:00
12.3,75,952.3,0.0,8.7,2024-01-15 17:00:00
14.4,59,953.1,0.0,2.2,2024-01-15 18:00:00
9.2,80,952.8,0.0,9.0,2024-01-15 19:00:00
8.2,85,954.1,0.0,7.8,2024-01-15 20:00:00
6.5,89,954.4,0.0,9.3,2024-01-15 21:00:00
5.7,92,954.4,0.0,10.5,2024-01-15 22:00:00
5.1,93,954.5,0.0,10.2,2024-01-15 23:00:00
4.7,94,954.3,0.0,10.0,2024-01-16 00:00:00
4.5,95,953.8,0.0,9.3,2024-01-16 01:00:00
4.6,95,953.3,0.0,8.4,2024-01-16 02:00:00
4.6,94,952.8,0.0,7.5,2024-01-16 03:00:00
5.5,88,952.3,0.0,5.0,2024-01-16 04:00:00
6.8,80,952.2,0.0,2.5,2024-01-16 05:00:00
6.3,90,952.8,0.0,4.3,2024-01-16 06:00:00
6.3,88,953.0,0.0,2.5,2024-01-16 07:00:00
6.0,85,953.5,0.0,2.2,2024-01-16 08:00:00
8.6,76,954.6,0.0,2.9,2024-01-16 09:00:00
10.5,76,955.0,0.0,4.2,2024-01-16 10:00:00
12.7,70,954.9,0.0,4.1,2024-01-16 11:00:00
14.5,62,954.0,0.0,5.4,2024-01-16 12:00:00
15.7,54,952.8,0.0,4.4,2024-01-16 13:00:00
16.3,50,952.2,0.0,4.3,2024-01-16 14:00:00
16.2,50,951.9,0.0,4.7,2024-01-16 15:00:00
15.5,53,951.7,0.0,5.6,2024-01-16 16:00:00
11.8,73,951.1,0.0,8.9,2024-01-16 17:00:00
13.1,64,952.4,0.0,2.8,2024-01-16 18:00:00
11.8,68,952.8,0.0,5.4,2024-01-16 19:00:00
9.5,76,952.8,0.0,7.9,2024-01-16 20:00:00
10.8,70,953.7,0.0,4.7,2024-01-16 21:00:00
9.6,72,953.6,0.0,4.7,2024-01-16 22:00:00
8.6,74,953.3,0.0,5.5,2024-01-16 23:00:00
7.8,76,952.8,0.0,6.3,2024-01-17 00:00:00
8.0,73,952.4,0.0,5.8,2024-01-17 01:00:00
7.1,75,952.2,0.0,6.1,2024-01-17 02:00:00
6.5,77,952.1,0.0,6.4,2024-01-17 03:00:00
6.8,75,952.0,0.0,5.4,2024-01-17 04:00:00
5.9,79,951.8,0.0,5.9,2024-01-17 05:00:00
7.2,69,952.5,0.0,4.1,2024-01-17 06:00:00
6.6,68,952.8,0.0,4.6,2024-01-17 07:00:00
6.3,73,953.1,0.0,6.5,2024-01-17 08:00:00
11.0,57,954.5,0.0,4.1,2024-01-17 09:00:00
13.5,51,955.2,0.0,1.1,2024-01-17 10:00:00
15.4,48,955.3,0.0,1.8,2024-01-17 11:00:00
16.9,47,954.9,0.0,3.9,2024-01-17 12:00:00
17.8,45,954.2,0.0,5.4,2024-01-17 13:00:00
18.1,45,953.6,0.0,6.4,2024-01-17 14:00:00
17.8,47,953.6,0.0,7.2,2024-01-17 15:00:00
16.6,53,953.6,0.0,6.4,2024-01-17 16:00:00
12.6,74,953.0,0.0,7.3,2024-01-17 17:00:00
12.0,74,953.4,0.0,5.4,2024-01-17 18:00:00
11.2,74,953.7,0.0,4.7,2024-01-17 19:00:00
9.7,76,954.2,0.0,5.6,2024-01-17 20:00:00
11.1,64,954.9,0.0,4.6,2024-01-17 21:00:00
11.8,59,955.5,0.0,4.2,2024-01-17 22:00:00
9.3,69,955.0,0.0,5.5,2024-01-17 23:00:00
7.8,76,954.5,0.0,5.8,2024-01-18 00:00:00
7.7,75,954.4,0.0,4.7,2024-01-18 01:00:00
7.4,76,954.1,0.0,5.1,2024-01-18 02:00:00
8.0,72,954.1,0.0,4.2,2024-01-18 03:00:00
8.3,70,953.8,0.0,3.6,2024-01-18 04:00:00
7.4,74,953.8,0.0,4.4,2024-01-18 05:00:00
8.6,71,954.4,0.0,2.6,2024-01-18 06:00:00
8.8,69,955.0,0.0,3.6,2024-01-18 07:00:00
7.9,75,955.0,0.0,3.8,2024-01-18 08:00:00
11.1,63,956.4,0.0,1.3,2024-01-18 09:00:00
13.1,59,957.0,0.0,2.0,2024-01-18 10:00:00
15.0,55,957.0,0.0,3.0,2024-01-18 11:00:00
16.6,49,956.3,0.0,4.3,2024-01-18 12:00:00
17.9,42,955.5,0.0,6.5,2024-01-18 13:00:00
18.4,37,955.0,0.0,9.0,2024-01-18 14:00:00
18.0,37,954.9,0.0,9.5,2024-01-18 15:00:00
16.8,44,954.5,0.0,8.2,2024-01-18 16:00:00
13.1,61,953.9,0.0,6.2,2024-01-18 17:00:00
11.7,64,954.4,0.0,6.2,2024-01-18 18:00:00
10.4,65,954.5,0.0,5.5,2024-01-18 19:00:00
10.0,57,955.0,0.0,5.0,2024-01-18 20:00:00
9.7,53,955.5,0.0,5.2,2024-01-18 21:00:00
8.9,53,955.6,0.0,7.1,2024-01-18 22:00:00
9.7,48,955.6,0.0,6.6,2024-01-18 23:00:00
10.7,47,955.6,0.0,4.5,2024-01-19 00:00:00
11.2,48,955.7,0.0,2.4,2024-01-19 01:00:00
10.2,53,955.5,0.0,2.4,2024-01-19 02:00:00
9.1,60,955.4,0.0,2.6,2024-01-19 03:00:00
9.1,63,955.1,0.0,2.6,2024-01-19 04:00:00
7.8,70,954.8,0.0,3.9,2024-01-19 05:00:00
8.1,68,955.4,0.0,4.7,2024-01-19 06:00:00
5.2,79,954.9,0.0,7.4,2024-01-19 07:00:00
6.2,80,955.8,0.0,5.8,2024-01-19 08:00:00
9.4,69,957.0,0.0,5.8,2024-01-19 09:00:00
12.4,58,957.7,0.0,1.5,2024-01-19 10:00:00
14.7,50,957.5,0.0,1.1,2024-01-19 11:00:00
16.5,45,956.5,0.0,3.2,2024-01-19 12:00:00
17.7,41,955.7,0.0,6.0,2024-01-19 13:00:00
18.3,38,955.0,0.0,8.0,2024-01-19 14:00:00
18.2,37,954.8,0.0,8.6,2024-01-19 15:00:00
17.0,43,954.6,0.0,7.2,2024-01-19 16:00:00
13.1,62,954.0,0.0,7.1,2024-01-19 17:00:00
15.2,52,955.6,0.0,2.2,2024-01-19 18:00:00
10.0,74,955.2,0.0,9.4,2024-01-19 19:00:00
10.0,81,956.7,0.0,9.3,2024-01-19 20:00:00
9.1,88,956.8,0.0,9.3,2024-01-19 21:00:00
8.7,89,956.8,0.0,8.2,2024-01-19 22:00:00
7.6,92,956.5,0.0,7.2,2024-01-19 23:00:00
6.2,95,956.2,0.0,9.7,2024-01-20 00:00:00
6.1,96,956.2,0.0,8.6,2024-01-20 01:00:00
6.4,97,956.2,0.0,7.3,2024-01-20 02:00:00
6.3,99,956.2,0.0,6.6,2024-01-20 03:00:00
7.7,100,956.3,0.0,5.1,2024-01-20 04:00:00
7.6,100,956.1,0.0,4.6,2024-01-20 05:00:00
7.2,99,957.1,0.0,3.7,2024-01-20 06:00:00
7.3,99,957.1,0.0,3.8,2024-01-20 07:00:00
8.2,95,958.0,0.0,2.7,2024-01-20 08:00:00
9.2,92,958.8,0.0,1.5,2024-01-20 09:00:00
10.3,85,959.3,0.0,1.8,2024-01-20 10:00:00
11.6,79,958.9,0.0,4.3,2024-01-20 11:00:00
13.3,70,958.1,0.0,6.6,2024-01-20 12:00:00
14.6,64,957.4,0.0,7.4,2024-01-20 13:00:00
15.4,62,956.5,0.0,7.8,2024-01-20 14:00:00
15.5,62,956.0,0.0,8.0,2024-01-20 15:00:00
14.8,64,955.8,0.0,7.7,2024-01-20 16:00:00
12.1,79,955.3,0.0,7.0,2024-01-20 17:00:00
13.0,71,956.7,0.0,1.9,2024-01-20 18:00:00
10.6,81,957.0,0.0,4.2,2024-01-20 19:00:00
8.1,90,957.1,0.0,8.1,2024-01-20 20:00:00
7.9,93,958.1,0.0,6.6,2024-01-20 21:00:00
6.2,97,958.2,0.0,8.9,2024-01-20 22:00:00
7.5,96,958.4,0.0,6.4,2024-01-20 23:00:00
7.4,99,958.4,0.0,5.4,2024-01-21 00:00:00
6.4,100,957.9,0.0,5.8,2024-01-21 01:00:00
7.1,99,957.6,0.0,4.0,2024-01-21 02:00:00
7.4,99,957.0,0.0,0.5,2024-01-21 03:00:00
7.3,99,956.2,0.0,1.8,2024-01-21 04:00:00
7.1,100,955.9,0.0,4.0,2024-01-21 05:00:00
6.7,100,956.8,0.0,5.6,2024-01-21 06:00:00
6.8,97,957.1,0.0,6.2,2024-01-21 07:00:00
6.7,93,957.4,0.0,7.2,2024-01-21 08:00:00
8.4,81,957.8,0.0,5.6,2024-01-21 09:00:00
10.3,72,958.1,0.0,5.9,2024-01-21 10:00:00
12.3,66,957.6,0.0,8.0,2024-01-21 11:00:00
13.9,62,956.8,0.0,11.7,2024-01-21 12:00:00
14.9,59,955.7,0.0,13.6,2024-01-21 13:00:00
15.4,58,955.0,0.0,13.1,2024-01-21 14:00:00
15.5,58,954.3,0.0,11.5,2024-01-21 15:00:00
15.0,61,954.1,0.0,9.1,2024-01-21 16:00:00
12.2,75,953.7,0.0,5.2,2024-01-21 17:00:00
10.6,80,955.1,0.0,3.6,2024-01-21 18:00:00
8.0,89,955.0,0.0,6.8,2024-01-21 19:00:00
8.3,88,955.5,0.0,6.8,2024-01-21 20:00:00
7.1,91,955.6,0.0,8.7,2024-01-21 21:00:00
6.7,91,955.7,0.0,7.2,2024-01-21 22:00:00
6.2,92,955.6,0.0,7.9,2024-01-21 23:00:00
5.6,93,955.5,0.0,7.9,2024-01-22 00:00:00
5.1,95,955.1,0.0,7.1,2024-01-22 01:00:00
4.9,95,954.6,0.0,6.4,2024-01-22 02:00:00
6.1,91,954.5,0.0,4.2,2024-01-22 03:00:00
7.1,87,954.4,0.0,1.8,2024-01-22 04:00:00
6.8,86,954.3,0.0,1.9,2024-01-22 05:00:00
5.3,100,956.1,0.0,5.4,2024-01-22 06:00:00
5.7,97,956.5,0.0,3.4,2024-01-22 07:00:00
6.3,94,957.0,0.0,5.4,2024-01-22 08:00:00
7.4,92,958.0,0.0,4.3,2024-01-22 09:00:00
8.6,88,958.7,0.0,4.5,2024-01-22 10:00:00
10.2,80,958.6,0.0,4.0,2024-01-22 11:00:00
12.0,71,957.7,0.0,4.3,2024-01-22 12:00:00
13.1,67,956.8,0.0,4.8,2024-01-22 13:00:00
13.7,64,956.1,0.0,4.2,2024-01-22 14:00:00
14.1,63,955.9,0.0,4.3,2024-01-22 15:00:00
13.8,64,956.0,0.0,5.4,2024-01-22 16:00:00
11.6,79,955.7,0.0,6.4,2024-01-22 17:00:00
8.7,87,956.5,0.0,8.6,2024-01-22 18:00:00
8.4,87,957.3,0.0,8.9,2024-01-22 19:00:00
7.7,90,958.1,0.0,7.4,2024-01-22 20:00:00
6.0,95,958.6,0.0,7.4,2024-01-22 21:00:00
6.7,93,958.9,0.0,6.1,2024-01-22 22:00:00
7.4,93,959.0,0.0,4.6,2024-01-22 23:00:00
7.3,94,958.7,0.0,3.0,2024-01-23 00:00:00
7.0,95,958.4,0.0,3.0,2024-01-23 01:00:00
6.8,94,958.1,0.0,3.7,2024-01-23 02:00:00
5.3,97,957.5,0.0,2.6,2024-01-23 03:00:00
3.3,100,956.6,0.0,3.3,2024-01-23 04:00:00
4.5,98,956.8,0.0,4.1,2024-01-23 05:00:00
4.3,99,957.2,0.0,4.3,2024-01-23 06:00:00
4.0,100,957.4,0.0,4.1,2024-01-23 07:00:00
4.5,100,957.7,0.0,4.8,2024-01-23 08:00:00
6.2,95,959.0,0.0,4.9,2024-01-23 09:00:00
9.4,80,959.7,0.0,4.0,2024-01-23 10:00:00
11.4,74,959.1,0.0,5.8,2024-01-23 11:00:00
13.2,66,958.2,0.0,8.3,2024-01-23 12:00:00
14.5,59,957.1,0.0,10.2,2024-01-23 13:00:00
15.0,54,956.2,0.0,10.7,2024-01-23 14:00:00
14.9,54,955.5,0.0,10.2,2024-01-23 15:00:00
14.1,57,955.4,0.0,9.6,2024-01-23 16:00:00
11.7,69,955.2,0.0,5.8,2024-01-23 17:00:00
8.8,83,955.1,0.0,4.9,2024-01-23 18:00:00
8.0,86,955.3,0.0,4.2,2024-01-23 19:00:00
7.0,87,955.2,0.0,4.9,2024-01-23 20:00:00
6.4,86,955.6,0.0,6.8,2024-01-23 21:00:00
7.0,82,955.6,0.0,5.9,2024-01-23 22:00:00
7.9,77,956.0,0.0,4.5,2024-01-23 23:00:00
8.3,75,955.9,0.0,4.2,2024-01-24 00:00:00
8.2,74,955.7,0.0,4.8,2024-01-24 01:00:00
6.7,78,955.5,0.0,4.8,2024-01-24 02:00:00
6.7,78,955.6,0.0,4.4,2024-01-24 03:00:00
6.6,79,955.4,0.0,4.3,2024-01-24 04:00:00
5.0,85,955.0,0.0,5.2,2024-01-24 05:00:00
2.5,93,955.4,0.0,6.3,2024-01-24 06:00:00
2.9,92,956.0,0.0,5.9,2024-01-24 07:00:00
4.6,90,956.5,0.0,4.1,2024-01-24 08:00:00
8.1,76,957.8,0.0,1.6,2024-01-24 09:00:00
10.6,69,958.7,0.0,1.9,2024-01-24 10:00:00
12.9,62,958.6,0.0,2.8,2024-01-24 11:00:00
14.9,53,957.7,0.0,5.2,2024-01-24 12:00:00
16.0,46,956.8,0.0,6.4,2024-01-24 13:00:00
16.6,43,956.3,0.0,8.0,2024-01-24 14:00:00
16.4,42,955.9,0.0,9.4,2024-01-24 15:00:00
15.6,46,955.8,0.0,7.9,2024-01-24 16:00:00
12.2,65,955.2,0.0,7.3,2024-01-24 17:00:00
10.6,70,956.2,0.0,2.7,2024-01-24 18:00:00
10.0,71,956.8,0.0,4.2,2024-01-24 19:00:00
7.4,81,956.7,0.0,9.2,2024-01-24 20:00:00
7.5,78,957.6,0.0,7.8,2024-01-24 21:00:00
5.9,84,957.9,0.0,9.2,2024-01-24 22:00:00
4.7,87,957.9,0.0,9.5,2024-01-24 23:00:00
4.6,87,957.6,0.0,8.3,2024-01-25 00:00:00
5.5,83,957.8,0.0,6.7,2024-01-25 01:00:00
4.9,85,957.4,0.0,7.4,2024-01-25 02:00:00
6.7,76,957.3,0.0,4.9,2024-01-25 03:00:00
7.2,74,957.0,0.0,1.8,2024-01-25 04:00:00
6.0,80,956.6,0.0,4.6,2024-01-25 05:00:00
5.6,87,957.2,0.0,7.3,2024-01-25 06:00:00
5.5,85,957.3,0.0,7.6,2024-01-25 07:00:00
7.6,71,958.5,0.0,2.1,2024-01-25 08:00:00
7.7,75,959.5,0.0,2.5,2024-01-25 09:00:00
9.9,64,960.4,0.0,3.8,2024-01-25 10:00:00
12.7,54,960.6,0.0,2.9,2024-01-25 11:00:00
13.8,51,960.1,0.0,1.8,2024-01-25 12:00:00
13.7,53,959.2,0.0,4.4,2024-01-25 13:00:00
14.6,52,958.7,0.0,4.7,2024-01-25 14:00:00
14.5,54,958.4,0.0,5.7,2024-01-25 15:00:00
14.2,57,958.3,0.0,3.8,2024-01-25 16:00:00
12.3,75,958.0,0.0,4.7,2024-01-25 17:00:00
10.3,73,958.0,0.0,7.2,2024-01-25 18:00:00
9.4,75,958.2,0.0,7.6,2024-01-25 19:00:00
9.5,71,958.6,0.0,5.9,2024-01-25 20:00:00
11.8,57,959.5,0.0,3.2,2024-01-25 21:00:00
10.8,63,959.9,0.0,3.6,2024-01-25 22:00:00
9.1,70,959.6,0.0,3.9,2024-01-25 23:00:00
9.6,67,959.7,0.0,2.4,2024-01-26 00:00:00
9.8,65,959.4,0.0,1.8,2024-01-26 01:00:00
8.4,75,958.9,0.0,6.5,2024-01-26 02:00:00
8.5,74,958.6,0.0,4.5,2024-01-26 03:00:00
9.3,66,958.2,0.0,5.2,2024-01-26 04:00:00
8.4,73,958.1,1.0,4.3,2024-01-26 05:00:00
9.0,67,958.7,0.0,2.3,2024-01-26 06:00:00
6.7,77,959.1,0.1,8.4,2024-01-26 07:00:00
9.4,68,959.8,0.2,4.1,2024-01-26 08:00:00
10.4,63,961.0,0.0,3.7,2024-01-26 09:00:00
13.4,50,962.1,0.0,2.9,2024-01-26 10:00:00
15.2,41,962.4,0.0,2.7,2024-01-26 11:00:00
16.2,38,961.8,0.0,4.6,2024-01-26 12:00:00
16.8,37,960.9,0.0,4.0,2024-01-26 13:00:00
17.1,37,960.3,0.0,2.5,2024-01-26 14:00:00
17.0,35,959.8,0.0,2.2,2024-01-26 15:00:00
16.6,36,959.6,0.0,1.8,2024-01-26 16:00:00
13.8,55,959.1,0.0,7.2,2024-01-26 17:00:00
12.8,53,959.7,0.0,10.9,2024-01-26 18:00:00
11.5,57,959.9,0.0,9.7,2024-01-26 19:00:00
10.2,61,960.0,0.0,9.0,2024-01-26 20:00:00
9.3,63,960.2,0.0,6.8,2024-01-26 21:00:00
8.2,68,960.0,0.0,4.5,2024-01-26 22:00:00
8.0,66,959.8,0.0,3.3,2024-01-26 23:00:00
8.2,62,959.9,0.0,4.2,2024-01-27 00:00:00
8.7,57,959.9,0.0,6.1,2024-01-27 01:00:00
7.3,62,959.4,0.0,7.7,2024-01-27 02:00:00
6.7,62,958.9,0.0,8.2,2024-01-27 03:00:00
6.4,63,958.2,0.0,8.2,2024-01-27 04:00:00
6.6,62,957.7,0.0,7.9,2024-01-27 05:00:00
6.6,68,958.3,0.0,7.1,2024-01-27 06:00:00
6.1,70,958.7,0.0,6.6,2024-01-27 07:00:00
8.3,62,959.3,0.0,8.1,2024-01-27 08:00:00
12.3,50,960.2,0.0,9.2,2024-01-27 09:00:00
15.4,42,960.6,0.0,7.1,2024-01-27 10:00:00
17.5,35,960.9,0.0,12.4,2024-01-27 11:00:00
18.2,34,960.1,0.0,17.9,2024-01-27 12:00:00
18.9,34,958.6,0.0,16.3,2024-01-27 13:00:00
19.3,32,957.5,0.0,15.4,2024-01-27 14:00:00
18.5,34,956.6,0.0,16.5,2024-01-27 15:00:00
17.5,37,956.4,0.0,15.8,2024-01-27 16:00:00
15.8,44,956.0,0.0,13.8,2024-01-27 17:00:00
14.7,49,956.4,0.0,14.6,2024-01-27 18:00:00
14.1,51,956.5,0.0,14.6,2024-01-27 19:00:00
14.1,51,956.8,0.0,13.0,2024-01-27 20:00:00
13.4,52,956.9,0.0,12.0,2024-01-27 21:00:00
13.4,54,957.0,0.0,8.7,2024-01-27 22:00:00
13.1,56,956.8,0.0,11.3,2024-01-27 23:00:00
12.5,65,956.5,0.0,12.7,2024-01-28 00:00:00
11.7,73,955.9,0.0,9.8,2024-01-28 01:00:00
11.6,76,955.5,0.0,6.9,2024-01-28 02:00:00
11.0,82,955.1,0.0,3.9,2024-01-28 03:00:00
9.8,89,954.9,0.0,3.4,2024-01-28 04:00:00
10.9,81,955.6,0.1,7.0,2024-01-28 05:00:00
11.8,69,955.6,0.0,0.7,2024-01-28 06:00:00
10.7,77,955.6,0.5,6.5,2024-01-28 07:00:00
11.5,77,955.7,0.0,6.1,2024-01-28 08:00:00
13.5,74,956.4,0.0,8.7,2024-01-28 09:00:00
15.6,63,957.2,0.0,7.3,2024-01-28 10:00:00
16.2,57,957.4,0.0,5.2,2024-01-28 11:00:00
16.9,55,957.2,0.0,8.3,2024-01-28 12:00:00
15.9,61,955.8,0.2,7.2,2024-01-28 13:00:00
15.6,66,955.0,0.1,7.4,2024-01-28 14:00:00
17.4,56,954.8,0.0,8.2,2024-01-28 15:00:00
17.1,55,954.8,0.0,5.4,2024-01-28 16:00:00
14.4,73,954.6,0.0,5.5,2024-01-28 17:00:00
14.3,67,955.0,0.0,3.4,2024-01-28 18:00:00
13.6,68,955.7,0.0,1.8,2024-01-28 19:00:00
11.3,79,955.7,0.0,1.8,2024-01-28 20:00:00
11.4,77,956.5,0.0,2.4,2024-01-28 21:00:00
10.7,80,956.4,0.2,9.0,2024-01-28 22:00:00
10.8,84,956.8,0.2,7.2,2024-01-28 23:00:00
10.3,89,956.7,1.7,6.4,2024-01-29 00:00:00
9.5,89,956.4,0.0,6.7,2024-01-29 01:00:00
10.8,85,957.0,0.0,5.2,2024-01-29 02:00:00
10.1,87,956.8,0.1,7.3,2024-01-29 03:00:00
10.6,83,956.7,0.0,7.8,2024-01-29 04:00:00
10.3,81,956.8,0.0,6.9,2024-01-29 05:00:00
10.9,86,957.9,0.1,9.7,2024-01-29 06:00:00
10.9,84,958.5,0.0,8.6,2024-01-29 07:00:00
11.5,81,959.1,0.0,7.4,2024-01-29 08:00:00
12.3,78,959.6,0.0,6.0,2024-01-29 09:00:00
13.8,73,960.0,0.0,5.1,2024-01-29 10:00:00
15.8,61,960.2,0.0,5.4,2024-01-29 11:00:00
17.1,54,959.4,0.0,8.8,2024-01-29 12:00:00
17.8,49,958.7,0.0,6.8,2024-01-29 13:00:00
18.2,47,957.7,0.0,4.2,2024-01-29 14:00:00
18.2,45,957.2,0.0,1.4,2024-01-29 15:00:00
17.7,47,957.1,0.0,6.5,2024-01-29 16:00:00
15.9,60,956.9,0.0,10.0,2024-01-29 17:00:00
13.5,66,957.4,0.0,12.5,2024-01-29 18:00:00
12.1,74,957.5,0.0,11.7,2024-01-29 19:00:00
11.2,79,957.1,0.0,10.7,2024-01-29 20:00:00
10.3,82,956.6,0.0,7.8,2024-01-29 21:00:00
9.4,86,956.5,0.0,6.2,2024-01-29 22:00:00
9.0,86,956.3,0.0,6.9,2024-01-29 23:00:00
9.0,83,955.9,0.0,6.9,2024-01-30 00:00:00
8.9,80,955.6,0.0,7.1,2024-01-30 01:00:00
8.3,81,955.1,0.0,6.6,2024-01-30 02:00:00
8.1,81,954.6,0.0,6.7,2024-01-30 03:00:00
7.6,82,953.9,0.0,6.4,2024-01-30 04:00:00
7.5,80,953.6,0.0,6.9,2024-01-30 05:00:00
9.9,78,955.4,0.5,8.2,2024-01-30 06:00:00
8.2,89,955.4,0.0,6.8,2024-01-30 07:00:00
10.2,81,956.0,0.0,3.1,2024-01-30 08:00:00
12.0,75,956.9,0.0,3.4,2024-01-30 09:00:00
13.1,68,957.5,0.1,4.8,2024-01-30 10:00:00
14.7,61,957.2,0.0,3.8,2024-01-30 11:00:00
15.7,59,956.6,0.2,4.7,2024-01-30 12:00:00
14.9,65,955.5,1.6,3.5,2024-01-30 13:00:00
15.0,64,954.7,0.0,3.2,2024-01-30 14:00:00
14.7,64,954.5,0.0,7.1,2024-01-30 15:00:00
13.9,65,954.2,0.0,7.7,2024-01-30 16:00:00
12.9,71,954.1,0.1,8.0,2024-01-30 17:00:00
13.0,74,954.9,0.0,6.0,2024-01-30 18:00:00
12.8,75,955.5,0.2,4.2,2024-01-30 19:00:00
11.9,81,955.8,0.0,5.0,2024-01-30 20:00:00
11.6,84,955.8,0.0,2.6,2024-01-30 21:00:00
11.4,82,956.0,0.0,4.6,2024-01-30 22:00:00
10.9,83,955.8,0.3,4.3,2024-01-30 23:00:00
10.9,81,955.5,0.0,5.6,2024-01-31 00:00:00
10.5,81,955.1,1.0,7.2,2024-01-31 01:00:00
10.0,85,954.7,3.9,12.0,2024-01-31 02:00:00
10.2,84,954.3,0.3,9.4,2024-01-31 03:00:00
10.1,85,954.1,0.3,6.1,2024-01-31 04:00:00
9.9,86,953.7,5.0,6.7,2024-01-31 05:00:00
10.6,87,954.2,0.3,4.3,2024-01-31 06:00:00
10.3,87,954.5,1.7,6.5,2024-01-31 07:00:00
10.0,89,955.3,4.5,8.0,2024-01-31 08:00:00
10.2,89,955.8,5.1,8.4,2024-01-31 09:00:00
10.3,90,955.8,1.6,8.2,2024-01-31 10:00:00
11.0,85,955.8,0.8,8.2,2024-01-31 11:00:00
11.7,76,955.0,2.4,10.9,2024-01-31 12:00:00
11.1,81,954.0,3.6,9.7,2024-01-31 13:00:00
11.2,81,952.9,0.4,12.5,2024-01-31 14:00:00
11.3,80,951.9,0.4,14.7,2024-01-31 15:00:00
11.2,80,951.5,0.2,13.2,2024-01-31 16:00:00
10.8,86,951.4,0.1,13.2,2024-01-31 17:00:00
9.8,92,952.5,0.2,10.6,2024-01-31 18:00:00
9.5,95,952.8,1.9,12.8,2024-01-31 19:00:00
9.3,93,952.8,0.0,12.5,2024-01-31 20:00:00
8.8,93,952.9,0.9,13.6,2024-01-31 21:00:00
9.0,91,953.7,1.7,6.8,2024-01-31 22:00:00
8.9,90,953.3,1.5,10.9,2024-01-31 23:00:00
8.7,91,952.8,0.2,6.5,2024-02-01 00:00:00
8.6,91,953.0,1.2,10.1,2024-02-01 01:00:00
8.2,90,952.6,1.1,10.0,2024-02-01 02:00:00
8.1,90,952.0,0.4,8.3,2024-02-01 03:00:00
7.9,87,951.8,0.1,8.2,2024-02-01 04:00:00
7.8,85,951.3,0.0,6.1,2024-02-01 05:00:00
5.9,91,951.4,0.0,8.0,2024-02-01 06:00:00
5.8,89,951.7,0.0,7.9,2024-02-01 07:00:00
7.2,86,952.9,0.0,3.4,2024-02-01 08:00:00
9.1,81,953.9,0.0,2.3,2024-02-01 09:00:00
10.7,74,954.6,0.0,2.9,2024-02-01 10:00:00
11.6,71,954.8,0.1,5.5,2024-02-01 11:00:00
12.3,65,954.3,0.1,5.7,2024-02-01 12:00:00
13.4,60,953.6,0.0,4.3,2024-02-01 13:00:00
13.8,57,953.1,0.0,1.6,2024-02-01 14:00:00
13.4,58,953.2,0.0,0.5,2024-02-01 15:00:00
11.1,72,953.8,1.2,9.0,2024-02-01 16:00:00
10.0,77,954.0,0.0,10.5,2024-02-01 17:00:00
9.0,78,954.8,0.0,7.9,2024-02-01 18:00:00
7.2,82,955.5,0.0,7.4,2024-02-01 19:00:00
6.5,81,956.2,0.0,7.4,2024-02-01 20:00:00
5.9,78,956.7,0.0,7.5,2024-02-01 21:00:00
5.5,72,957.4,0.0,7.1,2024-02-01 22:00:00
4.7,72,957.8,0.0,8.4,2024-02-01 23:00:00
4.5,72,958.1,0.0,8.4,2024-02-02 00:00:00
3.8,76,958.1,0.0,7.6,2024-02-02 01:00:00
4.2,72,958.2,0.0,7.4,2024-02-02 02:00:00
3.4,75,957.9,0.0,9.2,2024-02-02 03:00:00
4.1,65,957.7,0.0,7.6,2024-02-02 04:00:00
6.7,50,958.7,0.0,2.9,2024-02-02 05:00:00
6.9,54,960.1,0.0,1.3,2024-02-02 06:00:00
3.8,67,959.8,0.0,6.5,2024-02-02 07:00:00
6.2,64,960.8,0.0,5.4,2024-02-02 08:00:00
8.7,63,961.9,0.0,6.7,2024-02-02 09:00:00
10.8,60,962.5,0.0,6.2,2024-02-02 10:00:00
12.8,48,962.6,0.0,8.6,2024-02-02 11:00:00
14.2,39,961.9,0.0,9.5,2024-02-02 12:00:00
14.9,35,960.7,0.0,10.6,2024-02-02 13:00:00
15.3,34,959.7,0.0,8.8,2024-02-02 14:00:00
15.1,34,958.7,0.0,9.1,2024-02-02 15:00:00
14.4,37,958.4,0.0,10.9,2024-02-02 16:00:00
12.7,45,958.1,0.0,10.9,2024-02-02 17:00:00
11.2,52,957.8,0.0,12.3,2024-02-02 18:00:00
10.5,58,958.2,0.0,12.5,2024-02-02 19:00:00
10.0,59,958.2,0.0,12.2,2024-02-02 20:00:00
9.8,56,958.3,0.0,11.7,2024-02-02 21:00:00
9.9,51,958.7,0.0,10.0,2024-02-02 22:00:00
9.9,50,958.4,0.0,8.7,2024-02-02 23:00:00
9.8,51,957.9,0.0,7.2,2024-02-03 00:00:00
9.5,51,957.2,0.0,6.3,2024-02-03 01:00:00
9.1,51,956.8,0.0,5.4,2024-02-03 02:00:00
9.3,48,956.3,0.0,5.9,2024-02-03 03:00:00
9.0,47,955.2,0.0,5.0,2024-02-03 04:00:00
8.8,48,954.7,0.0,4.6,2024-02-03 05:00:00
8.9,43,956.2,0.0,7.1,2024-02-03 06:00:00
8.9,42,956.8,0.0,10.7,2024-02-03 07:00:00
9.2,46,957.6,0.2,9.7,2024-02-03 08:00:00
9.2,54,957.9,0.4,8.6,2024-02-03 09:00:00
8.6,75,958.5,0.6,8.4,2024-02-03 10:00:00
10.0,65,959.0,0.3,11.0,2024-02-03 11:00:00
10.2,67,958.9,0.2,13.9,2024-02-03 12:00:00
9.7,74,958.3,0.2,13.5,2024-02-03 13:00:00
10.3,69,958.1,0.1,10.8,2024-02-03 14:00:00
11.1,66,957.2,0.0,9.5,2024-02-03 15:00:00
11.3,65,956.8,0.0,10.5,2024-02-03 16:00:00
11.1,65,956.4,0.0,6.2,2024-02-03 17:00:00
10.3,57,957.2,0.0,4.9,2024-02-03 18:00:00
10.2,65,957.3,0.0,5.7,2024-02-03 19:00:00
11.0,58,957.6,0.0,3.3,2024-02-03 20:00:00
10.3,61,957.3,0.0,2.6,2024-02-03 21:00:00
10.3,64,957.0,0.0,3.6,2024-02-03 22:00:00
9.7,71,956.6,0.0,2.6,2024-02-03 23:00:00
9.3,76,956.4,0.0,2.5,2024-02-04 00:00:00
9.0,79,955.8,0.0,5.2,2024-02-04 01:00:00
8.9,79,955.5,0.0,3.1,2024-02-04 02:00:00
8.6,85,955.0,0.0,1.8,2024-02-04 03:00:00
7.2,89,954.5,0.2,4.1,2024-02-04 04:00:00
7.9,83,954.2,0.0,4.3,2024-02-04 05:00:00
8.3,85,954.7,0.1,6.2,2024-02-04 06:00:00
8.1,89,954.9,0.0,5.8,2024-02-04 07:00:00
8.4,89,955.0,0.0,4.4,2024-02-04 08:00:00
10.3,80,955.9,0.0,2.8,2024-02-04 09:00:00
11.5,71,956.3,0.0,6.0,2024-02-04 10:00:00
12.4,67,956.2,0.0,5.9,2024-02-04 11:00:00
11.7,70,956.0,0.0,16.4,2024-02-04 12:00:00
12.1,67,955.2,0.1,15.3,2024-02-04 13:00:00
11.9,68,954.6,0.4,14.2,2024-02-04 14:00:00
12.1,63,954.3,0.1,10.0,2024-02-04 15:00:00
12.1,58,953.9,0.0,6.5,2024-02-04 16:00:00
10.9,78,953.7,0.0,4.2,2024-02-04 17:00:00
8.6,79,955.2,0.0,7.6,2024-02-04 18:00:00
7.4,83,955.6,0.0,9.0,2024-02-04 19:00:00
7.3,83,956.5,0.0,7.5,2024-02-04 20:00:00
7.7,80,956.9,0.0,7.1,2024-02-04 21:00:00
8.6,75,957.3,0.0,4.7,2024-02-04 22:00:00
6.2,81,957.0,0.0,5.4,2024-02-04 23:00:00
6.1,80,956.9,0.0,4.9,2024-02-05 00:00:00
5.7,82,956.9,0.0,4.7,2024-02-05 01:00:00
4.9,84,956.7,0.0,6.0,2024-02-05 02:00:00
4.4,86,956.2,0.0,7.4,2024-02-05 03:00:00
5.0,81,956.2,0.0,6.9,2024-02-05 04:00:00
4.8,79,956.0,0.0,6.1,2024-02-05 05:00:00
4.9,84,955.7,0.0,8.4,2024-02-05 06:00:00
4.1,86,955.8,0.0,8.4,2024-02-05 07:00:00
6.5,79,956.9,0.0,4.9,2024-02-05 08:00:00
9.8,71,958.1,0.0,4.8,2024-02-05 09:00:00
11.9,62,958.8,0.0,4.1,2024-02-05 10:00:00
13.5,55,958.8,0.0,5.6,2024-02-05 11:00:00
14.5,49,958.2,0.0,8.2,2024-02-05 12:00:00
14.9,48,957.5,0.0,10.2,2024-02-05 13:00:00
15.0,48,956.7,0.0,10.7,2024-02-05 14:00:00
14.9,48,956.3,0.0,8.7,2024-02-05 15:00:00
14.5,48,956.0,0.0,7.6,2024-02-05 16:00:00
12.8,60,955.7,0.0,7.6,2024-02-05 17:00:00
10.3,64,956.5,0.0,10.0,2024-02-05 18:00:00
9.1,69,956.6,0.0,10.4,2024-02-05 19:00:00
8.3,72,956.8,0.0,9.2,2024-02-05 20:00:00
7.4,75,956.9,0.0,8.0,2024-02-05 21:00:00
6.7,76,957.2,0.0,5.5,2024-02-05 22:00:00
6.2,75,957.3,0.0,4.5,2024-02-05 23:00:00
5.7,73,957.1,0.0,4.6,2024-02-06 00:00:00
5.2,73,956.9,0.0,5.2,2024-02-06 01:00:00
5.0,72,956.5,0.0,4.5,2024-02-06 02:00:00
5.9,69,956.7,0.0,3.1,2024-02-06 03:00:00
6.0,69,956.7,0.0,2.6,2024-02-06 04:00:00
5.2,73,956.6,0.0,3.4,2024-02-06 05:00:00
9.1,60,957.9,0.0,1.8,2024-02-06 06:00:00
8.5,63,958.4,0.0,2.5,2024-02-06 07:00:00
7.6,70,958.5,0.0,1.5,2024-02-06 08:00:00
9.3,68,959.4,0.0,3.4,2024-02-06 09:00:00
11.8,63,960.1,0.0,2.7,2024-02-06 10:00:00
13.7,54,960.2,0.0,5.2,2024-02-06 11:00:00
14.7,46,959.5,0.0,7.8,2024-02-06 12:00:00
15.0,42,958.9,0.0,8.1,2024-02-06 13:00:00
15.2,40,958.1,0.0,6.5,2024-02-06 14:00:00
15.1,39,957.9,0.0,4.2,2024-02-06 15:00:00
14.8,39,957.7,0.0,4.6,2024-02-06 16:00:00
12.8,56,957.5,0.0,5.4,2024-02-06 17:00:00
10.5,63,957.8,0.0,7.8,2024-02-06 18:00:00
9.3,67,958.1,0.0,8.7,2024-02-06 19:00:00
8.2,70,958.1,0.0,7.7,2024-02-06 20:00:00
7.2,73,958.3,0.0,6.0,2024-02-06 21:00:00
6.3,73,958.2,0.0,4.7,2024-02-06 22:00:00
6.1,70,958.2,0.0,4.4,2024-02-06 23:00:00
6.5,64,958.1,0.0,4.7,2024-02-07 00:00:00
5.9,62,957.9,0.0,5.0,2024-02-07 01:00:00
5.0,65,957.3,0.0,6.8,2024-02-07 02:00:00
6.1,59,957.1,0.0,5.5,2024-02-07 03:00:00
4.4,67,956.8,0.0,8.2,2024-02-07 04:00:00
4.1,68,956.8,0.0,7.3,2024-02-07 05:00:00
5.6,74,957.9,0.0,6.8,2024-02-07 06:00:00
4.5,77,958.2,0.0,8.0,2024-02-07 07:00:00
7.1,69,959.2,0.0,4.9,2024-02-07 08:00:00
10.5,62,960.6,0.0,6.1,2024-02-07 09:00:00
13.3,50,961.5,0.0,6.6,2024-02-07 10:00:00
15.1,41,961.6,0.0,13.2,2024-02-07 11:00:00
15.5,40,961.1,0.0,18.1,2024-02-07 12:00:00
16.1,38,960.5,0.0,17.3,2024-02-07 13:00:00
16.3,36,959.9,0.0,17.1,2024-02-07 14:00:00
15.9,37,959.6,0.0,17.9,2024-02-07 15:00:00
15.4,38,959.3,0.0,16.1,2024-02-07 16:00:00
13.6,47,959.0,0.0,13.8,2024-02-07 17:00:00
11.7,53,959.4,0.0,14.6,2024-02-07 18:00:00
10.7,55,959.5,0.0,14.1,2024-02-07 19:00:00
10.0,57,959.5,0.0,12.9,2024-02-07 20:00:00
9.3,59,959.7,0.0,11.6,2024-02-07 21:00:00
9.4,55,959.7,0.0,12.7,2024-02-07 22:00:00
10.1,48,959.6,0.0,14.0,2024-02-07 23:00:00
10.0,48,959.2,0.0,13.0,2024-02-08 00:00:00
9.5,50,958.8,0.0,11.6,2024-02-08 01:00:00
9.0,47,958.4,0.0,11.5,2024-02-08 02:00:00
8.9,41,957.9,0.0,12.0,2024-02-08 03:00:00
8.9,34,957.6,0.0,13.2,2024-02-08 04:00:00
8.9,27,957.5,0.0,14.6,2024-02-08 05:00:00
9.2,30,958.3,0.0,14.8,2024-02-08 06:00:00
9.2,30,958.6,0.0,14.8,2024-02-08 07:00:00
10.2,33,959.3,0.0,16.5,2024-02-08 08:00:00
12.4,30,960.1,0.0,18.6,2024-02-08 09:00:00
14.5,28,960.5,0.0,17.8,2024-02-08 10:00:00
16.0,25,960.5,0.0,22.2,2024-02-08 11:00:00
17.0,25,959.8,0.0,23.5,2024-02-08 12:00:00
17.7,26,958.7,0.0,23.9,2024-02-08 13:00:00
18.1,26,957.6,0.0,23.7,2024-02-08 14:00:00
17.7,29,956.7,0.0,22.7,2024-02-08 15:00:00
16.6,37,955.9,0.0,21.5,2024-02-08 16:00:00
14.7,45,955.0,0.0,18.6,2024-02-08 17:00:00
13.1,48,954.7,0.0,16.3,2024-02-08 18:00:00
12.3,48,954.6,0.0,14.8,2024-02-08 19:00:00
11.2,49,954.3,0.0,11.5,2024-02-08 20:00:00
10.7,49,954.4,0.0,10.4,2024-02-08 21:00:00
10.2,49,954.3,0.0,9.4,2024-02-08 22:00:00
8.5,54,953.6,0.0,7.4,2024-02-08 23:00:00
6.7,60,953.2,0.0,7.8,2024-02-09 00:00:00
6.0,61,952.9,0.0,6.3,2024-02-09 01:00:00
5.3,62,952.9,0.0,7.1,2024-02-09 02:00:00
6.3,55,952.9,0.0,5.3,2024-02-09 03:00:00
7.6,49,953.3,0.0,3.6,2024-02-09 04:00:00
7.2,51,953.4,0.0,3.1,2024-02-09 05:00:00
10.0,42,954.3,0.0,5.4,2024-02-09 06:00:00
9.4,42,955.0,0.0,4.7,2024-02-09 07:00:00
8.0,61,955.4,0.0,4.2,2024-02-09 08:00:00
11.3,47,956.7,0.0,3.1,2024-02-09 09:00:00
14.2,40,957.7,0.0,1.0,2024-02-09 10:00:00
16.4,36,958.3,0.0,1.8,2024-02-09 11:00:00
17.9,34,958.2,0.0,2.4,2024-02-09 12:00:00
19.1,31,957.9,0.0,2.4,2024-02-09 13:00:00
19.6,29,957.4,0.0,2.6,2024-02-09 14:00:00
19.7,29,957.3,0.0,2.9,2024-02-09 15:00:00
19.2,30,957.5,0.0,2.3,2024-02-09 16:00:00
18.3,34,957.5,0.0,2.2,2024-02-09 17:00:00
13.4,58,956.8,0.0,6.5,2024-02-09 18:00:00
11.8,60,957.3,0.0,3.9,2024-02-09 19:00:00
10.6,57,957.5,0.0,6.1,2024-02-09 20:00:00
10.1,50,958.0,0.0,10.3,2024-02-09 21:00:00
9.1,49,958.5,0.0,10.4,2024-02-09 22:00:00
9.0,48,958.9,0.0,9.3,2024-02-09 23:00:00
7.2,55,958.6,0.0,10.5,2024-02-10 00:00:00
7.0,56,958.6,0.0,10.5,2024-02-10 01:00:00
7.2,57,958.3,0.0,10.2,2024-02-10 02:00:00
9.5,48,958.5,0.0,6.1,2024-02-10 03:00:00
9.9,47,958.5,0.0,3.6,2024-02-10 04:00:00
7.9,56,958.1,0.0,6.1,2024-02-10 05:00:00
8.8,63,959.2,0.0,6.0,2024-02-10 06:00:00
8.7,63,959.8,0.0,5.8,2024-02-10 07:00:00
9.5,69,960.8,0.0,4.7,2024-02-10 08:00:00
12.8,57,962.1,0.0,2.7,2024-02-10 09:00:00
15.2,51,962.8,0.0,0.8,2024-02-10 10:00:00
17.2,48,963.0,0.0,2.3,2024-02-10 11:00:00
18.7,43,962.7,0.0,4.3,2024-02-10 12:00:00
19.8,35,961.8,0.0,7.3,2024-02-10 13:00:00
20.1,31,960.8,0.0,10.3,2024-02-10 14:00:00
19.7,33,960.4,0.0,12.2,2024-02-10 15:00:00
18.8,38,960.1,0.0,12.4,2024-02-10 16:00:00
16.5,49,959.7,0.0,8.7,2024-02-10 17:00:00
13.4,58,958.8,0.0,10.2,2024-02-10 18:00:00
11.4,63,959.0,0.0,10.4,2024-02-10 19:00:00
10.3,62,958.9,0.0,8.1,2024-02-10 20:00:00
9.5,57,959.2,0.0,6.1,2024-02-10 21:00:00
9.1,50,959.4,0.0,4.3,2024-02-10 22:00:00
8.4,48,959.3,0.0,4.5,2024-02-10 23:00:00
8.4,50,959.2,0.0,4.5,2024-02-11 00:00:00
9.6,46,959.1,0.0,3.5,2024-02-11 01:00:00
8.7,51,958.7,0.0,4.4,2024-02-11 02:00:00
7.8,56,958.0,0.0,5.0,2024-02-11 03:00:00
7.5,59,957.7,0.0,4.9,2024-02-11 04:00:00
7.2,61,957.5,0.0,5.1,2024-02-11 05:00:00
9.5,58,958.6,0.0,4.2,2024-02-11 06:00:00
11.6,51,959.5,0.0,3.8,2024-02-11 07:00:00
10.2,65,959.8,0.0,3.2,2024-02-11 08:00:00
12.7,58,961.0,0.0,2.4,2024-02-11 09:00:00
15.2,52,961.9,0.0,0.8,2024-02-11 10:00:00
17.4,47,962.2,0.0,1.1,2024-02-11 11:00:00
19.1,41,961.8,0.0,2.7,2024-02-11 12:00:00
20.1,35,960.9,0.0,4.2,2024-02-11 13:00:00
20.5,34,960.3,0.0,5.2,2024-02-11 14:00:00
20.4,35,960.0,0.0,6.3,2024-02-11 15:00:00
19.6,40,960.1,0.0,8.0,2024-02-11 16:00:00
17.2,53,959.9,0.0,6.4,2024-02-11 17:00:00
13.8,62,959.0,0.0,8.1,2024-02-11 18:00:00
12.0,70,958.7,0.0,7.2,2024-02-11 19:00:00
11.1,70,958.8,0.0,5.0,2024-02-11 20:00:00
11.2,58,959.2,0.0,3.8,2024-02-11 21:00:00
11.3,50,959.4,0.0,4.6,2024-02-11 22:00:00
12.3,44,959.8,0.0,3.9,2024-02-11 23:00:00
10.6,50,959.2,0.0,5.2,2024-02-12 00:00:00
13.0,41,959.2,0.0,3.3,2024-02-12 01:00:00
11.7,45,958.6,0.0,3.9,2024-02-12 02:00:00
9.8,55,957.9,0.0,5.6,2024-02-12 03:00:00
8.7,61,957.5,0.0,6.1,2024-02-12 04:00:00
8.8,58,957.4,0.0,5.2,2024-02-12 05:00:00
10.8,61,958.3,0.0,5.1,2024-02-12 06:00:00
11.7,54,958.8,0.0,5.1,2024-02-12 07:00:00
11.0,64,959.2,0.0,5.5,2024-02-12 08:00:00
13.8,51,960.0,0.0,2.6,2024-02-12 09:00:00
16.0,46,960.6,0.0,2.5,2024-02-12 10:00:00
18.3,40,961.0,0.0,1.6,2024-02-12 11:00:00
19.8,37,960.6,0.0,3.1,2024-02-12 12:00:00
20.5,35,959.5,0.0,2.3,2024-02-12 13:00:00
20.7,34,958.5,0.0,2.8,2024-02-12 14:00:00
20.4,34,957.9,0.0,2.3,2024-02-12 15:00:00
19.7,38,957.6,0.0,1.9,2024-02-12 16:00:00
17.5,58,957.3,0.0,4.7,2024-02-12 17:00:00
14.9,62,957.2,0.0,6.7,2024-02-12 18:00:00
13.9,65,957.4,0.0,3.9,2024-02-12 19:00:00
13.2,64,957.5,0.0,3.9,2024-02-12 20:00:00
14.2,54,958.3,0.0,5.1,2024-02-12 21:00:00
14.2,50,958.9,0.0,6.1,2024-02-12 22:00:00
11.9,55,958.6,0.0,7.9,2024-02-12 23:00:00
11.4,54,958.6,0.0,7.5,2024-02-13 00:00:00
11.2,52,958.2,0.0,8.0,2024-02-13 01:00:00
12.4,46,958.0,0.0,6.9,2024-02-13 02:00:00
12.3,44,957.4,0.0,5.0,2024-02-13 03:00:00
10.0,53,956.7,0.0,7.3,2024-02-13 04:00:00
8.9,58,956.3,0.0,8.7,2024-02-13 05:00:00
9.7,56,957.3,0.0,5.1,2024-02-13 06:00:00
8.2,60,957.6,0.0,6.9,2024-02-13 07:00:00
10.4,60,958.7,0.0,5.4,2024-02-13 08:00:00
13.9,45,959.9,0.0,4.1,2024-02-13 09:00:00
16.5,39,960.6,0.0,0.5,2024-02-13 10:00:00
18.8,35,960.6,0.0,2.1,2024-02-13 11:00:00
20.5,31,960.2,0.0,4.3,2024-02-13 12:00:00
21.3,30,959.3,0.0,6.1,2024-02-13 13:00:00
21.6,30,958.5,0.0,8.5,2024-02-13 14:00:00
21.3,32,958.1,0.0,11.3,2024-02-13 15:00:00
20.2,35,958.0,0.0,13.8,2024-02-13 16:00:00
18.0,42,957.7,0.0,11.3,2024-02-13 17:00:00
15.1,46,957.0,0.0,11.7,2024-02-13 18:00:00
13.4,46,957.0,0.0,12.0,2024-02-13 19:00:00
12.2,46,957.1,0.0,10.5,2024-02-13 20:00:00
11.4,46,957.5,0.0,8.9,2024-02-13 21:00:00
10.8,42,957.6,0.0,7.0,2024-02-13 22:00:00
9.6,44,957.5,0.0,7.4,2024-02-13 23:00:00
9.1,47,957.3,0.0,7.2,2024-02-14 00:00:00
11.2,40,957.6,0.0,5.5,2024-02-14 01:00:00
12.3,37,957.6,0.0,5.6,2024-02-14 02:00:00
12.0,36,957.4,0.0,5.3,2024-02-14 03:00:00
10.4,38,956.8,0.0,6.7,2024-02-14 04:00:00
9.6,33,956.6,0.0,8.5,2024-02-14 05:00:00
8.5,50,956.8,0.0,9.7,2024-02-14 06:00:00
7.7,45,956.9,0.0,11.2,2024-02-14 07:00:00
11.0,43,958.3,0.0,7.7,2024-02-14 08:00:00
15.3,33,959.8,0.0,8.0,2024-02-14 09:00:00
17.7,29,960.4,0.0,6.7,2024-02-14 10:00:00
19.8,25,960.5,0.0,9.7,2024-02-14 11:00:00
21.1,21,960.2,0.0,13.6,2024-02-14 12:00:00
21.4,25,959.2,0.0,15.1,2024-02-14 13:00:00
21.5,27,958.6,0.0,16.5,2024-02-14 14:00:00
21.3,26,958.0,0.0,16.0,2024-02-14 15:00:00
20.4,28,957.7,0.0,14.8,2024-02-14 16:00:00
18.0,36,957.2,0.0,12.2,2024-02-14 17:00:00
15.4,42,956.8,0.0,12.5,2024-02-14 18:00:00
13.6,46,956.8,0.0,11.5,2024-02-14 19:00:00
12.4,45,956.7,0.0,9.5,2024-02-14 20:00:00
11.5,41,957.0,0.0,7.8,2024-02-14 21:00:00
10.9,37,957.1,0.0,7.3,2024-02-14 22:00:00
10.5,38,957.0,0.0,7.1,2024-02-14 23:00:00
10.0,43,956.8,0.0,6.6,2024-02-15 00:00:00
9.5,48,956.6,0.0,6.1,2024-02-15 01:00:00
8.8,54,956.2,0.0,7.6,2024-02-15 02:00:00
9.7,52,956.4,0.0,6.7,2024-02-15 03:00:00
11.9,44,957.0,0.0,4.1,2024-02-15 04:00:00
12.7,41,957.1,0.0,3.2,2024-02-15 05:00:00
13.2,44,957.4,0.0,5.2,2024-02-15 06:00:00
13.1,44,957.7,0.0,4.0,2024-02-15 07:00:00
12.6,50,958.4,0.0,3.6,2024-02-15 08:00:00
14.7,47,959.5,0.0,2.5,2024-02-15 09:00:00
17.5,39,960.3,0.0,3.2,2024-02-15 10:00:00
19.7,31,960.6,0.0,3.8,2024-02-15 11:00:00
21.2,30,960.4,0.0,3.4,2024-02-15 12:00:00
22.2,29,959.6,0.0,3.4,2024-02-15 13:00:00
22.8,27,958.9,0.0,4.3,2024-02-15 14:00:00
22.9,26,958.5,0.0,5.7,2024-02-15 15:00:00
22.2,28,958.2,0.0,6.9,2024-02-15 16:00:00
19.3,50,957.8,0.0,5.8,2024-02-15 17:00:00
16.3,48,957.4,0.0,8.0,2024-02-15 18:00:00
13.9,53,957.3,0.0,4.8,2024-02-15 19:00:00
13.5,48,957.4,0.0,4.7,2024-02-15 20:00:00
12.8,44,957.8,0.0,5.8,2024-02-15 21:00:00
14.5,38,959.0,0.0,7.3,2024-02-15 22:00:00
12.1,46,958.8,0.0,8.7,2024-02-15 23:00:00
10.7,50,958.5,0.0,9.6,2024-02-16 00:00:00
10.2,48,958.4,0.0,8.8,2024-02-16 01:00:00
10.4,43,958.1,0.0,8.0,2024-02-16 02:00:00
12.3,35,957.9,0.0,6.3,2024-02-16 03:00:00
14.0,29,958.0,0.0,3.3,2024-02-16 04:00:00
12.8,30,957.8,0.0,3.9,2024-02-16 05:00:00
14.5,37,958.5,0.0,3.1,2024-02-16 06:00:00
15.0,35,959.0,0.0,2.6,2024-02-16 07:00:00
13.0,51,959.3,0.0,3.6,2024-02-16 08:00:00
16.6,39,960.7,0.0,3.2,2024-02-16 09:00:00
19.1,36,961.5,0.0,4.1,2024-02-16 10:00:00
21.0,33,961.5,0.0,6.3,2024-02-16 11:00:00
22.4,29,960.9,0.0,7.7,2024-02-16 12:00:00
23.3,25,959.8,0.0,8.7,2024-02-16 13:00:00
23.7,23,959.1,0.0,10.8,2024-02-16 14:00:00
23.4,24,958.6,0.0,13.0,2024-02-16 15:00:00
22.3,29,958.4,0.0,12.1,2024-02-16 16:00:00
20.0,39,958.1,0.0,5.9,2024-02-16 17:00:00
16.3,49,957.1,0.0,6.3,2024-02-16 18:00:00
14.8,50,957.1,0.0,4.4,2024-02-16 19:00:00
14.1,48,957.1,0.0,4.0,2024-02-16 20:00:00
14.1,45,957.3,0.0,4.7,2024-02-16 21:00:00
13.7,48,957.5,0.0,7.4,2024-02-16 22:00:00
16.3,38,958.1,0.0,4.1,2024-02-16 23:00:00
13.6,48,957.2,0.0,6.6,2024-02-17 00:00:00
12.0,53,956.2,0.0,8.3,2024-02-17 01:00:00
11.8,53,955.5,0.0,6.9,2024-02-17 02:00:00
11.6,52,954.8,0.0,6.8,2024-02-17 03:00:00
13.0,47,954.3,0.0,5.4,2024-02-17 04:00:00
14.8,40,954.4,0.0,3.4,2024-02-17 05:00:00
15.0,46,955.2,0.0,3.4,2024-02-17 06:00:00
14.1,48,955.3,0.0,4.0,2024-02-17 07:00:00
13.7,61,955.6,0.0,4.5,2024-02-17 08:00:00
17.5,45,956.5,0.0,3.4,2024-02-17 09:00:00
19.6,40,956.6,0.0,3.9,2024-02-17 10:00:00
21.5,36,956.3,0.0,5.4,2024-02-17 11:00:00
22.7,31,955.6,0.0,7.6,2024-02-17 12:00:00
23.4,28,954.3,0.0,7.5,2024-02-17 13:00:00
23.6,27,953.5,0.0,5.5,2024-02-17 14:00:00
23.6,27,953.0,0.0,6.2,2024-02-17 15:00:00
23.0,27,952.5,0.0,7.4,2024-02-17 16:00:00
20.7,48,951.9,0.0,6.0,2024-02-17 17:00:00
17.2,49,951.7,0.0,7.5,2024-02-17 18:00:00
16.7,55,951.8,0.0,6.8,2024-02-17 19:00:00
15.2,60,951.9,0.0,7.2,2024-02-17 20:00:00
14.3,56,952.2,0.0,8.2,2024-02-17 21:00:00
15.0,49,952.6,0.0,9.2,2024-02-17 22:00:00
14.5,51,952.1,0.0,9.4,2024-02-17 23:00:00
12.9,58,951.3,0.0,9.2,2024-02-18 00:00:00
12.7,59,951.0,0.0,9.2,2024-02-18 01:00:00
13.4,55,951.1,0.0,6.6,2024-02-18 02:00:00
13.9,52,950.8,0.0,5.5,2024-02-18 03:00:00
14.4,55,950.5,0.1,10.0,2024-02-18 04:00:00
13.8,59,949.9,0.0,7.8,2024-02-18 05:00:00
13.9,62,950.3,0.0,7.5,2024-02-18 06:00:00
13.4,64,949.9,0.0,8.7,2024-02-18 07:00:00
13.9,64,951.1,0.8,4.6,2024-02-18 08:00:00
14.0,70,952.8,0.4,12.3,2024-02-18 09:00:00
14.4,67,952.7,0.5,12.6,2024-02-18 10:00:00
15.1,65,953.2,0.3,13.4,2024-02-18 11:00:00
14.6,78,953.0,1.7,19.1,2024-02-18 12:00:00
14.1,74,951.5,0.6,19.2,2024-02-18 13:00:00
14.4,71,950.7,1.4,22.0,2024-02-18 14:00:00
15.9,61,949.9,0.1,17.0,2024-02-18 15:00:00
16.9,50,949.5,0.0,17.7,2024-02-18 16:00:00
15.8,51,949.5,0.0,15.8,2024-02-18 17:00:00
13.5,66,950.5,0.7,10.2,2024-02-18 18:00:00
13.7,64,951.1,2.4,7.5,2024-02-18 19:00:00
12.7,70,950.7,2.6,13.5,2024-02-18 20:00:00
12.8,67,950.3,0.2,14.3,2024-02-18 21:00:00
12.5,69,950.3,0.5,7.6,2024-02-18 22:00:00
12.5,69,949.5,2.1,17.9,2024-02-18 23:00:00
12.3,69,948.8,0.8,22.3,2024-02-19 00:00:00
12.7,67,948.4,1.3,21.9,2024-02-19 01:00:00
12.7,67,948.2,0.0,21.2,2024-02-19 02:00:00
12.9,62,947.6,0.0,19.9,2024-02-19 03:00:00
13.4,60,946.2,0.0,27.6,2024-02-19 04:00:00
13.6,58,945.0,0.0,27.0,2024-02-19 05:00:00
11.3,84,946.7,1.5,16.8,2024-02-19 06:00:00
11.5,86,945.6,2.2,26.0,2024-02-19 07:00:00
12.6,78,945.3,0.3,30.4,2024-02-19 08:00:00
13.0,80,946.6,2.3,26.8,2024-02-19 09:00:00
12.7,85,947.1,1.9,14.5,2024-02-19 10:00:00
12.4,88,946.6,4.7,21.8,2024-02-19 11:00:00
13.1,84,945.5,6.3,28.0,2024-02-19 12:00:00
14.1,84,943.9,5.2,31.5,2024-02-19 13:00:00
15.4,76,942.5,0.9,35.2,2024-02-19 14:00:00
13.5,89,942.9,3.1,30.8,2024-02-19 15:00:00
13.1,91,943.0,4.6,20.7,2024-02-19 16:00:00
11.7,99,943.9,1.8,18.0,2024-02-19 17:00:00
12.0,89,946.4,0.1,9.7,2024-02-19 18:00:00
11.6,83,947.1,0.0,7.4,2024-02-19 19:00:00
12.1,78,948.0,0.0,8.2,2024-02-19 20:00:00
10.1,85,948.2,0.0,8.3,2024-02-19 21:00:00
9.2,85,949.0,0.0,8.4,2024-02-19 22:00:00
10.0,81,949.0,0.0,7.4,2024-02-19 23:00:00
9.0,84,949.2,0.0,8.8,2024-02-20 00:00:00
8.7,92,949.6,0.8,4.7,2024-02-20 01:00:00
9.2,91,949.5,1.8,6.5,2024-02-20 02:00:00
8.9,89,948.5,0.0,4.9,2024-02-20 03:00:00
7.8,95,949.1,0.0,7.4,2024-02-20 04:00:00
8.5,89,949.1,2.0,9.7,2024-02-20 05:00:00
8.4,89,948.1,0.0,6.3,2024-02-20 06:00:00
9.3,83,949.4,0.0,0.4,2024-02-20 07:00:00
9.4,88,950.6,0.1,8.9,2024-02-20 08:00:00
10.0,89,951.6,0.5,9.4,2024-02-20 09:00:00
11.9,74,951.9,0.0,14.7,2024-02-20 10:00:00
13.3,60,951.6,0.0,13.2,2024-02-20 11:00:00
13.8,57,951.3,0.0,12.9,2024-02-20 12:00:00
14.7,53,950.0,0.0,9.4,2024-02-20 13:00:00
15.2,51,949.5,0.0,9.3,2024-02-20 14:00:00
15.0,50,949.3,0.0,7.6,2024-02-20 15:00:00
14.9,50,949.0,0.0,8.6,2024-02-20 16:00:00
14.1,56,949.1,0.0,6.8,2024-02-20 17:00:00
9.2,89,948.4,0.0,7.4,2024-02-20 18:00:00
8.5,88,948.9,0.0,9.2,2024-02-20 19:00:00
8.2,84,949.4,0.0,8.4,2024-02-20 20:00:00
9.6,72,950.3,0.0,5.8,2024-02-20 21:00:00
9.1,71,950.9,0.0,6.9,2024-02-20 22:00:00
6.2,85,950.5,0.0,9.9,2024-02-20 23:00:00
6.3,82,950.3,0.0,8.1,2024-02-21 00:00:00
6.1,80,950.6,0.0,7.6,2024-02-21 01:00:00
6.2,77,950.7,0.0,7.1,2024-02-21 02:00:00
5.5,80,950.3,0.0,8.0,2024-02-21 03:00:00
5.6,79,949.8,0.0,9.4,2024-02-21 04:00:00
7.6,69,950.2,0.0,6.6,2024-02-21 05:00:00
8.7,70,949.7,0.0,6.5,2024-02-21 06:00:00
10.5,62,950.4,0.0,4.9,2024-02-21 07:00:00
10.8,72,951.2,0.0,3.4,2024-02-21 08:00:00
13.1,61,952.5,0.0,2.5,2024-02-21 09:00:00
15.1,57,952.9,0.0,3.2,2024-02-21 10:00:00
16.4,51,953.2,0.0,4.3,2024-02-21 11:00:00
16.7,47,952.7,0.0,5.7,2024-02-21 12:00:00
15.5,48,952.2,1.4,4.7,2024-02-21 13:00:00
16.0,45,951.2,0.0,6.7,2024-02-21 14:00:00
15.4,49,951.0,0.4,11.3,2024-02-21 15:00:00
15.3,51,950.7,0.0,9.2,2024-02-21 16:00:00
14.4,60,950.7,0.0,6.9,2024-02-21 17:00:00
12.4,53,950.6,0.0,9.4,2024-02-21 18:00:00
11.3,58,951.0,0.0,11.7,2024-02-21 19:00:00
10.9,57,951.2,0.0,11.5,2024-02-21 20:00:00
9.6,59,951.2,0.0,7.6,2024-02-21 21:00:00
8.3,62,951.2,0.0,5.4,2024-02-21 22:00:00
8.0,59,951.0,0.0,5.1,2024-02-21 23:00:00
7.1,60,950.7,0.0,5.8,2024-02-22 00:00:00
8.6,50,950.9,0.0,5.4,2024-02-22 01:00:00
9.5,44,951.1,0.0,4.3,2024-02-22 02:00:00
10.7,39,951.3,0.0,3.6,2024-02-22 03:00:00
9.3,44,951.1,0.0,4.8,2024-02-22 04:00:00
10.1,41,951.5,0.0,4.1,2024-02-22 05:00:00
8.5,56,951.9,0.0,5.8,2024-02-22 06:00:00
10.2,46,953.0,0.0,2.5,2024-02-22 07:00:00
9.9,53,953.9,0.0,1.3,2024-02-22 08:00:00
11.4,53,955.2,0.0,4.0,2024-02-22 09:00:00
13.4,50,955.8,0.0,5.9,2024-02-22 10:00:00
15.4,46,955.8,0.0,7.4,2024-02-22 11:00:00
16.7,35,955.6,0.0,7.8,2024-02-22 12:00:00
17.0,32,954.8,0.0,7.1,2024-02-22 13:00:00
17.3,32,954.2,0.1,8.6,2024-02-22 14:00:00
16.9,33,954.2,0.1,9.0,2024-02-22 15:00:00
16.4,33,954.2,0.0,9.3,2024-02-22 16:00:00
15.1,43,954.1,0.0,8.4,2024-02-22 17:00:00
12.4,40,954.2,0.0,10.4,2024-02-22 18:00:00
11.0,42,954.5,0.0,11.2,2024-02-22 19:00:00
10.3,42,954.7,0.0,11.2,2024-02-22 20:00:00
9.3,43,954.8,0.0,9.7,2024-02-22 21:00:00
8.8,44,955.1,0.0,8.8,2024-02-22 22:00:00
8.2,46,955.0,0.0,8.0,2024-02-22 23:00:00
7.5,48,954.6,0.0,7.0,2024-02-23 00:00:00
6.7,52,954.1,0.0,6.7,2024-02-23 01:00:00
5.8,57,953.6,0.0,7.4,2024-02-23 02:00:00
5.5,58,953.2,0.0,7.4,2024-02-23 03:00:00
5.5,58,952.9,0.0,6.9,2024-02-23 04:00:00
5.7,56,952.9,0.0,6.9,2024-02-23 05:00:00
6.8,64,954.2,0.0,6.6,2024-02-23 06:00:00
6.3,67,954.4,0.0,6.9,2024-02-23 07:00:00
9.5,61,955.5,0.0,6.1,2024-02-23 08:00:00
12.3,54,956.4,0.0,4.9,2024-02-23 09:00:00
14.4,45,956.8,0.0,6.3,2024-02-23 10:00:00
16.0,38,956.8,0.0,10.7,2024-02-23 11:00:00
16.8,35,956.5,0.0,11.6,2024-02-23 12:00:00
17.2,35,955.5,0.0,11.8,2024-02-23 13:00:00
17.5,33,954.8,0.0,10.7,2024-02-23 14:00:00
17.4,31,954.4,0.0,9.6,2024-02-23 15:00:00
17.0,31,954.3,0.0,8.2,2024-02-23 16:00:00
15.4,45,953.9,0.0,6.2,2024-02-23 17:00:00
12.5,45,953.7,0.0,9.9,2024-02-23 18:00:00
10.8,50,954.0,0.0,10.5,2024-02-23 19:00:00
10.1,50,954.3,0.0,10.5,2024-02-23 20:00:00
9.1,53,954.4,0.0,8.0,2024-02-23 21:00:00
7.8,56,954.4,0.0,5.9,2024-02-23 22:00:00
7.2,56,954.0,0.0,4.2,2024-02-23 23:00:00
7.1,55,953.9,0.0,4.4,2024-02-24 00:00:00
6.7,56,953.4,0.0,5.2,2024-02-24 01:00:00
6.3,56,952.7,0.0,6.1,2024-02-24 02:00:00
7.5,48,952.6,0.0,6.1,2024-02-24 03:00:00
10.4,36,953.0,0.0,2.5,2024-02-24 04:00:00
9.6,38,953.1,0.0,2.3,2024-02-24 05:00:00
9.8,48,953.9,0.0,3.6,2024-02-24 06:00:00
8.1,56,954.3,0.0,4.6,2024-02-24 07:00:00
9.4,58,955.6,0.0,2.6,2024-02-24 08:00:00
11.5,54,956.7,0.0,1.8,2024-02-24 09:00:00
13.9,48,957.2,0.0,0.0,2024-02-24 10:00:00
15.7,42,957.3,0.0,1.5,2024-02-24 11:00:00
16.7,39,956.9,0.0,2.8,2024-02-24 12:00:00
17.3,33,956.3,0.0,2.9,2024-02-24 13:00:00
17.4,30,955.6,0.0,3.4,2024-02-24 14:00:00
17.4,29,955.1,0.0,2.9,2024-02-24 15:00:00
17.0,30,954.9,0.0,2.3,2024-02-24 16:00:00
15.6,59,955.0,0.0,3.4,2024-02-24 17:00:00
11.7,54,954.9,0.0,7.8,2024-02-24 18:00:00
11.0,51,955.4,0.0,6.0,2024-02-24 19:00:00
10.5,46,955.5,0.0,8.4,2024-02-24 20:00:00
10.5,44,955.9,0.0,7.2,2024-02-24 21:00:00
8.5,54,956.2,0.0,9.3,2024-02-24 22:00:00
9.8,47,956.6,0.0,7.2,2024-02-24 23:00:00
8.0,54,956.3,0.0,8.8,2024-02-25 00:00:00
7.9,53,956.1,0.0,8.0,2024-02-25 01:00:00
7.4,53,955.9,0.0,7.9,2024-02-25 02:00:00
8.7,45,955.9,0.0,5.8,2024-02-25 03:00:00
9.1,42,956.0,0.0,5.1,2024-02-25 04:00:00
10.2,37,956.4,0.0,4.1,2024-02-25 05:00:00
11.7,40,957.8,0.0,1.6,2024-02-25 06:00:00
10.9,43,958.3,0.0,3.1,2024-02-25 07:00:00
10.6,51,958.9,0.0,3.1,2024-02-25 08:00:00
12.8,49,960.0,0.0,4.1,2024-02-25 09:00:00
15.5,39,960.6,0.0,3.7,2024-02-25 10:00:00
17.1,31,960.8,0.0,1.9,2024-02-25 11:00:00
17.4,30,960.7,0.0,2.4,2024-02-25 12:00:00
17.7,30,960.1,0.0,3.7,2024-02-25 13:00:00
17.8,29,959.4,0.0,3.4,2024-02-25 14:00:00
17.9,28,959.0,0.0,0.7,2024-02-25 15:00:00
17.8,28,958.6,0.0,2.5,2024-02-25 16:00:00
16.2,52,958.3,0.0,3.6,2024-02-25 17:00:00
12.6,50,958.0,0.0,7.2,2024-02-25 18:00:00
11.8,48,958.5,0.0,11.7,2024-02-25 19:00:00
11.2,45,958.4,0.0,13.0,2024-02-25 20:00:00
10.6,42,958.6,0.0,11.8,2024-02-25 21:00:00
10.6,41,958.9,0.0,10.5,2024-02-25 22:00:00
11.4,39,959.0,0.0,9.6,2024-02-25 23:00:00
10.5,41,958.6,0.0,8.9,2024-02-26 00:00:00
8.8,48,957.8,0.0,6.9,2024-02-26 01:00:00
8.0,52,957.5,0.0,6.9,2024-02-26 02:00:00
7.6,53,956.7,0.0,6.9,2024-02-26 03:00:00
7.6,52,956.4,0.0,7.9,2024-02-26 04:00:00
7.5,51,956.2,0.0,6.7,2024-02-26 05:00:00
8.0,54,956.6,0.0,6.3,2024-02-26 06:00:00
9.2,49,957.6,0.0,7.5,2024-02-26 07:00:00
10.3,51,958.4,0.0,8.2,2024-02-26 08:00:00
12.4,47,959.5,0.0,8.9,2024-02-26 09:00:00
14.2,41,960.1,0.0,7.1,2024-02-26 10:00:00
14.4,39,959.9,0.0,6.9,2024-02-26 11:00:00
16.4,34,959.9,0.0,7.8,2024-02-26 12:00:00
15.4,39,958.8,0.0,8.7,2024-02-26 13:00:00
17.4,35,958.7,0.0,9.5,2024-02-26 14:00:00
14.8,48,958.2,0.0,13.8,2024-02-26 15:00:00
14.5,51,958.4,0.0,15.3,2024-02-26 16:00:00
13.1,56,958.8,0.0,18.7,2024-02-26 17:00:00
12.4,56,959.6,0.0,12.7,2024-02-26 18:00:00
12.1,51,959.7,0.0,11.7,2024-02-26 19:00:00
12.0,48,960.0,0.0,11.4,2024-02-26 20:00:00
11.2,54,960.0,0.0,12.1,2024-02-26 21:00:00
10.2,64,960.3,0.0,14.2,2024-02-26 22:00:00
10.0,67,960.2,0.0,15.3,2024-02-26 23:00:00
10.5,65,959.8,0.0,14.8,2024-02-27 00:00:00
10.2,68,959.1,0.0,11.5,2024-02-27 01:00:00
9.0,74,958.1,0.0,10.5,2024-02-27 02:00:00
9.2,72,957.6,0.0,11.1,2024-02-27 03:00:00
8.1,76,957.2,0.0,11.8,2024-02-27 04:00:00
7.7,76,957.2,0.0,11.8,2024-02-27 05:00:00
9.8,73,958.1,0.0,10.6,2024-02-27 06:00:00
8.5,78,957.7,0.0,9.4,2024-02-27 07:00:00
10.3,73,958.6,0.0,11.4,2024-02-27 08:00:00
12.9,61,960.1,0.0,13.1,2024-02-27 09:00:00
15.0,53,960.1,0.0,12.7,2024-02-27 10:00:00
16.6,49,959.9,0.0,13.0,2024-02-27 11:00:00
17.9,46,959.5,0.0,10.7,2024-02-27 12:00:00
18.6,44,958.8,0.0,8.3,2024-02-27 13:00:00
18.9,44,957.9,0.0,9.4,2024-02-27 14:00:00
18.6,45,957.4,0.0,12.8,2024-02-27 15:00:00
17.8,46,956.9,0.0,14.5,2024-02-27 16:00:00
16.8,48,956.7,0.0,14.0,2024-02-27 17:00:00
14.5,54,956.7,0.0,11.8,2024-02-27 18:00:00
12.9,63,956.5,0.0,10.7,2024-02-27 19:00:00
11.9,71,956.3,0.0,9.7,2024-02-27 20:00:00
11.6,73,956.6,0.0,8.9,2024-02-27 21:00:00
11.1,74,957.0,0.0,9.4,2024-02-27 22:00:00
10.7,74,956.7,0.0,9.4,2024-02-27 23:00:00
10.1,75,956.2,0.0,9.2,2024-02-28 00:00:00
9.7,76,956.0,0.0,8.9,2024-02-28 01:00:00
9.5,75,955.6,0.0,8.9,2024-02-28 02:00:00
9.5,73,955.2,0.0,8.9,2024-02-28 03:00:00
9.3,72,954.7,0.0,8.4,2024-02-28 04:00:00
9.0,73,954.6,0.0,8.4,2024-02-28 05:00:00
9.7,68,955.6,0.0,7.1,2024-02-28 06:00:00
9.7,67,956.0,0.0,8.1,2024-02-28 07:00:00
12.1,62,956.8,0.0,9.2,2024-02-28 08:00:00
14.9,55,957.9,0.0,6.4,2024-02-28 09:00:00
17.1,45,958.3,0.0,10.5,2024-02-28 10:00:00
18.3,42,958.1,0.0,14.1,2024-02-28 11:00:00
19.2,42,957.5,0.0,15.7,2024-02-28 12:00:00
19.9,39,956.5,0.0,16.2,2024-02-28 13:00:00
20.2,37,955.9,0.0,15.9,2024-02-28 14:00:00
20.1,37,955.2,0.0,15.2,2024-02-28 15:00:00
19.5,37,954.9,0.0,14.7,2024-02-28 16:00:00
18.2,43,954.7,0.0,12.6,2024-02-28 17:00:00
16.1,51,954.4,0.0,12.2,2024-02-28 18:00:00
14.5,56,954.2,0.0,12.6,2024-02-28 19:00:00
13.4,60,954.1,0.0,11.2,2024-02-28 20:00:00
12.5,62,954.5,0.0,9.5,2024-02-28 21:00:00
11.6,62,954.3,0.0,7.6,2024-02-28 22:00:00
10.9,64,953.9,0.0,6.9,2024-02-28 23:00:00
10.7,64,953.6,0.0,8.0,2024-02-29 00:00:00
10.3,68,953.3,0.0,6.5,2024-02-29 01:00:00
9.4,73,953.0,0.0,6.2,2024-02-29 02:00:00
8.9,76,952.2,0.0,6.0,2024-02-29 03:00:00
8.9,78,951.8,0.0,6.2,2024-02-29 04:00:00
9.1,78,951.7,0.0,6.9,2024-02-29 05:00:00
13.6,58,953.5,0.0,2.1,2024-02-29 06:00:00
12.0,67,953.2,0.0,4.8,2024-02-29 07:00:00
13.9,63,953.8,0.0,4.0,2024-02-29 08:00:00
15.7,60,954.9,0.0,1.5,2024-02-29 09:00:00
17.3,57,955.4,0.0,2.6,2024-02-29 10:00:00
18.4,53,955.8,0.0,5.2,2024-02-29 11:00:00
19.1,50,955.7,0.0,6.0,2024-02-29 12:00:00
19.3,48,955.2,0.0,6.1,2024-02-29 13:00:00
19.0,47,955.1,0.0,12.0,2024-02-29 14:00:00
17.9,50,955.0,0.0,12.8,2024-02-29 15:00:00
17.2,54,955.0,0.0,10.1,2024-02-29 16:00:00
16.4,60,954.6,0.0,6.8,2024-02-29 17:00:00
15.3,64,954.6,0.0,10.2,2024-02-29 18:00:00
14.9,63,955.2,0.0,14.5,2024-02-29 19:00:00
14.7,59,955.2,0.0,15.3,2024-02-29 20:00:00
14.5,58,955.4,0.0,11.5,2024-02-29 21:00:00
13.7,59,955.0,0.0,7.6,2024-02-29 22:00:00
13.4,62,954.7,0.0,5.9,2024-02-29 23:00:00
12.5,69,953.7,0.0,6.1,2024-03-01 00:00:00
12.8,69,953.3,0.0,5.6,2024-03-01 01:00:00
13.0,66,953.0,0.0,5.4,2024-03-01 02:00:00
12.8,66,952.8,0.0,6.8,2024-03-01 03:00:00
12.0,72,952.3,0.0,10.0,2024-03-01 04:00:00
11.5,74,952.8,0.0,13.1,2024-03-01 05:00:00
12.0,88,954.6,0.4,8.4,2024-03-01 06:00:00
12.1,89,954.9,0.4,5.8,2024-03-01 07:00:00
12.3,89,955.2,0.8,5.8,2024-03-01 08:00:00
12.4,88,955.9,1.3,8.6,2024-03-01 09:00:00
12.6,83,955.5,2.3,15.0,2024-03-01 10:00:00
12.9,83,955.7,2.3,8.7,2024-03-01 11:00:00
12.9,83,955.3,2.2,14.0,2024-03-01 12:00:00
12.8,85,954.4,3.9,11.9,2024-03-01 13:00:00
13.7,82,953.5,1.0,13.2,2024-03-01 14:00:00
15.4,72,952.6,0.0,14.9,2024-03-01 15:00:00
15.7,68,951.6,1.0,17.9,2024-03-01 16:00:00
14.8,72,950.7,0.6,18.3,2024-03-01 17:00:00
13.3,80,951.4,0.1,7.0,2024-03-01 18:00:00
12.5,83,951.0,0.4,6.9,2024-03-01 19:00:00
12.4,86,950.8,0.5,11.2,2024-03-01 20:00:00
12.3,89,950.3,3.2,12.3,2024-03-01 21:00:00
12.2,89,949.9,0.9,10.8,2024-03-01 22:00:00
12.2,89,949.0,0.2,7.9,2024-03-01 23:00:00
12.1,89,948.9,2.1,9.4,2024-03-02 00:00:00
12.3,88,948.0,1.6,19.5,2024-03-02 01:00:00
12.2,90,947.7,0.4,18.8,2024-03-02 02:00:00
11.5,95,947.2,1.3,11.1,2024-03-02 03:00:00
11.8,92,946.3,0.9,13.7,2024-03-02 04:00:00
12.5,90,945.8,0.8,22.4,2024-03-02 05:00:00
11.4,93,945.5,5.1,12.2,2024-03-02 06:00:00
11.7,94,945.3,6.9,16.7,2024-03-02 07:00:00
12.4,94,945.4,1.8,24.8,2024-03-02 08:00:00
12.9,94,945.7,2.2,27.7,2024-03-02 09:00:00
14.1,90,945.7,0.4,32.1,2024-03-02 10:00:00
14.0,90,945.4,1.1,32.9,2024-03-02 11:00:00
15.3,86,944.8,0.6,25.4,2024-03-02 12:00:00
13.9,86,943.5,6.7,29.2,2024-03-02 13:00:00
14.7,88,942.8,2.9,20.4,2024-03-02 14:00:00
13.2,91,941.3,2.5,17.4,2024-03-02 15:00:00
13.2,92,940.6,3.8,25.1,2024-03-02 16:00:00
12.7,92,940.2,0.3,24.0,2024-03-02 17:00:00
11.3,94,942.2,0.3,10.2,2024-03-02 18:00:00
11.2,96,942.7,3.0,8.3,2024-03-02 19:00:00
10.6,94,942.5,1.1,12.5,2024-03-02 20:00:00
10.2,97,942.7,1.5,12.5,2024-03-02 21:00:00
9.4,96,943.1,2.0,12.6,2024-03-02 22:00:00
9.6,96,944.4,0.6,16.5,2024-03-02 23:00:00
9.2,96,944.6,0.1,13.0,2024-03-03 00:00:00
8.1,96,944.9,0.5,16.7,2024-03-03 01:00:00
8.2,97,945.6,0.0,13.3,2024-03-03 02:00:00
7.6,97,946.4,3.6,10.5,2024-03-03 03:00:00
6.8,100,947.6,8.2,5.9,2024-03-03 04:00:00
4.9,100,948.4,9.2,12.6,2024-03-03 05:00:00
8.2,90,949.4,0.1,2.9,2024-03-03 06:00:00
8.4,90,949.8,0.2,10.4,2024-03-03 07:00:00
9.3,86,950.5,0.0,17.1,2024-03-03 08:00:00
10.3,78,951.1,0.0,15.6,2024-03-03 09:00:00
11.6,75,951.3,0.0,15.9,2024-03-03 10:00:00
13.0,69,951.1,0.0,15.5,2024-03-03 11:00:00
13.4,67,950.6,0.3,17.1,2024-03-03 12:00:00
13.0,70,950.1,0.0,15.9,2024-03-03 13:00:00
13.1,64,949.3,1.3,16.9,2024-03-03 14:00:00
13.1,64,948.7,0.2,2.4,2024-03-03 15:00:00
10.5,69,949.1,2.4,5.5,2024-03-03 16:00:00
10.6,69,949.2,0.1,7.7,2024-03-03 17:00:00
8.4,83,949.9,0.0,18.4,2024-03-03 18:00:00
7.7,87,950.4,0.0,7.9,2024-03-03 19:00:00
6.9,90,951.3,0.0,6.4,2024-03-03 20:00:00
7.2,82,952.4,0.0,7.6,2024-03-03 21:00:00
6.6,81,953.2,0.0,10.8,2024-03-03 22:00:00
6.5,79,953.1,0.0,7.7,2024-03-03 23:00:00
5.8,82,953.3,0.0,7.4,2024-03-04 00:00:00
4.8,84,953.2,0.0,10.7,2024-03-04 01:00:00
4.5,82,953.5,0.0,8.6,2024-03-04 02:00:00
4.7,77,953.8,0.0,5.9,2024-03-04 03:00:00
4.5,78,953.9,0.0,6.4,2024-03-04 04:00:00
4.4,78,954.1,0.0,5.9,2024-03-04 05:00:00
4.5,82,954.4,0.0,5.0,2024-03-04 06:00:00
4.5,83,954.7,0.0,4.7,2024-03-04 07:00:00
7.4,79,956.1,0.0,4.6,2024-03-04 08:00:00
10.0,65,958.2,0.0,8.1,2024-03-04 09:00:00
11.9,60,958.6,0.0,8.0,2024-03-04 10:00:00
13.3,51,959.0,0.0,6.4,2024-03-04 11:00:00
14.2,44,958.9,0.1,6.4,2024-03-04 12:00:00
14.6,42,958.6,0.0,6.6,2024-03-04 13:00:00
15.0,41,958.0,0.0,6.6,2024-03-04 14:00:00
15.2,40,957.5,0.0,7.5,2024-03-04 15:00:00
14.9,42,957.1,0.0,8.9,2024-03-04 16:00:00
13.8,49,956.9,0.0,11.2,2024-03-04 17:00:00
11.9,56,957.2,0.0,11.5,2024-03-04 18:00:00
10.3,62,957.1,0.0,13.9,2024-03-04 19:00:00
9.7,63,957.3,0.0,15.1,2024-03-04 20:00:00
9.5,62,957.5,0.0,13.2,2024-03-04 21:00:00
9.0,62,957.7,0.0,11.7,2024-03-04 22:00:00
8.7,61,957.4,0.0,11.2,2024-03-04 23:00:00
7.9,62,957.2,0.0,9.2,2024-03-05 00:00:00
7.4,63,957.0,0.0,9.7,2024-03-05 01:00:00
7.1,64,956.5,0.0,9.2,2024-03-05 02:00:00
6.7,65,956.3,0.0,10.5,2024-03-05 03:00:00
6.3,65,955.8,0.0,9.9,2024-03-05 04:00:00
5.8,64,955.9,0.0,8.9,2024-03-05 05:00:00
6.9,58,956.2,0.0,9.4,2024-03-05 06:00:00
7.0,54,956.5,0.0,8.9,2024-03-05 07:00:00
9.4,51,957.6,0.0,11.2,2024-03-05 08:00:00
12.3,45,958.9,0.0,9.2,2024-03-05 09:00:00
14.3,39,959.1,0.0,12.0,2024-03-05 10:00:00
15.7,38,958.8,0.0,14.0,2024-03-05 11:00:00
16.8,39,958.2,0.0,14.7,2024-03-05 12:00:00
17.4,40,957.6,0.0,15.9,2024-03-05 13:00:00
17.7,40,956.7,0.0,15.5,2024-03-05 14:00:00
17.8,39,955.9,0.0,14.4,2024-03-05 15:00:00
17.2,39,955.0,0.0,14.8,2024-03-05 16:00:00
15.9,46,954.7,0.0,13.4,2024-03-05 17:00:00
13.1,52,955.1,0.0,13.3,2024-03-05 18:00:00
11.6,58,954.6,0.0,13.3,2024-03-05 19:00:00
10.7,63,954.7,0.0,12.2,2024-03-05 20:00:00
10.0,65,954.7,0.0,10.5,2024-03-05 21:00:00
9.3,65,954.7,0.0,9.7,2024-03-05 22:00:00
8.6,66,954.4,0.0,8.4,2024-03-05 23:00:00
8.1,65,954.0,0.0,8.9,2024-03-06 00:00:00
8.2,62,953.8,0.0,9.2,2024-03-06 01:00:00
8.0,62,953.2,0.0,7.9,2024-03-06 02:00:00
7.6,64,952.7,0.0,6.6,2024-03-06 03:00:00
7.0,65,952.3,0.0,6.7,2024-03-06 04:00:00
6.9,64,952.0,0.0,6.6,2024-03-06 05:00:00
8.3,65,953.1,0.0,6.5,2024-03-06 06:00:00
8.2,68,953.5,0.0,5.9,2024-03-06 07:00:00
10.8,58,954.6,0.0,2.6,2024-03-06 08:00:00
13.2,51,955.5,0.0,2.1,2024-03-06 09:00:00
15.5,44,956.0,0.0,4.0,2024-03-06 10:00:00
17.0,43,956.1,0.0,2.5,2024-03-06 11:00:00
18.0,43,955.4,0.0,2.6,2024-03-06 12:00:00
18.7,42,954.5,0.0,2.1,2024-03-06 13:00:00
19.1,40,953.6,0.0,5.0,2024-03-06 14:00:00
18.9,37,953.1,0.0,6.5,2024-03-06 15:00:00
18.3,37,952.5,0.0,5.2,2024-03-06 16:00:00
17.3,48,952.3,0.0,5.4,2024-03-06 17:00:00
14.6,55,952.6,0.0,6.7,2024-03-06 18:00:00
12.6,59,952.6,0.0,8.5,2024-03-06 19:00:00
12.0,58,952.5,0.0,6.2,2024-03-06 20:00:00
11.7,60,952.9,0.0,3.1,2024-03-06 21:00:00
11.7,60,953.4,0.0,3.6,2024-03-06 22:00:00
11.9,60,953.4,0.0,4.8,2024-03-06 23:00:00
11.6,64,953.2,0.0,6.3,2024-03-07 00:00:00
13.2,53,953.5,0.0,3.1,2024-03-07 01:00:00
13.4,49,953.3,0.0,0.5,2024-03-07 02:00:00
11.4,63,952.7,0.0,5.7,2024-03-07 03:00:00
11.4,60,952.6,0.0,7.3,2024-03-07 04:00:00
10.8,63,953.2,0.0,4.7,2024-03-07 05:00:00
9.9,73,953.5,0.0,7.1,2024-03-07 06:00:00
9.9,73,953.9,0.0,6.4,2024-03-07 07:00:00
12.7,63,955.0,0.0,7.9,2024-03-07 08:00:00
15.1,56,956.1,0.0,4.7,2024-03-07 09:00:00
16.7,53,956.8,0.0,6.4,2024-03-07 10:00:00
17.8,42,956.9,0.0,6.2,2024-03-07 11:00:00
18.3,39,956.5,0.0,4.4,2024-03-07 12:00:00
18.8,37,955.6,0.0,3.6,2024-03-07 13:00:00
19.1,36,955.1,0.0,4.9,2024-03-07 14:00:00
19.0,36,954.7,0.0,5.8,2024-03-07 15:00:00
18.7,37,954.7,0.0,3.6,2024-03-07 16:00:00
17.5,47,954.7,0.0,6.8,2024-03-07 17:00:00
14.4,57,955.2,0.0,8.9,2024-03-07 18:00:00
12.6,62,954.9,0.0,9.2,2024-03-07 19:00:00
12.1,61,955.2,0.0,9.6,2024-03-07 20:00:00
11.3,61,955.5,0.0,7.5,2024-03-07 21:00:00
10.0,67,955.4,0.0,5.8,2024-03-07 22:00:00
9.5,69,955.0,0.0,4.2,2024-03-07 23:00:00
9.6,68,954.9,0.0,4.3,2024-03-08 00:00:00
9.1,70,954.4,0.0,6.6,2024-03-08 01:00:00
9.6,66,954.4,0.0,6.4,2024-03-08 02:00:00
8.9,69,954.0,0.0,7.1,2024-03-08 03:00:00
7.9,72,953.6,0.0,8.6,2024-03-08 04:00:00
7.7,71,953.6,0.0,9.2,2024-03-08 05:00:00
9.6,64,954.9,0.0,7.7,2024-03-08 06:00:00
9.8,67,955.1,0.0,6.6,2024-03-08 07:00:00
13.2,60,956.3,0.0,8.1,2024-03-08 08:00:00
15.6,56,957.2,0.0,5.6,2024-03-08 09:00:00
17.7,47,957.6,0.0,8.4,2024-03-08 10:00:00
18.7,44,957.6,0.0,13.4,2024-03-08 11:00:00
19.2,45,957.2,0.0,15.4,2024-03-08 12:00:00
19.6,43,956.9,0.0,14.9,2024-03-08 13:00:00
19.9,40,956.2,0.0,12.7,2024-03-08 14:00:00
19.8,40,956.0,0.0,12.8,2024-03-08 15:00:00
19.4,40,955.7,0.0,13.7,2024-03-08 16:00:00
18.1,46,955.6,0.0,11.7,2024-03-08 17:00:00
16.2,48,955.4,0.0,12.6,2024-03-08 18:00:00
14.7,52,955.1,0.0,12.7,2024-03-08 19:00:00
13.6,56,955.4,0.0,11.5,2024-03-08 20:00:00
12.4,59,955.7,0.0,10.1,2024-03-08 21:00:00
12.0,57,955.9,0.0,9.6,2024-03-08 22:00:00
11.8,55,955.8,0.0,9.0,2024-03-08 23:00:00
12.0,54,955.8,0.0,10.0,2024-03-09 00:00:00
11.6,54,955.3,0.0,9.1,2024-03-09 01:00:00
10.6,59,955.0,0.0,7.5,2024-03-09 02:00:00
10.3,62,954.8,0.0,7.9,2024-03-09 03:00:00
10.6,61,954.5,0.0,9.2,2024-03-09 04:00:00
10.7,61,954.8,0.0,9.4,2024-03-09 05:00:00
10.7,65,954.9,0.0,7.9,2024-03-09 06:00:00
11.3,59,955.3,0.0,8.7,2024-03-09 07:00:00
14.7,51,956.1,0.0,10.7,2024-03-09 08:00:00
18.0,43,956.8,0.0,8.9,2024-03-09 09:00:00
20.2,33,957.3,0.0,10.7,2024-03-09 10:00:00
21.1,32,957.2,0.0,16.2,2024-03-09 11:00:00
21.2,38,956.7,0.0,20.6,2024-03-09 12:00:00
21.5,37,956.2,0.0,21.4,2024-03-09 13:00:00
21.7,35,955.7,0.0,21.3,2024-03-09 14:00:00
21.8,33,955.2,0.0,19.9,2024-03-09 15:00:00
21.3,36,954.9,0.0,18.4,2024-03-09 16:00:00
20.0,44,954.2,0.0,14.3,2024-03-09 17:00:00
17.8,50,954.2,0.0,14.6,2024-03-09 18:00:00
16.0,57,954.2,0.0,14.8,2024-03-09 19:00:00
15.2,57,954.7,0.0,14.0,2024-03-09 20:00:00
14.9,55,954.8,0.0,11.8,2024-03-09 21:00:00
14.1,57,955.0,0.0,9.4,2024-03-09 22:00:00
13.8,58,955.0,0.0,9.4,2024-03-09 23:00:00
12.7,62,954.4,0.0,7.2,2024-03-10 00:00:00
11.5,68,954.0,0.0,6.3,2024-03-10 01:00:00
11.1,70,953.3,0.0,6.0,2024-03-10 02:00:00
11.2,68,952.9,0.0,6.1,2024-03-10 03:00:00
11.2,66,952.7,0.0,7.1,2024-03-10 04:00:00
10.0,64,952.2,0.0,9.7,2024-03-10 05:00:00
12.7,61,953.9,0.0,7.7,2024-03-10 06:00:00
12.1,64,954.1,0.0,8.7,2024-03-10 07:00:00
16.1,48,954.8,0.0,4.9,2024-03-10 08:00:00
18.1,44,955.1,0.0,5.5,2024-03-10 09:00:00
19.8,41,955.5,0.0,6.8,2024-03-10 10:00:00
20.3,38,955.8,0.0,8.2,2024-03-10 11:00:00
20.7,39,955.2,0.0,9.2,2024-03-10 12:00:00
21.2,39,954.5,0.0,9.2,2024-03-10 13:00:00
21.8,38,953.8,0.0,7.1,2024-03-10 14:00:00
21.5,39,953.6,0.0,7.1,2024-03-10 15:00:00
20.7,43,953.4,0.0,6.6,2024-03-10 16:00:00
19.2,57,953.5,0.0,3.8,2024-03-10 17:00:00
16.5,60,953.8,0.0,7.4,2024-03-10 18:00:00
15.7,61,953.8,0.0,8.9,2024-03-10 19:00:00
15.1,59,954.2,0.0,4.0,2024-03-10 20:00:00
15.2,54,955.1,0.0,5.6,2024-03-10 21:00:00
14.5,63,955.5,0.0,9.3,2024-03-10 22:00:00
14.0,66,955.4,0.0,9.9,2024-03-10 23:00:00
13.7,66,955.6,0.0,8.8,2024-03-11 00:00:00
13.8,61,955.5,0.0,8.7,2024-03-11 01:00:00
13.9,51,955.3,0.0,7.1,2024-03-11 02:00:00
16.2,39,955.4,0.0,2.9,2024-03-11 03:00:00
13.1,49,954.2,0.0,7.0,2024-03-11 04:00:00
15.0,41,954.9,0.0,4.4,2024-03-11 05:00:00
16.6,36,956.3,0.0,3.7,2024-03-11 06:00:00
13.0,58,956.3,0.0,6.5,2024-03-11 07:00:00
16.1,52,957.7,0.0,5.1,2024-03-11 08:00:00
18.3,47,958.6,0.0,1.8,2024-03-11 09:00:00
20.6,37,959.0,0.0,1.3,2024-03-11 10:00:00
21.9,33,959.1,0.0,3.3,2024-03-11 11:00:00
21.4,36,958.8,0.0,4.8,2024-03-11 12:00:00
21.6,37,958.1,0.0,4.8,2024-03-11 13:00:00
21.7,37,957.4,0.0,12.4,2024-03-11 14:00:00
22.1,34,956.8,0.0,11.4,2024-03-11 15:00:00
21.7,34,956.4,0.0,7.8,2024-03-11 16:00:00
20.6,51,956.1,0.0,2.9,2024-03-11 17:00:00
17.4,58,955.6,0.0,5.3,2024-03-11 18:00:00
16.0,57,955.7,0.0,3.9,2024-03-11 19:00:00
15.8,56,955.8,0.0,5.7,2024-03-11 20:00:00
14.1,55,955.8,0.0,4.3,2024-03-11 21:00:00
13.4,55,955.8,0.0,5.1,2024-03-11 22:00:00
17.6,37,956.7,0.0,2.7,2024-03-11 23:00:00
16.3,41,956.4,0.0,3.4,2024-03-12 00:00:00
15.5,44,956.0,0.0,1.4,2024-03-12 01:00:00
13.4,54,955.3,0.0,3.5,2024-03-12 02:00:00
11.8,60,954.4,0.0,6.7,2024-03-12 03:00:00
11.0,65,953.9,0.0,6.6,2024-03-12 04:00:00
10.2,70,953.9,0.0,7.9,2024-03-12 05:00:00
12.8,56,955.1,0.0,7.4,2024-03-12 06:00:00
12.8,58,955.5,0.0,6.0,2024-03-12 07:00:00
16.1,55,956.2,0.0,5.2,2024-03-12 08:00:00
18.9,48,956.9,0.0,1.4,2024-03-12 09:00:00
20.5,44,957.3,0.0,4.6,2024-03-12 10:00:00
21.9,42,957.2,0.0,6.1,2024-03-12 11:00:00
22.9,39,956.9,0.0,7.7,2024-03-12 12:00:00
23.5,37,956.4,0.0,10.2,2024-03-12 13:00:00
23.5,36,955.7,0.0,11.0,2024-03-12 14:00:00
23.4,33,955.1,0.0,10.5,2024-03-12 15:00:00
22.9,33,954.9,0.0,10.7,2024-03-12 16:00:00
21.4,40,954.7,0.0,9.4,2024-03-12 17:00:00
19.8,41,954.7,0.0,12.4,2024-03-12 18:00:00
18.4,43,954.2,0.0,10.4,2024-03-12 19:00:00
16.4,47,953.8,0.0,7.2,2024-03-12 20:00:00
15.0,53,953.6,0.0,4.9,2024-03-12 21:00:00
14.1,54,952.7,0.0,3.3,2024-03-12 22:00:00
13.1,57,951.9,0.0,4.4,2024-03-12 23:00:00
16.8,41,952.2,0.0,4.0,2024-03-13 00:00:00
17.1,40,951.6,0.0,4.7,2024-03-13 01:00:00
14.9,47,950.4,0.0,6.4,2024-03-13 02:00:00
14.7,47,949.6,0.0,5.4,2024-03-13 03:00:00
13.9,51,949.1,0.0,4.3,2024-03-13 04:00:00
12.9,55,948.7,0.0,6.0,2024-03-13 05:00:00
14.5,55,949.7,0.0,6.9,2024-03-13 06:00:00
14.5,56,950.3,0.1,7.9,2024-03-13 07:00:00
15.1,59,950.9,0.0,9.5,2024-03-13 08:00:00
17.0,55,951.7,0.0,7.9,2024-03-13 09:00:00
18.1,52,952.0,0.0,9.6,2024-03-13 10:00:00
17.8,60,952.6,0.7,13.0,2024-03-13 11:00:00
15.9,71,952.5,3.9,2.9,2024-03-13 12:00:00
14.7,81,951.8,4.1,9.3,2024-03-13 13:00:00
15.4,76,951.0,0.5,13.2,2024-03-13 14:00:00
14.4,80,950.5,0.1,20.0,2024-03-13 15:00:00
15.1,80,949.9,0.6,15.5,2024-03-13 16:00:00
14.4,81,950.1,0.3,16.3,2024-03-13 17:00:00
13.1,91,951.7,1.3,6.3,2024-03-13 18:00:00
13.2,89,952.3,1.6,4.0,2024-03-13 19:00:00
13.0,87,953.2,2.8,4.6,2024-03-13 20:00:00
12.4,91,953.9,2.0,6.2,2024-03-13 21:00:00
12.2,91,954.1,0.5,9.3,2024-03-13 22:00:00
12.2,90,954.3,0.7,12.8,2024-03-13 23:00:00
12.0,90,954.8,0.9,12.4,2024-03-14 00:00:00
11.7,86,954.7,0.9,9.9,2024-03-14 01:00:00
11.8,82,954.4,0.2,6.9,2024-03-14 02:00:00
11.3,84,954.5,0.0,3.1,2024-03-14 03:00:00
11.6,88,955.0,0.0,4.1,2024-03-14 04:00:00
11.6,89,955.2,0.0,0.8,2024-03-14 05:00:00
11.1,86,955.7,0.0,1.8,2024-03-14 06:00:00
11.1,85,956.6,0.0,3.4,2024-03-14 07:00:00
13.2,81,957.9,0.0,4.6,2024-03-14 08:00:00
15.1,68,959.1,0.0,1.1,2024-03-14 09:00:00
16.5,62,959.5,0.0,2.4,2024-03-14 10:00:00
17.7,58,959.7,0.0,4.7,2024-03-14 11:00:00
18.5,56,959.5,0.0,4.7,2024-03-14 12:00:00
19.7,50,958.9,0.0,1.1,2024-03-14 13:00:00
20.4,47,958.3,0.0,2.6,2024-03-14 14:00:00
20.9,43,957.4,0.0,4.8,2024-03-14 15:00:00
20.8,39,957.0,0.0,8.6,2024-03-14 16:00:00
19.4,46,956.8,0.0,11.4,2024-03-14 17:00:00
16.4,57,957.9,0.0,12.4,2024-03-14 18:00:00
14.4,63,957.7,0.0,11.2,2024-03-14 19:00:00
13.3,65,957.5,0.0,10.8,2024-03-14 20:00:00
12.4,67,957.2,0.0,10.0,2024-03-14 21:00:00
11.8,60,956.7,0.0,10.7,2024-03-14 22:00:00
11.6,55,956.2,0.0,9.9,2024-03-14 23:00:00
10.8,61,955.4,0.0,9.9,2024-03-15 00:00:00
10.7,63,954.6,0.0,10.5,2024-03-15 01:00:00
11.1,58,954.0,0.0,10.8,2024-03-15 02:00:00
11.6,59,953.4,0.0,11.5,2024-03-15 03:00:00
11.7,63,953.0,0.0,12.0,2024-03-15 04:00:00
11.6,66,952.9,0.0,12.0,2024-03-15 05:00:00
12.0,66,954.0,0.0,11.0,2024-03-15 06:00:00
12.5,62,954.2,0.0,10.7,2024-03-15 07:00:00
15.2,57,955.0,0.0,13.0,2024-03-15 08:00:00
18.0,50,956.1,0.0,11.8,2024-03-15 09:00:00
20.0,40,956.2,0.0,13.9,2024-03-15 10:00:00
21.1,35,956.0,0.0,14.0,2024-03-15 11:00:00
21.7,38,955.8,0.0,15.1,2024-03-15 12:00:00
21.8,40,955.3,0.0,16.8,2024-03-15 13:00:00
22.0,39,954.8,0.0,16.9,2024-03-15 14:00:00
21.8,38,954.2,0.0,16.7,2024-03-15 15:00:00
21.3,38,954.0,0.0,15.3,2024-03-15 16:00:00
20.1,45,953.8,0.0,11.4,2024-03-15 17:00:00
17.5,53,953.6,0.0,9.5,2024-03-15 18:00:00
15.4,59,953.3,0.0,9.2,2024-03-15 19:00:00
13.8,63,953.4,0.0,7.8,2024-03-15 20:00:00
12.9,65,953.5,0.0,6.7,2024-03-15 21:00:00
12.6,65,953.6,0.0,6.6,2024-03-15 22:00:00
12.3,64,953.6,0.0,6.1,2024-03-15 23:00:00
11.9,63,953.6,0.0,6.0,2024-03-16 00:00:00
11.4,61,953.7,0.0,5.8,2024-03-16 01:00:00
11.1,60,953.2,0.0,5.3,2024-03-16 02:00:00
11.2,58,953.2,0.0,5.5,2024-03-16 03:00:00
10.9,58,953.2,0.0,6.2,2024-03-16 04:00:00
10.0,65,953.2,0.0,8.0,2024-03-16 05:00:00
16.6,42,955.4,0.0,5.5,2024-03-16 06:00:00
15.8,44,955.8,0.0,3.6,2024-03-16 07:00:00
16.3,50,956.8,0.0,1.3,2024-03-16 08:00:00
17.8,54,958.0,0.0,1.9,2024-03-16 09:00:00
19.8,48,958.4,0.0,2.7,2024-03-16 10:00:00
21.4,44,958.5,0.0,2.5,2024-03-16 11:00:00
22.7,41,958.1,0.0,1.8,2024-03-16 12:00:00
23.6,37,957.8,0.0,1.3,2024-03-16 13:00:00
24.2,33,957.2,0.0,2.7,2024-03-16 14:00:00
24.0,35,956.4,0.0,6.0,2024-03-16 15:00:00
23.5,37,956.1,0.0,8.8,2024-03-16 16:00:00
21.9,45,956.1,0.0,10.1,2024-03-16 17:00:00
19.4,48,955.6,0.0,10.2,2024-03-16 18:00:00
17.5,46,955.6,0.0,11.6,2024-03-16 19:00:00
16.4,45,955.8,0.0,11.4,2024-03-16 20:00:00
15.3,49,956.1,0.0,9.8,2024-03-16 21:00:00
14.3,56,956.2,0.0,6.9,2024-03-16 22:00:00
13.4,61,955.9,0.0,5.0,2024-03-16 23:00:00
13.0,57,955.3,0.0,4.7,2024-03-17 00:00:00
13.2,49,955.0,0.0,4.7,2024-03-17 01:00:00
13.2,47,954.7,0.0,6.0,2024-03-17 02:00:00
16.2,36,955.1,0.0,4.1,2024-03-17 03:00:00
13.4,45,954.6,0.0,5.6,2024-03-17 04:00:00
11.1,54,954.4,0.0,8.5,2024-03-17 05:00:00
15.6,43,956.0,0.0,3.4,2024-03-17 06:00:00
12.8,64,955.7,0.0,7.7,2024-03-17 07:00:00
17.0,48,956.8,0.0,6.4,2024-03-17 08:00:00
19.7,46,957.7,0.0,3.6,2024-03-17 09:00:00
22.3,38,958.2,0.0,3.7,2024-03-17 10:00:00
23.7,30,958.1,0.0,9.0,2024-03-17 11:00:00
24.1,31,957.8,0.0,12.9,2024-03-17 12:00:00
24.6,34,957.3,0.0,14.3,2024-03-17 13:00:00
24.7,34,956.5,0.0,14.9,2024-03-17 14:00:00
24.1,34,956.1,0.0,15.9,2024-03-17 15:00:00
23.0,37,955.7,0.0,14.7,2024-03-17 16:00:00
21.4,45,955.4,0.0,12.0,2024-03-17 17:00:00
19.8,48,955.4,0.0,12.5,2024-03-17 18:00:00
18.4,49,955.1,0.0,12.0,2024-03-17 19:00:00
17.6,48,955.1,0.0,10.6,2024-03-17 20:00:00
16.3,51,955.2,0.0,8.9,2024-03-17 21:00:00
15.4,51,955.0,0.0,8.1,2024-03-17 22:00:00
15.0,46,954.6,0.0,7.9,2024-03-17 23:00:00
14.5,45,954.0,0.0,7.0,2024-03-18 00:00:00
14.2,47,953.7,0.0,6.4,2024-03-18 01:00:00
14.2,48,953.2,0.0,5.9,2024-03-18 02:00:00
13.0,53,952.7,0.0,6.9,2024-03-18 03:00:00
13.0,53,952.4,0.0,6.9,2024-03-18 04:00:00
12.9,53,952.4,0.0,7.1,2024-03-18 05:00:00
13.7,55,952.8,0.0,7.4,2024-03-18 06:00:00
14.4,60,953.2,0.0,5.9,2024-03-18 07:00:00
18.1,49,954.3,0.0,5.5,2024-03-18 08:00:00
20.3,46,955.1,0.0,3.3,2024-03-18 09:00:00
22.4,40,955.6,0.0,4.6,2024-03-18 10:00:00
24.1,34,955.6,0.0,7.9,2024-03-18 11:00:00
25.1,30,955.1,0.0,10.1,2024-03-18 12:00:00
25.5,31,954.4,0.0,11.4,2024-03-18 13:00:00
25.8,30,953.7,0.0,12.1,2024-03-18 14:00:00
25.7,30,953.2,0.0,11.3,2024-03-18 15:00:00
25.1,31,953.0,0.0,9.9,2024-03-18 16:00:00
23.6,41,952.8,0.0,7.4,2024-03-18 17:00:00
19.5,50,952.1,0.0,6.1,2024-03-18 18:00:00
17.2,54,952.1,0.0,6.0,2024-03-18 19:00:00
16.4,51,952.2,0.0,6.0,2024-03-18 20:00:00
16.0,46,952.6,0.0,4.6,2024-03-18 21:00:00
16.3,38,952.8,0.0,5.2,2024-03-18 22:00:00
15.6,36,952.6,0.0,7.1,2024-03-18 23:00:00
20.3,20,953.6,0.0,2.6,2024-03-19 00:00:00
19.0,20,953.2,0.0,2.5,2024-03-19 01:00:00
15.3,29,952.2,0.0,4.9,2024-03-19 02:00:00
13.8,33,951.8,0.0,6.6,2024-03-19 03:00:00
14.3,34,951.7,0.0,6.3,2024-03-19 04:00:00
14.2,36,951.8,0.0,5.5,2024-03-19 05:00:00
18.4,27,953.4,0.0,4.7,2024-03-19 06:00:00
17.5,35,953.8,0.0,4.0,2024-03-19 07:00:00
18.9,39,954.8,0.0,4.1,2024-03-19 08:00:00
20.4,40,955.7,0.0,4.7,2024-03-19 09:00:00
22.8,38,956.6,0.0,4.0,2024-03-19 10:00:00
24.8,33,956.6,0.0,6.6,2024-03-19 11:00:00
26.3,26,956.1,0.0,8.5,2024-03-19 12:00:00
27.1,23,955.6,0.0,11.2,2024-03-19 13:00:00
26.9,26,955.0,0.0,15.3,2024-03-19 14:00:00
26.2,30,954.6,0.0,16.5,2024-03-19 15:00:00
25.4,31,954.2,0.0,16.4,2024-03-19 16:00:00
23.8,40,954.1,0.0,13.1,2024-03-19 17:00:00
21.0,46,953.5,0.0,10.7,2024-03-19 18:00:00
18.7,53,953.0,0.0,10.5,2024-03-19 19:00:00
17.6,55,953.3,0.0,8.9,2024-03-19 20:00:00
16.6,56,953.6,0.0,6.8,2024-03-19 21:00:00
16.3,52,953.9,0.0,5.8,2024-03-19 22:00:00
15.8,49,953.7,0.0,5.3,2024-03-19 23:00:00
14.7,51,953.3,0.0,6.1,2024-03-20 00:00:00
14.8,50,953.4,0.0,6.6,2024-03-20 01:00:00
13.9,53,953.3,0.0,8.8,2024-03-20 02:00:00
13.3,54,952.8,0.0,9.6,2024-03-20 03:00:00
16.9,37,953.3,0.0,6.6,2024-03-20 04:00:00
17.1,34,953.7,0.0,4.0,2024-03-20 05:00:00
13.2,58,953.0,0.0,8.4,2024-03-20 06:00:00
17.1,47,954.4,0.0,5.6,2024-03-20 07:00:00
19.1,44,955.7,0.0,3.0,2024-03-20 08:00:00
21.5,43,956.7,0.0,3.3,2024-03-20 09:00:00
23.7,33,957.1,0.0,6.6,2024-03-20 10:00:00
25.2,31,957.0,0.0,6.1,2024-03-20 11:00:00
26.4,31,956.6,0.0,4.1,2024-03-20 12:00:00
27.3,30,955.5,0.0,1.6,2024-03-20 13:00:00
28.0,28,954.4,0.0,2.9,2024-03-20 14:00:00
28.4,25,953.6,0.0,7.3,2024-03-20 15:00:00
27.8,25,953.1,0.0,9.1,2024-03-20 16:00:00
25.7,38,952.7,0.0,7.2,2024-03-20 17:00:00
22.7,43,952.8,0.0,11.2,2024-03-20 18:00:00
21.4,41,952.5,0.0,11.3,2024-03-20 19:00:00
21.1,41,952.9,0.0,9.3,2024-03-20 20:00:00
20.5,43,953.1,0.0,7.8,2024-03-20 21:00:00
20.1,45,952.9,0.0,6.0,2024-03-20 22:00:00
19.9,43,952.8,0.0,4.8,2024-03-20 23:00:00
19.8,38,952.6,0.0,5.5,2024-03-21 00:00:00
19.4,37,952.1,0.0,5.2,2024-03-21 01:00:00
19.3,41,951.9,0.0,4.8,2024-03-21 02:00:00
21.1,32,952.1,0.0,2.3,2024-03-21 03:00:00
20.7,33,951.9,0.0,2.3,2024-03-21 04:00:00
18.5,43,951.5,0.0,7.7,2024-03-21 05:00:00
18.7,46,951.6,0.0,7.9,2024-03-21 06:00:00
18.7,56,952.1,0.0,4.3,2024-03-21 07:00:00
19.6,48,953.2,0.0,2.3,2024-03-21 08:00:00
19.6,47,952.8,0.0,11.3,2024-03-21 09:00:00
22.9,38,953.6,0.0,9.7,2024-03-21 10:00:00
22.8,44,953.7,0.0,6.1,2024-03-21 11:00:00
21.8,50,953.9,0.0,8.6,2024-03-21 12:00:00
22.1,48,953.4,0.0,9.1,2024-03-21 13:00:00
23.2,39,953.1,0.0,14.0,2024-03-21 14:00:00
23.7,36,952.5,0.0,15.9,2024-03-21 15:00:00
23.0,41,952.1,0.0,16.0,2024-03-21 16:00:00
22.3,39,951.7,0.0,17.5,2024-03-21 17:00:00
19.9,48,952.3,0.0,12.3,2024-03-21 18:00:00
18.8,51,952.4,0.0,6.7,2024-03-21 19:00:00
18.8,49,953.2,0.0,1.3,2024-03-21 20:00:00
19.7,45,953.9,0.0,1.5,2024-03-21 21:00:00
16.1,58,953.3,0.0,8.1,2024-03-21 22:00:00
16.3,59,953.0,0.2,8.4,2024-03-21 23:00:00
15.5,64,952.7,0.7,7.2,2024-03-22 00:00:00
16.5,64,952.5,0.3,10.7,2024-03-22 01:00:00
16.1,64,952.4,0.4,3.6,2024-03-22 02:00:00
14.4,88,952.1,4.5,9.6,2024-03-22 03:00:00
13.7,94,952.3,5.4,4.8,2024-03-22 04:00:00
14.2,91,951.9,13.6,10.3,2024-03-22 05:00:00
14.6,77,952.4,0.0,7.0,2024-03-22 06:00:00
15.0,79,953.0,3.9,10.0,2024-03-22 07:00:00
16.4,78,953.7,2.5,9.2,2024-03-22 08:00:00
17.7,72,954.9,1.5,3.1,2024-03-22 09:00:00
19.4,61,955.2,0.2,4.4,2024-03-22 10:00:00
21.2,51,955.2,0.0,6.5,2024-03-22 11:00:00
21.9,49,954.3,0.0,5.6,2024-03-22 12:00:00
22.1,50,953.5,0.0,2.3,2024-03-22 13:00:00
22.5,51,952.4,0.0,3.1,2024-03-22 14:00:00
22.7,51,951.6,0.0,1.6,2024-03-22 15:00:00
22.8,48,951.3,0.1,1.4,2024-03-22 16:00:00
22.4,49,950.8,0.0,2.5,2024-03-22 17:00:00
19.9,68,950.5,0.0,6.6,2024-03-22 18:00:00
17.2,72,950.1,0.0,6.8,2024-03-22 19:00:00
17.0,70,950.4,0.0,4.2,2024-03-22 20:00:00
16.2,73,950.6,0.0,5.7,2024-03-22 21:00:00
15.3,75,950.4,0.0,5.7,2024-03-22 22:00:00
14.9,71,950.8,0.0,7.4,2024-03-22 23:00:00
15.2,67,951.1,0.0,9.4,2024-03-23 00:00:00
14.8,70,950.6,0.0,7.7,2024-03-23 01:00:00
13.8,75,950.0,0.0,6.0,2024-03-23 02:00:00
12.7,77,949.1,0.0,6.6,2024-03-23 03:00:00
12.1,76,948.9,0.0,5.9,2024-03-23 04:00:00
12.5,70,948.9,0.0,5.4,2024-03-23 05:00:00
15.0,61,949.7,0.0,5.9,2024-03-23 06:00:00
15.6,63,950.4,0.0,5.4,2024-03-23 07:00:00
18.4,58,951.4,0.0,7.2,2024-03-23 08:00:00
20.8,51,952.3,0.0,4.4,2024-03-23 09:00:00
22.7,41,952.7,0.0,7.1,2024-03-23 10:00:00
24.4,36,952.5,0.0,11.2,2024-03-23 11:00:00
25.2,34,952.2,0.0,12.2,2024-03-23 12:00:00
25.7,33,951.6,0.0,10.7,2024-03-23 13:00:00
26.1,32,950.9,0.0,9.6,2024-03-23 14:00:00
26.2,30,950.2,0.0,8.0,2024-03-23 15:00:00
26.0,29,949.8,0.0,6.6,2024-03-23 16:00:00
24.3,47,949.5,0.0,4.5,2024-03-23 17:00:00
21.0,53,949.6,0.0,7.4,2024-03-23 18:00:00
19.5,52,949.2,0.0,9.1,2024-03-23 19:00:00
17.8,54,949.5,0.0,7.6,2024-03-23 20:00:00
18.4,50,950.2,0.0,6.4,2024-03-23 21:00:00
18.8,47,951.0,0.0,13.5,2024-03-23 22:00:00
19.6,42,951.5,0.0,16.4,2024-03-23 23:00:00
19.8,46,951.6,0.1,12.5,2024-03-24 00:00:00
18.3,60,952.0,0.3,18.3,2024-03-24 01:00:00
16.8,73,951.4,1.1,13.9,2024-03-24 02:00:00
15.8,81,950.9,0.6,7.9,2024-03-24 03:00:00
15.9,82,951.3,0.1,14.3,2024-03-24 04:00:00
16.5,71,950.6,0.0,14.4,2024-03-24 05:00:00
16.4,67,950.6,0.0,8.2,2024-03-24 06:00:00
16.2,76,951.4,0.0,3.6,2024-03-24 07:00:00
19.4,65,952.7,0.0,7.6,2024-03-24 08:00:00
22.3,52,954.1,0.0,4.2,2024-03-24 09:00:00
24.3,43,954.7,0.0,5.9,2024-03-24 10:00:00
25.6,35,954.7,0.0,8.9,2024-03-24 11:00:00
26.6,32,954.2,0.0,8.7,2024-03-24 12:00:00
27.0,33,953.8,0.0,5.9,2024-03-24 13:00:00
27.0,35,953.2,0.0,5.9,2024-03-24 14:00:00
26.8,34,952.7,0.0,6.4,2024-03-24 15:00:00
26.6,33,952.8,0.0,4.8,2024-03-24 16:00:00
25.8,42,952.9,0.0,2.8,2024-03-24 17:00:00
22.2,53,952.8,0.0,8.3,2024-03-24 18:00:00
20.3,55,952.9,0.0,10.2,2024-03-24 19:00:00
19.4,53,953.4,0.0,9.5,2024-03-24 20:00:00
18.4,55,953.4,0.0,8.7,2024-03-24 21:00:00
17.5,58,953.4,0.0,5.9,2024-03-24 22:00:00
17.2,58,953.4,0.0,4.9,2024-03-24 23:00:00
17.6,54,953.6,0.0,4.7,2024-03-25 00:00:00
16.8,56,954.0,0.0,6.6,2024-03-25 01:00:00
15.5,61,953.5,0.0,7.5,2024-03-25 02:00:00
14.8,63,953.0,0.0,7.1,2024-03-25 03:00:00
14.9,60,952.7,0.0,5.8,2024-03-25 04:00:00
17.1,49,953.4,0.0,3.6,2024-03-25 05:00:00
19.5,45,954.6,0.0,2.0,2024-03-25 06:00:00
17.7,64,954.5,0.0,3.4,2024-03-25 07:00:00
20.7,53,955.4,0.0,4.3,2024-03-25 08:00:00
23.1,50,956.1,0.0,4.7,2024-03-25 09:00:00
25.7,40,956.7,0.0,9.5,2024-03-25 10:00:00
27.0,31,956.6,0.0,14.6,2024-03-25 11:00:00
27.5,31,956.1,0.0,15.9,2024-03-25 12:00:00
28.0,28,955.6,0.0,16.2,2024-03-25 13:00:00
28.1,27,954.7,0.0,16.0,2024-03-25 14:00:00
27.8,27,954.0,0.0,16.8,2024-03-25 15:00:00
27.2,28,953.5,0.0,15.0,2024-03-25 16:00:00
25.7,36,952.8,0.0,11.3,2024-03-25 17:00:00
23.1,42,952.7,0.0,12.7,2024-03-25 18:00:00
21.3,46,952.5,0.0,12.2,2024-03-25 19:00:00
20.4,46,952.9,0.0,13.1,2024-03-25 20:00:00
19.4,48,952.9,0.0,10.8,2024-03-25 21:00:00
18.0,51,952.7,0.0,8.4,2024-03-25 22:00:00
17.6,51,952.1,0.0,7.2,2024-03-25 23:00:00
17.4,49,951.3,0.0,5.9,2024-03-26 00:00:00
15.9,54,950.7,0.0,5.4,2024-03-26 01:00:00
16.7,49,950.5,0.0,5.7,2024-03-26 02:00:00
16.4,47,950.0,0.0,6.7,2024-03-26 03:00:00
15.4,49,949.5,0.0,7.9,2024-03-26 04:00:00
14.3,53,949.2,0.0,9.2,2024-03-26 05:00:00
19.6,37,950.9,0.0,5.7,2024-03-26 06:00:00
18.2,58,951.1,0.0,6.8,2024-03-26 07:00:00
21.7,47,952.1,0.0,4.0,2024-03-26 08:00:00
24.5,44,952.9,0.0,1.8,2024-03-26 09:00:00
26.0,39,953.8,0.0,3.0,2024-03-26 10:00:00
27.5,31,953.9,0.0,7.4,2024-03-26 11:00:00
28.3,27,953.5,0.0,8.8,2024-03-26 12:00:00
29.0,25,952.8,0.0,9.0,2024-03-26 13:00:00
28.3,29,952.4,0.0,13.6,2024-03-26 14:00:00
25.4,42,952.4,0.0,17.2,2024-03-26 15:00:00
23.9,44,952.4,0.0,12.2,2024-03-26 16:00:00
22.9,54,952.2,0.0,3.6,2024-03-26 17:00:00
21.4,61,953.0,0.0,4.6,2024-03-26 18:00:00
20.5,61,953.2,0.2,2.9,2024-03-26 19:00:00
20.0,56,953.7,0.0,5.4,2024-03-26 20:00:00
19.5,53,954.4,0.0,7.0,2024-03-26 21:00:00
18.7,54,954.7,0.0,4.0,2024-03-26 22:00:00
19.3,59,955.2,0.0,9.1,2024-03-26 23:00:00
17.7,66,954.9,0.0,8.7,2024-03-27 00:00:00
18.2,60,954.6,0.0,6.4,2024-03-27 01:00:00
16.5,68,954.2,0.0,5.7,2024-03-27 02:00:00
16.2,68,955.1,0.0,5.2,2024-03-27 03:00:00
16.8,66,955.1,0.0,4.1,2024-03-27 04:00:00
16.1,72,954.9,0.0,4.3,2024-03-27 05:00:00
16.3,72,954.4,0.0,4.7,2024-03-27 06:00:00
18.6,64,955.7,0.0,7.0,2024-03-27 07:00:00
22.2,53,956.7,0.0,10.3,2024-03-27 08:00:00
24.6,48,957.1,0.0,4.3,2024-03-27 09:00:00
25.6,47,957.5,0.0,3.6,2024-03-27 10:00:00
24.4,53,958.1,0.0,14.1,2024-03-27 11:00:00
21.2,65,958.7,0.1,16.5,2024-03-27 12:00:00
20.5,72,957.3,0.7,9.7,2024-03-27 13:00:00
19.9,83,957.5,0.6,6.2,2024-03-27 14:00:00
19.1,89,957.0,2.1,9.2,2024-03-27 15:00:00
19.9,85,956.6,0.9,8.2,2024-03-27 16:00:00
19.8,84,956.3,0.3,8.4,2024-03-27 17:00:00
19.3,70,956.6,0.0,16.1,2024-03-27 18:00:00
18.4,77,956.9,0.6,12.7,2024-03-27 19:00:00
17.8,87,956.6,0.3,8.4,2024-03-27 20:00:00
17.1,89,957.2,0.0,2.3,2024-03-27 21:00:00
17.1,89,957.3,0.0,6.6,2024-03-27 22:00:00
16.8,89,956.6,0.0,5.5,2024-03-27 23:00:00
16.9,89,955.7,0.0,5.1,2024-03-28 00:00:00
16.6,89,954.8,0.0,10.9,2024-03-28 01:00:00
16.3,89,954.3,0.0,15.3,2024-03-28 02:00:00
16.1,90,954.0,0.0,16.4,2024-03-28 03:00:00
16.3,89,953.8,0.5,13.8,2024-03-28 04:00:00
16.1,91,953.5,1.0,10.1,2024-03-28 05:00:00
15.5,93,953.4,0.0,8.9,2024-03-28 06:00:00
16.4,85,954.2,0.0,13.4,2024-03-28 07:00:00
18.4,79,955.0,0.0,11.0,2024-03-28 08:00:00
21.3,65,955.9,0.0,9.2,2024-03-28 09:00:00
23.6,55,956.0,0.0,8.4,2024-03-28 10:00:00
24.7,52,955.8,0.0,10.2,2024-03-28 11:00:00
25.8,47,955.2,0.0,9.2,2024-03-28 12:00:00
25.0,51,954.8,0.0,9.7,2024-03-28 13:00:00
24.5,54,954.4,0.0,14.1,2024-03-28 14:00:00
25.2,50,953.6,0.0,6.8,2024-03-28 15:00:00
25.1,51,953.0,0.0,4.8,2024-03-28 16:00:00
23.9,57,952.8,0.0,6.2,2024-03-28 17:00:00
22.2,66,953.0,0.0,6.8,2024-03-28 18:00:00
20.2,61,952.5,0.0,5.8,2024-03-28 19:00:00
19.0,67,952.5,0.0,3.7,2024-03-28 20:00:00
20.8,58,953.0,0.0,4.6,2024-03-28 21:00:00
21.0,56,953.0,0.0,4.3,2024-03-28 22:00:00
17.4,71,952.0,0.0,8.4,2024-03-28 23:00:00
19.7,59,952.3,0.0,5.0,2024-03-29 00:00:00
18.9,62,951.9,0.0,5.0,2024-03-29 01:00:00
17.2,71,951.6,0.0,8.7,2024-03-29 02:00:00
16.0,77,950.6,0.0,6.0,2024-03-29 03:00:00
15.1,81,950.3,0.0,5.0,2024-03-29 04:00:00
15.6,79,950.4,0.0,7.2,2024-03-29 05:00:00
16.9,80,951.6,0.1,16.9,2024-03-29 06:00:00
18.2,70,952.3,0.0,15.5,2024-03-29 07:00:00
19.2,67,953.1,0.0,15.1,2024-03-29 08:00:00
21.8,59,954.1,0.0,12.4,2024-03-29 09:00:00
24.1,46,954.5,0.0,12.1,2024-03-29 10:00:00
25.2,40,954.6,0.0,10.5,2024-03-29 11:00:00
25.3,43,954.0,0.0,13.8,2024-03-29 12:00:00
24.3,50,953.6,0.4,11.2,2024-03-29 13:00:00
25.4,46,952.8,0.0,12.9,2024-03-29 14:00:00
24.2,50,952.3,0.2,12.3,2024-03-29 15:00:00
24.6,47,951.9,0.0,11.0,2024-03-29 16:00:00
24.2,54,951.4,0.0,4.2,2024-03-29 17:00:00
22.5,56,950.3,0.0,6.9,2024-03-29 18:00:00
20.9,58,950.1,0.0,9.2,2024-03-29 19:00:00
19.7,59,950.9,0.0,6.0,2024-03-29 20:00:00
18.3,71,952.3,0.0,11.8,2024-03-29 21:00:00
17.2,76,952.7,0.0,26.9,2024-03-29 22:00:00
18.1,64,952.4,0.0,18.9,2024-03-29 23:00:00
17.5,63,952.1,0.0,18.8,2024-03-30 00:00:00
17.6,61,951.0,0.0,20.7,2024-03-30 01:00:00
15.7,83,952.7,6.5,17.6,2024-03-30 02:00:00
15.3,92,951.2,2.7,18.1,2024-03-30 03:00:00
14.9,86,951.4,0.2,11.4,2024-03-30 04:00:00
16.2,75,951.6,0.0,7.7,2024-03-30 05:00:00
15.8,80,951.4,0.0,11.4,2024-03-30 06:00:00
16.9,75,952.2,0.0,8.7,2024-03-30 07:00:00
19.2,69,953.2,0.0,2.9,2024-03-30 08:00:00
21.0,62,954.4,0.0,7.7,2024-03-30 09:00:00
21.7,55,955.0,0.0,17.4,2024-03-30 10:00:00
21.7,54,955.3,0.0,20.9,2024-03-30 11:00:00
21.3,57,954.7,0.0,12.2,2024-03-30 12:00:00
21.7,58,953.7,0.0,13.4,2024-03-30 13:00:00
19.8,67,953.2,0.1,12.3,2024-03-30 14:00:00
17.1,79,953.3,3.6,12.3,2024-03-30 15:00:00
17.8,75,952.3,0.1,14.0,2024-03-30 16:00:00
18.2,75,952.2,0.1,6.6,2024-03-30 17:00:00
16.4,85,952.6,4.3,13.4,2024-03-30 18:00:00
16.0,88,952.4,0.7,18.3,2024-03-30 19:00:00
15.2,88,954.0,4.4,2.9,2024-03-30 20:00:00
15.3,90,954.7,2.4,9.5,2024-03-30 21:00:00
15.2,87,954.0,1.1,13.1,2024-03-30 22:00:00
15.2,83,954.0,0.1,13.2,2024-03-30 23:00:00
14.0,90,953.6,0.0,10.8,2024-03-31 00:00:00
13.9,92,953.1,0.0,4.9,2024-03-31 01:00:00
12.6,92,953.0,0.0,3.6,2024-03-31 02:00:00
12.8,94,953.1,0.0,7.5,2024-03-31 03:00:00
12.8,93,953.6,0.0,8.4,2024-03-31 04:00:00
12.6,92,953.7,0.0,8.0,2024-03-31 05:00:00
12.5,91,954.6,0.0,6.1,2024-03-31 06:00:00
13.8,87,955.6,0.0,10.3,2024-03-31 07:00:00
16.2,78,956.7,0.0,11.4,2024-03-31 08:00:00
18.4,66,957.5,0.0,11.7,2024-03-31 09:00:00
20.1,58,957.8,0.0,13.6,2024-03-31 10:00:00
21.2,52,957.8,0.0,15.3,2024-03-31 11:00:00
21.9,45,957.6,0.0,13.3,2024-03-31 12:00:00
22.4,44,957.1,0.0,11.4,2024-03-31 13:00:00
22.9,44,956.3,0.0,10.0,2024-03-31 14:00:00
23.1,44,955.5,0.0,8.9,2024-03-31 15:00:00
22.8,43,955.1,0.0,8.5,2024-03-31 16:00:00
21.9,45,954.7,0.0,8.5,2024-03-31 17:00:00
19.3,54,954.7,0.0,12.3,2024-03-31 18:00:00
17.2,61,953.9,0.0,12.0,2024-03-31 19:00:00
15.8,67,953.7,0.0,12.0,2024-03-31 20:00:00
15.0,71,953.3,0.0,10.3,2024-03-31 21:00:00
14.6,75,952.7,0.0,9.6,2024-03-31 22:00:00
14.2,74,951.9,0.0,8.5,2024-03-31 23:00:00
14.3,67,951.6,0.0,8.4,2024-04-01 00:00:00
14.9,61,951.1,0.0,9.5,2024-04-01 01:00:00
14.9,65,950.4,0.0,7.9,2024-04-01 02:00:00
15.0,67,950.0,0.0,8.7,2024-04-01 03:00:00
14.9,66,949.7,0.0,9.7,2024-04-01 04:00:00
14.6,63,949.5,0.0,9.7,2024-04-01 05:00:00
14.2,65,949.6,0.0,6.4,2024-04-01 06:00:00
15.2,62,950.0,0.0,8.2,2024-04-01 07:00:00
18.4,54,950.8,0.0,10.0,2024-04-01 08:00:00
21.0,44,951.5,0.0,9.4,2024-04-01 09:00:00
23.0,36,951.8,0.0,11.9,2024-04-01 10:00:00
24.4,35,951.5,0.0,12.5,2024-04-01 11:00:00
25.3,36,951.0,0.0,12.5,2024-04-01 12:00:00
25.8,37,950.3,0.0,11.9,2024-04-01 13:00:00
26.0,37,949.8,0.0,10.5,2024-04-01 14:00:00
26.0,36,949.4,0.0,9.8,2024-04-01 15:00:00
25.4,36,949.1,0.0,10.0,2024-04-01 16:00:00
24.1,42,948.9,0.0,9.3,2024-04-01 17:00:00
21.4,47,948.8,0.0,10.3,2024-04-01 18:00:00
19.3,50,948.8,0.0,10.2,2024-04-01 19:00:00
17.9,55,949.0,0.0,9.3,2024-04-01 20:00:00
16.9,55,949.2,0.0,8.4,2024-04-01 21:00:00
16.3,52,948.9,0.0,7.2,2024-04-01 22:00:00
15.8,51,948.7,0.0,5.4,2024-04-01 23:00:00
15.6,49,948.4,0.0,4.7,2024-04-02 00:00:00
14.6,51,948.2,0.0,6.4,2024-04-02 01:00:00
13.8,53,947.7,0.0,6.6,2024-04-02 02:00:00
13.4,53,947.3,0.0,6.2,2024-04-02 03:00:00
14.2,49,947.0,0.0,6.0,2024-04-02 04:00:00
15.0,47,947.1,0.0,5.1,2024-04-02 05:00:00
18.3,38,948.6,0.0,3.4,2024-04-02 06:00:00
17.0,62,948.7,0.0,3.6,2024-04-02 07:00:00
19.6,52,949.6,0.0,3.6,2024-04-02 08:00:00
21.7,50,950.5,0.0,3.3,2024-04-02 09:00:00
23.8,47,950.9,0.0,5.9,2024-04-02 10:00:00
25.5,39,950.8,0.0,8.6,2024-04-02 11:00:00
26.4,34,950.4,0.0,10.6,2024-04-02 12:00:00
26.9,33,949.9,0.0,11.0,2024-04-02 13:00:00
27.1,31,949.2,0.0,9.7,2024-04-02 14:00:00
26.9,32,948.4,0.0,9.1,2024-04-02 15:00:00
26.1,33,948.1,0.0,10.5,2024-04-02 16:00:00
24.6,41,948.2,0.0,8.3,2024-04-02 17:00:00
22.3,43,947.8,0.0,9.4,2024-04-02 18:00:00
20.3,48,947.6,0.0,8.7,2024-04-02 19:00:00
19.1,51,947.9,0.0,7.2,2024-04-02 20:00:00
18.1,51,948.2,0.0,6.2,2024-04-02 21:00:00
18.1,46,948.3,0.0,6.1,2024-04-02 22:00:00
17.1,49,948.3,0.0,8.0,2024-04-02 23:00:00
16.6,49,948.2,0.0,9.7,2024-04-03 00:00:00
15.9,51,948.3,0.0,8.7,2024-04-03 01:00:00
17.0,42,948.5,0.0,7.4,2024-04-03 02:00:00
16.4,51,949.3,0.0,21.6,2024-04-03 03:00:00
16.5,53,948.9,0.0,17.4,2024-04-03 04:00:00
15.6,60,950.3,0.1,30.3,2024-04-03 05:00:00
17.0,64,949.7,0.0,8.0,2024-04-03 06:00:00
18.2,59,949.9,0.1,16.0,2024-04-03 07:00:00
19.0,63,951.2,0.1,8.6,2024-04-03 08:00:00
18.7,64,952.6,0.2,16.6,2024-04-03 09:00:00
19.9,62,953.4,0.7,18.5,2024-04-03 10:00:00
21.8,49,953.5,0.1,16.4,2024-04-03 11:00:00
23.0,43,953.4,0.2,16.4,2024-04-03 12:00:00
24.5,37,953.0,0.0,21.0,2024-04-03 13:00:00
22.9,42,952.1,0.0,21.8,2024-04-03 14:00:00
21.5,50,952.1,1.5,10.4,2024-04-03 15:00:00
20.4,58,951.5,0.3,12.7,2024-04-03 16:00:00
20.7,54,952.0,0.0,10.8,2024-04-03 17:00:00
20.9,50,951.5,0.0,10.2,2024-04-03 18:00:00
18.1,56,951.6,0.0,8.0,2024-04-03 19:00:00
16.2,63,951.6,0.0,8.0,2024-04-03 20:00:00
14.8,68,951.8,0.0,6.3,2024-04-03 21:00:00
14.2,67,951.6,0.0,4.4,2024-04-03 22:00:00
15.3,57,951.7,0.0,4.3,2024-04-03 23:00:00
14.9,56,951.6,0.0,7.5,2024-04-04 00:00:00
15.9,52,951.4,0.0,7.6,2024-04-04 01:00:00
15.4,55,950.8,0.0,7.1,2024-04-04 02:00:00
14.8,54,950.4,0.0,6.9,2024-04-04 03:00:00
13.9,54,950.0,0.0,7.0,2024-04-04 04:00:00
12.9,56,949.7,0.0,6.2,2024-04-04 05:00:00
13.2,65,950.7,0.0,1.9,2024-04-04 06:00:00
16.3,61,951.9,0.0,0.8,2024-04-04 07:00:00
19.1,65,952.8,0.0,3.9,2024-04-04 08:00:00
21.2,50,953.9,0.0,9.5,2024-04-04 09:00:00
23.0,48,954.2,0.0,11.8,2024-04-04 10:00:00
24.5,44,954.3,0.0,12.9,2024-04-04 11:00:00
25.4,41,954.0,0.0,14.7,2024-04-04 12:00:00
26.5,38,953.5,0.0,12.8,2024-04-04 13:00:00
26.4,39,952.9,0.0,14.0,2024-04-04 14:00:00
26.2,39,952.4,0.0,14.9,2024-04-04 15:00:00
26.0,38,951.6,0.0,11.9,2024-04-04 16:00:00
24.7,46,951.2,0.0,12.4,2024-04-04 17:00:00
22.1,52,951.8,0.0,11.8,2024-04-04 18:00:00
20.1,58,951.7,0.0,15.3,2024-04-04 19:00:00
19.4,58,951.8,0.0,16.3,2024-04-04 20:00:00
19.3,56,951.9,0.0,14.3,2024-04-04 21:00:00
18.4,58,951.8,0.0,12.3,2024-04-04 22:00:00
18.2,58,951.7,0.0,9.5,2024-04-04 23:00:00
17.6,57,951.3,0.0,10.0,2024-04-05 00:00:00
17.2,55,951.0,0.0,10.2,2024-04-05 01:00:00
16.5,57,950.5,0.0,9.4,2024-04-05 02:00:00
15.9,59,950.1,0.0,8.4,2024-04-05 03:00:00
16.3,59,950.1,0.0,11.1,2024-04-05 04:00:00
16.5,57,950.0,0.0,13.6,2024-04-05 05:00:00
16.7,54,950.3,0.0,10.4,2024-04-05 06:00:00
17.8,56,951.0,0.0,10.7,2024-04-05 07:00:00
20.5,54,952.0,0.0,10.0,2024-04-05 08:00:00
23.2,41,953.0,0.0,10.2,2024-04-05 09:00:00
24.6,34,953.0,0.0,14.5,2024-04-05 10:00:00
25.6,33,953.0,0.0,17.1,2024-04-05 11:00:00
26.4,32,952.5,0.0,17.3,2024-04-05 12:00:00
27.1,27,951.9,0.0,15.2,2024-04-05 13:00:00
27.6,24,951.3,0.0,11.6,2024-04-05 14:00:00
27.5,23,950.8,0.0,10.4,2024-04-05 15:00:00
27.0,24,950.4,0.0,9.4,2024-04-05 16:00:00
25.6,33,950.1,0.0,10.0,2024-04-05 17:00:00
22.7,39,950.1,0.0,12.7,2024-04-05 18:00:00
20.4,44,950.0,0.0,10.7,2024-04-05 19:00:00
18.9,47,950.2,0.0,9.7,2024-04-05 20:00:00
17.9,47,950.3,0.0,9.5,2024-04-05 21:00:00
17.0,47,950.2,0.0,7.2,2024-04-05 22:00:00
16.3,47,950.0,0.0,5.4,2024-04-05 23:00:00
15.8,47,949.9,0.0,4.8,2024-04-06 00:00:00
15.4,47,949.6,0.0,5.2,2024-04-06 01:00:00
14.6,50,949.2,0.0,7.2,2024-04-06 02:00:00
17.3,39,949.6,0.0,5.2,2024-04-06 03:00:00
19.3,32,950.0,0.0,3.3,2024-04-06 04:00:00
17.4,36,949.8,0.0,4.1,2024-04-06 05:00:00
19.7,34,951.1,0.0,2.6,2024-04-06 06:00:00
18.0,52,951.3,0.0,3.1,2024-04-06 07:00:00
20.6,49,952.1,0.0,2.6,2024-04-06 08:00:00
23.3,44,953.1,0.0,1.3,2024-04-06 09:00:00
25.6,40,953.4,0.0,4.1,2024-04-06 10:00:00
27.7,23,953.2,0.0,9.8,2024-04-06 11:00:00
28.3,21,952.7,0.0,14.3,2024-04-06 12:00:00
28.5,21,952.0,0.0,15.3,2024-04-06 13:00:00
28.5,20,951.3,0.0,15.5,2024-04-06 14:00:00
28.1,21,950.6,0.0,15.9,2024-04-06 15:00:00
27.5,22,950.0,0.0,14.8,2024-04-06 16:00:00
26.0,30,949.5,0.0,11.0,2024-04-06 17:00:00
22.9,34,949.2,0.0,10.2,2024-04-06 18:00:00
20.5,36,948.8,0.0,10.9,2024-04-06 19:00:00
19.2,38,949.0,0.0,10.7,2024-04-06 20:00:00
18.1,40,949.3,0.0,10.2,2024-04-06 21:00:00
17.0,42,949.1,0.0,8.1,2024-04-06 22:00:00
16.5,42,948.7,0.0,7.3,2024-04-06 23:00:00
16.4,41,948.4,0.0,7.7,2024-04-07 00:00:00
16.1,42,947.9,0.0,6.9,2024-04-07 01:00:00
15.8,41,947.6,0.0,6.0,2024-04-07 02:00:00
15.2,43,947.4,0.0,6.6,2024-04-07 03:00:00
14.8,44,947.4,0.0,6.6,2024-04-07 04:00:00
14.4,45,947.5,0.0,8.2,2024-04-07 05:00:00
20.3,31,949.8,0.0,1.8,2024-04-07 06:00:00
19.0,59,950.2,0.0,3.7,2024-04-07 07:00:00
21.8,39,951.2,0.0,2.7,2024-04-07 08:00:00
24.3,38,952.4,0.0,1.3,2024-04-07 09:00:00
26.4,35,952.6,0.0,2.5,2024-04-07 10:00:00
28.2,25,952.5,0.0,5.5,2024-04-07 11:00:00
29.0,23,951.9,0.0,5.6,2024-04-07 12:00:00
29.5,22,951.3,0.0,5.9,2024-04-07 13:00:00
29.7,21,950.7,0.0,7.7,2024-04-07 14:00:00
29.8,19,950.0,0.0,11.8,2024-04-07 15:00:00
29.1,20,949.7,0.0,12.1,2024-04-07 16:00:00
27.3,30,949.7,0.0,11.2,2024-04-07 17:00:00
24.3,37,949.2,0.0,10.6,2024-04-07 18:00:00
21.7,41,948.9,0.0,8.7,2024-04-07 19:00:00
19.9,46,949.0,0.0,8.2,2024-04-07 20:00:00
18.8,47,949.3,0.0,7.8,2024-04-07 21:00:00
18.4,46,949.3,0.0,7.4,2024-04-07 22:00:00
18.2,43,949.2,0.0,7.6,2024-04-07 23:00:00
18.2,41,949.0,0.0,7.4,2024-04-08 00:00:00
17.5,41,948.5,0.0,5.0,2024-04-08 01:00:00
16.9,43,948.3,0.0,5.1,2024-04-08 02:00:00
15.8,48,948.0,0.0,6.6,2024-04-08 03:00:00
16.1,45,948.2,0.0,7.1,2024-04-08 04:00:00
18.4,35,948.9,0.0,5.6,2024-04-08 05:00:00
16.8,52,949.8,0.0,6.4,2024-04-08 06:00:00
18.7,54,951.1,0.0,2.2,2024-04-08 07:00:00
21.5,46,952.1,0.0,3.4,2024-04-08 08:00:00
24.6,37,953.2,0.0,3.6,2024-04-08 09:00:00
26.5,33,954.0,0.0,3.7,2024-04-08 10:00:00
28.1,30,954.2,0.0,4.7,2024-04-08 11:00:00
29.6,24,953.7,0.0,7.2,2024-04-08 12:00:00
30.5,18,953.2,0.0,9.7,2024-04-08 13:00:00
30.7,16,952.6,0.0,11.4,2024-04-08 14:00:00
30.4,15,952.1,0.0,12.9,2024-04-08 15:00:00
29.6,18,951.6,0.0,12.8,2024-04-08 16:00:00
27.7,29,951.4,0.0,9.3,2024-04-08 17:00:00
23.9,36,950.6,0.0,8.7,2024-04-08 18:00:00
21.1,43,950.4,0.0,9.2,2024-04-08 19:00:00
20.0,42,950.5,0.0,11.3,2024-04-08 20:00:00
19.6,39,951.0,0.0,11.0,2024-04-08 21:00:00
18.4,41,950.8,0.0,9.0,2024-04-08 22:00:00
18.1,41,950.6,0.0,8.2,2024-04-08 23:00:00
17.8,41,950.1,0.0,7.6,2024-04-09 00:00:00
17.3,40,949.4,0.0,6.8,2024-04-09 01:00:00
15.9,44,948.9,0.0,5.4,2024-04-09 02:00:00
17.1,38,949.3,0.0,3.2,2024-04-09 03:00:00
19.0,31,949.9,0.0,3.1,2024-04-09 04:00:00
16.7,35,949.4,0.0,6.1,2024-04-09 05:00:00
20.6,30,951.4,0.0,1.5,2024-04-09 06:00:00
19.4,58,951.5,0.0,3.3,2024-04-09 07:00:00
23.0,39,952.4,0.0,2.8,2024-04-09 08:00:00
25.8,35,953.3,0.0,3.6,2024-04-09 09:00:00
28.2,31,953.8,0.0,4.0,2024-04-09 10:00:00
29.9,27,954.1,0.0,4.0,2024-04-09 11:00:00
30.7,26,954.0,0.0,9.2,2024-04-09 12:00:00
30.8,22,953.8,0.0,7.4,2024-04-09 13:00:00
30.5,20,952.8,0.0,4.5,2024-04-09 14:00:00
31.3,19,952.3,0.0,7.6,2024-04-09 15:00:00
30.3,21,952.0,0.0,11.6,2024-04-09 16:00:00
28.5,35,951.7,0.0,5.8,2024-04-09 17:00:00
25.9,31,951.3,0.0,8.9,2024-04-09 18:00:00
23.5,33,950.9,0.0,9.8,2024-04-09 19:00:00
21.9,34,951.0,0.0,9.7,2024-04-09 20:00:00
21.3,33,951.5,0.0,9.1,2024-04-09 21:00:00
21.1,33,951.6,0.0,7.7,2024-04-09 22:00:00
20.6,36,951.5,0.0,4.9,2024-04-09 23:00:00
20.4,37,951.3,0.0,4.5,2024-04-10 00:00:00
19.9,35,950.7,0.0,5.7,2024-04-10 01:00:00
19.8,35,950.2,0.0,6.0,2024-04-10 02:00:00
22.6,25,950.7,0.0,3.3,2024-04-10 03:00:00
18.0,39,949.9,0.0,6.0,2024-04-10 04:00:00
17.2,40,949.8,0.0,7.7,2024-04-10 05:00:00
21.1,38,951.4,0.0,6.5,2024-04-10 06:00:00
21.9,48,952.1,0.0,2.8,2024-04-10 07:00:00
23.8,38,952.7,0.0,4.7,2024-04-10 08:00:00
26.8,34,953.5,0.0,1.5,2024-04-10 09:00:00
29.0,26,954.2,0.0,3.6,2024-04-10 10:00:00
29.6,26,954.1,0.0,9.7,2024-04-10 11:00:00
30.4,24,953.7,0.0,6.9,2024-04-10 12:00:00
27.5,35,954.6,1.2,13.4,2024-04-10 13:00:00
28.5,27,954.0,0.0,2.8,2024-04-10 14:00:00
28.5,27,953.7,0.0,3.0,2024-04-10 15:00:00
27.3,29,953.6,0.0,3.4,2024-04-10 16:00:00
26.2,39,953.1,0.0,8.9,2024-04-10 17:00:00
23.0,45,952.8,0.0,12.6,2024-04-10 18:00:00
22.3,47,952.7,0.0,14.0,2024-04-10 19:00:00
22.0,46,953.0,0.0,11.5,2024-04-10 20:00:00
21.6,45,953.2,0.0,8.7,2024-04-10 21:00:00
20.8,43,953.1,0.0,8.8,2024-04-10 22:00:00
20.3,43,952.6,0.0,8.0,2024-04-10 23:00:00
19.1,47,952.2,0.0,5.9,2024-04-11 00:00:00
18.4,51,952.4,0.0,13.5,2024-04-11 01:00:00
19.3,45,951.9,0.0,8.3,2024-04-11 02:00:00
16.6,57,951.4,0.0,5.8,2024-04-11 03:00:00
16.0,58,951.7,0.0,4.5,2024-04-11 04:00:00
16.4,61,952.9,0.0,12.0,2024-04-11 05:00:00
16.9,68,953.2,0.0,3.6,2024-04-11 06:00:00
19.8,55,954.7,0.0,3.8,2024-04-11 07:00:00
21.5,53,955.8,0.1,6.4,2024-04-11 08:00:00
22.0,57,956.6,0.6,5.2,2024-04-11 09:00:00
21.2,59,957.2,2.5,17.3,2024-04-11 10:00:00
22.4,55,956.8,0.0,16.1,2024-04-11 11:00:00
24.7,46,956.7,0.0,12.5,2024-04-11 12:00:00
26.3,41,956.3,0.0,10.5,2024-04-11 13:00:00
27.0,38,955.5,0.0,7.7,2024-04-11 14:00:00
27.7,35,954.8,0.0,2.9,2024-04-11 15:00:00
27.4,33,954.5,0.1,2.3,2024-04-11 16:00:00
27.1,33,954.3,0.0,6.1,2024-04-11 17:00:00
24.9,50,954.0,0.0,4.7,2024-04-11 18:00:00
22.8,43,953.6,0.0,5.4,2024-04-11 19:00:00
22.3,43,953.9,0.0,7.9,2024-04-11 20:00:00
20.4,49,953.9,0.0,7.7,2024-04-11 21:00:00
19.4,53,953.7,0.0,6.6,2024-04-11 22:00:00
19.3,52,953.5,0.0,5.0,2024-04-11 23:00:00
20.6,45,953.8,0.0,4.8,2024-04-12 00:00:00
18.2,53,952.5,0.0,7.2,2024-04-12 01:00:00
18.3,51,952.3,0.0,6.0,2024-04-12 02:00:00
18.0,50,952.1,0.0,7.2,2024-04-12 03:00:00
18.0,51,951.8,0.0,5.9,2024-04-12 04:00:00
17.2,54,951.4,0.0,6.2,2024-04-12 05:00:00
19.3,54,953.0,0.0,6.8,2024-04-12 06:00:00
20.8,56,953.1,0.0,7.2,2024-04-12 07:00:00
23.9,52,954.0,0.0,4.7,2024-04-12 08:00:00
26.5,42,954.8,0.0,4.9,2024-04-12 09:00:00
28.4,31,955.2,0.0,8.4,2024-04-12 10:00:00
29.9,26,954.9,0.0,8.4,2024-04-12 11:00:00
30.5,26,954.5,0.0,5.0,2024-04-12 12:00:00
28.6,30,953.9,0.2,4.8,2024-04-12 13:00:00
29.6,28,953.3,0.0,8.7,2024-04-12 14:00:00
29.7,27,952.7,0.0,6.5,2024-04-12 15:00:00
27.7,32,953.1,0.0,7.9,2024-04-12 16:00:00
22.1,72,952.3,0.8,3.2,2024-04-12 17:00:00
24.4,44,952.3,0.0,16.2,2024-04-12 18:00:00
23.3,47,952.0,0.0,7.7,2024-04-12 19:00:00
21.1,55,951.9,0.0,5.2,2024-04-12 20:00:00
21.6,52,952.5,0.0,6.2,2024-04-12 21:00:00
20.5,53,951.6,0.0,7.0,2024-04-12 22:00:00
22.1,39,951.1,0.0,12.3,2024-04-12 23:00:00
22.2,37,950.5,0.0,12.8,2024-04-13 00:00:00
22.6,36,950.0,0.0,11.6,2024-04-13 01:00:00
22.5,38,949.7,0.0,8.3,2024-04-13 02:00:00
20.9,45,950.0,0.0,4.2,2024-04-13 03:00:00
18.4,61,950.0,0.0,19.2,2024-04-13 04:00:00
17.4,69,950.6,0.0,18.4,2024-04-13 05:00:00
17.6,74,952.6,0.1,20.7,2024-04-13 06:00:00
19.2,69,952.9,0.0,15.8,2024-04-13 07:00:00
20.3,65,953.6,0.0,14.8,2024-04-13 08:00:00
19.7,69,954.2,0.0,26.3,2024-04-13 09:00:00
20.1,67,954.4,0.0,25.0,2024-04-13 10:00:00
21.2,57,953.7,0.0,23.2,2024-04-13 11:00:00
20.3,64,953.4,0.0,24.3,2024-04-13 12:00:00
20.5,64,953.3,0.0,25.8,2024-04-13 13:00:00
19.2,72,952.7,0.2,23.8,2024-04-13 14:00:00
19.1,71,952.4,0.4,21.1,2024-04-13 15:00:00
17.8,82,951.9,1.2,17.4,2024-04-13 16:00:00
17.6,87,952.1,2.0,13.7,2024-04-13 17:00:00
19.1,75,953.0,0.0,13.2,2024-04-13 18:00:00
19.0,72,953.2,0.0,10.2,2024-04-13 19:00:00
18.5,72,953.6,0.0,6.5,2024-04-13 20:00:00
19.2,69,954.4,0.0,4.7,2024-04-13 21:00:00
16.7,81,955.2,0.0,7.6,2024-04-13 22:00:00
16.4,81,954.9,0.0,6.3,2024-04-13 23:00:00
16.9,78,954.7,0.6,6.7,2024-04-14 00:00:00
16.0,85,954.4,0.0,6.2,2024-04-14 01:00:00
17.2,79,954.1,0.0,6.6,2024-04-14 02:00:00
16.9,78,953.9,0.0,5.3,2024-04-14 03:00:00
16.7,82,954.3,0.2,6.3,2024-04-14 04:00:00
16.1,85,954.3,1.7,1.1,2024-04-14 05:00:00
16.8,80,954.0,0.0,8.2,2024-04-14 06:00:00
17.9,79,954.7,0.0,5.4,2024-04-14 07:00:00
20.2,70,955.3,0.0,6.4,2024-04-14 08:00:00
21.0,62,955.9,0.3,3.3,2024-04-14 09:00:00
20.8,62,956.1,0.1,1.1,2024-04-14 10:00:00
20.1,70,956.4,0.9,6.5,2024-04-14 11:00:00
21.8,65,956.0,0.1,10.1,2024-04-14 12:00:00
22.3,65,955.4,0.1,13.9,2024-04-14 13:00:00
23.0,61,954.9,0.1,14.6,2024-04-14 14:00:00
21.1,69,954.3,0.1,14.1,2024-04-14 15:00:00
21.2,68,954.1,0.1,15.8,2024-04-14 16:00:00
20.1,74,954.0,0.1,15.7,2024-04-14 17:00:00
18.1,82,954.2,1.1,15.3,2024-04-14 18:00:00
18.2,80,954.1,0.7,11.4,2024-04-14 19:00:00
18.1,80,954.9,1.3,10.7,2024-04-14 20:00:00
18.3,75,955.4,0.0,11.8,2024-04-14 21:00:00
18.2,74,955.3,0.0,10.0,2024-04-14 22:00:00
18.1,73,955.1,0.0,6.5,2024-04-14 23:00:00
17.2,78,955.0,1.1,7.3,2024-04-15 00:00:00
17.5,74,954.1,0.0,8.2,2024-04-15 01:00:00
17.0,76,953.9,0.0,9.1,2024-04-15 02:00:00
17.2,79,953.8,2.1,8.2,2024-04-15 03:00:00
16.8,87,953.4,4.6,6.5,2024-04-15 04:00:00
16.9,83,952.9,1.1,4.9,2024-04-15 05:00:00
17.1,79,952.4,0.0,5.4,2024-04-15 06:00:00
19.2,70,953.3,0.0,3.4,2024-04-15 07:00:00
20.2,65,953.5,0.0,4.7,2024-04-15 08:00:00
22.0,61,953.8,0.0,11.5,2024-04-15 09:00:00
20.4,72,955.1,6.2,16.7,2024-04-15 10:00:00
20.6,74,954.6,0.2,14.3,2024-04-15 11:00:00
20.8,71,953.3,0.4,16.6,2024-04-15 12:00:00
23.4,58,952.7,0.0,15.1,2024-04-15 13:00:00
20.7,74,952.8,3.0,1.5,2024-04-15 14:00:00
19.8,83,951.9,2.2,5.3,2024-04-15 15:00:00
18.7,90,951.5,2.8,11.4,2024-04-15 16:00:00
18.0,91,951.5,3.1,14.8,2024-04-15 17:00:00
16.9,93,953.2,8.3,15.5,2024-04-15 18:00:00
16.6,91,953.3,0.0,6.8,2024-04-15 19:00:00
16.3,91,953.6,0.0,6.1,2024-04-15 20:00:00
16.8,87,954.6,0.0,12.0,2024-04-15 21:00:00
15.7,90,954.5,0.0,13.1,2024-04-15 22:00:00
14.3,93,953.6,0.0,7.9,2024-04-15 23:00:00
14.6,88,953.8,0.0,3.9,2024-04-16 00:00:00
15.2,88,953.5,0.0,8.7,2024-04-16 01:00:00
14.8,92,953.1,0.0,9.0,2024-04-16 02:00:00
14.3,93,952.8,0.0,7.4,2024-04-16 03:00:00
13.7,93,952.9,0.0,6.4,2024-04-16 04:00:00
13.1,93,953.0,0.0,4.9,2024-04-16 05:00:00
14.4,89,953.7,0.0,7.0,2024-04-16 06:00:00
16.5,82,954.5,0.0,7.0,2024-04-16 07:00:00
19.3,75,955.3,0.0,5.8,2024-04-16 08:00:00
21.0,68,955.9,0.0,9.3,2024-04-16 09:00:00
22.7,60,955.8,0.0,11.2,2024-04-16 10:00:00
24.1,53,955.5,0.0,10.7,2024-04-16 11:00:00
24.9,51,955.0,0.0,12.7,2024-04-16 12:00:00
25.4,50,954.8,0.0,14.5,2024-04-16 13:00:00
25.8,48,954.1,0.0,14.5,2024-04-16 14:00:00
26.0,46,953.2,0.0,13.0,2024-04-16 15:00:00
25.6,47,952.9,0.0,14.9,2024-04-16 16:00:00
24.7,51,952.7,0.0,14.4,2024-04-16 17:00:00
22.8,57,953.4,0.0,14.9,2024-04-16 18:00:00
20.4,65,952.4,0.0,12.0,2024-04-16 19:00:00
18.8,72,952.0,0.0,12.0,2024-04-16 20:00:00
18.2,73,952.3,0.0,13.2,2024-04-16 21:00:00
18.4,69,951.6,0.0,13.0,2024-04-16 22:00:00
18.4,67,951.5,0.0,12.7,2024-04-16 23:00:00
18.5,66,951.6,0.0,13.5,2024-04-17 00:00:00
18.2,67,950.9,0.0,12.3,2024-04-17 01:00:00
17.6,69,949.9,0.0,11.1,2024-04-17 02:00:00
17.4,68,949.4,0.0,9.4,2024-04-17 03:00:00
17.0,69,949.3,0.0,8.2,2024-04-17 04:00:00
16.8,70,949.2,0.0,8.7,2024-04-17 05:00:00
17.4,70,949.7,0.0,8.1,2024-04-17 06:00:00
19.6,67,950.0,0.0,8.7,2024-04-17 07:00:00
22.4,61,950.5,0.0,6.3,2024-04-17 08:00:00
24.3,52,951.2,0.0,9.5,2024-04-17 09:00:00
25.3,47,951.4,0.0,14.1,2024-04-17 10:00:00
26.0,48,951.0,0.0,13.3,2024-04-17 11:00:00
26.9,46,950.7,0.0,11.9,2024-04-17 12:00:00
27.5,44,950.7,0.0,12.5,2024-04-17 13:00:00
27.8,41,950.2,0.0,11.1,2024-04-17 14:00:00
27.7,38,950.0,0.0,11.2,2024-04-17 15:00:00
26.5,41,949.7,0.0,9.4,2024-04-17 16:00:00
25.6,50,949.4,0.0,4.4,2024-04-17 17:00:00
23.9,60,949.3,0.0,5.4,2024-04-17 18:00:00
22.1,64,948.9,0.0,5.1,2024-04-17 19:00:00
22.1,60,949.6,0.0,5.0,2024-04-17 20:00:00
21.7,59,950.3,0.0,5.4,2024-04-17 21:00:00
21.4,59,950.0,0.0,4.0,2024-04-17 22:00:00
19.6,64,949.6,0.0,6.0,2024-04-17 23:00:00
23.2,45,950.3,0.0,1.1,2024-04-18 00:00:00
20.3,61,948.9,0.0,6.1,2024-04-18 01:00:00
18.5,65,948.1,0.0,8.3,2024-04-18 02:00:00
20.3,55,948.3,0.0,5.8,2024-04-18 03:00:00
19.4,57,947.9,0.0,7.7,2024-04-18 04:00:00
19.6,60,947.8,0.0,8.2,2024-04-18 05:00:00
20.2,59,949.3,0.0,10.2,2024-04-18 06:00:00
20.8,55,949.1,0.0,9.1,2024-04-18 07:00:00
21.9,54,949.2,0.0,7.4,2024-04-18 08:00:00
22.4,56,949.9,0.0,5.0,2024-04-18 09:00:00
21.7,62,950.7,0.0,10.1,2024-04-18 10:00:00
20.7,72,951.2,0.8,6.2,2024-04-18 11:00:00
20.5,71,950.9,2.4,7.9,2024-04-18 12:00:00
21.0,65,950.2,0.2,14.5,2024-04-18 13:00:00
19.8,76,949.5,0.3,11.3,2024-04-18 14:00:00
21.5,70,948.8,0.0,12.8,2024-04-18 15:00:00
21.5,74,948.7,1.2,12.9,2024-04-18 16:00:00
19.6,87,948.4,5.3,6.6,2024-04-18 17:00:00
18.2,82,949.2,0.4,17.2,2024-04-18 18:00:00
17.4,89,949.0,0.2,14.9,2024-04-18 19:00:00
17.1,91,949.6,3.6,6.0,2024-04-18 20:00:00
17.7,89,949.9,1.8,7.7,2024-04-18 21:00:00
17.6,86,949.7,0.0,10.8,2024-04-18 22:00:00
17.3,80,949.3,3.5,11.7,2024-04-18 23:00:00
17.5,78,948.5,10.0,14.7,2024-04-19 00:00:00
16.7,81,948.2,4.3,5.8,2024-04-19 01:00:00
16.5,88,948.5,2.0,6.1,2024-04-19 02:00:00
16.6,87,946.9,0.4,6.9,2024-04-19 03:00:00
16.2,90,947.6,0.7,8.6,2024-04-19 04:00:00
16.8,80,946.6,1.2,17.7,2024-04-19 05:00:00
17.1,83,947.3,2.5,8.0,2024-04-19 06:00:00
17.1,82,946.5,0.7,9.8,2024-04-19 07:00:00
18.1,80,946.6,0.6,10.3,2024-04-19 08:00:00
20.6,72,947.2,0.2,11.4,2024-04-19 09:00:00
19.8,69,948.2,1.4,14.5,2024-04-19 10:00:00
18.9,85,948.3,3.1,13.1,2024-04-19 11:00:00
19.6,78,947.5,0.4,14.1,2024-04-19 12:00:00
20.5,67,946.8,0.0,19.1,2024-04-19 13:00:00
20.6,65,945.8,0.2,13.2,2024-04-19 14:00:00
23.4,55,944.6,0.1,14.8,2024-04-19 15:00:00
21.8,65,945.0,1.0,25.0,2024-04-19 16:00:00
19.9,78,945.2,0.6,15.2,2024-04-19 17:00:00
18.1,83,946.0,1.7,6.7,2024-04-19 18:00:00
17.8,83,946.4,1.0,7.0,2024-04-19 19:00:00
17.5,81,947.3,0.0,5.4,2024-04-19 20:00:00
16.0,88,948.1,0.5,3.7,2024-04-19 21:00:00
16.1,91,948.3,0.5,8.5,2024-04-19 22:00:00
15.7,94,948.3,0.1,3.8,2024-04-19 23:00:00
15.2,95,948.4,0.0,9.3,2024-04-20 00:00:00
14.9,95,948.0,0.0,8.4,2024-04-20 01:00:00
14.9,95,947.7,0.0,3.6,2024-04-20 02:00:00
15.5,90,947.4,0.4,5.7,2024-04-20 03:00:00
15.1,89,947.1,0.1,3.6,2024-04-20 04:00:00
14.6,90,947.1,0.0,8.2,2024-04-20 05:00:00
14.8,86,948.2,0.0,4.3,2024-04-20 06:00:00
16.7,84,949.0,0.0,7.0,2024-04-20 07:00:00
17.8,82,949.2,0.0,10.7,2024-04-20 08:00:00
19.2,76,949.9,0.0,11.3,2024-04-20 09:00:00
21.9,66,950.3,0.0,10.6,2024-04-20 10:00:00
23.3,62,950.2,0.0,13.1,2024-04-20 11:00:00
22.7,61,950.0,1.3,15.6,2024-04-20 12:00:00
23.8,55,949.3,0.0,10.8,2024-04-20 13:00:00
24.6,57,948.8,0.0,11.1,2024-04-20 14:00:00
24.5,56,948.4,0.1,6.2,2024-04-20 15:00:00
24.9,52,947.8,0.0,1.5,2024-04-20 16:00:00
24.0,57,947.8,0.0,6.0,2024-04-20 17:00:00
22.0,64,947.6,0.0,17.8,2024-04-20 18:00:00
19.9,70,947.3,0.0,18.1,2024-04-20 19:00:00
18.7,73,947.5,0.0,17.8,2024-04-20 20:00:00
18.1,73,947.7,0.0,16.8,2024-04-20 21:00:00
17.6,74,948.3,0.0,16.3,2024-04-20 22:00:00
17.2,74,948.3,0.0,15.5,2024-04-20 23:00:00
16.9,75,948.1,0.0,14.8,2024-04-21 00:00:00
16.6,76,947.3,0.0,12.2,2024-04-21 01:00:00
16.1,78,946.9,0.0,10.4,2024-04-21 02:00:00
15.5,81,946.6,0.0,8.4,2024-04-21 03:00:00
15.3,81,946.4,0.0,8.4,2024-04-21 04:00:00
15.2,81,946.7,0.0,8.9,2024-04-21 05:00:00
15.4,84,947.0,0.0,6.4,2024-04-21 06:00:00
17.7,79,948.2,0.0,8.6,2024-04-21 07:00:00
20.5,67,949.2,0.0,7.1,2024-04-21 08:00:00
22.6,58,949.8,0.0,6.7,2024-04-21 09:00:00
24.4,55,950.3,0.0,5.9,2024-04-21 10:00:00
25.9,52,950.3,0.0,4.7,2024-04-21 11:00:00
27.0,47,949.9,0.0,2.9,2024-04-21 12:00:00
27.9,40,949.4,0.0,7.7,2024-04-21 13:00:00
27.5,38,949.0,0.0,10.6,2024-04-21 14:00:00
27.6,38,948.5,0.0,10.9,2024-04-21 15:00:00
26.9,39,948.6,0.1,12.3,2024-04-21 16:00:00
25.5,49,948.6,0.0,5.2,2024-04-21 17:00:00
24.2,64,947.1,0.0,5.7,2024-04-21 18:00:00
21.0,75,947.0,0.0,6.5,2024-04-21 19:00:00
20.3,67,947.4,0.0,5.8,2024-04-21 20:00:00
19.5,64,948.1,0.0,7.3,2024-04-21 21:00:00
19.0,64,948.4,0.0,7.1,2024-04-21 22:00:00
18.3,64,948.5,0.0,8.2,2024-04-21 23:00:00
17.6,65,948.3,0.0,10.2,2024-04-22 00:00:00
16.7,68,947.8,0.0,10.7,2024-04-22 01:00:00
16.6,66,947.8,0.0,8.0,2024-04-22 02:00:00
16.6,65,947.8,0.0,8.0,2024-04-22 03:00:00
18.3,57,948.2,0.0,6.1,2024-04-22 04:00:00
17.3,62,948.1,0.0,6.2,2024-04-22 05:00:00
19.8,62,948.6,0.0,5.1,2024-04-22 06:00:00
21.3,57,949.5,0.0,2.9,2024-04-22 07:00:00
22.7,59,950.3,0.0,4.1,2024-04-22 08:00:00
24.8,53,951.2,0.0,2.7,2024-04-22 09:00:00
25.7,52,951.5,0.0,7.1,2024-04-22 10:00:00
26.8,50,951.4,0.0,7.8,2024-04-22 11:00:00
26.0,54,951.4,0.2,3.7,2024-04-22 12:00:00
27.0,47,950.6,0.0,1.1,2024-04-22 13:00:00
23.6,60,950.8,0.4,12.8,2024-04-22 14:00:00
24.0,59,950.3,0.0,9.1,2024-04-22 15:00:00
24.3,59,950.2,0.0,5.6,2024-04-22 16:00:00
24.4,58,950.1,0.0,2.8,2024-04-22 17:00:00
23.3,66,949.6,0.0,4.4,2024-04-22 18:00:00
20.6,72,949.4,0.0,7.6,2024-04-22 19:00:00
19.6,69,949.5,0.0,6.1,2024-04-22 20:00:00
19.6,63,949.9,0.0,4.6,2024-04-22 21:00:00
19.0,65,950.2,0.0,4.0,2024-04-22 22:00:00
19.2,61,950.0,0.0,4.7,2024-04-22 23:00:00
18.4,65,949.3,0.0,4.8,2024-04-23 00:00:00
17.8,67,948.6,0.0,4.2,2024-04-23 01:00:00
17.0,70,947.9,0.0,5.5,2024-04-23 02:00:00
17.0,66,947.5,0.0,5.8,2024-04-23 03:00:00
20.5,49,948.0,0.0,3.2,2024-04-23 04:00:00
21.1,45,948.3,0.0,3.9,2024-04-23 05:00:00
19.2,59,948.3,0.0,5.5,2024-04-23 06:00:00
21.0,56,949.2,0.0,3.1,2024-04-23 07:00:00
21.6,61,950.1,0.0,5.9,2024-04-23 08:00:00
23.5,59,950.9,0.0,3.1,2024-04-23 09:00:00
25.8,54,951.1,0.0,3.4,2024-04-23 10:00:00
27.5,46,951.2,0.0,4.1,2024-04-23 11:00:00
28.5,38,950.9,0.0,4.6,2024-04-23 12:00:00
28.3,36,950.2,0.0,4.7,2024-04-23 13:00:00
28.6,36,949.5,0.0,4.0,2024-04-23 14:00:00
28.0,38,949.1,0.0,8.9,2024-04-23 15:00:00
25.8,46,949.3,0.4,11.9,2024-04-23 16:00:00
25.5,49,949.1,0.0,9.4,2024-04-23 17:00:00
23.8,54,948.3,0.0,7.9,2024-04-23 18:00:00
20.4,63,947.9,0.0,11.2,2024-04-23 19:00:00
19.7,59,948.1,0.0,6.8,2024-04-23 20:00:00
19.5,54,948.6,0.0,6.6,2024-04-23 21:00:00
20.9,45,948.9,0.0,5.7,2024-04-23 22:00:00
23.0,35,949.7,0.0,4.2,2024-04-23 23:00:00
20.6,44,948.8,0.0,4.9,2024-04-24 00:00:00
17.9,55,947.6,0.0,7.6,2024-04-24 01:00:00
17.8,56,947.1,0.0,8.4,2024-04-24 02:00:00
17.3,58,946.8,0.0,8.0,2024-04-24 03:00:00
17.5,56,946.6,0.0,7.1,2024-04-24 04:00:00
17.1,59,946.6,0.0,7.0,2024-04-24 05:00:00
21.5,44,949.0,0.0,2.8,2024-04-24 06:00:00
21.5,52,949.1,0.0,2.9,2024-04-24 07:00:00
23.1,53,949.6,0.0,0.8,2024-04-24 08:00:00
24.9,49,950.5,0.0,4.7,2024-04-24 09:00:00
26.5,45,950.7,0.0,7.2,2024-04-24 10:00:00
27.7,42,950.9,0.0,9.0,2024-04-24 11:00:00
28.0,40,951.0,0.0,8.6,2024-04-24 12:00:00
28.0,39,950.4,0.0,2.4,2024-04-24 13:00:00
25.2,47,951.2,1.3,10.2,2024-04-24 14:00:00
23.7,56,950.7,0.0,17.7,2024-04-24 15:00:00
24.5,55,949.5,0.0,6.5,2024-04-24 16:00:00
24.9,53,949.6,0.0,9.2,2024-04-24 17:00:00
25.1,66,948.9,0.0,6.1,2024-04-24 18:00:00
23.6,53,948.8,0.0,6.3,2024-04-24 19:00:00
21.3,58,948.7,0.0,5.4,2024-04-24 20:00:00
20.4,55,949.2,0.0,6.5,2024-04-24 21:00:00
19.6,56,949.3,0.0,6.5,2024-04-24 22:00:00
19.2,55,949.3,0.0,8.3,2024-04-24 23:00:00
20.4,49,949.1,0.0,7.9,2024-04-25 00:00:00
22.8,39,949.3,0.0,5.0,2024-04-25 01:00:00
20.6,44,948.5,0.0,5.8,2024-04-25 02:00:00
21.6,40,948.7,0.0,5.0,2024-04-25 03:00:00
18.9,48,948.3,0.0,6.6,2024-04-25 04:00:00
17.8,52,948.1,0.0,6.2,2024-04-25 05:00:00
20.8,54,949.7,0.0,5.4,2024-04-25 06:00:00
23.1,51,950.4,0.0,3.7,2024-04-25 07:00:00
24.8,47,951.2,0.0,5.1,2024-04-25 08:00:00
26.7,45,951.7,0.0,6.2,2024-04-25 09:00:00
28.5,40,952.0,0.0,8.0,2024-04-25 10:00:00
29.8,36,951.5,0.0,7.7,2024-04-25 11:00:00
30.7,33,951.2,0.0,8.1,2024-04-25 12:00:00
31.1,32,950.5,0.0,9.8,2024-04-25 13:00:00
31.4,30,949.8,0.0,11.3,2024-04-25 14:00:00
30.7,31,949.2,0.0,9.3,2024-04-25 15:00:00
29.7,36,949.5,0.0,11.5,2024-04-25 16:00:00
27.2,50,948.9,0.0,13.4,2024-04-25 17:00:00
25.3,53,948.5,0.0,13.6,2024-04-25 18:00:00
23.5,57,948.0,0.0,10.9,2024-04-25 19:00:00
22.0,59,948.3,0.0,11.3,2024-04-25 20:00:00
21.2,58,948.3,0.0,9.3,2024-04-25 21:00:00
21.9,50,948.3,0.0,10.0,2024-04-25 22:00:00
21.5,49,948.1,0.0,8.3,2024-04-25 23:00:00
21.1,50,948.0,0.0,12.1,2024-04-26 00:00:00
20.6,56,947.7,0.0,15.3,2024-04-26 01:00:00
19.3,65,947.0,0.0,12.5,2024-04-26 02:00:00
19.1,66,947.1,0.0,15.3,2024-04-26 03:00:00
19.0,67,946.9,0.0,15.3,2024-04-26 04:00:00
18.9,67,946.8,0.0,13.6,2024-04-26 05:00:00
19.6,69,947.3,0.0,8.7,2024-04-26 06:00:00
21.6,68,948.2,0.0,11.9,2024-04-26 07:00:00
23.2,66,949.5,0.0,8.2,2024-04-26 08:00:00
26.4,51,949.8,0.0,8.4,2024-04-26 09:00:00
27.8,47,950.0,0.0,1.1,2024-04-26 10:00:00
28.7,45,949.4,0.0,4.8,2024-04-26 11:00:00
29.7,42,948.9,0.0,2.1,2024-04-26 12:00:00
27.1,52,949.7,1.8,1.6,2024-04-26 13:00:00
24.1,62,950.0,0.0,25.3,2024-04-26 14:00:00
22.0,72,949.6,0.1,15.6,2024-04-26 15:00:00
21.6,78,949.2,0.3,13.0,2024-04-26 16:00:00
21.9,75,949.2,0.0,10.0,2024-04-26 17:00:00
22.3,69,947.5,0.0,5.8,2024-04-26 18:00:00
20.9,67,946.9,0.0,7.7,2024-04-26 19:00:00
20.4,65,947.5,0.0,10.3,2024-04-26 20:00:00
20.6,62,947.9,0.0,16.6,2024-04-26 21:00:00
20.0,61,947.3,0.0,9.5,2024-04-26 22:00:00
18.8,66,947.2,0.0,5.4,2024-04-26 23:00:00
19.3,59,947.3,0.0,5.4,2024-04-27 00:00:00
20.6,53,947.3,0.0,3.6,2024-04-27 01:00:00
18.5,61,946.5,0.0,2.2,2024-04-27 02:00:00
16.7,69,946.5,0.1,6.8,2024-04-27 03:00:00
18.1,65,946.1,0.0,9.8,2024-04-27 04:00:00
17.7,71,946.3,0.0,15.8,2024-04-27 05:00:00
17.6,84,948.5,0.1,2.6,2024-04-27 06:00:00
18.9,82,949.2,0.0,6.6,2024-04-27 07:00:00
19.6,70,950.0,0.1,13.4,2024-04-27 08:00:00
17.9,78,950.7,0.7,14.5,2024-04-27 09:00:00
18.3,79,951.0,0.4,10.1,2024-04-27 10:00:00
18.4,80,951.2,1.8,4.7,2024-04-27 11:00:00
18.2,81,951.1,3.4,8.4,2024-04-27 12:00:00
18.6,83,950.6,1.5,8.0,2024-04-27 13:00:00
19.1,77,950.0,2.3,5.6,2024-04-27 14:00:00
20.1,69,949.6,0.1,7.1,2024-04-27 15:00:00
19.7,77,949.5,4.9,10.4,2024-04-27 16:00:00
19.5,79,949.2,1.8,7.1,2024-04-27 17:00:00
20.7,69,949.6,0.0,4.7,2024-04-27 18:00:00
19.1,71,949.5,0.0,7.4,2024-04-27 19:00:00
17.7,75,949.8,0.0,8.1,2024-04-27 20:00:00
17.7,73,950.1,0.0,6.1,2024-04-27 21:00:00
17.9,67,950.4,0.0,9.0,2024-04-27 22:00:00
16.5,77,950.5,0.0,15.6,2024-04-27 23:00:00
16.6,80,950.1,0.0,15.3,2024-04-28 00:00:00
17.2,76,949.3,0.0,11.5,2024-04-28 01:00:00
16.6,78,948.9,0.0,12.5,2024-04-28 02:00:00
16.7,77,948.8,0.0,17.1,2024-04-28 03:00:00
16.6,77,948.8,0.1,12.7,2024-04-28 04:00:00
16.4,80,948.7,0.1,6.4,2024-04-28 05:00:00
16.3,80,950.4,0.1,12.7,2024-04-28 06:00:00
17.5,75,950.6,0.0,16.3,2024-04-28 07:00:00
19.0,70,951.1,0.0,14.1,2024-04-28 08:00:00
21.4,60,951.4,0.0,10.4,2024-04-28 09:00:00
23.5,55,951.5,0.0,12.5,2024-04-28 10:00:00
24.6,51,951.7,0.0,17.4,2024-04-28 11:00:00
23.4,58,951.7,0.0,15.9,2024-04-28 12:00:00
24.6,53,951.4,0.0,16.5,2024-04-28 13:00:00
20.5,73,950.8,3.2,16.5,2024-04-28 14:00:00
18.0,81,950.9,3.2,19.1,2024-04-28 15:00:00
18.0,80,950.4,4.8,10.7,2024-04-28 16:00:00
18.4,80,949.9,0.4,12.7,2024-04-28 17:00:00
19.6,70,950.5,0.0,12.3,2024-04-28 18:00:00
18.4,68,950.5,0.0,17.6,2024-04-28 19:00:00
17.8,70,950.6,0.0,19.3,2024-04-28 20:00:00
18.2,61,950.4,0.0,17.8,2024-04-28 21:00:00
18.6,57,950.1,0.0,16.6,2024-04-28 22:00:00
17.2,61,949.9,0.0,7.2,2024-04-28 23:00:00
16.6,72,949.9,0.7,10.8,2024-04-29 00:00:00
15.1,89,949.8,2.2,15.4,2024-04-29 01:00:00
15.6,84,948.9,2.8,14.6,2024-04-29 02:00:00
15.6,88,948.4,2.4,7.1,2024-04-29 03:00:00
15.3,87,948.2,0.8,4.8,2024-04-29 04:00:00
15.0,89,947.5,0.1,7.3,2024-04-29 05:00:00
15.2,90,948.8,0.0,6.6,2024-04-29 06:00:00
16.8,85,949.2,0.0,10.0,2024-04-29 07:00:00
19.3,73,949.6,0.0,10.0,2024-04-29 08:00:00
22.2,55,950.0,0.0,6.3,2024-04-29 09:00:00
19.2,67,951.0,2.3,11.6,2024-04-29 10:00:00
21.5,58,950.7,0.5,3.4,2024-04-29 11:00:00
17.4,79,951.2,3.8,7.0,2024-04-29 12:00:00
20.6,63,950.3,0.0,9.3,2024-04-29 13:00:00
22.0,55,949.3,0.0,17.3,2024-04-29 14:00:00
20.7,61,949.6,0.1,7.3,2024-04-29 15:00:00
16.9,84,949.9,3.2,5.6,2024-04-29 16:00:00
16.9,80,949.6,0.1,14.5,2024-04-29 17:00:00
18.1,68,951.2,0.0,7.2,2024-04-29 18:00:00
16.4,74,951.3,0.0,6.9,2024-04-29 19:00:00
16.7,63,951.5,0.0,12.3,2024-04-29 20:00:00
15.6,61,951.6,0.0,9.3,2024-04-29 21:00:00
13.8,71,951.7,0.0,9.0,2024-04-29 22:00:00
14.2,66,951.9,0.0,4.7,2024-04-29 23:00:00
14.3,72,951.8,0.0,10.2,2024-04-30 00:00:00
14.1,74,951.1,0.0,9.9,2024-04-30 01:00:00
13.4,73,950.4,0.0,7.1,2024-04-30 02:00:00
12.6,74,950.1,0.0,7.4,2024-04-30 03:00:00
12.3,75,949.9,0.0,9.8,2024-04-30 04:00:00
12.1,76,950.0,0.0,9.2,2024-04-30 05:00:00
13.0,75,951.0,0.0,8.1,2024-04-30 06:00:00
15.2,73,951.6,0.0,12.4,2024-04-30 07:00:00
17.6,68,951.8,0.0,11.5,2024-04-30 08:00:00
19.9,58,951.4,0.0,10.2,2024-04-30 09:00:00
20.9,54,951.2,0.0,18.4,2024-04-30 10:00:00
21.8,51,950.9,0.0,22.7,2024-04-30 11:00:00
22.3,49,950.2,0.0,23.2,2024-04-30 12:00:00
22.9,47,949.2,0.0,21.1,2024-04-30 13:00:00
23.2,48,948.9,0.0,20.1,2024-04-30 14:00:00
21.7,49,948.4,0.0,22.5,2024-04-30 15:00:00
20.8,52,947.5,0.0,22.2,2024-04-30 16:00:00
20.9,54,946.7,0.0,12.4,2024-04-30 17:00:00
19.6,50,948.0,0.0,11.6,2024-04-30 18:00:00
18.2,56,947.4,0.0,11.2,2024-04-30 19:00:00
17.6,58,946.9,0.0,14.3,2024-04-30 20:00:00
17.0,58,946.6,0.0,19.0,2024-04-30 21:00:00
16.9,57,946.4,0.0,17.6,2024-04-30 22:00:00
16.3,57,945.5,0.0,15.4,2024-04-30 23:00:00
15.8,58,945.1,0.0,13.1,2024-05-01 00:00:00
15.2,61,944.4,0.0,9.7,2024-05-01 01:00:00
13.1,73,943.8,0.0,8.3,2024-05-01 02:00:00
13.1,73,943.9,0.0,6.6,2024-05-01 03:00:00
12.5,75,943.6,0.0,5.2,2024-05-01 04:00:00
12.5,70,944.1,0.0,6.5,2024-05-01 05:00:00
15.0,66,944.3,0.0,13.0,2024-05-01 06:00:00
17.2,65,945.4,0.0,11.8,2024-05-01 07:00:00
19.8,58,946.4,0.0,8.4,2024-05-01 08:00:00
21.7,47,947.1,0.0,8.9,2024-05-01 09:00:00
22.9,42,947.7,0.0,9.0,2024-05-01 10:00:00
23.8,39,947.9,0.0,9.1,2024-05-01 11:00:00
24.6,37,947.8,0.0,8.7,2024-05-01 12:00:00
25.3,35,947.4,0.0,8.1,2024-05-01 13:00:00
25.6,33,947.0,0.0,8.1,2024-05-01 14:00:00
25.5,33,946.5,0.0,9.0,2024-05-01 15:00:00
25.0,33,946.3,0.0,10.0,2024-05-01 16:00:00
24.0,40,946.1,0.0,8.5,2024-05-01 17:00:00
21.9,53,945.6,0.0,7.1,2024-05-01 18:00:00
18.8,61,945.0,0.0,6.9,2024-05-01 19:00:00
17.7,61,945.4,0.0,9.4,2024-05-01 20:00:00
17.6,55,946.5,0.0,9.7,2024-05-01 21:00:00
16.8,56,946.9,0.0,9.2,2024-05-01 22:00:00
16.3,55,947.0,0.0,8.9,2024-05-01 23:00:00
16.0,55,946.7,0.0,7.6,2024-05-02 00:00:00
15.8,54,946.1,0.0,8.3,2024-05-02 01:00:00
15.7,54,945.6,0.0,8.6,2024-05-02 02:00:00
15.7,52,945.4,0.0,7.9,2024-05-02 03:00:00
15.6,52,945.0,0.0,6.6,2024-05-02 04:00:00
14.3,60,944.7,0.0,7.2,2024-05-02 05:00:00
17.0,65,946.1,0.0,5.0,2024-05-02 06:00:00
19.1,60,947.2,0.0,7.1,2024-05-02 07:00:00
21.3,54,948.2,0.0,6.1,2024-05-02 08:00:00
23.3,49,949.3,0.0,8.0,2024-05-02 09:00:00
25.2,44,949.6,0.0,10.3,2024-05-02 10:00:00
26.7,39,949.4,0.0,11.2,2024-05-02 11:00:00
27.6,36,949.0,0.0,11.2,2024-05-02 12:00:00
27.9,37,948.5,0.0,11.1,2024-05-02 13:00:00
28.2,37,947.7,0.0,10.0,2024-05-02 14:00:00
28.3,36,947.1,0.0,10.5,2024-05-02 15:00:00
28.0,37,946.7,0.0,9.3,2024-05-02 16:00:00
27.1,45,946.5,0.0,6.8,2024-05-02 17:00:00
24.6,54,946.7,0.0,8.8,2024-05-02 18:00:00
22.0,60,946.2,0.0,9.1,2024-05-02 19:00:00
20.8,59,946.8,0.0,9.4,2024-05-02 20:00:00
19.9,57,947.4,0.0,8.7,2024-05-02 21:00:00
19.1,57,947.4,0.0,8.9,2024-05-02 22:00:00
18.4,58,947.3,0.0,7.9,2024-05-02 23:00:00
17.8,62,946.7,0.0,7.4,2024-05-03 00:00:00
17.5,64,946.2,0.0,5.4,2024-05-03 01:00:00
17.2,66,946.0,0.0,4.3,2024-05-03 02:00:00
17.0,65,945.9,0.0,5.5,2024-05-03 03:00:00
16.5,68,945.2,0.0,7.9,2024-05-03 04:00:00
19.4,54,945.9,0.0,4.4,2024-05-03 05:00:00
21.8,46,947.4,0.0,2.8,2024-05-03 06:00:00
21.7,57,947.6,0.0,4.6,2024-05-03 07:00:00
24.0,56,948.4,0.0,3.9,2024-05-03 08:00:00
26.2,53,948.8,0.0,2.3,2024-05-03 09:00:00
27.2,53,948.9,0.0,3.5,2024-05-03 10:00:00
28.0,53,948.9,0.0,4.2,2024-05-03 11:00:00
28.2,54,948.7,0.0,6.6,2024-05-03 12:00:00
28.1,55,948.2,0.0,8.2,2024-05-03 13:00:00
27.6,56,948.3,0.0,11.4,2024-05-03 14:00:00
26.3,59,948.2,0.0,13.0,2024-05-03 15:00:00
25.5,62,947.8,0.0,11.6,2024-05-03 16:00:00
24.6,62,947.9,0.0,13.1,2024-05-03 17:00:00
24.0,54,948.5,0.0,12.7,2024-05-03 18:00:00
22.5,60,948.8,0.0,16.2,2024-05-03 19:00:00
22.4,54,949.1,0.0,14.9,2024-05-03 20:00:00
21.9,51,949.5,0.0,6.7,2024-05-03 21:00:00
20.0,63,950.1,0.0,10.9,2024-05-03 22:00:00
19.1,73,950.6,0.0,12.2,2024-05-03 23:00:00
17.8,84,951.6,2.3,4.3,2024-05-04 00:00:00
17.9,84,951.2,0.9,14.5,2024-05-04 01:00:00
18.1,75,950.5,0.0,9.0,2024-05-04 02:00:00
17.1,80,949.3,0.0,12.2,2024-05-04 03:00:00
16.8,75,949.2,0.0,13.0,2024-05-04 04:00:00
17.2,73,949.5,0.0,11.5,2024-05-04 05:00:00
21.5,51,950.9,0.0,7.1,2024-05-04 06:00:00
19.6,70,952.0,0.0,15.8,2024-05-04 07:00:00
21.7,65,952.2,0.0,15.0,2024-05-04 08:00:00
23.3,54,952.8,0.0,17.9,2024-05-04 09:00:00
24.7,50,953.1,0.0,20.3,2024-05-04 10:00:00
26.2,48,952.7,0.0,20.2,2024-05-04 11:00:00
27.7,43,952.3,0.0,16.6,2024-05-04 12:00:00
28.7,38,951.7,0.0,10.7,2024-05-04 13:00:00
29.1,35,951.0,0.0,7.2,2024-05-04 14:00:00
29.4,35,950.3,0.0,6.6,2024-05-04 15:00:00
29.4,35,949.5,0.0,5.1,2024-05-04 16:00:00
28.9,37,949.2,0.0,3.1,2024-05-04 17:00:00
26.2,50,949.6,0.0,7.0,2024-05-04 18:00:00
23.7,55,949.1,0.0,11.3,2024-05-04 19:00:00
22.6,56,949.1,0.0,12.8,2024-05-04 20:00:00
21.6,57,949.3,0.0,13.0,2024-05-04 21:00:00
21.2,58,949.1,0.0,13.8,2024-05-04 22:00:00
20.6,60,949.0,0.0,13.2,2024-05-04 23:00:00
20.2,62,948.4,0.0,13.0,2024-05-05 00:00:00
20.0,62,947.7,0.0,12.2,2024-05-05 01:00:00
19.9,61,946.9,0.0,12.2,2024-05-05 02:00:00
19.7,60,946.3,0.0,12.3,2024-05-05 03:00:00
19.4,60,945.9,0.0,14.2,2024-05-05 04:00:00
19.4,58,946.0,0.0,15.8,2024-05-05 05:00:00
20.5,54,946.6,0.0,15.0,2024-05-05 06:00:00
22.3,53,947.2,0.0,15.5,2024-05-05 07:00:00
24.9,49,947.6,0.0,12.8,2024-05-05 08:00:00
26.7,44,947.8,0.0,14.8,2024-05-05 09:00:00
27.8,43,947.7,0.0,16.3,2024-05-05 10:00:00
28.4,45,947.3,0.0,17.2,2024-05-05 11:00:00
29.1,43,947.2,0.0,17.2,2024-05-05 12:00:00
29.6,41,946.6,0.0,16.2,2024-05-05 13:00:00
30.0,39,946.1,0.0,14.9,2024-05-05 14:00:00
30.0,39,945.4,0.0,13.5,2024-05-05 15:00:00
29.5,39,945.1,0.0,15.5,2024-05-05 16:00:00
28.6,44,945.0,0.0,13.7,2024-05-05 17:00:00
27.0,46,944.9,0.0,14.6,2024-05-05 18:00:00
25.1,49,944.8,0.0,12.7,2024-05-05 19:00:00
23.8,51,944.8,0.0,11.4,2024-05-05 20:00:00
22.6,55,945.0,0.0,9.5,2024-05-05 21:00:00
21.6,57,944.9,0.0,8.4,2024-05-05 22:00:00
21.4,55,945.0,0.0,8.0,2024-05-05 23:00:00
21.0,55,944.7,0.0,6.9,2024-05-06 00:00:00
20.5,58,944.3,0.0,6.2,2024-05-06 01:00:00
19.7,63,943.8,0.0,6.1,2024-05-06 02:00:00
19.5,64,944.0,0.0,6.1,2024-05-06 03:00:00
19.1,67,944.1,0.0,6.1,2024-05-06 04:00:00
18.8,69,944.3,0.0,6.6,2024-05-06 05:00:00
21.3,72,945.4,0.0,6.4,2024-05-06 06:00:00
24.5,59,946.6,0.0,5.3,2024-05-06 07:00:00
26.3,55,947.5,0.0,4.3,2024-05-06 08:00:00
28.5,51,948.1,0.0,2.6,2024-05-06 09:00:00
30.2,45,948.3,0.0,1.8,2024-05-06 10:00:00
31.5,40,948.5,0.0,3.7,2024-05-06 11:00:00
32.2,39,948.6,0.0,6.0,2024-05-06 12:00:00
32.6,37,948.3,0.0,5.8,2024-05-06 13:00:00
32.9,32,948.1,0.0,4.3,2024-05-06 14:00:00
32.6,34,947.5,0.0,5.8,2024-05-06 15:00:00
32.1,38,947.3,0.0,6.9,2024-05-06 16:00:00
31.1,45,947.0,0.0,8.0,2024-05-06 17:00:00
28.8,47,947.1,0.0,9.7,2024-05-06 18:00:00
26.1,53,946.8,0.0,9.4,2024-05-06 19:00:00
24.6,53,946.5,0.0,9.3,2024-05-06 20:00:00
23.2,51,946.8,0.0,8.9,2024-05-06 21:00:00
22.8,48,946.7,0.0,7.7,2024-05-06 22:00:00
22.4,49,946.7,0.0,6.6,2024-05-06 23:00:00
21.8,48,946.1,0.0,6.3,2024-05-07 00:00:00
21.4,47,945.6,0.0,6.7,2024-05-07 01:00:00
21.6,44,945.4,0.0,7.7,2024-05-07 02:00:00
21.2,42,945.3,0.0,8.8,2024-05-07 03:00:00
21.8,38,945.7,0.0,9.1,2024-05-07 04:00:00
21.3,39,945.7,0.0,9.3,2024-05-07 05:00:00
22.0,59,946.7,0.0,6.6,2024-05-07 06:00:00
25.8,48,948.0,0.0,3.8,2024-05-07 07:00:00
28.0,42,948.9,0.0,2.7,2024-05-07 08:00:00
30.0,39,949.7,0.0,4.0,2024-05-07 09:00:00
31.9,33,950.0,0.0,5.7,2024-05-07 10:00:00
33.5,27,950.1,0.0,7.7,2024-05-07 11:00:00
34.3,24,950.1,0.0,9.2,2024-05-07 12:00:00
34.5,25,949.9,0.0,9.6,2024-05-07 13:00:00
34.6,26,949.5,0.0,8.9,2024-05-07 14:00:00
34.4,27,949.2,0.0,9.2,2024-05-07 15:00:00
33.5,30,949.0,0.0,11.3,2024-05-07 16:00:00
32.0,37,948.9,0.0,10.2,2024-05-07 17:00:00
29.1,48,948.6,0.0,6.4,2024-05-07 18:00:00
25.7,53,948.2,0.0,5.8,2024-05-07 19:00:00
24.7,51,948.3,0.0,6.9,2024-05-07 20:00:00
23.9,49,948.4,0.0,6.4,2024-05-07 21:00:00
23.6,48,948.5,0.0,5.5,2024-05-07 22:00:00
23.1,46,948.3,0.0,5.5,2024-05-07 23:00:00
22.4,44,947.7,0.0,6.6,2024-05-08 00:00:00
22.3,38,946.9,0.0,7.4,2024-05-08 01:00:00
22.6,37,946.3,0.0,7.6,2024-05-08 02:00:00
22.3,44,946.1,0.0,8.2,2024-05-08 03:00:00
21.8,47,946.1,0.0,7.9,2024-05-08 04:00:00
20.7,50,946.1,0.0,8.7,2024-05-08 05:00:00
22.6,62,947.3,0.0,6.9,2024-05-08 06:00:00
26.3,52,948.6,0.0,3.6,2024-05-08 07:00:00
28.3,46,949.2,0.0,2.9,2024-05-08 08:00:00
29.6,46,949.9,0.0,4.8,2024-05-08 09:00:00
31.0,42,950.2,0.0,4.6,2024-05-08 10:00:00
32.8,34,950.2,0.0,4.7,2024-05-08 11:00:00
34.1,30,950.0,0.0,6.4,2024-05-08 12:00:00
34.8,29,949.5,0.0,6.4,2024-05-08 13:00:00
35.1,27,948.9,0.0,4.7,2024-05-08 14:00:00
35.2,26,948.4,0.0,4.9,2024-05-08 15:00:00
34.9,25,947.9,0.0,5.6,2024-05-08 16:00:00
33.8,34,947.3,0.0,3.8,2024-05-08 17:00:00
31.4,42,947.0,0.0,8.2,2024-05-08 18:00:00
29.3,31,946.2,0.0,9.3,2024-05-08 19:00:00
27.6,28,946.4,0.0,10.8,2024-05-08 20:00:00
25.8,31,946.1,0.0,9.3,2024-05-08 21:00:00
24.5,34,946.1,0.0,7.2,2024-05-08 22:00:00
22.7,39,945.4,0.0,5.0,2024-05-08 23:00:00
23.8,33,945.6,0.0,4.5,2024-05-09 00:00:00
23.9,30,944.7,0.0,6.0,2024-05-09 01:00:00
23.6,31,943.8,0.0,9.1,2024-05-09 02:00:00
28.0,21,944.5,0.0,6.1,2024-05-09 03:00:00
21.5,38,943.9,0.0,8.8,2024-05-09 04:00:00
23.0,35,944.6,0.0,3.4,2024-05-09 05:00:00
23.0,48,947.1,0.0,6.4,2024-05-09 06:00:00
25.3,39,948.3,0.0,7.6,2024-05-09 07:00:00
27.5,44,949.5,0.0,10.9,2024-05-09 08:00:00
29.7,39,950.2,0.0,10.5,2024-05-09 09:00:00
31.5,37,949.9,0.0,16.3,2024-05-09 10:00:00
32.8,37,949.3,0.0,16.5,2024-05-09 11:00:00
33.8,36,949.3,0.0,14.5,2024-05-09 12:00:00
34.5,35,948.7,0.0,11.7,2024-05-09 13:00:00
34.9,32,948.2,0.0,8.7,2024-05-09 14:00:00
35.2,30,947.4,0.0,6.1,2024-05-09 15:00:00
34.5,32,946.8,0.0,9.9,2024-05-09 16:00:00
33.6,36,946.6,0.0,7.3,2024-05-09 17:00:00
30.1,58,946.3,0.0,6.6,2024-05-09 18:00:00
26.3,59,945.3,0.0,6.9,2024-05-09 19:00:00
27.0,44,945.7,0.0,8.3,2024-05-09 20:00:00
26.0,38,945.5,0.0,9.0,2024-05-09 21:00:00
23.3,44,945.1,0.0,5.3,2024-05-09 22:00:00
26.0,33,946.1,0.0,6.6,2024-05-09 23:00:00
25.5,38,946.1,0.0,2.9,2024-05-10 00:00:00
24.3,37,945.5,0.0,6.6,2024-05-10 01:00:00
24.3,37,945.3,0.0,7.6,2024-05-10 02:00:00
23.3,42,945.0,0.0,6.8,2024-05-10 03:00:00
22.5,45,945.0,0.0,7.7,2024-05-10 04:00:00
22.5,42,945.6,0.0,8.3,2024-05-10 05:00:00
25.4,43,949.0,0.0,9.0,2024-05-10 06:00:00
27.0,48,949.3,0.0,7.7,2024-05-10 07:00:00
28.9,46,950.4,0.0,4.4,2024-05-10 08:00:00
29.7,45,951.4,0.0,12.1,2024-05-10 09:00:00
30.2,41,951.5,0.0,18.2,2024-05-10 10:00:00
31.4,41,951.2,0.0,15.5,2024-05-10 11:00:00
31.9,39,951.9,0.0,12.3,2024-05-10 12:00:00
31.8,36,950.4,0.0,2.3,2024-05-10 13:00:00
33.3,32,949.6,0.0,7.9,2024-05-10 14:00:00
33.4,33,949.6,0.0,2.3,2024-05-10 15:00:00
30.5,45,949.4,1.0,12.4,2024-05-10 16:00:00
29.8,49,948.7,0.0,11.0,2024-05-10 17:00:00
29.9,49,949.4,0.0,6.6,2024-05-10 18:00:00
27.4,55,949.0,0.0,5.9,2024-05-10 19:00:00
27.1,57,949.7,0.0,11.8,2024-05-10 20:00:00
26.7,57,949.9,0.0,11.7,2024-05-10 21:00:00
26.1,57,949.4,0.0,12.0,2024-05-10 22:00:00
25.4,53,949.2,0.0,14.0,2024-05-10 23:00:00
25.1,49,949.1,0.0,16.3,2024-05-11 00:00:00
25.1,47,948.3,0.0,15.8,2024-05-11 01:00:00
25.2,44,948.4,0.0,15.6,2024-05-11 02:00:00
25.0,45,948.2,0.0,15.0,2024-05-11 03:00:00
24.4,48,948.1,0.0,14.0,2024-05-11 04:00:00
24.1,49,948.3,0.0,15.5,2024-05-11 05:00:00
22.3,67,950.6,0.0,5.4,2024-05-11 06:00:00
24.6,54,951.5,0.0,4.7,2024-05-11 07:00:00
25.0,57,952.0,0.0,3.7,2024-05-11 08:00:00
27.4,49,952.9,0.0,2.9,2024-05-11 09:00:00
29.1,45,953.0,0.0,2.3,2024-05-11 10:00:00
30.4,43,952.6,0.0,1.8,2024-05-11 11:00:00
31.5,40,952.2,0.0,3.1,2024-05-11 12:00:00
32.2,37,951.4,0.0,1.6,2024-05-11 13:00:00
32.7,36,950.9,0.0,3.1,2024-05-11 14:00:00
26.9,54,952.0,2.6,11.3,2024-05-11 15:00:00
27.3,51,950.3,0.0,5.9,2024-05-11 16:00:00
27.1,53,950.1,0.0,10.8,2024-05-11 17:00:00
29.3,50,950.2,0.0,2.3,2024-05-11 18:00:00
24.9,66,949.9,0.0,9.4,2024-05-11 19:00:00
24.8,61,950.3,0.0,7.4,2024-05-11 20:00:00
25.4,50,950.9,0.0,14.1,2024-05-11 21:00:00
24.0,55,949.9,0.0,5.4,2024-05-11 22:00:00
23.6,56,949.9,0.0,5.6,2024-05-11 23:00:00
22.2,59,950.2,0.0,17.4,2024-05-12 00:00:00
21.3,66,949.6,0.0,12.9,2024-05-12 01:00:00
21.7,63,948.5,0.0,10.5,2024-05-12 02:00:00
20.5,68,948.6,0.0,6.4,2024-05-12 03:00:00
19.7,73,948.5,0.0,12.9,2024-05-12 04:00:00
19.6,71,948.8,0.0,12.8,2024-05-12 05:00:00
20.9,85,949.9,0.0,6.5,2024-05-12 06:00:00
22.8,75,950.6,0.0,0.4,2024-05-12 07:00:00
23.5,65,952.2,0.0,9.5,2024-05-12 08:00:00
26.3,54,952.2,0.0,5.4,2024-05-12 09:00:00
27.5,49,952.8,0.0,3.3,2024-05-12 10:00:00
29.1,43,952.7,0.0,7.3,2024-05-12 11:00:00
22.7,69,953.7,2.6,15.0,2024-05-12 12:00:00
25.6,55,952.9,0.0,7.1,2024-05-12 13:00:00
27.2,50,952.8,0.0,11.3,2024-05-12 14:00:00
27.9,44,952.4,0.7,4.1,2024-05-12 15:00:00
27.7,42,951.9,0.0,9.7,2024-05-12 16:00:00
27.5,39,951.8,0.0,9.9,2024-05-12 17:00:00
26.0,54,952.9,0.0,6.6,2024-05-12 18:00:00
23.1,61,952.3,0.0,8.8,2024-05-12 19:00:00
22.3,54,952.2,0.0,7.6,2024-05-12 20:00:00
20.9,58,951.9,0.0,6.2,2024-05-12 21:00:00
20.0,61,951.3,0.0,4.3,2024-05-12 22:00:00
19.7,57,951.4,0.0,3.0,2024-05-12 23:00:00
19.6,54,951.0,0.0,5.6,2024-05-13 00:00:00
19.2,53,950.4,0.0,7.1,2024-05-13 01:00:00
18.8,54,950.1,0.0,7.4,2024-05-13 02:00:00
18.6,55,950.1,0.0,7.4,2024-05-13 03:00:00
17.7,59,950.0,0.0,7.6,2024-05-13 04:00:00
17.0,62,950.1,0.0,5.1,2024-05-13 05:00:00
19.6,65,952.2,0.0,3.2,2024-05-13 06:00:00
22.3,53,953.3,0.0,2.9,2024-05-13 07:00:00
24.7,44,953.7,0.0,2.9,2024-05-13 08:00:00
27.0,39,954.2,0.0,4.0,2024-05-13 09:00:00
28.9,32,954.1,0.0,6.1,2024-05-13 10:00:00
30.4,26,954.0,0.0,9.8,2024-05-13 11:00:00
31.2,24,954.2,0.0,12.0,2024-05-13 12:00:00
31.6,24,953.9,0.0,12.7,2024-05-13 13:00:00
31.8,25,953.4,0.0,12.4,2024-05-13 14:00:00
31.7,25,952.5,0.0,11.3,2024-05-13 15:00:00
31.4,25,951.9,0.0,10.1,2024-05-13 16:00:00
30.4,28,951.8,0.0,11.9,2024-05-13 17:00:00
28.1,36,952.6,0.0,12.6,2024-05-13 18:00:00
26.0,36,951.9,0.0,11.8,2024-05-13 19:00:00
24.5,38,952.1,0.0,12.6,2024-05-13 20:00:00
24.0,37,951.7,0.0,14.4,2024-05-13 21:00:00
23.2,41,951.3,0.0,12.2,2024-05-13 22:00:00
22.4,43,950.8,0.0,10.3,2024-05-13 23:00:00
22.1,42,950.2,0.0,9.2,2024-05-14 00:00:00
22.2,40,949.7,0.0,9.4,2024-05-14 01:00:00
22.1,39,949.2,0.0,9.0,2024-05-14 02:00:00
21.6,40,949.1,0.0,8.9,2024-05-14 03:00:00
21.0,40,949.1,0.0,8.4,2024-05-14 04:00:00
20.2,40,949.0,0.0,7.4,2024-05-14 05:00:00
21.0,55,951.1,0.0,4.8,2024-05-14 06:00:00
24.2,51,952.1,0.0,6.1,2024-05-14 07:00:00
27.1,40,953.3,0.0,2.5,2024-05-14 08:00:00
29.3,33,953.8,0.0,4.0,2024-05-14 09:00:00
31.3,26,953.5,0.0,7.5,2024-05-14 10:00:00
32.9,21,953.9,0.0,10.2,2024-05-14 11:00:00
33.8,19,953.5,0.0,11.4,2024-05-14 12:00:00
34.3,18,953.2,0.0,9.6,2024-05-14 13:00:00
34.4,19,952.5,0.0,9.9,2024-05-14 14:00:00
34.2,19,951.6,0.0,11.0,2024-05-14 15:00:00
33.6,20,950.9,0.0,11.1,2024-05-14 16:00:00
32.4,26,950.5,0.0,10.9,2024-05-14 17:00:00
30.6,32,951.3,0.0,9.4,2024-05-14 18:00:00
27.4,35,950.4,0.0,8.3,2024-05-14 19:00:00
26.4,34,950.3,0.0,10.2,2024-05-14 20:00:00
25.1,37,949.9,0.0,9.4,2024-05-14 21:00:00
23.5,40,949.3,0.0,8.4,2024-05-14 22:00:00
23.0,38,948.8,0.0,7.5,2024-05-14 23:00:00
23.0,36,948.5,0.0,8.4,2024-05-15 00:00:00
23.4,31,947.6,0.0,9.9,2024-05-15 01:00:00
23.7,29,947.2,0.0,9.3,2024-05-15 02:00:00
23.5,30,946.8,0.0,9.2,2024-05-15 03:00:00
23.2,32,946.8,0.0,10.2,2024-05-15 04:00:00
22.6,34,947.2,0.0,9.4,2024-05-15 05:00:00
22.4,53,950.6,0.0,5.9,2024-05-15 06:00:00
24.6,47,951.5,0.0,9.9,2024-05-15 07:00:00
27.8,41,952.5,0.0,8.5,2024-05-15 08:00:00
30.4,33,953.3,0.0,8.1,2024-05-15 09:00:00
32.5,31,953.3,0.0,9.4,2024-05-15 10:00:00
34.1,29,953.0,0.0,9.1,2024-05-15 11:00:00
35.3,26,952.6,0.0,5.9,2024-05-15 12:00:00
36.1,24,952.1,0.0,4.6,2024-05-15 13:00:00
36.4,22,951.8,0.0,5.8,2024-05-15 14:00:00
36.6,20,951.1,0.0,6.1,2024-05-15 15:00:00
36.1,21,950.9,0.0,7.2,2024-05-15 16:00:00
34.4,34,950.6,0.0,3.4,2024-05-15 17:00:00
32.0,37,950.2,0.0,7.3,2024-05-15 18:00:00
30.3,30,950.2,0.0,10.2,2024-05-15 19:00:00
28.0,32,950.1,0.0,9.8,2024-05-15 20:00:00
26.5,36,950.6,0.0,10.2,2024-05-15 21:00:00
25.7,36,950.4,0.0,7.3,2024-05-15 22:00:00
23.9,37,950.1,0.0,4.7,2024-05-15 23:00:00
23.6,34,949.7,0.0,4.3,2024-05-16 00:00:00
24.3,32,949.6,0.0,4.2,2024-05-16 01:00:00
25.3,28,949.7,0.0,4.8,2024-05-16 02:00:00
23.4,31,949.4,0.0,7.8,2024-05-16 03:00:00
23.9,35,949.7,0.0,7.1,2024-05-16 04:00:00
21.9,42,949.5,0.0,8.2,2024-05-16 05:00:00
26.3,49,951.5,0.0,5.4,2024-05-16 06:00:00
28.7,36,952.4,0.0,3.6,2024-05-16 07:00:00
30.6,35,953.0,0.0,2.0,2024-05-16 08:00:00
32.6,33,953.8,0.0,1.0,2024-05-16 09:00:00
34.4,30,953.9,0.0,2.6,2024-05-16 10:00:00
35.5,28,953.6,0.0,5.1,2024-05-16 11:00:00
35.8,28,952.9,0.1,5.6,2024-05-16 12:00:00
35.9,24,952.4,0.3,10.7,2024-05-16 13:00:00
32.6,33,952.7,0.0,27.5,2024-05-16 14:00:00
31.6,36,951.9,0.0,12.6,2024-05-16 15:00:00
33.5,30,951.7,0.0,11.1,2024-05-16 16:00:00
32.9,33,951.0,0.0,11.3,2024-05-16 17:00:00
31.5,36,949.7,0.0,6.8,2024-05-16 18:00:00
29.1,38,949.2,0.0,7.9,2024-05-16 19:00:00
27.5,39,949.0,0.0,11.0,2024-05-16 20:00:00
27.1,36,949.2,0.0,10.9,2024-05-16 21:00:00
26.7,31,949.1,0.0,10.0,2024-05-16 22:00:00
27.2,27,948.9,0.0,10.3,2024-05-16 23:00:00
26.0,30,948.0,0.0,8.1,2024-05-17 00:00:00
25.6,31,947.3,0.0,8.6,2024-05-17 01:00:00
24.6,36,946.6,0.0,7.6,2024-05-17 02:00:00
22.7,43,946.4,0.0,7.9,2024-05-17 03:00:00
23.3,40,946.9,0.0,7.4,2024-05-17 04:00:00
24.4,36,947.3,0.0,10.9,2024-05-17 05:00:00
25.2,46,948.1,0.0,5.7,2024-05-17 06:00:00
27.8,45,949.0,0.0,6.9,2024-05-17 07:00:00
30.3,38,949.8,0.0,6.4,2024-05-17 08:00:00
32.8,31,950.1,0.0,7.7,2024-05-17 09:00:00
34.9,25,950.3,0.0,8.9,2024-05-17 10:00:00
36.3,22,950.0,0.0,8.9,2024-05-17 11:00:00
36.8,21,949.5,0.0,5.5,2024-05-17 12:00:00
37.4,20,949.5,0.0,14.7,2024-05-17 13:00:00
32.8,34,949.7,0.0,24.2,2024-05-17 14:00:00
32.6,35,948.7,0.0,18.4,2024-05-17 15:00:00
33.5,32,948.5,0.0,12.0,2024-05-17 16:00:00
33.9,28,948.2,0.0,9.8,2024-05-17 17:00:00
32.5,32,947.2,0.0,8.8,2024-05-17 18:00:00
29.0,38,946.8,0.0,7.9,2024-05-17 19:00:00
27.9,37,946.7,0.0,6.9,2024-05-17 20:00:00
26.9,36,947.1,0.0,11.0,2024-05-17 21:00:00
26.9,33,946.9,0.0,10.9,2024-05-17 22:00:00
27.9,28,947.2,0.0,12.7,2024-05-17 23:00:00
28.6,29,947.4,0.0,15.8,2024-05-18 00:00:00
27.7,34,946.7,0.0,11.7,2024-05-18 01:00:00
27.0,37,946.9,0.0,13.8,2024-05-18 02:00:00
27.5,37,946.7,0.0,13.8,2024-05-18 03:00:00
27.1,38,946.4,0.0,12.6,2024-05-18 04:00:00
26.6,38,946.0,0.0,10.0,2024-05-18 05:00:00
26.6,45,947.4,0.0,15.8,2024-05-18 06:00:00
28.0,43,947.7,0.0,14.8,2024-05-18 07:00:00
30.4,40,948.0,0.0,10.5,2024-05-18 08:00:00
32.6,32,948.5,0.0,14.6,2024-05-18 09:00:00
33.2,33,948.4,0.0,19.7,2024-05-18 10:00:00
34.1,32,948.3,0.0,19.7,2024-05-18 11:00:00
35.3,29,947.7,0.0,19.4,2024-05-18 12:00:00
35.9,28,947.0,0.0,16.1,2024-05-18 13:00:00
35.9,27,947.2,0.0,8.7,2024-05-18 14:00:00
30.2,47,948.2,2.7,12.6,2024-05-18 15:00:00
30.1,41,946.5,0.0,10.4,2024-05-18 16:00:00
32.2,37,946.5,0.0,10.7,2024-05-18 17:00:00
31.9,36,945.2,0.0,6.9,2024-05-18 18:00:00
31.6,33,945.7,0.0,2.9,2024-05-18 19:00:00
27.9,45,945.0,0.0,4.6,2024-05-18 20:00:00
27.4,41,944.9,0.0,3.9,2024-05-18 21:00:00
26.4,43,944.6,0.0,2.6,2024-05-18 22:00:00
26.2,42,944.3,0.0,5.7,2024-05-18 23:00:00
26.1,41,944.2,0.0,5.9,2024-05-19 00:00:00
24.8,43,943.3,0.0,5.6,2024-05-19 01:00:00
24.3,43,943.0,0.0,5.9,2024-05-19 02:00:00
24.5,43,943.0,0.0,7.2,2024-05-19 03:00:00
24.4,41,943.2,0.0,8.2,2024-05-19 04:00:00
24.2,40,943.1,0.0,7.4,2024-05-19 05:00:00
26.5,44,944.5,0.0,7.1,2024-05-19 06:00:00
29.1,43,945.3,0.0,7.0,2024-05-19 07:00:00
31.8,36,946.3,0.0,5.3,2024-05-19 08:00:00
34.1,28,946.9,0.0,7.7,2024-05-19 09:00:00
35.2,25,947.0,0.0,9.2,2024-05-19 10:00:00
36.4,22,946.8,0.0,7.9,2024-05-19 11:00:00
37.0,21,946.3,0.0,4.7,2024-05-19 12:00:00
37.0,21,945.8,0.0,7.9,2024-05-19 13:00:00
36.4,20,945.4,0.0,16.9,2024-05-19 14:00:00
35.7,21,945.0,0.0,15.8,2024-05-19 15:00:00
35.2,24,944.8,0.0,16.3,2024-05-19 16:00:00
34.7,24,944.4,0.0,4.0,2024-05-19 17:00:00
33.4,30,943.7,0.0,5.6,2024-05-19 18:00:00
30.2,33,943.3,0.0,8.0,2024-05-19 19:00:00
28.6,35,943.1,0.0,6.8,2024-05-19 20:00:00
26.9,38,943.0,0.0,4.9,2024-05-19 21:00:00
27.0,35,943.2,0.0,4.0,2024-05-19 22:00:00
26.4,35,942.8,0.0,5.2,2024-05-19 23:00:00
25.8,36,942.3,0.0,5.0,2024-05-20 00:00:00
25.0,39,941.7,0.0,4.8,2024-05-20 01:00:00
24.4,40,941.5,0.0,4.8,2024-05-20 02:00:00
23.7,42,941.4,0.0,5.8,2024-05-20 03:00:00
23.4,42,941.8,0.0,6.6,2024-05-20 04:00:00
23.1,43,942.4,0.0,7.4,2024-05-20 05:00:00
25.1,45,944.9,0.0,4.4,2024-05-20 06:00:00
26.9,43,945.6,0.0,5.8,2024-05-20 07:00:00
29.9,37,946.6,0.0,4.4,2024-05-20 08:00:00
32.8,29,947.4,0.0,3.1,2024-05-20 09:00:00
34.7,25,947.7,0.0,3.9,2024-05-20 10:00:00
36.0,24,947.9,0.0,4.1,2024-05-20 11:00:00
37.3,20,947.3,0.0,7.9,2024-05-20 12:00:00
36.9,20,946.9,0.0,3.8,2024-05-20 13:00:00
37.6,18,947.1,0.0,17.6,2024-05-20 14:00:00
31.7,35,947.3,0.0,22.1,2024-05-20 15:00:00
35.1,24,946.7,0.0,10.8,2024-05-20 16:00:00
34.5,24,946.2,0.0,7.3,2024-05-20 17:00:00
34.0,20,945.5,0.0,12.8,2024-05-20 18:00:00
33.0,19,945.7,0.0,17.0,2024-05-20 19:00:00
31.7,23,945.9,0.0,14.6,2024-05-20 20:00:00
30.1,26,946.0,0.0,13.8,2024-05-20 21:00:00
28.4,29,945.6,0.0,11.4,2024-05-20 22:00:00
27.9,30,945.1,0.0,11.8,2024-05-20 23:00:00
27.7,30,944.7,0.0,10.8,2024-05-21 00:00:00
27.6,29,944.4,0.0,12.0,2024-05-21 01:00:00
27.4,29,944.1,0.0,13.0,2024-05-21 02:00:00
27.1,30,943.9,0.0,12.5,2024-05-21 03:00:00
26.6,31,944.1,0.0,10.9,2024-05-21 04:00:00
26.0,31,944.1,0.0,9.7,2024-05-21 05:00:00
26.2,39,945.5,0.0,9.4,2024-05-21 06:00:00
28.5,37,946.2,0.0,10.2,2024-05-21 07:00:00
31.4,32,947.2,0.0,9.0,2024-05-21 08:00:00
33.8,25,947.5,0.0,12.2,2024-05-21 09:00:00
35.5,21,947.7,0.0,13.5,2024-05-21 10:00:00
36.5,21,947.3,0.0,12.5,2024-05-21 11:00:00
37.2,21,947.1,0.0,11.6,2024-05-21 12:00:00
37.5,21,946.5,0.0,13.1,2024-05-21 13:00:00
37.6,20,946.0,0.0,13.8,2024-05-21 14:00:00
37.4,20,945.7,0.0,14.6,2024-05-21 15:00:00
36.8,20,945.4,0.0,14.1,2024-05-21 16:00:00
36.0,21,945.2,0.0,11.6,2024-05-21 17:00:00
34.2,23,945.6,0.0,11.9,2024-05-21 18:00:00
32.0,24,945.2,0.0,10.0,2024-05-21 19:00:00
29.9,27,945.0,0.0,9.7,2024-05-21 20:00:00
28.5,28,945.0,0.0,10.2,2024-05-21 21:00:00
28.0,28,944.6,0.0,8.9,2024-05-21 22:00:00
27.7,29,944.5,0.0,9.8,2024-05-21 23:00:00
27.6,30,943.9,0.0,9.2,2024-05-22 00:00:00
26.8,31,943.3,0.0,7.2,2024-05-22 01:00:00
29.1,26,943.7,0.0,5.4,2024-05-22 02:00:00
28.7,27,943.8,0.0,3.3,2024-05-22 03:00:00
23.9,39,943.3,0.0,7.6,2024-05-22 04:00:00
23.2,40,943.5,0.0,8.2,2024-05-22 05:00:00
25.7,48,945.6,0.0,5.1,2024-05-22 06:00:00
27.8,41,946.4,0.0,5.1,2024-05-22 07:00:00
30.6,36,947.3,0.0,4.9,2024-05-22 08:00:00
33.7,27,947.9,0.0,7.0,2024-05-22 09:00:00
35.7,25,948.2,0.0,10.0,2024-05-22 10:00:00
37.1,23,948.2,0.0,11.0,2024-05-22 11:00:00
37.9,22,947.7,0.0,10.4,2024-05-22 12:00:00
38.4,21,947.0,0.0,9.6,2024-05-22 13:00:00
38.8,20,946.4,0.0,7.1,2024-05-22 14:00:00
38.9,18,945.7,0.0,6.3,2024-05-22 15:00:00
38.9,18,945.1,0.0,7.2,2024-05-22 16:00:00
38.1,18,944.5,0.0,8.4,2024-05-22 17:00:00
35.8,20,944.9,0.0,9.5,2024-05-22 18:00:00
32.9,19,944.3,0.0,9.3,2024-05-22 19:00:00
31.6,17,944.1,0.0,11.5,2024-05-22 20:00:00
30.1,18,944.2,0.0,10.0,2024-05-22 21:00:00
28.7,19,943.6,0.0,8.9,2024-05-22 22:00:00
28.1,20,943.3,0.0,7.6,2024-05-22 23:00:00
27.9,20,942.8,0.0,7.9,2024-05-23 00:00:00
27.4,21,942.1,0.0,7.4,2024-05-23 01:00:00
26.2,23,941.8,0.0,7.0,2024-05-23 02:00:00
29.0,19,942.8,0.0,4.5,2024-05-23 03:00:00
27.7,21,942.9,0.0,4.1,2024-05-23 04:00:00
23.6,30,942.6,0.0,7.6,2024-05-23 05:00:00
25.9,51,944.3,0.0,5.4,2024-05-23 06:00:00
29.3,35,945.3,0.0,3.1,2024-05-23 07:00:00
31.6,30,946.2,0.0,4.0,2024-05-23 08:00:00
33.8,27,946.6,0.0,7.9,2024-05-23 09:00:00
36.0,23,946.9,0.0,9.3,2024-05-23 10:00:00
37.9,19,947.0,0.0,9.2,2024-05-23 11:00:00
38.9,17,946.5,0.0,11.1,2024-05-23 12:00:00
38.4,19,945.9,0.0,13.4,2024-05-23 13:00:00
38.7,19,945.6,0.0,9.2,2024-05-23 14:00:00
38.9,18,944.9,0.0,5.6,2024-05-23 15:00:00
38.8,16,944.3,0.0,4.2,2024-05-23 16:00:00
38.1,16,943.9,0.0,4.6,2024-05-23 17:00:00
35.2,21,944.2,0.0,8.5,2024-05-23 18:00:00
32.9,21,943.8,0.0,8.7,2024-05-23 19:00:00
30.3,25,943.6,0.0,6.5,2024-05-23 20:00:00
28.6,29,943.6,0.0,6.1,2024-05-23 21:00:00
27.5,32,943.4,0.0,5.8,2024-05-23 22:00:00
27.2,31,943.1,0.0,5.8,2024-05-23 23:00:00
26.9,30,942.7,0.0,4.5,2024-05-24 00:00:00
25.5,36,942.2,0.0,4.4,2024-05-24 01:00:00
27.9,29,942.6,0.0,3.2,2024-05-24 02:00:00
27.2,30,942.9,0.0,3.8,2024-05-24 03:00:00
26.1,31,943.2,0.0,6.8,2024-05-24 04:00:00
24.2,37,943.1,0.0,8.4,2024-05-24 05:00:00
26.7,45,945.4,0.0,4.7,2024-05-24 06:00:00
29.8,35,946.5,0.0,3.2,2024-05-24 07:00:00
32.2,31,946.8,0.0,5.8,2024-05-24 08:00:00
34.8,26,947.1,0.0,10.4,2024-05-24 09:00:00
36.7,22,947.3,0.0,9.5,2024-05-24 10:00:00
37.7,20,947.4,0.0,13.6,2024-05-24 11:00:00
37.0,22,947.2,0.0,5.1,2024-05-24 12:00:00
38.3,18,946.5,0.0,7.2,2024-05-24 13:00:00
37.8,19,946.6,0.0,3.1,2024-05-24 14:00:00
36.8,22,946.1,0.0,20.2,2024-05-24 15:00:00
37.8,18,945.7,0.0,10.8,2024-05-24 16:00:00
37.1,19,945.5,0.0,12.5,2024-05-24 17:00:00
35.2,21,945.6,0.0,12.9,2024-05-24 18:00:00
33.3,22,945.0,0.0,13.0,2024-05-24 19:00:00
31.7,23,945.0,0.0,13.8,2024-05-24 20:00:00
30.1,25,944.7,0.0,11.5,2024-05-24 21:00:00
28.8,29,944.6,0.0,9.4,2024-05-24 22:00:00
27.8,31,944.0,0.0,7.6,2024-05-24 23:00:00
27.2,31,943.7,0.0,6.5,2024-05-25 00:00:00
27.8,29,943.4,0.0,7.7,2024-05-25 01:00:00
27.6,29,943.2,0.0,10.2,2024-05-25 02:00:00
27.9,28,943.3,0.0,12.0,2024-05-25 03:00:00
27.8,27,943.0,0.0,9.9,2024-05-25 04:00:00
26.8,29,943.2,0.0,9.7,2024-05-25 05:00:00
25.5,45,945.1,0.0,7.2,2024-05-25 06:00:00
27.9,42,945.8,0.0,9.9,2024-05-25 07:00:00
30.8,36,946.7,0.0,8.8,2024-05-25 08:00:00
33.5,30,946.7,0.0,10.6,2024-05-25 09:00:00
35.5,24,946.7,0.0,12.0,2024-05-25 10:00:00
36.5,22,946.4,0.0,14.5,2024-05-25 11:00:00
36.9,21,945.9,0.0,15.9,2024-05-25 12:00:00
37.0,21,945.2,0.0,18.0,2024-05-25 13:00:00
37.0,21,944.7,0.0,18.7,2024-05-25 14:00:00
37.0,21,944.0,0.0,19.2,2024-05-25 15:00:00
36.8,21,943.4,0.0,18.7,2024-05-25 16:00:00
35.9,22,942.8,0.0,15.6,2024-05-25 17:00:00
34.0,27,943.6,0.0,13.8,2024-05-25 18:00:00
31.8,29,942.6,0.0,11.5,2024-05-25 19:00:00
30.2,31,942.6,0.0,9.8,2024-05-25 20:00:00
28.6,34,942.4,0.0,9.6,2024-05-25 21:00:00
27.5,36,942.0,0.0,10.3,2024-05-25 22:00:00
26.9,36,941.5,0.0,10.0,2024-05-25 23:00:00
26.7,34,941.0,0.0,7.7,2024-05-26 00:00:00
26.1,35,940.9,0.0,10.1,2024-05-26 01:00:00
26.5,33,940.8,0.0,11.5,2024-05-26 02:00:00
27.2,31,941.3,0.0,11.5,2024-05-26 03:00:00
27.0,32,941.3,0.0,10.7,2024-05-26 04:00:00
27.4,31,941.6,0.0,12.8,2024-05-26 05:00:00
28.7,38,942.7,0.0,10.4,2024-05-26 06:00:00
30.5,36,943.3,0.0,11.5,2024-05-26 07:00:00
32.7,30,944.0,0.0,12.3,2024-05-26 08:00:00
34.5,27,944.1,0.0,12.7,2024-05-26 09:00:00
36.3,24,944.1,0.0,10.7,2024-05-26 10:00:00
37.6,22,944.2,0.0,8.4,2024-05-26 11:00:00
38.7,20,943.7,0.0,11.0,2024-05-26 12:00:00
39.4,18,943.3,0.0,14.8,2024-05-26 13:00:00
39.4,18,942.6,0.0,16.2,2024-05-26 14:00:00
38.9,19,942.0,0.0,17.0,2024-05-26 15:00:00
38.0,20,941.5,0.0,17.2,2024-05-26 16:00:00
37.1,20,941.2,0.0,15.6,2024-05-26 17:00:00
35.3,21,941.3,0.0,12.0,2024-05-26 18:00:00
32.9,21,940.6,0.0,11.1,2024-05-26 19:00:00
31.2,21,940.2,0.0,9.6,2024-05-26 20:00:00
29.0,28,940.2,0.0,9.1,2024-05-26 21:00:00
28.1,29,940.1,0.0,9.5,2024-05-26 22:00:00
28.4,24,940.0,0.0,10.0,2024-05-26 23:00:00
28.4,21,939.6,0.0,10.9,2024-05-27 00:00:00
28.0,22,939.2,0.0,12.3,2024-05-27 01:00:00
28.1,21,938.9,0.0,14.6,2024-05-27 02:00:00
28.2,22,938.8,0.0,16.6,2024-05-27 03:00:00
28.0,23,939.1,0.0,17.4,2024-05-27 04:00:00
27.6,24,939.0,0.0,16.8,2024-05-27 05:00:00
28.2,28,939.8,0.0,18.6,2024-05-27 06:00:00
29.9,27,940.6,0.0,18.8,2024-05-27 07:00:00
32.4,24,941.2,0.0,15.3,2024-05-27 08:00:00
34.3,21,941.4,0.0,17.1,2024-05-27 09:00:00
35.6,20,941.5,0.0,18.0,2024-05-27 10:00:00
37.0,19,941.4,0.0,16.6,2024-05-27 11:00:00
38.0,18,941.1,0.0,16.0,2024-05-27 12:00:00
38.9,16,940.7,0.0,14.8,2024-05-27 13:00:00
39.4,13,940.1,0.0,16.3,2024-05-27 14:00:00
39.3,12,939.6,0.0,17.8,2024-05-27 15:00:00
38.9,13,939.2,0.0,15.1,2024-05-27 16:00:00
37.9,14,938.9,0.0,10.5,2024-05-27 17:00:00
35.5,18,938.5,0.0,7.1,2024-05-27 18:00:00
31.1,21,937.7,0.0,9.5,2024-05-27 19:00:00
30.8,16,937.8,0.0,8.3,2024-05-27 20:00:00
29.3,19,937.8,0.0,10.4,2024-05-27 21:00:00
28.1,22,937.7,0.0,8.4,2024-05-27 22:00:00
28.2,20,937.6,0.0,9.7,2024-05-27 23:00:00
28.1,19,937.5,0.0,10.0,2024-05-28 00:00:00
28.2,17,937.3,0.0,12.0,2024-05-28 01:00:00
28.3,16,937.2,0.0,16.3,2024-05-28 02:00:00
28.0,18,936.9,0.0,17.1,2024-05-28 03:00:00
27.0,21,936.8,0.0,14.8,2024-05-28 04:00:00
26.6,22,936.9,0.0,15.5,2024-05-28 05:00:00
26.3,29,937.6,0.0,11.5,2024-05-28 06:00:00
28.7,28,938.5,0.0,12.0,2024-05-28 07:00:00
31.7,24,939.0,0.0,11.8,2024-05-28 08:00:00
34.2,19,939.4,0.0,16.6,2024-05-28 09:00:00
35.7,18,939.6,0.0,18.1,2024-05-28 10:00:00
36.9,17,939.5,0.0,18.4,2024-05-28 11:00:00
37.9,15,939.2,0.0,18.7,2024-05-28 12:00:00
38.5,14,938.7,0.0,18.0,2024-05-28 13:00:00
39.0,13,938.3,0.0,16.6,2024-05-28 14:00:00
39.1,13,937.7,0.0,15.6,2024-05-28 15:00:00
38.5,13,937.3,0.0,16.1,2024-05-28 16:00:00
37.4,13,937.0,0.0,15.9,2024-05-28 17:00:00
35.2,16,936.8,0.0,11.0,2024-05-28 18:00:00
32.0,17,936.0,0.0,8.7,2024-05-28 19:00:00
29.9,18,936.1,0.0,7.3,2024-05-28 20:00:00
28.0,20,936.2,0.0,6.5,2024-05-28 21:00:00
28.0,17,936.6,0.0,4.7,2024-05-28 22:00:00
30.0,13,937.6,0.0,19.7,2024-05-28 23:00:00
29.5,15,937.4,0.0,22.1,2024-05-29 00:00:00
29.3,15,937.2,0.0,24.0,2024-05-29 01:00:00
28.5,16,937.4,0.0,24.3,2024-05-29 02:00:00
28.4,16,937.4,0.0,28.1,2024-05-29 03:00:00
27.8,17,937.3,0.0,27.1,2024-05-29 04:00:00
27.0,17,937.7,0.0,22.2,2024-05-29 05:00:00
27.2,24,938.6,0.0,18.9,2024-05-29 06:00:00
28.4,25,939.4,0.0,15.6,2024-05-29 07:00:00
30.6,22,940.2,0.0,18.3,2024-05-29 08:00:00
32.9,20,940.4,0.0,18.7,2024-05-29 09:00:00
34.9,19,940.5,0.0,16.6,2024-05-29 10:00:00
36.4,18,940.5,0.0,14.5,2024-05-29 11:00:00
37.6,17,940.3,0.0,11.7,2024-05-29 12:00:00
38.5,16,939.9,0.0,10.0,2024-05-29 13:00:00
39.1,15,939.5,0.0,6.6,2024-05-29 14:00:00
39.3,14,939.0,0.0,4.1,2024-05-29 15:00:00
39.2,12,938.6,0.0,1.5,2024-05-29 16:00:00
38.6,12,938.7,0.0,1.8,2024-05-29 17:00:00
35.6,34,939.2,0.0,1.6,2024-05-29 18:00:00
31.3,29,938.5,0.0,6.1,2024-05-29 19:00:00
31.1,25,938.5,0.0,11.4,2024-05-29 20:00:00
30.0,24,938.9,0.0,7.6,2024-05-29 21:00:00
28.7,21,938.9,0.0,5.6,2024-05-29 22:00:00
27.3,20,938.9,0.0,3.9,2024-05-29 23:00:00
25.6,24,938.5,0.0,5.1,2024-05-30 00:00:00
28.2,20,938.9,0.0,2.4,2024-05-30 01:00:00
28.0,18,939.0,0.0,8.8,2024-05-30 02:00:00
27.6,19,939.4,0.0,15.2,2024-05-30 03:00:00
26.5,20,939.8,0.0,13.0,2024-05-30 04:00:00
25.9,21,940.4,0.0,12.5,2024-05-30 05:00:00
26.2,35,941.6,0.0,5.1,2024-05-30 06:00:00
28.4,32,942.6,0.0,9.4,2024-05-30 07:00:00
30.8,26,943.7,0.0,9.0,2024-05-30 08:00:00
32.9,22,944.3,0.0,7.1,2024-05-30 09:00:00
34.8,20,944.3,0.0,6.4,2024-05-30 10:00:00
36.5,18,944.3,0.0,5.7,2024-05-30 11:00:00
37.7,16,943.8,0.0,4.3,2024-05-30 12:00:00
38.7,14,943.3,0.0,3.1,2024-05-30 13:00:00
39.3,12,942.8,0.0,4.8,2024-05-30 14:00:00
39.2,13,942.4,0.0,9.2,2024-05-30 15:00:00
38.5,14,942.2,0.0,12.5,2024-05-30 16:00:00
37.3,16,942.3,0.0,13.4,2024-05-30 17:00:00
35.2,16,943.1,0.0,14.2,2024-05-30 18:00:00
32.7,18,942.7,0.0,12.0,2024-05-30 19:00:00
30.7,17,942.4,0.0,10.4,2024-05-30 20:00:00
28.5,19,942.5,0.0,8.3,2024-05-30 21:00:00
27.1,21,942.4,0.0,5.7,2024-05-30 22:00:00
26.3,23,942.4,0.0,6.8,2024-05-30 23:00:00
25.8,23,941.7,0.0,7.2,2024-05-31 00:00:00
25.0,23,941.2,0.0,7.2,2024-05-31 01:00:00
30.5,13,942.5,0.0,3.5,2024-05-31 02:00:00
25.3,19,941.8,0.0,7.2,2024-05-31 03:00:00
26.0,20,942.4,0.0,10.6,2024-05-31 04:00:00
24.4,22,942.4,0.0,7.4,2024-05-31 05:00:00
25.7,34,943.7,0.0,4.3,2024-05-31 06:00:00
29.1,28,944.7,0.0,6.4,2024-05-31 07:00:00
31.8,21,945.3,0.0,6.2,2024-05-31 08:00:00
33.9,19,945.9,0.0,5.5,2024-05-31 09:00:00
35.5,17,946.2,0.0,7.7,2024-05-31 10:00:00
37.1,15,946.2,0.0,5.4,2024-05-31 11:00:00
38.6,12,945.8,0.0,3.2,2024-05-31 12:00:00
39.4,11,945.2,0.0,5.9,2024-05-31 13:00:00
39.6,11,944.6,0.0,8.1,2024-05-31 14:00:00
39.2,12,944.1,0.0,8.5,2024-05-31 15:00:00
38.8,12,943.7,0.0,8.2,2024-05-31 16:00:00
38.4,13,943.3,0.0,5.4,2024-05-31 17:00:00
35.7,18,943.8,0.0,9.8,2024-05-31 18:00:00
35.2,12,943.6,0.0,20.6,2024-05-31 19:00:00
34.0,13,943.7,0.0,22.6,2024-05-31 20:00:00
33.2,14,944.0,0.0,17.4,2024-05-31 21:00:00
31.5,16,944.1,0.0,11.5,2024-05-31 22:00:00
29.5,19,943.5,0.0,8.1,2024-05-31 23:00:00
28.4,20,943.0,0.0,7.7,2024-06-01 00:00:00
26.9,23,942.3,0.0,6.5,2024-06-01 01:00:00
25.0,29,941.7,0.0,3.3,2024-06-01 02:00:00
28.9,20,942.6,0.0,3.1,2024-06-01 03:00:00
30.1,18,943.2,0.0,3.4,2024-06-01 04:00:00
24.5,28,942.7,0.0,9.6,2024-06-01 05:00:00
27.0,42,944.3,0.0,4.0,2024-06-01 06:00:00
30.1,28,945.4,0.0,2.5,2024-06-01 07:00:00
32.0,25,946.1,0.0,9.2,2024-06-01 08:00:00
33.5,24,946.7,0.0,12.3,2024-06-01 09:00:00
35.5,21,946.8,0.0,10.9,2024-06-01 10:00:00
37.1,19,946.7,0.0,7.7,2024-06-01 11:00:00
38.3,17,946.3,0.0,4.8,2024-06-01 12:00:00
39.3,14,945.7,0.0,4.7,2024-06-01 13:00:00
39.9,11,945.2,0.0,5.9,2024-06-01 14:00:00
40.3,10,944.7,0.0,12.2,2024-06-01 15:00:00
39.4,10,944.2,0.0,18.4,2024-06-01 16:00:00
38.0,11,944.3,0.0,20.2,2024-06-01 17:00:00
36.3,14,945.0,0.0,14.3,2024-06-01 18:00:00
33.9,16,944.5,0.0,12.5,2024-06-01 19:00:00
31.9,17,944.2,0.0,9.7,2024-06-01 20:00:00
31.6,16,944.3,0.0,11.9,2024-06-01 21:00:00
30.6,15,944.3,0.0,9.7,2024-06-01 22:00:00
27.6,19,943.7,0.0,7.3,2024-06-01 23:00:00
26.1,24,943.2,0.0,8.1,2024-06-02 00:00:00
27.8,19,943.5,0.0,0.5,2024-06-02 01:00:00
24.8,24,943.2,0.0,5.1,2024-06-02 02:00:00
26.1,21,943.7,0.0,5.8,2024-06-02 03:00:00
27.1,19,944.4,0.0,5.4,2024-06-02 04:00:00
24.0,24,944.0,0.0,8.8,2024-06-02 05:00:00
27.1,39,945.1,0.0,6.8,2024-06-02 06:00:00
30.1,26,946.4,0.0,5.4,2024-06-02 07:00:00
31.7,25,946.9,0.0,6.4,2024-06-02 08:00:00
34.5,20,947.6,0.0,8.0,2024-06-02 09:00:00
36.4,18,947.9,0.0,10.5,2024-06-02 10:00:00
37.4,17,947.8,0.0,10.6,2024-06-02 11:00:00
38.3,15,947.5,0.0,8.1,2024-06-02 12:00:00
38.9,14,946.8,0.0,7.7,2024-06-02 13:00:00
39.3,13,946.2,0.0,8.1,2024-06-02 14:00:00
39.4,13,945.6,0.0,8.0,2024-06-02 15:00:00
39.4,13,945.1,0.0,6.4,2024-06-02 16:00:00
39.0,13,944.8,0.0,6.6,2024-06-02 17:00:00
36.9,17,945.7,0.0,7.9,2024-06-02 18:00:00
33.4,20,945.1,0.0,8.0,2024-06-02 19:00:00
31.4,21,945.0,0.0,6.9,2024-06-02 20:00:00
30.6,22,945.4,0.0,9.0,2024-06-02 21:00:00
29.4,25,945.0,0.0,10.1,2024-06-02 22:00:00
28.9,25,944.4,0.0,8.7,2024-06-02 23:00:00
27.2,28,943.6,0.0,8.2,2024-06-03 00:00:00
26.5,28,943.4,0.0,4.7,2024-06-03 01:00:00
25.6,29,943.2,0.0,5.4,2024-06-03 02:00:00
26.8,23,943.4,0.0,6.8,2024-06-03 03:00:00
25.8,25,943.0,0.0,6.0,2024-06-03 04:00:00
25.8,26,943.3,0.0,5.5,2024-06-03 05:00:00
30.6,27,945.0,0.0,1.4,2024-06-03 06:00:00
30.8,31,945.3,0.0,3.3,2024-06-03 07:00:00
33.1,28,945.9,0.0,3.3,2024-06-03 08:00:00
35.6,23,946.3,0.0,3.1,2024-06-03 09:00:00
37.4,21,946.4,0.0,2.9,2024-06-03 10:00:00
38.8,19,946.2,0.0,4.3,2024-06-03 11:00:00
39.6,15,945.9,0.0,1.5,2024-06-03 12:00:00
40.1,16,945.5,0.0,13.2,2024-06-03 13:00:00
37.9,18,945.2,0.0,18.6,2024-06-03 14:00:00
39.3,15,944.5,0.0,10.3,2024-06-03 15:00:00
39.4,15,943.9,0.0,6.4,2024-06-03 16:00:00
38.9,15,943.5,0.0,3.2,2024-06-03 17:00:00
33.9,28,944.2,0.0,24.1,2024-06-03 18:00:00
33.6,29,943.7,0.0,7.9,2024-06-03 19:00:00
30.8,31,943.5,0.0,6.1,2024-06-03 20:00:00
29.6,33,943.7,0.0,6.3,2024-06-03 21:00:00
29.4,30,943.5,0.0,6.6,2024-06-03 22:00:00
28.8,30,942.8,0.0,7.0,2024-06-03 23:00:00
27.7,31,942.0,0.0,6.5,2024-06-04 00:00:00
27.2,33,941.3,0.0,7.0,2024-06-04 01:00:00
27.8,31,941.1,0.0,5.4,2024-06-04 02:00:00
27.2,32,940.7,0.0,7.2,2024-06-04 03:00:00
26.8,33,940.6,0.0,6.9,2024-06-04 04:00:00
26.6,34,940.9,0.0,6.0,2024-06-04 05:00:00
26.9,58,943.4,0.0,2.6,2024-06-04 06:00:00
28.7,39,944.6,0.0,5.3,2024-06-04 07:00:00
32.2,31,945.4,0.0,5.8,2024-06-04 08:00:00
34.5,27,945.9,0.0,6.1,2024-06-04 09:00:00
35.8,26,945.9,0.0,10.0,2024-06-04 10:00:00
37.1,23,945.5,0.0,9.8,2024-06-04 11:00:00
38.7,21,944.9,0.0,11.8,2024-06-04 12:00:00
32.6,31,946.3,0.0,23.6,2024-06-04 13:00:00
32.2,31,945.8,0.0,12.6,2024-06-04 14:00:00
33.7,31,945.8,0.0,19.2,2024-06-04 15:00:00
33.0,30,944.5,0.0,11.7,2024-06-04 16:00:00
33.9,27,944.3,0.0,16.1,2024-06-04 17:00:00
36.3,24,943.9,0.0,1.8,2024-06-04 18:00:00
32.6,26,943.1,0.0,6.1,2024-06-04 19:00:00
31.6,27,943.4,0.0,6.9,2024-06-04 20:00:00
30.5,29,943.8,0.0,7.2,2024-06-04 21:00:00
28.2,33,943.4,0.0,7.3,2024-06-04 22:00:00
27.8,32,943.7,0.0,4.7,2024-06-04 23:00:00
27.5,31,943.5,0.0,4.7,2024-06-05 00:00:00
27.2,29,943.0,0.0,7.9,2024-06-05 01:00:00
26.4,28,942.6,0.0,9.4,2024-06-05 02:00:00
27.0,26,942.4,0.0,8.3,2024-06-05 03:00:00
27.8,24,942.7,0.0,7.2,2024-06-05 04:00:00
30.4,19,944.1,0.0,3.1,2024-06-05 05:00:00
27.1,37,946.2,0.0,13.0,2024-06-05 06:00:00
29.0,35,946.1,0.0,18.1,2024-06-05 07:00:00
32.7,28,946.4,0.0,19.1,2024-06-05 08:00:00
34.9,22,946.7,0.0,15.9,2024-06-05 09:00:00
36.4,19,946.8,0.0,8.0,2024-06-05 10:00:00
36.3,20,947.5,0.0,14.0,2024-06-05 11:00:00
34.5,25,947.1,0.2,9.4,2024-06-05 12:00:00
36.2,21,946.6,0.0,1.9,2024-06-05 13:00:00
33.3,28,946.6,0.0,12.8,2024-06-05 14:00:00
32.8,29,947.1,0.1,15.5,2024-06-05 15:00:00
32.4,29,946.6,0.0,20.8,2024-06-05 16:00:00
32.7,27,946.4,0.0,19.7,2024-06-05 17:00:00
26.6,56,946.8,0.4,11.3,2024-06-05 18:00:00
26.5,53,946.9,0.2,16.8,2024-06-05 19:00:00
26.1,46,947.2,0.0,17.2,2024-06-05 20:00:00
26.1,44,947.2,0.0,10.1,2024-06-05 21:00:00
24.7,48,946.9,0.0,8.0,2024-06-05 22:00:00
24.5,48,947.0,0.0,4.3,2024-06-05 23:00:00
23.7,56,946.7,0.0,7.3,2024-06-06 00:00:00
23.2,58,946.7,0.0,7.1,2024-06-06 01:00:00
23.0,57,946.5,0.0,5.7,2024-06-06 02:00:00
22.7,58,946.8,0.0,4.6,2024-06-06 03:00:00
22.8,56,947.1,0.0,5.4,2024-06-06 04:00:00
22.8,54,947.5,0.0,5.7,2024-06-06 05:00:00
22.8,59,948.6,0.0,5.9,2024-06-06 06:00:00
25.4,52,949.3,0.0,4.6,2024-06-06 07:00:00
27.8,44,950.2,0.0,2.7,2024-06-06 08:00:00
29.5,41,950.8,0.0,5.6,2024-06-06 09:00:00
30.6,36,951.0,0.0,4.1,2024-06-06 10:00:00
32.0,33,950.9,0.0,2.5,2024-06-06 11:00:00
32.9,31,950.4,0.0,5.3,2024-06-06 12:00:00
33.2,32,949.6,0.0,8.6,2024-06-06 13:00:00
30.4,38,950.3,0.2,0.4,2024-06-06 14:00:00
26.4,57,950.5,2.0,7.5,2024-06-06 15:00:00
25.1,65,950.1,2.1,7.9,2024-06-06 16:00:00
25.6,63,949.7,0.0,7.1,2024-06-06 17:00:00
29.8,36,948.9,0.0,17.0,2024-06-06 18:00:00
26.3,50,948.7,0.0,18.1,2024-06-06 19:00:00
25.9,49,948.1,0.0,13.4,2024-06-06 20:00:00
25.4,50,948.1,0.0,11.4,2024-06-06 21:00:00
25.0,51,948.0,0.0,6.8,2024-06-06 22:00:00
24.2,55,947.8,0.0,6.4,2024-06-06 23:00:00
23.4,58,947.3,0.0,11.7,2024-06-07 00:00:00
23.0,58,946.9,0.0,12.8,2024-06-07 01:00:00
22.8,58,946.3,0.0,12.5,2024-06-07 02:00:00
22.5,59,946.1,0.0,10.4,2024-06-07 03:00:00
22.1,60,946.2,0.0,10.7,2024-06-07 04:00:00
21.9,59,946.3,0.0,9.8,2024-06-07 05:00:00
22.7,57,947.3,0.0,12.3,2024-06-07 06:00:00
24.8,54,947.9,0.0,6.2,2024-06-07 07:00:00
27.3,45,948.4,0.0,7.6,2024-06-07 08:00:00
28.9,40,948.4,0.0,11.3,2024-06-07 09:00:00
30.8,36,948.5,0.0,11.7,2024-06-07 10:00:00
32.4,31,948.2,0.0,10.1,2024-06-07 11:00:00
32.9,30,947.8,0.0,6.3,2024-06-07 12:00:00
33.0,30,947.4,0.0,6.5,2024-06-07 13:00:00
32.0,32,947.2,0.0,15.2,2024-06-07 14:00:00
28.1,44,947.2,0.4,16.6,2024-06-07 15:00:00
30.9,36,946.3,0.0,10.1,2024-06-07 16:00:00
30.5,34,945.9,0.0,12.6,2024-06-07 17:00:00
30.3,35,945.6,0.0,7.7,2024-06-07 18:00:00
28.1,40,945.3,0.0,7.3,2024-06-07 19:00:00
26.4,44,945.0,0.0,6.6,2024-06-07 20:00:00
25.3,48,945.1,0.0,7.1,2024-06-07 21:00:00
24.4,49,945.0,0.0,6.1,2024-06-07 22:00:00
23.7,51,944.8,0.0,4.2,2024-06-07 23:00:00
23.2,52,944.5,0.0,3.5,2024-06-08 00:00:00
22.9,52,944.1,0.0,2.9,2024-06-08 01:00:00
22.7,52,943.6,0.0,5.6,2024-06-08 02:00:00
22.8,49,943.9,0.0,5.7,2024-06-08 03:00:00
22.2,52,944.0,0.0,5.6,2024-06-08 04:00:00
21.1,57,943.9,0.0,5.2,2024-06-08 05:00:00
23.4,64,944.9,0.0,1.0,2024-06-08 06:00:00
25.3,48,945.7,0.0,3.2,2024-06-08 07:00:00
28.0,40,946.4,0.0,3.8,2024-06-08 08:00:00
30.4,34,946.8,0.0,4.4,2024-06-08 09:00:00
32.2,29,946.8,0.0,6.6,2024-06-08 10:00:00
33.6,25,946.9,0.0,7.7,2024-06-08 11:00:00
34.3,23,946.5,0.0,4.1,2024-06-08 12:00:00
34.8,22,945.9,0.0,4.7,2024-06-08 13:00:00
35.3,22,945.3,0.0,6.1,2024-06-08 14:00:00
35.0,21,944.9,0.0,9.1,2024-06-08 15:00:00
34.8,18,944.7,0.0,14.2,2024-06-08 16:00:00
34.1,18,944.3,0.0,16.1,2024-06-08 17:00:00
32.0,39,945.2,0.0,2.2,2024-06-08 18:00:00
28.7,43,944.9,0.0,7.2,2024-06-08 19:00:00
27.7,37,944.9,0.0,6.4,2024-06-08 20:00:00
26.8,39,945.0,0.0,7.6,2024-06-08 21:00:00
26.1,38,945.0,0.0,6.9,2024-06-08 22:00:00
24.3,45,944.3,0.0,5.9,2024-06-08 23:00:00
27.5,33,944.8,0.0,3.2,2024-06-09 00:00:00
23.6,44,943.7,0.0,6.1,2024-06-09 01:00:00
23.4,42,943.7,0.0,6.9,2024-06-09 02:00:00
22.2,45,943.5,0.0,7.1,2024-06-09 03:00:00
21.6,47,943.8,0.0,7.2,2024-06-09 04:00:00
21.3,48,944.0,0.0,7.4,2024-06-09 05:00:00
24.0,46,945.8,0.0,6.6,2024-06-09 06:00:00
25.9,43,946.7,0.0,6.2,2024-06-09 07:00:00
28.2,38,947.3,0.0,3.4,2024-06-09 08:00:00
30.7,32,947.5,0.0,4.8,2024-06-09 09:00:00
33.1,24,947.5,0.0,8.2,2024-06-09 10:00:00
34.8,19,947.4,0.0,11.4,2024-06-09 11:00:00
35.5,18,946.9,0.0,13.4,2024-06-09 12:00:00
35.8,17,946.3,0.0,15.4,2024-06-09 13:00:00
36.0,17,945.7,0.0,16.9,2024-06-09 14:00:00
35.7,16,945.0,0.0,17.2,2024-06-09 15:00:00
35.4,16,944.5,0.0,15.5,2024-06-09 16:00:00
34.6,18,944.2,0.0,13.1,2024-06-09 17:00:00
33.2,23,944.6,0.0,8.7,2024-06-09 18:00:00
29.6,31,944.1,0.0,6.8,2024-06-09 19:00:00
27.9,32,943.9,0.0,6.7,2024-06-09 20:00:00
27.1,31,943.9,0.0,8.6,2024-06-09 21:00:00
26.6,32,943.6,0.0,8.5,2024-06-09 22:00:00
25.8,34,943.4,0.0,7.6,2024-06-09 23:00:00
25.2,35,943.2,0.0,6.1,2024-06-10 00:00:00
24.8,34,942.8,0.0,6.0,2024-06-10 01:00:00
24.5,33,942.8,0.0,5.2,2024-06-10 02:00:00
23.7,35,942.9,0.0,5.3,2024-06-10 03:00:00
22.6,40,943.1,0.0,6.9,2024-06-10 04:00:00
23.0,38,943.6,0.0,6.6,2024-06-10 05:00:00
26.1,35,945.2,0.0,2.3,2024-06-10 06:00:00
26.4,39,945.4,0.0,3.3,2024-06-10 07:00:00
29.5,33,946.1,0.0,3.5,2024-06-10 08:00:00
32.3,28,946.5,0.0,1.1,2024-06-10 09:00:00
34.5,25,946.4,0.0,3.7,2024-06-10 10:00:00
36.4,20,946.4,0.0,6.6,2024-06-10 11:00:00
37.6,17,946.0,0.0,9.4,2024-06-10 12:00:00
37.8,17,945.5,0.0,13.0,2024-06-10 13:00:00
38.0,14,945.1,0.0,16.6,2024-06-10 14:00:00
36.9,15,944.9,0.0,21.6,2024-06-10 15:00:00
36.7,15,944.6,0.0,14.9,2024-06-10 16:00:00
36.4,15,944.4,0.0,11.8,2024-06-10 17:00:00
34.5,22,944.6,0.0,7.4,2024-06-10 18:00:00
30.6,29,943.9,0.0,8.7,2024-06-10 19:00:00
29.2,28,944.2,0.0,6.1,2024-06-10 20:00:00
29.1,29,944.4,0.0,4.4,2024-06-10 21:00:00
29.7,26,944.5,0.0,4.2,2024-06-10 22:00:00
27.3,30,943.8,0.0,6.3,2024-06-10 23:00:00
26.5,32,943.3,0.0,5.9,2024-06-11 00:00:00
25.9,32,942.9,0.0,6.5,2024-06-11 01:00:00
25.3,33,942.6,0.0,7.7,2024-06-11 02:00:00
26.3,30,943.0,0.0,5.7,2024-06-11 03:00:00
28.2,25,943.6,0.0,3.9,2024-06-11 04:00:00
26.5,29,943.6,0.0,6.8,2024-06-11 05:00:00
25.9,45,944.1,0.0,5.5,2024-06-11 06:00:00
28.7,32,945.1,0.0,5.4,2024-06-11 07:00:00
31.5,28,945.9,0.0,3.6,2024-06-11 08:00:00
34.2,23,946.2,0.0,4.0,2024-06-11 09:00:00
35.9,20,946.3,0.0,3.1,2024-06-11 10:00:00
37.0,19,946.3,0.0,3.6,2024-06-11 11:00:00
37.9,19,945.7,0.0,5.4,2024-06-11 12:00:00
38.7,18,945.0,0.0,7.3,2024-06-11 13:00:00
39.2,16,944.5,0.0,10.5,2024-06-11 14:00:00
39.4,15,943.8,0.0,13.1,2024-06-11 15:00:00
38.8,14,943.5,0.0,13.7,2024-06-11 16:00:00
38.2,14,943.1,0.0,11.4,2024-06-11 17:00:00
36.4,19,943.4,0.0,9.7,2024-06-11 18:00:00
33.4,21,942.8,0.0,8.4,2024-06-11 19:00:00
31.6,21,942.8,0.0,8.7,2024-06-11 20:00:00
30.2,23,942.7,0.0,8.4,2024-06-11 21:00:00
29.1,25,942.7,0.0,7.9,2024-06-11 22:00:00
28.7,27,942.5,0.0,6.8,2024-06-11 23:00:00
27.8,29,942.0,0.0,4.7,2024-06-12 00:00:00
27.5,28,941.7,0.0,6.0,2024-06-12 01:00:00
28.3,26,942.0,0.0,6.9,2024-06-12 02:00:00
26.2,30,941.8,0.0,8.2,2024-06-12 03:00:00
28.3,25,942.5,0.0,5.8,2024-06-12 04:00:00
29.2,22,943.1,0.0,0.4,2024-06-12 05:00:00
28.7,31,944.5,0.0,3.6,2024-06-12 06:00:00
29.2,31,945.0,0.0,8.0,2024-06-12 07:00:00
32.2,28,945.8,0.0,8.4,2024-06-12 08:00:00
35.4,22,946.1,0.0,9.7,2024-06-12 09:00:00
37.4,19,946.1,0.0,8.9,2024-06-12 10:00:00
38.9,16,945.8,0.0,5.9,2024-06-12 11:00:00
39.9,15,945.2,0.0,5.9,2024-06-12 12:00:00
40.5,14,944.6,0.0,6.8,2024-06-12 13:00:00
41.0,13,943.8,0.0,8.9,2024-06-12 14:00:00
41.2,13,943.3,0.0,8.9,2024-06-12 15:00:00
41.0,12,942.6,0.0,9.6,2024-06-12 16:00:00
39.8,14,942.2,0.0,11.3,2024-06-12 17:00:00
37.3,21,942.5,0.0,7.7,2024-06-12 18:00:00
34.0,23,942.2,0.0,6.9,2024-06-12 19:00:00
32.3,23,942.1,0.0,6.5,2024-06-12 20:00:00
31.2,23,942.4,0.0,5.5,2024-06-12 21:00:00
29.5,26,942.1,0.0,4.7,2024-06-12 22:00:00
29.3,25,942.2,0.0,5.0,2024-06-12 23:00:00
27.9,29,941.7,0.0,6.2,2024-06-13 00:00:00
28.7,29,941.7,0.0,8.4,2024-06-13 01:00:00
27.6,32,941.7,0.0,7.9,2024-06-13 02:00:00
26.1,34,941.3,0.0,7.1,2024-06-13 03:00:00
25.8,35,941.6,0.0,10.2,2024-06-13 04:00:00
29.8,25,942.8,0.0,6.4,2024-06-13 05:00:00
29.9,32,943.7,0.0,3.1,2024-06-13 06:00:00
30.6,35,943.9,0.0,5.2,2024-06-13 07:00:00
33.4,28,944.4,0.0,4.9,2024-06-13 08:00:00
36.1,24,944.9,0.0,5.0,2024-06-13 09:00:00
38.1,18,944.9,0.0,7.2,2024-06-13 10:00:00
39.3,16,944.6,0.0,4.5,2024-06-13 11:00:00
40.0,15,943.9,0.0,3.6,2024-06-13 12:00:00
40.9,14,943.0,0.0,7.6,2024-06-13 13:00:00
40.8,14,942.4,0.0,2.9,2024-06-13 14:00:00
38.7,17,942.4,0.0,20.9,2024-06-13 15:00:00
38.1,16,941.9,0.0,13.3,2024-06-13 16:00:00
38.3,17,941.4,0.0,9.7,2024-06-13 17:00:00
36.4,22,941.8,0.0,5.9,2024-06-13 18:00:00
32.5,35,941.2,0.0,9.2,2024-06-13 19:00:00
30.6,32,941.3,0.0,8.2,2024-06-13 20:00:00
29.6,33,941.6,0.0,8.9,2024-06-13 21:00:00
28.9,34,941.8,0.0,9.5,2024-06-13 22:00:00
28.2,35,941.7,0.0,10.9,2024-06-13 23:00:00
28.3,34,941.2,0.0,8.4,2024-06-14 00:00:00
27.9,34,940.8,0.0,6.6,2024-06-14 01:00:00
26.4,40,940.4,0.0,7.9,2024-06-14 02:00:00
26.7,39,940.5,0.0,6.4,2024-06-14 03:00:00
28.1,35,941.0,0.0,5.2,2024-06-14 04:00:00
29.9,30,941.8,0.0,3.4,2024-06-14 05:00:00
27.9,39,942.5,0.0,6.2,2024-06-14 06:00:00
29.9,37,943.4,0.0,5.8,2024-06-14 07:00:00
32.0,33,944.1,0.0,4.9,2024-06-14 08:00:00
35.0,25,944.7,0.0,3.6,2024-06-14 09:00:00
36.5,23,944.4,0.0,6.3,2024-06-14 10:00:00
37.6,21,944.3,0.0,6.5,2024-06-14 11:00:00
38.8,19,943.6,0.0,4.4,2024-06-14 12:00:00
37.4,22,943.7,0.0,23.3,2024-06-14 13:00:00
36.0,24,944.2,0.0,11.9,2024-06-14 14:00:00
37.5,21,943.7,0.0,9.4,2024-06-14 15:00:00
34.1,29,943.0,0.0,16.2,2024-06-14 16:00:00
34.2,30,942.1,0.0,3.8,2024-06-14 17:00:00
36.8,22,942.2,0.0,5.2,2024-06-14 18:00:00
33.3,28,941.5,0.0,8.9,2024-06-14 19:00:00
32.2,24,941.6,0.0,5.1,2024-06-14 20:00:00
31.2,24,941.7,0.0,6.5,2024-06-14 21:00:00
30.2,25,941.8,0.0,7.6,2024-06-14 22:00:00
29.5,27,941.7,0.0,7.9,2024-06-14 23:00:00
29.2,28,941.4,0.0,7.7,2024-06-15 00:00:00
30.1,27,941.5,0.0,4.2,2024-06-15 01:00:00
27.7,35,941.2,0.0,8.1,2024-06-15 02:00:00
27.2,36,941.3,0.0,4.3,2024-06-15 03:00:00
27.3,35,941.4,0.0,6.3,2024-06-15 04:00:00
29.2,30,942.1,0.0,4.2,2024-06-15 05:00:00
28.0,42,942.3,0.0,4.5,2024-06-15 06:00:00
30.6,34,943.4,0.0,6.1,2024-06-15 07:00:00
33.5,28,944.1,0.0,5.5,2024-06-15 08:00:00
36.0,23,944.4,0.0,7.9,2024-06-15 09:00:00
37.5,21,944.4,0.0,6.0,2024-06-15 10:00:00
38.7,19,944.1,0.0,5.4,2024-06-15 11:00:00
39.7,18,943.5,0.0,6.6,2024-06-15 12:00:00
40.5,17,943.0,0.0,9.0,2024-06-15 13:00:00
40.9,16,942.5,0.0,13.1,2024-06-15 14:00:00
37.5,21,943.4,0.0,24.9,2024-06-15 15:00:00
37.1,22,942.7,0.0,20.5,2024-06-15 16:00:00
37.2,23,942.1,0.0,10.6,2024-06-15 17:00:00
36.9,30,942.0,0.0,2.6,2024-06-15 18:00:00
33.9,26,941.6,0.0,6.3,2024-06-15 19:00:00
32.5,27,941.6,0.0,8.7,2024-06-15 20:00:00
31.4,31,941.6,0.0,9.1,2024-06-15 21:00:00
30.4,33,941.5,0.0,8.4,2024-06-15 22:00:00
29.5,34,941.2,0.0,7.4,2024-06-15 23:00:00
29.2,34,940.9,0.0,6.6,2024-06-16 00:00:00
28.6,35,940.3,0.0,5.0,2024-06-16 01:00:00
27.8,35,940.3,0.0,5.0,2024-06-16 02:00:00
26.8,37,940.4,0.0,7.1,2024-06-16 03:00:00
30.8,26,941.7,0.0,4.7,2024-06-16 04:00:00
29.8,28,942.1,0.0,1.0,2024-06-16 05:00:00
28.9,39,942.8,0.0,2.9,2024-06-16 06:00:00
30.3,38,943.3,0.0,5.1,2024-06-16 07:00:00
33.7,32,944.1,0.0,4.4,2024-06-16 08:00:00
36.4,27,944.5,0.0,3.8,2024-06-16 09:00:00
38.4,23,944.6,0.0,5.9,2024-06-16 10:00:00
40.0,20,944.3,0.0,8.7,2024-06-16 11:00:00
41.1,18,943.9,0.0,12.3,2024-06-16 12:00:00
41.6,17,943.1,0.0,14.8,2024-06-16 13:00:00
41.5,17,942.6,0.0,18.1,2024-06-16 14:00:00
41.1,16,942.2,0.0,18.1,2024-06-16 15:00:00
41.5,15,941.7,0.0,14.5,2024-06-16 16:00:00
40.8,16,941.4,0.0,12.7,2024-06-16 17:00:00
39.2,15,941.7,0.0,11.1,2024-06-16 18:00:00
36.5,18,941.5,0.0,8.4,2024-06-16 19:00:00
33.7,22,941.2,0.0,7.1,2024-06-16 20:00:00
32.6,22,941.2,0.0,7.6,2024-06-16 21:00:00
31.4,23,941.2,0.0,6.8,2024-06-16 22:00:00
30.8,24,941.0,0.0,5.2,2024-06-16 23:00:00
30.4,25,940.8,0.0,5.2,2024-06-17 00:00:00
29.4,29,940.2,0.0,5.5,2024-06-17 01:00:00
28.4,31,940.6,0.0,8.0,2024-06-17 02:00:00
26.7,34,940.4,0.0,5.0,2024-06-17 03:00:00
27.3,32,940.7,0.0,8.3,2024-06-17 04:00:00
27.5,32,941.1,0.0,8.0,2024-06-17 05:00:00
28.8,51,942.7,0.0,6.2,2024-06-17 06:00:00
31.0,31,943.5,0.0,7.7,2024-06-17 07:00:00
34.2,27,944.2,0.0,7.0,2024-06-17 08:00:00
37.0,23,944.7,0.0,8.2,2024-06-17 09:00:00
38.9,21,944.6,0.0,8.5,2024-06-17 10:00:00
40.4,19,944.5,0.0,7.0,2024-06-17 11:00:00
41.6,17,943.8,0.0,5.6,2024-06-17 12:00:00
42.8,15,943.0,0.0,10.1,2024-06-17 13:00:00
42.5,14,942.6,0.0,13.5,2024-06-17 14:00:00
42.2,14,942.3,0.0,16.9,2024-06-17 15:00:00
39.8,18,941.9,0.0,24.0,2024-06-17 16:00:00
40.7,17,941.7,0.0,11.8,2024-06-17 17:00:00
39.5,15,941.6,0.0,12.5,2024-06-17 18:00:00
36.9,18,941.3,0.0,8.0,2024-06-17 19:00:00
34.4,20,940.9,0.0,8.2,2024-06-17 20:00:00
33.5,20,940.9,0.0,8.1,2024-06-17 21:00:00
31.7,24,940.8,0.0,5.8,2024-06-17 22:00:00
32.4,22,941.3,0.0,2.5,2024-06-17 23:00:00
32.3,22,941.3,0.0,2.9,2024-06-18 00:00:00
29.1,28,940.1,0.0,6.0,2024-06-18 01:00:00
29.0,28,939.7,0.0,6.9,2024-06-18 02:00:00
30.1,26,940.1,0.0,3.6,2024-06-18 03:00:00
28.8,28,940.2,0.0,5.6,2024-06-18 04:00:00
28.3,28,940.2,0.0,6.7,2024-06-18 05:00:00
29.0,38,941.9,0.0,2.6,2024-06-18 06:00:00
32.4,30,943.0,0.0,2.5,2024-06-18 07:00:00
35.1,24,943.3,0.0,17.8,2024-06-18 08:00:00
36.1,23,943.1,0.0,22.9,2024-06-18 09:00:00
38.8,19,942.5,0.0,16.8,2024-06-18 10:00:00
40.5,17,941.9,0.0,5.4,2024-06-18 11:00:00
41.7,16,941.2,0.0,5.0,2024-06-18 12:00:00
42.7,15,940.3,0.0,10.9,2024-06-18 13:00:00
42.3,14,939.9,0.0,14.6,2024-06-18 14:00:00
41.9,14,939.6,0.0,15.0,2024-06-18 15:00:00
41.4,14,939.0,0.0,13.4,2024-06-18 16:00:00
40.8,15,938.4,0.0,13.5,2024-06-18 17:00:00
38.6,17,939.0,0.0,14.2,2024-06-18 18:00:00
36.3,21,938.4,0.0,10.2,2024-06-18 19:00:00
34.2,25,938.2,0.0,8.3,2024-06-18 20:00:00
32.9,26,938.3,0.0,7.2,2024-06-18 21:00:00
31.7,26,938.1,0.0,7.0,2024-06-18 22:00:00
30.4,29,937.9,0.0,5.1,2024-06-18 23:00:00
29.4,31,937.6,0.0,4.3,2024-06-19 00:00:00
30.9,26,937.6,0.0,7.4,2024-06-19 01:00:00
30.0,29,937.3,0.0,6.0,2024-06-19 02:00:00
31.6,25,937.8,0.0,2.3,2024-06-19 03:00:00
29.6,29,938.0,0.0,4.4,2024-06-19 04:00:00
27.3,35,937.4,0.0,8.9,2024-06-19 05:00:00
29.7,30,937.8,0.0,11.0,2024-06-19 06:00:00
31.3,31,938.7,0.0,8.2,2024-06-19 07:00:00
33.6,28,939.6,0.0,2.2,2024-06-19 08:00:00
35.4,25,939.9,0.0,4.9,2024-06-19 09:00:00
37.6,22,939.9,0.0,5.4,2024-06-19 10:00:00
38.3,22,940.0,0.0,12.0,2024-06-19 11:00:00
38.3,20,939.6,0.0,9.8,2024-06-19 12:00:00
40.1,17,938.7,0.0,6.9,2024-06-19 13:00:00
40.1,17,938.3,0.0,9.2,2024-06-19 14:00:00
40.1,16,937.8,0.0,13.4,2024-06-19 15:00:00
39.9,16,937.6,0.0,17.3,2024-06-19 16:00:00
39.5,16,937.4,0.0,13.5,2024-06-19 17:00:00
38.4,28,937.3,0.0,2.8,2024-06-19 18:00:00
35.5,24,937.2,0.0,6.9,2024-06-19 19:00:00
32.6,26,937.2,0.0,9.9,2024-06-19 20:00:00
32.2,25,937.8,0.0,7.9,2024-06-19 21:00:00
31.8,26,938.3,0.0,10.5,2024-06-19 22:00:00
30.8,28,938.2,0.0,10.4,2024-06-19 23:00:00
30.0,29,938.1,0.0,8.9,2024-06-20 00:00:00
28.9,33,937.9,0.0,8.1,2024-06-20 01:00:00
28.4,33,937.7,0.0,7.8,2024-06-20 02:00:00
28.6,32,937.8,0.0,8.8,2024-06-20 03:00:00
28.4,32,938.0,0.0,8.3,2024-06-20 04:00:00
28.3,31,938.2,0.0,9.8,2024-06-20 05:00:00
27.7,40,939.0,0.0,4.6,2024-06-20 06:00:00
29.2,36,940.0,0.0,8.4,2024-06-20 07:00:00
31.6,31,941.1,0.0,8.8,2024-06-20 08:00:00
33.8,27,941.2,0.0,9.7,2024-06-20 09:00:00
35.1,25,941.5,0.0,15.5,2024-06-20 10:00:00
36.0,26,941.6,0.0,12.9,2024-06-20 11:00:00
35.9,26,941.7,0.0,17.4,2024-06-20 12:00:00
35.4,27,941.2,0.0,15.0,2024-06-20 13:00:00
34.8,29,941.6,0.0,10.7,2024-06-20 14:00:00
34.3,30,941.5,0.0,6.2,2024-06-20 15:00:00
34.8,28,940.4,0.0,8.6,2024-06-20 16:00:00
34.7,27,940.1,0.0,6.8,2024-06-20 17:00:00
34.8,28,940.3,0.0,6.9,2024-06-20 18:00:00
33.3,31,939.8,0.0,4.8,2024-06-20 19:00:00
31.9,35,940.4,0.0,14.8,2024-06-20 20:00:00
29.8,45,941.0,0.0,10.2,2024-06-20 21:00:00
29.5,46,941.4,0.0,5.6,2024-06-20 22:00:00
29.5,45,941.3,0.0,6.7,2024-06-20 23:00:00
28.8,46,941.3,0.0,5.7,2024-06-21 00:00:00
28.5,47,941.2,0.0,5.6,2024-06-21 01:00:00
27.3,51,941.2,0.0,3.9,2024-06-21 02:00:00
26.4,55,941.0,0.0,4.4,2024-06-21 03:00:00
27.3,50,941.8,0.0,2.8,2024-06-21 04:00:00
26.4,54,942.1,0.0,2.1,2024-06-21 05:00:00
24.4,66,941.9,0.0,4.2,2024-06-21 06:00:00
26.0,60,943.5,0.0,7.4,2024-06-21 07:00:00
27.4,54,944.0,0.0,5.7,2024-06-21 08:00:00
28.7,51,944.4,0.0,10.5,2024-06-21 09:00:00
30.9,45,944.6,0.0,9.0,2024-06-21 10:00:00
31.8,41,945.0,0.0,9.9,2024-06-21 11:00:00
32.6,38,945.0,0.0,10.0,2024-06-21 12:00:00
32.4,37,944.7,0.0,9.2,2024-06-21 13:00:00
34.3,33,944.4,0.0,5.5,2024-06-21 14:00:00
30.4,45,944.6,0.2,14.1,2024-06-21 15:00:00
31.4,39,944.1,0.0,3.1,2024-06-21 16:00:00
31.7,38,943.8,0.0,5.5,2024-06-21 17:00:00
32.6,32,943.5,0.0,12.5,2024-06-21 18:00:00
31.6,36,943.1,0.0,7.1,2024-06-21 19:00:00
31.2,36,943.3,0.0,3.4,2024-06-21 20:00:00
28.2,45,943.3,0.0,4.6,2024-06-21 21:00:00
27.7,48,943.3,0.0,6.9,2024-06-21 22:00:00
27.5,48,942.9,0.0,7.7,2024-06-21 23:00:00
26.9,48,942.3,0.0,6.2,2024-06-22 00:00:00
26.5,49,941.8,0.0,6.6,2024-06-22 01:00:00
26.2,48,941.2,0.0,8.1,2024-06-22 02:00:00
25.9,45,941.1,0.0,9.3,2024-06-22 03:00:00
25.6,44,941.4,0.0,9.3,2024-06-22 04:00:00
25.3,44,941.6,0.0,8.4,2024-06-22 05:00:00
25.0,52,942.2,0.0,6.1,2024-06-22 06:00:00
27.5,45,943.4,0.0,2.9,2024-06-22 07:00:00
29.7,37,944.3,0.0,0.0,2024-06-22 08:00:00
31.9,32,944.4,0.0,1.3,2024-06-22 09:00:00
33.8,29,944.2,0.0,3.5,2024-06-22 10:00:00
35.2,27,943.9,0.0,4.9,2024-06-22 11:00:00
36.2,25,943.3,0.0,4.8,2024-06-22 12:00:00
37.1,24,942.7,0.0,4.0,2024-06-22 13:00:00
36.9,25,942.1,0.0,10.1,2024-06-22 14:00:00
36.4,24,941.7,0.0,12.6,2024-06-22 15:00:00
36.2,24,941.6,0.0,9.4,2024-06-22 16:00:00
36.2,23,941.4,0.0,8.3,2024-06-22 17:00:00
35.0,26,942.0,0.0,14.1,2024-06-22 18:00:00
33.5,29,942.2,0.0,10.9,2024-06-22 19:00:00
31.7,32,942.6,0.0,9.7,2024-06-22 20:00:00
30.7,36,943.0,0.0,7.8,2024-06-22 21:00:00
29.7,39,943.0,0.0,5.8,2024-06-22 22:00:00
28.8,42,943.0,0.0,4.3,2024-06-22 23:00:00
27.8,45,942.7,0.0,4.3,2024-06-23 00:00:00
27.9,43,942.6,0.0,4.1,2024-06-23 01:00:00
28.5,40,942.8,0.0,4.7,2024-06-23 02:00:00
27.7,42,942.7,0.0,5.9,2024-06-23 03:00:00
27.8,41,943.2,0.0,5.4,2024-06-23 04:00:00
27.9,40,943.4,0.0,4.6,2024-06-23 05:00:00
30.1,39,944.8,0.0,1.8,2024-06-23 06:00:00
30.4,40,945.5,0.0,1.5,2024-06-23 07:00:00
32.2,35,945.8,0.0,2.3,2024-06-23 08:00:00
34.8,29,945.7,0.0,4.7,2024-06-23 09:00:00
36.3,25,945.6,0.0,3.9,2024-06-23 10:00:00
37.2,23,945.4,0.0,1.1,2024-06-23 11:00:00
38.0,23,944.9,0.0,7.0,2024-06-23 12:00:00
37.6,24,944.6,0.0,15.6,2024-06-23 13:00:00
36.2,28,944.1,0.0,17.6,2024-06-23 14:00:00
36.8,25,943.4,0.0,14.5,2024-06-23 15:00:00
36.3,26,942.8,0.0,13.9,2024-06-23 16:00:00
36.2,26,942.2,0.0,11.9,2024-06-23 17:00:00
34.7,29,942.4,0.0,2.2,2024-06-23 18:00:00
32.6,43,941.6,0.0,3.9,2024-06-23 19:00:00
31.4,34,941.6,0.0,8.0,2024-06-23 20:00:00
30.8,34,942.1,0.0,7.1,2024-06-23 21:00:00
29.9,37,942.3,0.0,5.2,2024-06-23 22:00:00
29.2,40,942.4,0.0,4.8,2024-06-23 23:00:00
28.6,42,942.1,0.0,5.0,2024-06-24 00:00:00
27.7,46,941.8,0.0,6.2,2024-06-24 01:00:00
27.3,47,941.7,0.0,6.8,2024-06-24 02:00:00
27.3,46,941.6,0.0,5.9,2024-06-24 03:00:00
27.0,45,941.5,0.0,6.3,2024-06-24 04:00:00
26.9,46,941.8,0.0,6.8,2024-06-24 05:00:00
28.0,59,942.9,0.0,4.0,2024-06-24 06:00:00
30.1,40,943.8,0.0,2.8,2024-06-24 07:00:00
32.7,34,944.4,0.0,3.1,2024-06-24 08:00:00
34.9,29,944.5,0.0,3.2,2024-06-24 09:00:00
36.5,26,944.2,0.0,2.4,2024-06-24 10:00:00
37.6,24,943.8,0.0,4.0,2024-06-24 11:00:00
38.4,23,943.2,0.0,6.1,2024-06-24 12:00:00
39.1,21,942.5,0.0,7.6,2024-06-24 13:00:00
39.3,21,941.8,0.0,10.2,2024-06-24 14:00:00
39.1,21,941.1,0.0,11.1,2024-06-24 15:00:00
38.7,22,940.5,0.0,11.9,2024-06-24 16:00:00
38.0,23,939.9,0.0,12.4,2024-06-24 17:00:00
36.9,22,940.4,0.0,10.8,2024-06-24 18:00:00
34.6,25,940.2,0.0,10.0,2024-06-24 19:00:00
33.1,29,940.1,0.0,11.0,2024-06-24 20:00:00
31.6,33,939.9,0.0,9.8,2024-06-24 21:00:00
30.5,35,939.6,0.0,8.1,2024-06-24 22:00:00
29.6,36,939.7,0.0,7.2,2024-06-24 23:00:00
29.2,36,939.7,0.0,5.0,2024-06-25 00:00:00
28.8,36,939.6,0.0,4.4,2024-06-25 01:00:00
29.5,35,939.8,0.0,3.1,2024-06-25 02:00:00
29.7,34,940.2,0.0,1.4,2024-06-25 03:00:00
26.3,44,940.1,0.0,4.7,2024-06-25 04:00:00
26.1,43,939.9,0.0,6.4,2024-06-25 05:00:00
28.4,39,941.9,0.0,9.7,2024-06-25 06:00:00
30.4,37,942.9,0.0,9.9,2024-06-25 07:00:00
32.8,33,943.4,0.0,8.7,2024-06-25 08:00:00
34.4,33,943.1,0.0,12.2,2024-06-25 09:00:00
35.9,32,942.8,0.0,12.3,2024-06-25 10:00:00
37.1,31,942.3,0.0,8.9,2024-06-25 11:00:00
38.2,27,941.8,0.0,5.4,2024-06-25 12:00:00
39.0,25,941.0,0.0,8.0,2024-06-25 13:00:00
39.6,23,940.4,0.0,8.4,2024-06-25 14:00:00
39.8,21,939.7,0.0,8.3,2024-06-25 15:00:00
40.0,19,939.0,0.0,10.8,2024-06-25 16:00:00
39.4,19,938.6,0.0,14.0,2024-06-25 17:00:00
38.2,21,939.3,0.0,10.6,2024-06-25 18:00:00
36.0,22,939.3,0.0,10.8,2024-06-25 19:00:00
34.4,22,939.3,0.0,10.0,2024-06-25 20:00:00
33.3,24,939.3,0.0,8.9,2024-06-25 21:00:00
31.8,28,939.4,0.0,6.2,2024-06-25 22:00:00
30.9,30,939.6,0.0,5.5,2024-06-25 23:00:00
30.6,30,939.6,0.0,6.0,2024-06-26 00:00:00
30.6,31,939.6,0.0,3.9,2024-06-26 01:00:00
30.3,32,939.4,0.0,4.3,2024-06-26 02:00:00
30.3,32,939.6,0.0,6.0,2024-06-26 03:00:00
29.8,33,940.1,0.0,6.4,2024-06-26 04:00:00
26.8,42,939.7,0.0,9.0,2024-06-26 05:00:00
30.0,40,941.0,0.0,4.0,2024-06-26 06:00:00
32.3,36,941.7,0.0,5.6,2024-06-26 07:00:00
34.7,32,942.1,0.0,5.2,2024-06-26 08:00:00
36.9,27,941.8,0.0,5.4,2024-06-26 09:00:00
38.5,25,941.8,0.0,3.9,2024-06-26 10:00:00
39.9,22,941.7,0.0,5.8,2024-06-26 11:00:00
40.9,19,941.3,0.0,9.8,2024-06-26 12:00:00
41.5,18,940.9,0.0,13.8,2024-06-26 13:00:00
41.3,18,940.4,0.0,17.2,2024-06-26 14:00:00
41.1,18,939.9,0.0,17.2,2024-06-26 15:00:00
40.7,18,939.3,0.0,14.1,2024-06-26 16:00:00
40.1,18,938.8,0.0,11.2,2024-06-26 17:00:00
38.5,23,939.4,0.0,13.7,2024-06-26 18:00:00
36.4,26,939.3,0.0,8.1,2024-06-26 19:00:00
34.2,28,939.8,0.0,6.2,2024-06-26 20:00:00
33.2,30,940.4,0.0,6.8,2024-06-26 21:00:00
32.4,31,940.7,0.0,4.5,2024-06-26 22:00:00
31.4,33,940.8,0.0,4.3,2024-06-26 23:00:00
30.5,36,940.8,0.0,6.5,2024-06-27 00:00:00
30.3,36,940.9,0.0,8.4,2024-06-27 01:00:00
29.5,38,941.8,0.0,7.5,2024-06-27 02:00:00
29.5,44,942.5,0.0,12.2,2024-06-27 03:00:00
30.2,50,943.3,0.0,13.3,2024-06-27 04:00:00
29.4,63,943.8,0.0,15.6,2024-06-27 05:00:00
30.2,60,944.2,0.0,13.5,2024-06-27 06:00:00
31.1,58,944.5,0.0,14.1,2024-06-27 07:00:00
32.2,56,944.8,0.0,15.2,2024-06-27 08:00:00
33.2,54,944.9,0.0,14.5,2024-06-27 09:00:00
34.5,49,944.6,0.0,12.6,2024-06-27 10:00:00
35.9,45,944.4,0.0,10.7,2024-06-27 11:00:00
37.2,41,943.8,0.0,11.3,2024-06-27 12:00:00
37.9,37,943.4,0.0,2.8,2024-06-27 13:00:00
37.9,35,942.7,0.0,11.1,2024-06-27 14:00:00
38.6,32,942.3,0.0,8.7,2024-06-27 15:00:00
38.4,30,941.6,0.0,8.7,2024-06-27 16:00:00
38.5,30,940.9,0.0,5.4,2024-06-27 17:00:00
34.4,46,942.5,0.0,19.2,2024-06-27 18:00:00
33.5,49,942.4,0.0,14.2,2024-06-27 19:00:00
32.5,52,942.9,0.0,8.1,2024-06-27 20:00:00
31.8,54,943.5,0.0,6.7,2024-06-27 21:00:00
31.1,57,944.2,0.0,8.2,2024-06-27 22:00:00
30.4,60,944.5,0.0,9.0,2024-06-27 23:00:00
29.9,62,944.6,0.0,9.4,2024-06-28 00:00:00
29.5,64,944.6,0.0,8.5,2024-06-28 01:00:00
29.2,65,944.4,0.0,8.8,2024-06-28 02:00:00
28.9,66,944.1,0.0,9.6,2024-06-28 03:00:00
28.7,68,944.2,0.0,8.3,2024-06-28 04:00:00
28.4,69,944.3,0.0,9.0,2024-06-28 05:00:00
25.5,86,945.1,0.3,7.1,2024-06-28 06:00:00
27.7,74,944.6,0.1,5.0,2024-06-28 07:00:00
30.0,62,944.6,0.0,5.5,2024-06-28 08:00:00
32.0,55,944.3,0.0,9.4,2024-06-28 09:00:00
33.5,48,943.9,0.0,12.2,2024-06-28 10:00:00
34.6,44,943.2,0.0,13.0,2024-06-28 11:00:00
35.6,42,942.8,0.0,12.2,2024-06-28 12:00:00
36.3,40,942.1,0.0,11.2,2024-06-28 13:00:00
36.9,39,941.4,0.0,9.3,2024-06-28 14:00:00
36.7,39,940.6,0.0,9.2,2024-06-28 15:00:00
36.7,38,940.3,0.0,4.0,2024-06-28 16:00:00
36.8,37,939.8,0.0,2.2,2024-06-28 17:00:00
35.3,41,940.4,0.0,2.2,2024-06-28 18:00:00
34.2,44,940.1,0.0,4.3,2024-06-28 19:00:00
32.3,50,940.1,0.0,6.4,2024-06-28 20:00:00
31.5,53,940.8,0.0,2.9,2024-06-28 21:00:00
31.0,54,941.3,0.0,5.9,2024-06-28 22:00:00
30.4,56,941.5,0.0,7.9,2024-06-28 23:00:00
30.1,56,941.6,0.0,7.9,2024-06-29 00:00:00
29.5,59,941.3,0.0,5.8,2024-06-29 01:00:00
29.3,60,941.2,0.0,7.9,2024-06-29 02:00:00
28.9,60,941.3,0.0,12.1,2024-06-29 03:00:00
26.3,73,941.7,5.6,12.5,2024-06-29 04:00:00
26.0,81,941.1,0.1,4.3,2024-06-29 05:00:00
28.8,61,941.6,0.0,5.4,2024-06-29 06:00:00
30.2,56,941.9,0.0,5.6,2024-06-29 07:00:00
31.8,51,941.9,0.0,2.6,2024-06-29 08:00:00
33.2,48,941.9,0.0,2.7,2024-06-29 09:00:00
34.7,44,942.0,0.0,8.0,2024-06-29 10:00:00
35.9,41,941.9,0.0,9.4,2024-06-29 11:00:00
36.8,40,941.5,0.0,9.2,2024-06-29 12:00:00
37.5,38,941.0,0.0,8.3,2024-06-29 13:00:00
38.1,37,940.5,0.0,7.7,2024-06-29 14:00:00
38.1,37,939.8,0.0,7.5,2024-06-29 15:00:00
38.2,37,939.2,0.0,6.0,2024-06-29 16:00:00
37.3,38,938.8,0.0,2.6,2024-06-29 17:00:00
35.6,39,940.3,0.0,6.3,2024-06-29 18:00:00
34.6,42,940.4,0.0,8.0,2024-06-29 19:00:00
32.8,48,940.5,0.0,8.1,2024-06-29 20:00:00
31.5,54,940.9,0.0,3.1,2024-06-29 21:00:00
31.1,54,941.2,0.0,4.6,2024-06-29 22:00:00
30.4,57,941.0,0.0,2.9,2024-06-29 23:00:00
29.9,59,940.9,0.0,4.0,2024-06-30 00:00:00
29.7,61,940.6,0.0,4.8,2024-06-30 01:00:00
29.1,65,940.6,0.0,6.4,2024-06-30 02:00:00
28.7,65,940.7,0.0,5.4,2024-06-30 03:00:00
28.5,66,941.2,0.0,3.4,2024-06-30 04:00:00
27.7,70,941.4,0.0,9.4,2024-06-30 05:00:00
25.9,83,941.4,0.0,1.1,2024-06-30 06:00:00
27.0,76,942.2,0.2,2.3,2024-06-30 07:00:00
28.6,67,942.3,0.1,3.8,2024-06-30 08:00:00
31.0,57,942.5,0.0,6.5,2024-06-30 09:00:00
33.0,52,942.2,0.0,6.2,2024-06-30 10:00:00
34.6,48,941.7,0.0,7.0,2024-06-30 11:00:00
36.1,45,941.0,0.0,8.4,2024-06-30 12:00:00
37.3,42,940.4,0.0,8.9,2024-06-30 13:00:00
37.7,40,939.5,0.0,10.8,2024-06-30 14:00:00
37.9,38,938.7,0.0,10.4,2024-06-30 15:00:00
37.9,37,937.8,0.0,8.5,2024-06-30 16:00:00
37.5,38,937.0,0.0,7.7,2024-06-30 17:00:00
35.8,44,937.9,0.0,7.5,2024-06-30 18:00:00
34.1,51,937.8,0.0,10.3,2024-06-30 19:00:00
32.7,55,938.2,0.0,9.8,2024-06-30 20:00:00
31.9,58,939.1,0.0,8.0,2024-06-30 21:00:00
31.5,59,939.5,0.0,7.9,2024-06-30 22:00:00
31.1,60,939.6,0.0,8.5,2024-06-30 23:00:00
30.8,62,939.7,0.0,9.6,2024-07-01 00:00:00
30.4,63,939.4,0.0,10.1,2024-07-01 01:00:00
29.8,67,939.2,0.2,10.6,2024-07-01 02:00:00
27.0,81,939.5,3.5,10.0,2024-07-01 03:00:00
26.8,83,939.1,1.8,9.7,2024-07-01 04:00:00
26.5,84,939.5,0.1,9.4,2024-07-01 05:00:00
26.8,86,938.9,0.0,4.0,2024-07-01 06:00:00
27.4,82,939.2,0.0,4.1,2024-07-01 07:00:00
29.9,67,939.5,0.0,6.3,2024-07-01 08:00:00
32.3,57,939.7,0.0,3.6,2024-07-01 09:00:00
34.2,52,939.4,0.0,4.3,2024-07-01 10:00:00
35.6,48,938.9,0.0,7.5,2024-07-01 11:00:00
36.6,45,938.1,0.0,7.7,2024-07-01 12:00:00
37.4,42,937.2,0.0,7.6,2024-07-01 13:00:00
37.9,40,936.3,0.0,8.7,2024-07-01 14:00:00
38.4,38,935.7,0.0,9.7,2024-07-01 15:00:00
38.3,38,935.2,0.0,10.6,2024-07-01 16:00:00
38.1,37,934.7,0.0,7.9,2024-07-01 17:00:00
34.5,53,935.6,0.0,12.3,2024-07-01 18:00:00
33.4,57,935.5,0.0,11.5,2024-07-01 19:00:00
31.9,63,936.1,0.0,8.2,2024-07-01 20:00:00
31.2,67,936.9,0.0,8.5,2024-07-01 21:00:00
31.0,67,937.3,0.0,9.4,2024-07-01 22:00:00
30.7,68,937.3,0.0,7.3,2024-07-01 23:00:00
30.4,69,937.2,0.0,7.4,2024-07-02 00:00:00
30.1,70,936.4,0.0,9.4,2024-07-02 01:00:00
29.5,72,936.1,0.0,11.3,2024-07-02 02:00:00
25.5,93,936.9,9.3,15.1,2024-07-02 03:00:00
25.8,93,936.8,0.7,6.2,2024-07-02 04:00:00
25.6,94,937.0,0.9,6.6,2024-07-02 05:00:00
25.1,90,936.5,4.7,17.3,2024-07-02 06:00:00
26.7,84,936.6,0.2,10.1,2024-07-02 07:00:00
28.3,76,937.2,0.1,9.5,2024-07-02 08:00:00
29.4,70,937.6,3.0,4.9,2024-07-02 09:00:00
31.3,64,937.4,0.0,6.8,2024-07-02 10:00:00
32.9,60,937.5,0.0,3.6,2024-07-02 11:00:00
34.1,59,937.1,0.0,4.8,2024-07-02 12:00:00
35.4,55,936.6,0.0,3.7,2024-07-02 13:00:00
36.2,52,935.7,0.0,4.3,2024-07-02 14:00:00
36.6,49,935.1,0.0,5.4,2024-07-02 15:00:00
36.8,48,934.8,0.0,3.5,2024-07-02 16:00:00
36.8,46,934.6,0.0,1.9,2024-07-02 17:00:00
35.0,54,935.3,0.0,6.6,2024-07-02 18:00:00
33.3,60,935.7,0.0,7.9,2024-07-02 19:00:00
32.1,63,936.2,0.0,9.4,2024-07-02 20:00:00
31.5,64,936.8,0.0,7.6,2024-07-02 21:00:00
31.1,66,937.4,0.0,7.1,2024-07-02 22:00:00
30.7,68,937.5,0.0,6.1,2024-07-02 23:00:00
29.6,76,937.6,0.0,4.5,2024-07-03 00:00:00
28.5,76,937.2,0.0,12.5,2024-07-03 01:00:00
27.4,77,937.8,1.0,10.4,2024-07-03 02:00:00
26.1,87,937.1,0.6,6.5,2024-07-03 03:00:00
26.7,86,937.9,0.0,6.8,2024-07-03 04:00:00
26.5,87,938.8,0.0,3.9,2024-07-03 05:00:00
29.5,77,938.1,0.0,9.8,2024-07-03 06:00:00
30.4,73,938.6,0.0,5.8,2024-07-03 07:00:00
31.3,71,938.8,0.0,7.6,2024-07-03 08:00:00
32.5,68,938.9,0.0,3.7,2024-07-03 09:00:00
33.8,63,938.6,0.0,4.3,2024-07-03 10:00:00
35.3,57,938.5,0.0,5.5,2024-07-03 11:00:00
36.4,52,938.4,0.0,7.3,2024-07-03 12:00:00
37.3,49,938.0,0.0,7.9,2024-07-03 13:00:00
37.8,48,937.6,0.0,7.9,2024-07-03 14:00:00
38.1,46,937.2,0.0,5.6,2024-07-03 15:00:00
38.3,44,936.9,0.0,2.9,2024-07-03 16:00:00
38.1,44,936.8,0.0,1.3,2024-07-03 17:00:00
35.3,56,937.9,0.0,17.9,2024-07-03 18:00:00
33.1,63,938.3,0.0,12.6,2024-07-03 19:00:00
32.4,63,938.8,0.0,11.2,2024-07-03 20:00:00
32.1,64,939.4,0.0,8.9,2024-07-03 21:00:00
31.6,66,940.1,0.0,8.5,2024-07-03 22:00:00
31.5,66,940.8,0.0,11.9,2024-07-03 23:00:00
30.4,71,941.2,0.0,15.0,2024-07-04 00:00:00
29.1,78,941.3,0.1,20.6,2024-07-04 01:00:00
26.4,91,941.1,4.6,13.9,2024-07-04 02:00:00
25.9,89,941.8,2.4,13.7,2024-07-04 03:00:00
25.8,90,942.2,0.0,10.2,2024-07-04 04:00:00
25.8,89,942.3,0.1,11.6,2024-07-04 05:00:00
26.9,84,942.5,0.0,13.6,2024-07-04 06:00:00
26.8,86,943.3,0.0,13.7,2024-07-04 07:00:00
27.5,82,943.4,0.0,15.1,2024-07-04 08:00:00
28.7,76,943.8,0.0,15.9,2024-07-04 09:00:00
30.1,70,943.9,0.0,16.6,2024-07-04 10:00:00
30.5,68,943.9,0.0,17.4,2024-07-04 11:00:00
30.9,66,943.5,0.0,16.5,2024-07-04 12:00:00
31.4,65,943.3,0.1,17.9,2024-07-04 13:00:00
31.9,62,942.3,0.0,17.6,2024-07-04 14:00:00
32.9,59,942.1,0.0,15.1,2024-07-04 15:00:00
32.4,61,941.4,0.0,13.5,2024-07-04 16:00:00
32.5,60,940.7,0.0,12.1,2024-07-04 17:00:00
31.0,67,940.9,0.0,12.5,2024-07-04 18:00:00
30.1,70,940.9,0.0,11.2,2024-07-04 19:00:00
29.3,73,940.9,0.0,10.7,2024-07-04 20:00:00
29.0,74,941.9,0.0,11.7,2024-07-04 21:00:00
28.3,75,942.2,0.0,14.0,2024-07-04 22:00:00
27.8,78,942.1,0.0,11.6,2024-07-04 23:00:00
26.5,86,942.1,1.7,7.0,2024-07-05 00:00:00
26.4,87,941.3,0.1,10.5,2024-07-05 01:00:00
26.2,87,940.7,0.0,9.9,2024-07-05 02:00:00
25.1,90,941.1,2.0,10.6,2024-07-05 03:00:00
25.0,90,941.1,1.4,5.4,2024-07-05 04:00:00
24.9,92,941.1,0.5,2.3,2024-07-05 05:00:00
25.4,90,941.1,0.2,6.2,2024-07-05 06:00:00
25.8,89,940.7,0.1,8.6,2024-07-05 07:00:00
26.5,86,940.9,0.1,7.9,2024-07-05 08:00:00
26.7,86,941.0,0.1,6.5,2024-07-05 09:00:00
28.2,78,941.1,0.2,10.8,2024-07-05 10:00:00
28.5,73,940.9,1.0,12.8,2024-07-05 11:00:00
27.3,85,940.3,0.5,11.1,2024-07-05 12:00:00
29.0,75,939.6,0.3,7.4,2024-07-05 13:00:00
29.7,73,938.8,0.1,9.8,2024-07-05 14:00:00
30.0,71,938.0,0.3,9.3,2024-07-05 15:00:00
31.1,65,937.4,0.1,13.0,2024-07-05 16:00:00
30.4,65,936.9,0.0,17.8,2024-07-05 17:00:00
30.9,60,936.2,0.0,9.4,2024-07-05 18:00:00
29.9,64,936.0,0.0,6.5,2024-07-05 19:00:00
29.1,66,936.6,0.0,7.4,2024-07-05 20:00:00
28.4,69,937.3,0.0,5.8,2024-07-05 21:00:00
28.2,70,938.0,0.0,8.7,2024-07-05 22:00:00
23.8,90,938.4,3.0,12.2,2024-07-05 23:00:00
22.9,94,938.5,5.4,12.3,2024-07-06 00:00:00
23.2,90,937.3,0.5,10.5,2024-07-06 01:00:00
23.3,91,937.2,1.9,7.6,2024-07-06 02:00:00
22.8,94,938.1,5.7,12.2,2024-07-06 03:00:00
22.5,94,937.4,4.7,9.2,2024-07-06 04:00:00
21.9,97,938.2,6.6,8.7,2024-07-06 05:00:00
23.4,97,937.9,0.0,14.1,2024-07-06 06:00:00
24.4,90,938.1,0.0,12.7,2024-07-06 07:00:00
25.7,84,939.2,0.0,9.7,2024-07-06 08:00:00
27.0,78,939.6,0.0,7.7,2024-07-06 09:00:00
28.4,71,939.6,0.0,10.0,2024-07-06 10:00:00
29.1,69,939.9,0.0,7.9,2024-07-06 11:00:00
29.7,67,939.4,0.0,8.9,2024-07-06 12:00:00
30.4,64,938.7,0.0,6.8,2024-07-06 13:00:00
31.3,60,938.2,0.0,6.0,2024-07-06 14:00:00
31.8,58,937.5,0.0,6.5,2024-07-06 15:00:00
31.8,57,937.0,0.0,6.8,2024-07-06 16:00:00
31.6,57,936.8,0.0,7.3,2024-07-06 17:00:00
30.2,66,937.4,0.0,8.3,2024-07-06 18:00:00
28.7,72,937.4,0.0,7.4,2024-07-06 19:00:00
27.4,78,938.1,0.0,6.4,2024-07-06 20:00:00
27.2,78,938.9,0.0,8.0,2024-07-06 21:00:00
25.8,86,939.7,0.0,4.3,2024-07-06 22:00:00
25.8,85,939.9,0.0,7.1,2024-07-06 23:00:00
25.7,85,939.9,0.0,6.8,2024-07-07 00:00:00
25.3,85,939.8,0.0,6.0,2024-07-07 01:00:00
25.1,82,939.4,0.0,9.4,2024-07-07 02:00:00
25.0,82,939.6,0.0,11.4,2024-07-07 03:00:00
23.4,85,941.2,0.0,12.9,2024-07-07 04:00:00
22.1,91,941.9,0.7,16.9,2024-07-07 05:00:00
22.5,87,940.9,0.0,6.0,2024-07-07 06:00:00
24.5,79,941.7,0.0,5.9,2024-07-07 07:00:00
27.0,69,942.8,0.0,8.3,2024-07-07 08:00:00
28.2,67,943.4,0.1,6.1,2024-07-07 09:00:00
29.5,62,943.4,0.0,3.7,2024-07-07 10:00:00
30.5,59,943.7,0.0,7.8,2024-07-07 11:00:00
30.8,59,943.2,0.0,5.9,2024-07-07 12:00:00
30.8,59,942.4,0.0,7.9,2024-07-07 13:00:00
30.6,61,941.8,0.0,10.1,2024-07-07 14:00:00
30.4,62,941.4,0.0,8.5,2024-07-07 15:00:00
30.3,64,940.9,0.0,8.1,2024-07-07 16:00:00
30.1,67,940.6,0.0,5.8,2024-07-07 17:00:00
29.6,62,941.8,0.0,1.1,2024-07-07 18:00:00
27.6,74,941.3,0.0,4.8,2024-07-07 19:00:00
26.7,76,941.3,0.0,9.0,2024-07-07 20:00:00
26.3,77,942.0,0.0,9.4,2024-07-07 21:00:00
25.7,81,942.5,0.0,7.4,2024-07-07 22:00:00
25.0,86,943.0,0.0,4.7,2024-07-07 23:00:00
24.7,88,943.5,0.0,3.6,2024-07-08 00:00:00
24.6,88,943.6,0.0,6.6,2024-07-08 01:00:00
24.4,88,944.0,0.0,7.1,2024-07-08 02:00:00
24.3,86,944.0,0.0,7.7,2024-07-08 03:00:00
24.3,86,944.1,0.0,6.9,2024-07-08 04:00:00
23.9,87,944.3,0.0,4.8,2024-07-08 05:00:00
26.2,76,944.7,0.0,3.4,2024-07-08 06:00:00
26.8,77,945.3,0.0,7.4,2024-07-08 07:00:00
27.9,76,945.4,0.0,1.0,2024-07-08 08:00:00
29.7,70,945.6,0.0,2.6,2024-07-08 09:00:00
30.8,68,945.3,0.0,5.9,2024-07-08 10:00:00
31.9,65,945.4,0.0,7.1,2024-07-08 11:00:00
32.7,61,945.2,0.0,7.3,2024-07-08 12:00:00
32.9,59,944.7,0.0,8.2,2024-07-08 13:00:00
33.5,56,944.3,0.0,7.6,2024-07-08 14:00:00
33.7,54,944.0,0.0,6.1,2024-07-08 15:00:00
33.7,54,943.5,0.0,5.2,2024-07-08 16:00:00
33.2,56,943.0,0.0,4.1,2024-07-08 17:00:00
32.8,62,942.9,0.0,2.2,2024-07-08 18:00:00
30.8,74,942.6,0.0,4.4,2024-07-08 19:00:00
28.9,78,942.4,0.0,3.8,2024-07-08 20:00:00
28.5,75,943.2,0.0,2.5,2024-07-08 21:00:00
28.0,77,944.1,0.0,3.8,2024-07-08 22:00:00
27.6,78,944.5,0.0,5.6,2024-07-08 23:00:00
27.6,76,944.9,0.0,7.0,2024-07-09 00:00:00
27.0,79,944.8,0.0,8.0,2024-07-09 01:00:00
26.7,83,945.3,0.1,11.6,2024-07-09 02:00:00
25.9,86,945.5,0.1,13.3,2024-07-09 03:00:00
24.7,88,946.5,1.4,10.7,2024-07-09 04:00:00
24.5,88,946.1,0.3,7.5,2024-07-09 05:00:00
24.8,86,946.9,0.0,6.7,2024-07-09 06:00:00
25.8,80,946.8,0.0,8.7,2024-07-09 07:00:00
27.0,75,946.9,0.0,8.0,2024-07-09 08:00:00
28.3,75,946.7,0.0,6.0,2024-07-09 09:00:00
30.0,73,947.0,0.0,6.2,2024-07-09 10:00:00
31.4,68,946.8,0.0,6.4,2024-07-09 11:00:00
32.5,62,946.7,0.1,8.8,2024-07-09 12:00:00
33.1,60,946.1,0.0,9.4,2024-07-09 13:00:00
33.6,58,945.7,0.0,10.1,2024-07-09 14:00:00
33.5,59,945.2,0.0,9.4,2024-07-09 15:00:00
33.0,60,944.5,0.5,8.3,2024-07-09 16:00:00
33.1,59,944.0,0.0,7.3,2024-07-09 17:00:00
32.8,62,943.6,0.0,6.4,2024-07-09 18:00:00
31.1,71,943.3,0.0,4.5,2024-07-09 19:00:00
29.9,74,943.2,0.0,5.1,2024-07-09 20:00:00
29.3,76,943.7,0.0,4.3,2024-07-09 21:00:00
29.0,76,944.1,0.0,1.6,2024-07-09 22:00:00
28.4,79,944.4,0.0,2.7,2024-07-09 23:00:00
28.1,80,944.8,0.0,4.8,2024-07-10 00:00:00
27.7,79,945.4,0.0,9.0,2024-07-10 01:00:00
27.2,82,945.6,0.0,9.8,2024-07-10 02:00:00
25.9,86,945.7,0.6,15.9,2024-07-10 03:00:00
23.8,94,946.7,9.3,9.7,2024-07-10 04:00:00
24.2,92,946.8,0.4,8.5,2024-07-10 05:00:00
25.5,86,946.4,0.0,5.8,2024-07-10 06:00:00
26.3,83,946.9,0.0,4.0,2024-07-10 07:00:00
27.4,80,947.0,0.0,3.7,2024-07-10 08:00:00
28.9,77,947.4,0.0,6.1,2024-07-10 09:00:00
30.6,71,948.0,0.0,1.3,2024-07-10 10:00:00
31.0,70,947.8,0.2,4.7,2024-07-10 11:00:00
31.8,68,947.5,0.2,5.8,2024-07-10 12:00:00
32.2,66,946.5,0.1,4.8,2024-07-10 13:00:00
32.8,65,945.6,0.1,2.4,2024-07-10 14:00:00
33.0,64,945.0,0.1,4.0,2024-07-10 15:00:00
32.8,64,944.2,0.0,6.2,2024-07-10 16:00:00
32.9,60,943.9,0.0,9.0,2024-07-10 17:00:00
31.7,68,943.8,0.0,4.2,2024-07-10 18:00:00
30.1,80,943.4,0.0,2.9,2024-07-10 19:00:00
28.5,79,943.0,0.0,3.5,2024-07-10 20:00:00
28.0,75,943.2,0.0,4.6,2024-07-10 21:00:00
27.7,73,943.5,0.0,6.1,2024-07-10 22:00:00
27.6,73,943.6,0.0,6.1,2024-07-10 23:00:00
27.4,76,943.5,0.0,4.8,2024-07-11 00:00:00
27.1,80,943.3,0.0,3.9,2024-07-11 01:00:00
26.9,83,943.0,0.0,3.4,2024-07-11 02:00:00
26.7,85,942.6,0.0,3.8,2024-07-11 03:00:00
26.4,87,942.2,0.0,5.4,2024-07-11 04:00:00
27.5,80,942.4,0.0,0.7,2024-07-11 05:00:00
27.2,83,943.3,0.0,1.8,2024-07-11 06:00:00
27.7,83,943.7,0.0,3.6,2024-07-11 07:00:00
28.9,78,943.6,0.0,1.1,2024-07-11 08:00:00
30.7,72,942.9,0.0,3.1,2024-07-11 09:00:00
32.0,63,942.5,0.1,8.7,2024-07-11 10:00:00
27.4,76,943.7,3.0,24.0,2024-07-11 11:00:00
25.8,84,942.6,3.5,12.3,2024-07-11 12:00:00
28.3,76,941.8,0.0,6.3,2024-07-11 13:00:00
30.7,69,941.0,0.0,5.6,2024-07-11 14:00:00
31.3,68,940.3,0.0,4.7,2024-07-11 15:00:00
31.5,68,939.5,0.0,7.1,2024-07-11 16:00:00
31.1,68,939.0,0.0,8.2,2024-07-11 17:00:00
32.7,63,938.5,0.6,5.1,2024-07-11 18:00:00
31.8,67,938.0,0.0,2.3,2024-07-11 19:00:00
29.4,81,937.7,0.0,3.6,2024-07-11 20:00:00
28.7,82,938.1,0.0,3.4,2024-07-11 21:00:00
28.3,81,938.3,0.0,5.0,2024-07-11 22:00:00
27.7,82,938.4,0.0,4.6,2024-07-11 23:00:00
27.5,82,938.3,0.0,4.7,2024-07-12 00:00:00
27.5,81,938.1,0.0,5.2,2024-07-12 01:00:00
27.2,83,938.0,0.0,6.0,2024-07-12 02:00:00
26.7,84,937.8,0.0,5.4,2024-07-12 03:00:00
26.9,81,937.9,0.0,6.9,2024-07-12 04:00:00
26.4,80,937.8,0.0,6.9,2024-07-12 05:00:00
27.6,77,938.1,0.0,7.1,2024-07-12 06:00:00
29.0,74,938.4,0.0,4.8,2024-07-12 07:00:00
30.6,67,939.0,0.0,4.9,2024-07-12 08:00:00
31.6,63,939.2,0.0,4.7,2024-07-12 09:00:00
32.3,58,939.4,1.5,7.9,2024-07-12 10:00:00
28.5,71,939.9,0.0,19.8,2024-07-12 11:00:00
29.2,70,939.1,0.0,3.6,2024-07-12 12:00:00
30.6,65,939.5,0.0,3.2,2024-07-12 13:00:00
32.0,58,938.7,0.0,2.0,2024-07-12 14:00:00
32.5,56,937.9,0.0,9.0,2024-07-12 15:00:00
32.3,58,938.2,0.0,13.0,2024-07-12 16:00:00
30.7,65,938.4,0.0,10.0,2024-07-12 17:00:00
29.2,66,939.3,0.0,12.3,2024-07-12 18:00:00
28.1,71,938.9,0.0,8.8,2024-07-12 19:00:00
26.9,75,939.1,0.0,6.6,2024-07-12 20:00:00
25.8,81,939.2,0.0,5.8,2024-07-12 21:00:00
25.6,80,939.5,0.0,2.7,2024-07-12 22:00:00
25.2,82,939.2,0.0,5.1,2024-07-12 23:00:00
24.6,85,939.7,0.0,4.0,2024-07-13 00:00:00
24.3,88,939.8,0.0,4.8,2024-07-13 01:00:00
25.3,81,940.1,0.0,1.6,2024-07-13 02:00:00
23.8,90,939.8,0.0,6.2,2024-07-13 03:00:00
23.5,92,939.9,0.0,7.2,2024-07-13 04:00:00
23.6,90,939.9,0.0,5.7,2024-07-13 05:00:00
24.6,86,941.2,0.0,7.1,2024-07-13 06:00:00
25.9,81,941.4,0.0,7.3,2024-07-13 07:00:00
27.7,73,942.1,0.0,5.7,2024-07-13 08:00:00
29.5,65,942.5,0.0,1.6,2024-07-13 09:00:00
31.0,57,942.4,0.0,5.2,2024-07-13 10:00:00
31.4,54,941.8,0.0,3.1,2024-07-13 11:00:00
32.1,51,941.2,0.0,4.0,2024-07-13 12:00:00
32.5,51,940.9,0.0,3.3,2024-07-13 13:00:00
32.2,52,940.3,0.0,3.2,2024-07-13 14:00:00
32.2,52,939.8,0.0,3.2,2024-07-13 15:00:00
32.4,51,939.2,0.0,2.3,2024-07-13 16:00:00
31.8,53,939.0,0.0,5.4,2024-07-13 17:00:00
31.9,57,939.0,0.0,3.2,2024-07-13 18:00:00
30.7,59,939.0,0.0,2.6,2024-07-13 19:00:00
28.3,72,939.0,0.0,3.6,2024-07-13 20:00:00
28.1,68,939.6,0.0,3.7,2024-07-13 21:00:00
27.7,69,939.7,0.0,4.2,2024-07-13 22:00:00
26.9,75,939.9,0.0,6.6,2024-07-13 23:00:00
26.7,76,940.0,0.0,5.4,2024-07-14 00:00:00
26.6,74,939.9,0.0,4.2,2024-07-14 01:00:00
26.4,74,939.7,0.0,6.2,2024-07-14 02:00:00
26.1,76,939.6,0.0,6.0,2024-07-14 03:00:00
26.0,76,939.8,0.0,5.5,2024-07-14 04:00:00
25.5,77,939.7,1.4,5.2,2024-07-14 05:00:00
23.1,74,941.4,10.7,19.7,2024-07-14 06:00:00
24.0,81,941.3,1.7,5.2,2024-07-14 07:00:00
24.9,80,941.4,0.3,4.1,2024-07-14 08:00:00
27.1,72,941.3,0.0,6.6,2024-07-14 09:00:00
29.2,60,942.0,0.0,6.2,2024-07-14 10:00:00
30.7,57,941.9,0.0,6.6,2024-07-14 11:00:00
31.5,57,941.3,0.0,4.9,2024-07-14 12:00:00
32.4,52,940.9,0.0,4.3,2024-07-14 13:00:00
33.1,49,940.3,0.0,4.0,2024-07-14 14:00:00
33.3,47,939.7,0.0,2.4,2024-07-14 15:00:00
33.4,47,939.5,0.0,4.2,2024-07-14 16:00:00
32.9,49,939.2,0.0,4.3,2024-07-14 17:00:00
32.2,56,939.8,0.0,4.5,2024-07-14 18:00:00
29.9,76,939.5,0.0,6.2,2024-07-14 19:00:00
28.1,78,940.0,0.0,7.6,2024-07-14 20:00:00
28.6,72,940.9,0.0,6.3,2024-07-14 21:00:00
26.7,81,940.9,0.0,3.3,2024-07-14 22:00:00
26.5,78,941.2,0.0,5.1,2024-07-14 23:00:00
28.3,66,941.9,0.0,4.2,2024-07-15 00:00:00
27.1,71,941.8,0.0,4.7,2024-07-15 01:00:00
25.4,79,941.6,0.0,7.1,2024-07-15 02:00:00
25.2,77,941.6,0.0,7.1,2024-07-15 03:00:00
25.0,78,942.0,0.0,7.0,2024-07-15 04:00:00
24.8,78,942.4,0.0,6.8,2024-07-15 05:00:00
26.2,65,943.3,0.0,6.2,2024-07-15 06:00:00
27.7,62,944.1,0.0,7.4,2024-07-15 07:00:00
29.5,58,944.8,0.0,5.9,2024-07-15 08:00:00
31.0,57,945.3,0.0,5.2,2024-07-15 09:00:00
32.3,56,945.3,0.0,3.1,2024-07-15 10:00:00
33.5,54,945.3,0.0,1.8,2024-07-15 11:00:00
34.4,50,944.9,0.0,3.6,2024-07-15 12:00:00
35.0,47,944.4,0.0,6.1,2024-07-15 13:00:00
35.4,45,943.8,0.0,5.7,2024-07-15 14:00:00
35.6,44,943.2,0.0,5.2,2024-07-15 15:00:00
35.3,45,942.5,0.0,8.3,2024-07-15 16:00:00
34.5,48,941.9,0.0,11.3,2024-07-15 17:00:00
33.1,55,942.4,0.0,9.7,2024-07-15 18:00:00
31.4,59,942.4,0.0,12.6,2024-07-15 19:00:00
30.1,62,942.4,0.0,11.8,2024-07-15 20:00:00
29.1,66,942.5,0.0,10.2,2024-07-15 21:00:00
28.2,69,942.6,0.0,6.9,2024-07-15 22:00:00
27.4,72,942.6,0.0,5.5,2024-07-15 23:00:00
27.1,72,942.6,0.0,4.8,2024-07-16 00:00:00
26.9,69,942.5,0.0,3.9,2024-07-16 01:00:00
26.6,70,942.6,0.0,4.3,2024-07-16 02:00:00
26.7,69,943.0,0.0,6.4,2024-07-16 03:00:00
25.3,76,943.0,0.0,7.4,2024-07-16 04:00:00
25.9,69,943.7,0.0,7.1,2024-07-16 05:00:00
27.0,66,945.4,0.0,7.0,2024-07-16 06:00:00
28.1,65,945.8,0.0,8.6,2024-07-16 07:00:00
29.8,60,946.2,0.0,7.1,2024-07-16 08:00:00
31.7,54,946.5,0.0,4.3,2024-07-16 09:00:00
33.2,49,946.2,0.0,3.9,2024-07-16 10:00:00
34.3,46,946.0,0.0,7.6,2024-07-16 11:00:00
34.9,44,945.5,0.0,8.3,2024-07-16 12:00:00
35.4,43,945.2,0.0,7.9,2024-07-16 13:00:00
35.8,42,944.5,0.0,6.2,2024-07-16 14:00:00
35.8,41,943.7,0.0,4.0,2024-07-16 15:00:00
35.8,41,943.0,0.0,5.3,2024-07-16 16:00:00
35.0,43,942.4,0.0,9.0,2024-07-16 17:00:00
33.5,52,942.8,0.0,9.7,2024-07-16 18:00:00
31.6,55,942.1,0.0,9.2,2024-07-16 19:00:00
30.6,57,942.0,0.0,9.4,2024-07-16 20:00:00
29.3,61,941.7,0.0,7.7,2024-07-16 21:00:00
28.3,65,941.6,0.0,6.7,2024-07-16 22:00:00
27.7,66,941.6,0.0,4.2,2024-07-16 23:00:00
27.5,65,941.9,0.0,3.6,2024-07-17 00:00:00
27.2,67,942.0,0.0,3.9,2024-07-17 01:00:00
26.8,66,942.2,0.0,6.5,2024-07-17 02:00:00
26.7,67,942.6,0.0,6.1,2024-07-17 03:00:00
26.7,67,942.9,0.0,8.7,2024-07-17 04:00:00
26.8,68,943.6,0.0,9.0,2024-07-17 05:00:00
28.0,66,944.1,0.0,7.5,2024-07-17 06:00:00
29.4,64,945.0,0.0,9.2,2024-07-17 07:00:00
30.9,61,945.8,0.0,10.2,2024-07-17 08:00:00
32.3,60,945.8,0.0,10.3,2024-07-17 09:00:00
33.5,57,945.6,0.0,9.3,2024-07-17 10:00:00
34.7,52,945.5,0.0,7.9,2024-07-17 11:00:00
33.9,55,945.3,0.3,9.1,2024-07-17 12:00:00
34.8,50,944.9,0.0,7.4,2024-07-17 13:00:00
35.5,47,943.8,0.0,6.9,2024-07-17 14:00:00
35.6,46,943.0,0.0,4.3,2024-07-17 15:00:00
35.5,48,942.2,0.0,7.0,2024-07-17 16:00:00
34.7,51,941.6,0.0,9.8,2024-07-17 17:00:00
34.0,50,941.2,0.0,8.4,2024-07-17 18:00:00
32.2,56,940.8,0.0,6.2,2024-07-17 19:00:00
31.3,58,940.8,0.0,8.5,2024-07-17 20:00:00
30.2,60,940.9,0.0,6.1,2024-07-17 21:00:00
29.5,62,941.1,0.0,5.7,2024-07-17 22:00:00
29.1,65,941.4,0.0,5.0,2024-07-17 23:00:00
28.9,68,941.7,0.0,4.1,2024-07-18 00:00:00
28.8,69,941.9,0.0,3.4,2024-07-18 01:00:00
28.5,75,941.7,0.0,4.8,2024-07-18 02:00:00
27.8,74,941.4,0.0,5.5,2024-07-18 03:00:00
25.3,85,942.6,8.8,17.6,2024-07-18 04:00:00
24.8,87,941.9,1.9,17.3,2024-07-18 05:00:00
25.6,85,943.9,0.1,12.3,2024-07-18 06:00:00
26.9,78,944.6,0.0,11.3,2024-07-18 07:00:00
26.7,83,944.8,5.1,11.5,2024-07-18 08:00:00
26.8,82,945.4,0.7,7.9,2024-07-18 09:00:00
27.0,84,944.4,0.4,7.2,2024-07-18 10:00:00
29.5,73,944.4,0.0,7.6,2024-07-18 11:00:00
30.3,70,944.0,0.0,5.2,2024-07-18 12:00:00
31.8,65,943.3,0.0,4.2,2024-07-18 13:00:00
32.8,62,942.1,0.0,1.8,2024-07-18 14:00:00
33.4,59,941.0,0.0,3.6,2024-07-18 15:00:00
33.8,56,940.0,0.0,6.7,2024-07-18 16:00:00
33.4,54,939.8,0.0,9.4,2024-07-18 17:00:00
31.6,64,940.2,0.0,5.1,2024-07-18 18:00:00
30.0,79,940.0,0.0,4.3,2024-07-18 19:00:00
28.7,73,940.0,0.0,4.0,2024-07-18 20:00:00
27.9,74,940.5,0.0,3.9,2024-07-18 21:00:00
27.5,75,941.0,0.0,3.2,2024-07-18 22:00:00
27.3,76,941.1,0.0,3.2,2024-07-18 23:00:00
27.0,78,941.4,0.0,5.3,2024-07-19 00:00:00
26.4,82,941.2,0.0,7.2,2024-07-19 01:00:00
26.0,84,941.4,0.0,5.4,2024-07-19 02:00:00
25.9,85,941.5,0.0,7.6,2024-07-19 03:00:00
25.9,84,941.6,0.0,8.4,2024-07-19 04:00:00
26.0,82,941.2,0.0,6.9,2024-07-19 05:00:00
26.9,79,941.8,0.0,6.0,2024-07-19 06:00:00
28.1,76,941.9,0.0,5.2,2024-07-19 07:00:00
29.4,72,942.3,0.0,5.5,2024-07-19 08:00:00
30.6,69,942.3,0.0,6.1,2024-07-19 09:00:00
31.7,66,941.9,0.0,5.4,2024-07-19 10:00:00
32.9,60,941.7,0.0,6.9,2024-07-19 11:00:00
33.8,55,941.4,0.0,9.7,2024-07-19 12:00:00
34.2,52,940.6,0.0,10.5,2024-07-19 13:00:00
34.7,50,939.7,0.0,9.0,2024-07-19 14:00:00
34.9,50,939.1,0.0,9.0,2024-07-19 15:00:00
34.8,50,938.1,0.0,7.3,2024-07-19 16:00:00
34.2,51,937.8,0.0,7.9,2024-07-19 17:00:00
31.8,65,939.4,0.0,6.1,2024-07-19 18:00:00
30.1,74,939.3,0.0,4.3,2024-07-19 19:00:00
29.0,76,939.5,0.0,5.0,2024-07-19 20:00:00
28.3,79,940.1,0.0,3.9,2024-07-19 21:00:00
27.9,81,940.5,0.0,3.2,2024-07-19 22:00:00
27.6,83,940.8,0.0,3.9,2024-07-19 23:00:00
27.0,87,941.0,0.0,6.4,2024-07-20 00:00:00
27.2,85,941.0,0.0,4.0,2024-07-20 01:00:00
27.2,83,941.0,0.0,5.7,2024-07-20 02:00:00
26.9,82,941.0,0.0,6.4,2024-07-20 03:00:00
26.9,81,941.4,0.0,6.3,2024-07-20 04:00:00
26.2,87,941.6,0.0,7.6,2024-07-20 05:00:00
28.5,76,941.9,0.0,4.7,2024-07-20 06:00:00
29.7,73,942.6,0.0,4.7,2024-07-20 07:00:00
31.1,67,943.4,0.0,5.9,2024-07-20 08:00:00
32.0,65,943.2,0.0,5.6,2024-07-20 09:00:00
32.1,66,943.2,0.0,3.9,2024-07-20 10:00:00
32.4,64,943.5,0.0,10.2,2024-07-20 11:00:00
32.4,63,942.7,0.0,7.1,2024-07-20 12:00:00
33.8,58,942.0,0.1,5.7,2024-07-20 13:00:00
34.6,55,941.2,0.0,7.1,2024-07-20 14:00:00
34.7,53,940.8,0.0,9.1,2024-07-20 15:00:00
34.4,54,940.3,0.0,10.1,2024-07-20 16:00:00
34.1,53,939.9,0.0,10.2,2024-07-20 17:00:00
33.7,60,939.6,0.0,7.2,2024-07-20 18:00:00
31.8,64,939.6,0.0,5.9,2024-07-20 19:00:00
30.7,67,940.1,0.0,5.7,2024-07-20 20:00:00
30.1,69,940.4,0.0,5.2,2024-07-20 21:00:00
29.4,72,940.7,0.0,4.2,2024-07-20 22:00:00
29.0,75,941.1,0.0,3.4,2024-07-20 23:00:00
28.5,78,941.4,0.0,5.0,2024-07-21 00:00:00
28.1,76,941.5,0.0,5.2,2024-07-21 01:00:00
27.9,74,941.5,0.0,6.1,2024-07-21 02:00:00
27.8,75,941.8,0.0,10.1,2024-07-21 03:00:00
27.5,81,941.9,0.0,10.0,2024-07-21 04:00:00
26.9,86,942.4,0.0,9.5,2024-07-21 05:00:00
27.5,87,942.2,0.0,9.7,2024-07-21 06:00:00
28.3,80,942.6,0.0,12.3,2024-07-21 07:00:00
29.4,76,942.6,0.0,10.1,2024-07-21 08:00:00
30.8,71,942.5,0.0,7.3,2024-07-21 09:00:00
32.1,67,942.7,0.0,7.8,2024-07-21 10:00:00
33.3,63,942.6,0.0,6.1,2024-07-21 11:00:00
34.6,56,942.3,0.0,5.7,2024-07-21 12:00:00
35.2,53,941.6,0.0,6.4,2024-07-21 13:00:00
35.4,52,941.0,0.0,4.1,2024-07-21 14:00:00
35.6,51,940.4,0.0,4.0,2024-07-21 15:00:00
35.9,49,939.8,0.0,5.1,2024-07-21 16:00:00
35.7,48,939.8,0.0,6.1,2024-07-21 17:00:00
34.3,57,939.8,0.0,6.6,2024-07-21 18:00:00
32.5,62,939.8,0.0,6.2,2024-07-21 19:00:00
31.1,70,939.8,0.0,7.2,2024-07-21 20:00:00
31.1,67,940.5,0.0,6.1,2024-07-21 21:00:00
29.7,74,940.7,0.0,5.7,2024-07-21 22:00:00
29.7,72,941.1,0.0,4.7,2024-07-21 23:00:00
29.2,74,941.3,0.0,7.6,2024-07-22 00:00:00
29.0,74,941.2,0.0,8.4,2024-07-22 01:00:00
28.7,75,940.9,0.0,7.6,2024-07-22 02:00:00
28.5,76,940.9,0.0,7.0,2024-07-22 03:00:00
28.2,77,941.4,0.0,8.4,2024-07-22 04:00:00
27.9,78,941.8,0.0,8.7,2024-07-22 05:00:00
28.4,76,942.0,0.1,8.4,2024-07-22 06:00:00
28.3,77,943.1,0.5,15.8,2024-07-22 07:00:00
27.1,84,943.4,0.8,14.1,2024-07-22 08:00:00
26.8,85,943.7,0.1,7.1,2024-07-22 09:00:00
28.8,79,943.5,0.0,5.0,2024-07-22 10:00:00
30.4,74,943.2,0.0,6.5,2024-07-22 11:00:00
32.0,68,942.9,0.0,4.5,2024-07-22 12:00:00
33.5,61,942.2,0.0,5.9,2024-07-22 13:00:00
34.2,59,941.4,0.0,5.5,2024-07-22 14:00:00
34.6,57,940.7,0.0,5.1,2024-07-22 15:00:00
34.7,56,940.2,0.0,4.8,2024-07-22 16:00:00
34.5,56,939.6,0.0,5.1,2024-07-22 17:00:00
35.1,60,939.2,0.1,1.8,2024-07-22 18:00:00
30.4,73,939.8,3.3,1.5,2024-07-22 19:00:00
29.4,79,939.7,0.1,13.5,2024-07-22 20:00:00
28.6,77,940.2,0.0,10.5,2024-07-22 21:00:00
28.2,76,940.5,0.0,12.3,2024-07-22 22:00:00
28.2,75,941.0,0.0,9.2,2024-07-22 23:00:00
28.6,74,941.4,0.0,8.2,2024-07-23 00:00:00
28.4,75,941.7,0.0,9.7,2024-07-23 01:00:00
26.2,84,941.7,9.5,19.6,2024-07-23 02:00:00
25.3,90,941.2,2.5,14.0,2024-07-23 03:00:00
25.4,88,941.3,0.7,11.2,2024-07-23 04:00:00
24.5,92,941.7,4.7,11.5,2024-07-23 05:00:00
25.6,88,941.3,0.1,10.5,2024-07-23 06:00:00
26.4,85,942.0,0.0,12.0,2024-07-23 07:00:00
27.2,81,942.4,0.0,12.7,2024-07-23 08:00:00
28.8,75,942.6,0.4,14.5,2024-07-23 09:00:00
29.2,75,942.5,4.2,10.5,2024-07-23 10:00:00
30.6,70,942.1,0.1,10.7,2024-07-23 11:00:00
32.2,65,942.0,0.0,8.0,2024-07-23 12:00:00
32.7,63,941.4,0.0,7.4,2024-07-23 13:00:00
33.2,61,940.7,0.0,5.8,2024-07-23 14:00:00
33.8,59,940.0,0.0,2.8,2024-07-23 15:00:00
33.3,60,939.3,0.0,2.9,2024-07-23 16:00:00
32.0,66,938.7,0.7,5.9,2024-07-23 17:00:00
28.4,78,939.3,0.0,7.3,2024-07-23 18:00:00
27.8,81,939.1,0.0,6.3,2024-07-23 19:00:00
27.0,86,938.9,0.0,4.6,2024-07-23 20:00:00
26.8,87,939.3,0.0,3.9,2024-07-23 21:00:00
27.0,87,939.5,0.0,1.8,2024-07-23 22:00:00
27.1,89,939.7,0.0,1.1,2024-07-23 23:00:00
26.8,89,939.5,0.0,2.8,2024-07-24 00:00:00
26.6,89,939.3,0.0,3.6,2024-07-24 01:00:00
26.5,89,938.9,0.0,4.8,2024-07-24 02:00:00
26.4,88,938.6,0.0,5.6,2024-07-24 03:00:00
26.0,91,938.3,0.0,5.8,2024-07-24 04:00:00
26.0,90,938.8,0.3,2.3,2024-07-24 05:00:00
26.9,86,938.2,0.0,2.8,2024-07-24 06:00:00
27.5,84,938.8,0.0,3.3,2024-07-24 07:00:00
29.0,78,939.1,0.0,4.5,2024-07-24 08:00:00
30.4,72,939.1,0.0,4.3,2024-07-24 09:00:00
31.3,67,938.7,0.1,2.5,2024-07-24 10:00:00
32.3,64,938.4,0.1,4.0,2024-07-24 11:00:00
33.3,60,937.9,0.0,5.3,2024-07-24 12:00:00
33.9,58,937.1,0.0,6.8,2024-07-24 13:00:00
34.4,55,936.6,0.0,6.4,2024-07-24 14:00:00
34.5,55,935.6,0.0,5.8,2024-07-24 15:00:00
34.5,54,935.0,0.0,5.0,2024-07-24 16:00:00
34.3,55,934.6,0.0,2.6,2024-07-24 17:00:00
33.0,61,935.0,0.0,5.2,2024-07-24 18:00:00
30.9,72,934.4,0.0,5.4,2024-07-24 19:00:00
30.0,72,934.8,0.0,4.3,2024-07-24 20:00:00
29.2,75,935.4,0.0,5.4,2024-07-24 21:00:00
28.5,78,936.1,0.0,5.9,2024-07-24 22:00:00
28.4,75,936.5,0.0,5.6,2024-07-24 23:00:00
28.1,77,936.8,0.0,6.9,2024-07-25 00:00:00
27.7,80,936.5,0.2,8.7,2024-07-25 01:00:00
27.0,83,936.5,0.6,15.5,2024-07-25 02:00:00
24.6,91,937.2,2.7,14.0,2024-07-25 03:00:00
24.1,94,937.5,0.1,13.0,2024-07-25 04:00:00
23.8,93,937.5,0.0,1.8,2024-07-25 05:00:00
25.7,91,936.6,0.0,4.8,2024-07-25 06:00:00
26.4,88,937.0,0.0,4.8,2024-07-25 07:00:00
27.9,82,937.3,0.0,4.3,2024-07-25 08:00:00
29.6,75,937.8,0.0,4.8,2024-07-25 09:00:00
31.2,69,937.7,0.0,5.7,2024-07-25 10:00:00
32.3,66,937.6,0.0,5.1,2024-07-25 11:00:00
33.2,61,937.3,0.0,5.2,2024-07-25 12:00:00
34.1,58,936.9,0.0,5.4,2024-07-25 13:00:00
34.5,55,936.3,0.0,4.9,2024-07-25 14:00:00
35.0,52,935.6,0.0,4.3,2024-07-25 15:00:00
35.2,52,935.1,0.0,3.1,2024-07-25 16:00:00
35.0,52,935.0,0.0,4.9,2024-07-25 17:00:00
34.2,62,934.9,0.0,4.1,2024-07-25 18:00:00
32.7,68,934.9,0.0,4.4,2024-07-25 19:00:00
31.1,72,935.1,0.0,4.3,2024-07-25 20:00:00
29.9,75,935.9,0.0,4.8,2024-07-25 21:00:00
29.9,72,936.4,0.0,4.8,2024-07-25 22:00:00
29.5,73,936.9,0.0,6.8,2024-07-25 23:00:00
29.0,76,937.0,0.0,5.5,2024-07-26 00:00:00
28.5,80,937.2,0.1,5.1,2024-07-26 01:00:00
25.4,93,938.0,4.0,9.0,2024-07-26 02:00:00
25.3,93,937.8,0.1,10.7,2024-07-26 03:00:00
25.5,88,938.3,0.0,10.5,2024-07-26 04:00:00
25.3,88,938.9,0.0,5.4,2024-07-26 05:00:00
27.0,86,938.2,0.0,5.7,2024-07-26 06:00:00
27.3,84,938.6,0.0,5.8,2024-07-26 07:00:00
28.4,80,938.6,0.0,3.9,2024-07-26 08:00:00
29.9,75,938.6,0.0,5.8,2024-07-26 09:00:00
31.3,70,938.3,0.0,4.8,2024-07-26 10:00:00
32.7,66,938.3,0.0,2.9,2024-07-26 11:00:00
33.9,60,938.3,0.0,5.8,2024-07-26 12:00:00
34.8,58,938.0,0.0,7.6,2024-07-26 13:00:00
35.5,56,937.7,0.0,8.1,2024-07-26 14:00:00
35.7,53,937.3,0.0,8.6,2024-07-26 15:00:00
35.6,53,937.0,0.0,8.1,2024-07-26 16:00:00
34.9,54,936.9,0.0,9.4,2024-07-26 17:00:00
33.6,64,936.9,0.0,5.5,2024-07-26 18:00:00
32.3,69,936.6,0.0,5.0,2024-07-26 19:00:00
31.6,69,936.9,0.0,5.1,2024-07-26 20:00:00
30.8,73,937.6,0.0,5.0,2024-07-26 21:00:00
30.6,72,938.2,0.0,5.2,2024-07-26 22:00:00
30.0,75,938.8,0.0,5.4,2024-07-26 23:00:00
29.6,77,939.1,0.1,7.2,2024-07-27 00:00:00
29.1,80,939.0,0.0,11.6,2024-07-27 01:00:00
27.8,84,939.3,0.0,16.9,2024-07-27 02:00:00
27.2,85,939.6,0.0,12.8,2024-07-27 03:00:00
25.7,84,939.6,0.0,13.7,2024-07-27 04:00:00
25.2,87,939.9,0.1,13.3,2024-07-27 05:00:00
26.3,89,939.6,0.0,9.5,2024-07-27 06:00:00
27.1,84,940.1,0.0,7.3,2024-07-27 07:00:00
28.8,76,940.6,0.0,7.6,2024-07-27 08:00:00
30.8,68,940.9,0.0,7.3,2024-07-27 09:00:00
32.3,65,941.0,0.0,8.9,2024-07-27 10:00:00
33.6,62,941.1,0.0,9.8,2024-07-27 11:00:00
34.3,62,941.1,0.0,10.4,2024-07-27 12:00:00
34.0,64,940.9,2.1,9.2,2024-07-27 13:00:00
34.4,60,940.6,0.3,10.5,2024-07-27 14:00:00
33.6,64,940.2,0.4,12.3,2024-07-27 15:00:00
34.4,60,940.0,0.0,10.9,2024-07-27 16:00:00
34.3,60,939.8,0.0,12.7,2024-07-27 17:00:00
33.4,62,939.2,0.0,7.0,2024-07-27 18:00:00
32.3,66,939.2,0.0,6.5,2024-07-27 19:00:00
31.3,70,939.8,0.0,6.0,2024-07-27 20:00:00
30.9,72,940.6,0.0,7.8,2024-07-27 21:00:00
30.3,75,941.4,0.0,9.6,2024-07-27 22:00:00
29.7,78,941.8,0.1,10.6,2024-07-27 23:00:00
29.1,81,941.8,0.0,12.8,2024-07-28 00:00:00
28.3,85,941.7,0.5,12.6,2024-07-28 01:00:00
27.3,89,941.5,0.2,12.2,2024-07-28 02:00:00
26.6,90,941.2,0.3,5.4,2024-07-28 03:00:00
26.1,94,941.5,0.9,9.7,2024-07-28 04:00:00
25.6,93,941.8,2.2,7.7,2024-07-28 05:00:00
26.1,93,941.9,0.4,12.0,2024-07-28 06:00:00
25.7,92,942.8,0.5,11.7,2024-07-28 07:00:00
26.4,88,943.4,0.7,9.7,2024-07-28 08:00:00
27.0,86,943.6,3.7,14.6,2024-07-28 09:00:00
27.9,82,944.0,0.1,13.6,2024-07-28 10:00:00
28.7,79,943.7,0.0,12.3,2024-07-28 11:00:00
30.5,73,943.0,0.0,11.1,2024-07-28 12:00:00
31.5,69,942.3,0.0,8.2,2024-07-28 13:00:00
32.3,67,941.6,0.0,6.6,2024-07-28 14:00:00
32.9,64,941.0,0.1,5.9,2024-07-28 15:00:00
33.1,63,940.6,0.1,7.4,2024-07-28 16:00:00
32.8,64,940.2,0.0,6.8,2024-07-28 17:00:00
30.9,70,940.3,0.0,5.9,2024-07-28 18:00:00
29.5,81,939.8,0.0,4.2,2024-07-28 19:00:00
28.5,84,940.1,0.0,5.8,2024-07-28 20:00:00
28.1,86,940.4,0.0,5.4,2024-07-28 21:00:00
27.6,88,940.8,0.0,4.3,2024-07-28 22:00:00
27.4,87,941.2,0.0,3.9,2024-07-28 23:00:00
27.5,87,941.3,0.0,5.6,2024-07-29 00:00:00
27.5,87,941.1,0.0,8.0,2024-07-29 01:00:00
27.3,88,940.8,0.0,8.4,2024-07-29 02:00:00
27.1,89,940.6,0.0,8.8,2024-07-29 03:00:00
27.2,88,940.9,0.0,9.7,2024-07-29 04:00:00
27.1,88,941.7,0.5,5.0,2024-07-29 05:00:00
26.8,92,940.9,0.0,6.9,2024-07-29 06:00:00
27.5,90,941.8,0.0,9.4,2024-07-29 07:00:00
28.6,85,942.6,0.0,11.1,2024-07-29 08:00:00
29.4,82,943.0,0.2,12.0,2024-07-29 09:00:00
29.9,78,942.5,0.1,12.0,2024-07-29 10:00:00
28.8,79,942.9,5.2,16.1,2024-07-29 11:00:00
28.5,83,942.7,4.1,8.6,2024-07-29 12:00:00
29.2,81,942.3,0.4,10.5,2024-07-29 13:00:00
29.9,78,941.8,0.5,8.9,2024-07-29 14:00:00
30.1,77,941.3,0.1,7.1,2024-07-29 15:00:00
30.3,76,940.4,0.0,6.9,2024-07-29 16:00:00
30.3,75,940.4,0.0,4.9,2024-07-29 17:00:00
27.3,93,940.2,0.4,5.2,2024-07-29 18:00:00
27.3,94,940.3,0.3,4.2,2024-07-29 19:00:00
27.3,95,940.9,0.2,2.3,2024-07-29 20:00:00
27.4,93,941.3,0.2,1.8,2024-07-29 21:00:00
27.3,94,941.7,0.3,3.4,2024-07-29 22:00:00
27.2,95,942.1,0.2,2.3,2024-07-29 23:00:00
27.2,95,942.0,0.2,2.3,2024-07-30 00:00:00
27.0,95,941.2,0.3,5.9,2024-07-30 01:00:00
26.3,93,941.1,3.5,6.6,2024-07-30 02:00:00
25.8,96,941.8,2.9,5.7,2024-07-30 03:00:00
25.6,99,942.1,1.3,6.2,2024-07-30 04:00:00
25.8,97,942.5,1.4,5.4,2024-07-30 05:00:00
25.6,96,943.3,0.9,5.2,2024-07-30 06:00:00
26.4,93,943.8,0.4,3.1,2024-07-30 07:00:00
27.7,87,944.5,0.1,1.8,2024-07-30 08:00:00
29.2,80,944.7,0.0,1.5,2024-07-30 09:00:00
30.4,75,944.5,0.0,3.7,2024-07-30 10:00:00
31.3,71,944.4,0.0,6.9,2024-07-30 11:00:00
31.7,68,944.1,0.0,5.5,2024-07-30 12:00:00
32.0,68,943.5,0.0,7.3,2024-07-30 13:00:00
32.1,69,942.7,0.1,7.8,2024-07-30 14:00:00
32.3,68,942.3,0.0,7.4,2024-07-30 15:00:00
31.7,70,941.6,0.0,7.3,2024-07-30 16:00:00
31.5,72,941.2,0.0,7.5,2024-07-30 17:00:00
30.6,73,942.2,0.0,12.2,2024-07-30 18:00:00
29.5,77,942.1,0.0,9.7,2024-07-30 19:00:00
28.5,82,942.1,0.0,7.6,2024-07-30 20:00:00
27.8,86,942.2,0.0,8.6,2024-07-30 21:00:00
27.4,88,942.2,0.0,7.9,2024-07-30 22:00:00
27.1,90,942.4,0.0,6.5,2024-07-30 23:00:00
26.9,91,942.4,0.0,5.4,2024-07-31 00:00:00
26.6,93,942.0,0.0,3.5,2024-07-31 01:00:00
26.3,95,941.9,0.0,3.2,2024-07-31 02:00:00
26.3,95,941.6,0.0,3.3,2024-07-31 03:00:00
26.2,95,941.5,0.0,3.1,2024-07-31 04:00:00
26.1,95,941.6,0.0,3.3,2024-07-31 05:00:00
27.9,89,942.9,0.0,2.9,2024-07-31 06:00:00
29.1,81,943.3,0.0,0.5,2024-07-31 07:00:00
30.2,78,943.6,0.0,1.5,2024-07-31 08:00:00
31.2,74,943.5,0.0,4.0,2024-07-31 09:00:00
31.9,70,943.1,0.0,6.4,2024-07-31 10:00:00
32.9,64,942.7,0.0,8.0,2024-07-31 11:00:00
33.3,63,942.2,0.0,8.9,2024-07-31 12:00:00
33.7,62,941.8,0.0,9.0,2024-07-31 13:00:00
34.4,60,941.0,0.0,8.0,2024-07-31 14:00:00
34.5,59,940.1,0.0,6.8,2024-07-31 15:00:00
34.2,60,939.5,0.0,5.4,2024-07-31 16:00:00
33.9,61,939.0,0.0,3.3,2024-07-31 17:00:00
32.6,67,938.1,0.0,5.0,2024-07-31 18:00:00
30.8,72,937.6,0.0,5.4,2024-07-31 19:00:00
30.1,70,937.7,0.0,6.7,2024-07-31 20:00:00
29.6,75,938.8,0.0,5.5,2024-07-31 21:00:00
29.2,75,939.1,0.0,4.0,2024-07-31 22:00:00
29.1,74,939.1,0.0,5.2,2024-07-31 23:00:00
28.7,79,938.7,0.0,5.8,2024-08-01 00:00:00
29.1,76,938.9,0.0,2.9,2024-08-01 01:00:00
27.6,86,938.5,0.1,3.7,2024-08-01 02:00:00
26.5,88,938.9,0.1,8.4,2024-08-01 03:00:00
25.6,94,939.6,0.7,7.7,2024-08-01 04:00:00
25.6,94,939.6,0.5,10.5,2024-08-01 05:00:00
25.7,95,940.2,0.3,16.3,2024-08-01 06:00:00
25.9,94,941.1,0.4,19.5,2024-08-01 07:00:00
26.3,90,941.6,0.9,21.0,2024-08-01 08:00:00
26.4,89,942.2,0.4,19.2,2024-08-01 09:00:00
27.7,80,942.6,0.3,25.6,2024-08-01 10:00:00
26.9,82,943.2,0.1,24.3,2024-08-01 11:00:00
27.7,76,943.0,0.1,26.5,2024-08-01 12:00:00
28.2,72,942.3,0.0,25.6,2024-08-01 13:00:00
29.0,68,941.9,0.0,27.7,2024-08-01 14:00:00
28.9,68,941.6,0.0,25.6,2024-08-01 15:00:00
29.2,67,941.0,0.0,23.1,2024-08-01 16:00:00
28.9,68,940.5,0.0,18.8,2024-08-01 17:00:00
25.4,91,942.0,3.2,10.4,2024-08-01 18:00:00
24.9,93,942.5,5.1,9.5,2024-08-01 19:00:00
24.6,96,943.1,6.9,11.8,2024-08-01 20:00:00
24.3,97,943.3,14.6,9.4,2024-08-01 21:00:00
24.3,97,943.2,12.5,9.3,2024-08-01 22:00:00
24.2,96,942.9,10.4,9.2,2024-08-01 23:00:00
24.5,94,942.6,11.3,7.4,2024-08-02 00:00:00
24.7,92,941.8,11.1,4.5,2024-08-02 01:00:00
24.9,92,941.3,5.8,1.3,2024-08-02 02:00:00
24.8,94,941.2,1.1,4.7,2024-08-02 03:00:00
24.7,94,941.4,0.2,4.4,2024-08-02 04:00:00
24.8,94,941.6,0.2,2.3,2024-08-02 05:00:00
26.2,93,940.9,0.0,6.4,2024-08-02 06:00:00
27.2,88,941.2,0.0,3.8,2024-08-02 07:00:00
28.4,82,942.0,0.0,0.8,2024-08-02 08:00:00
29.3,79,942.3,0.0,1.4,2024-08-02 09:00:00
30.4,73,942.2,0.0,0.5,2024-08-02 10:00:00
31.4,69,942.0,0.0,1.1,2024-08-02 11:00:00
32.3,64,941.3,0.0,4.1,2024-08-02 12:00:00
32.4,64,940.6,0.0,6.7,2024-08-02 13:00:00
32.7,63,939.8,0.0,7.1,2024-08-02 14:00:00
32.5,64,939.4,0.0,5.9,2024-08-02 15:00:00
31.8,64,938.9,0.4,8.7,2024-08-02 16:00:00
30.7,72,938.6,0.0,8.4,2024-08-02 17:00:00
31.7,65,939.5,0.0,2.9,2024-08-02 18:00:00
29.9,73,939.4,0.0,5.9,2024-08-02 19:00:00
29.4,70,940.2,0.0,7.7,2024-08-02 20:00:00
28.4,77,941.1,0.0,5.8,2024-08-02 21:00:00
27.7,83,941.6,0.0,4.7,2024-08-02 22:00:00
27.7,80,942.1,0.0,5.6,2024-08-02 23:00:00
27.4,81,942.2,0.1,7.8,2024-08-03 00:00:00
25.8,84,941.9,0.2,17.0,2024-08-03 01:00:00
25.6,87,941.5,0.2,6.6,2024-08-03 02:00:00
25.4,88,941.7,0.0,5.9,2024-08-03 03:00:00
25.5,87,941.6,0.0,9.1,2024-08-03 04:00:00
25.3,87,942.2,0.0,6.8,2024-08-03 05:00:00
25.2,93,942.2,0.2,5.1,2024-08-03 06:00:00
26.1,90,942.9,0.0,7.8,2024-08-03 07:00:00
27.1,83,943.3,0.0,11.4,2024-08-03 08:00:00
28.0,82,943.6,0.1,9.4,2024-08-03 09:00:00
29.2,77,943.6,0.0,10.0,2024-08-03 10:00:00
30.1,75,943.6,0.0,9.4,2024-08-03 11:00:00
31.0,70,943.4,0.0,8.9,2024-08-03 12:00:00
31.8,66,942.8,0.0,8.9,2024-08-03 13:00:00
32.3,64,942.3,0.0,8.4,2024-08-03 14:00:00
30.2,72,942.0,0.6,11.6,2024-08-03 15:00:00
29.7,75,941.6,0.1,10.5,2024-08-03 16:00:00
30.2,72,941.5,0.0,10.2,2024-08-03 17:00:00
28.9,76,942.4,0.0,14.0,2024-08-03 18:00:00
28.1,80,942.7,0.0,7.7,2024-08-03 19:00:00
27.5,83,943.2,0.0,6.8,2024-08-03 20:00:00
27.2,84,943.9,0.0,6.6,2024-08-03 21:00:00
26.5,88,944.7,0.0,4.1,2024-08-03 22:00:00
26.4,88,944.8,0.0,7.5,2024-08-03 23:00:00
26.1,89,944.9,0.0,6.5,2024-08-04 00:00:00
26.0,88,944.5,0.0,6.4,2024-08-04 01:00:00
25.8,88,944.3,0.0,7.3,2024-08-04 02:00:00
25.6,87,944.9,0.2,17.3,2024-08-04 03:00:00
24.3,92,945.0,0.2,13.2,2024-08-04 04:00:00
24.3,88,945.0,0.1,12.5,2024-08-04 05:00:00
26.0,86,944.7,0.0,6.6,2024-08-04 06:00:00
26.7,83,945.3,0.0,7.2,2024-08-04 07:00:00
27.8,78,945.8,0.0,6.5,2024-08-04 08:00:00
28.8,74,946.1,0.0,10.3,2024-08-04 09:00:00
29.5,71,946.1,0.2,10.9,2024-08-04 10:00:00
30.1,71,946.1,0.2,8.9,2024-08-04 11:00:00
30.5,70,945.5,0.1,10.9,2024-08-04 12:00:00
30.3,71,944.7,0.1,10.4,2024-08-04 13:00:00
28.6,77,944.3,1.1,14.8,2024-08-04 14:00:00
28.6,79,943.7,0.5,12.3,2024-08-04 15:00:00
28.4,78,943.5,0.7,11.7,2024-08-04 16:00:00
28.6,77,943.1,0.0,11.4,2024-08-04 17:00:00
27.0,86,943.8,0.1,12.1,2024-08-04 18:00:00
26.5,89,944.2,0.1,7.2,2024-08-04 19:00:00
26.1,91,945.0,0.0,7.6,2024-08-04 20:00:00
25.8,92,945.4,0.0,6.4,2024-08-04 21:00:00
25.5,92,945.2,0.0,4.5,2024-08-04 22:00:00
25.4,91,945.0,0.0,4.1,2024-08-04 23:00:00
25.6,89,945.0,0.0,1.9,2024-08-05 00:00:00
25.4,90,944.9,0.0,2.9,2024-08-05 01:00:00
25.2,91,944.2,0.0,3.9,2024-08-05 02:00:00
25.1,90,944.0,0.0,4.7,2024-08-05 03:00:00
24.8,92,944.7,0.0,5.5,2024-08-05 04:00:00
25.2,89,945.0,0.0,3.5,2024-08-05 05:00:00
26.2,88,944.5,0.0,2.5,2024-08-05 06:00:00
27.2,84,945.3,0.0,4.0,2024-08-05 07:00:00
26.6,88,946.2,0.0,6.3,2024-08-05 08:00:00
27.3,86,946.5,0.0,3.6,2024-08-05 09:00:00
29.2,76,946.5,0.0,6.9,2024-08-05 10:00:00
30.2,71,946.1,0.0,8.4,2024-08-05 11:00:00
30.6,73,945.9,0.0,6.7,2024-08-05 12:00:00
31.0,72,945.2,0.0,7.3,2024-08-05 13:00:00
31.0,72,944.3,0.1,6.0,2024-08-05 14:00:00
31.2,69,943.0,0.0,6.9,2024-08-05 15:00:00
31.0,70,942.4,0.0,6.9,2024-08-05 16:00:00
30.7,71,942.1,0.0,7.9,2024-08-05 17:00:00
30.9,72,942.4,0.0,7.3,2024-08-05 18:00:00
29.3,80,942.5,0.0,5.4,2024-08-05 19:00:00
28.2,83,943.1,0.4,8.4,2024-08-05 20:00:00
27.4,87,943.6,0.2,8.9,2024-08-05 21:00:00
27.4,87,943.6,0.0,7.8,2024-08-05 22:00:00
27.0,89,943.4,0.0,6.2,2024-08-05 23:00:00
26.3,92,943.6,0.2,4.8,2024-08-06 00:00:00
25.5,96,943.2,0.8,7.0,2024-08-06 01:00:00
24.8,95,942.9,0.8,11.1,2024-08-06 02:00:00
24.6,93,942.2,0.3,9.3,2024-08-06 03:00:00
24.6,94,942.9,0.5,5.4,2024-08-06 04:00:00
24.8,94,943.0,0.3,4.8,2024-08-06 05:00:00
25.0,93,943.0,0.0,5.9,2024-08-06 06:00:00
25.6,92,943.5,0.9,7.7,2024-08-06 07:00:00
26.2,85,943.7,0.1,11.2,2024-08-06 08:00:00
27.0,82,944.0,0.8,10.9,2024-08-06 09:00:00
27.4,81,943.4,0.0,5.1,2024-08-06 10:00:00
29.5,73,942.9,0.0,4.8,2024-08-06 11:00:00
30.8,69,942.1,0.0,2.4,2024-08-06 12:00:00
31.7,66,941.4,0.0,2.5,2024-08-06 13:00:00
32.4,63,940.7,0.0,4.3,2024-08-06 14:00:00
32.8,61,939.9,0.1,4.2,2024-08-06 15:00:00
33.0,60,939.2,0.1,5.4,2024-08-06 16:00:00
32.7,61,938.7,0.3,6.1,2024-08-06 17:00:00
30.3,72,939.5,0.7,2.9,2024-08-06 18:00:00
27.3,88,940.2,2.1,10.0,2024-08-06 19:00:00
26.1,91,940.6,1.4,4.4,2024-08-06 20:00:00
26.1,92,941.8,1.4,3.0,2024-08-06 21:00:00
25.3,95,942.2,1.8,8.1,2024-08-06 22:00:00
24.9,95,942.5,1.2,6.3,2024-08-06 23:00:00
24.7,96,942.9,0.8,8.7,2024-08-07 00:00:00
24.6,96,942.1,0.5,2.9,2024-08-07 01:00:00
24.4,97,942.0,0.2,1.3,2024-08-07 02:00:00
23.9,99,941.8,1.0,5.0,2024-08-07 03:00:00
23.9,96,942.1,1.7,7.3,2024-08-07 04:00:00
23.4,99,942.1,4.2,7.7,2024-08-07 05:00:00
24.8,98,942.4,0.2,7.1,2024-08-07 06:00:00
25.3,94,942.6,0.1,8.6,2024-08-07 07:00:00
26.1,87,943.1,2.5,2.3,2024-08-07 08:00:00
27.2,82,943.3,0.2,2.9,2024-08-07 09:00:00
29.1,74,943.9,0.1,4.0,2024-08-07 10:00:00
29.7,73,943.5,0.0,4.9,2024-08-07 11:00:00
30.5,71,943.2,0.0,5.2,2024-08-07 12:00:00
31.2,70,943.1,0.0,3.3,2024-08-07 13:00:00
31.9,68,942.2,0.0,3.7,2024-08-07 14:00:00
30.2,71,942.0,0.8,3.6,2024-08-07 15:00:00
27.2,84,942.0,1.8,12.1,2024-08-07 16:00:00
27.6,80,942.0,0.1,11.2,2024-08-07 17:00:00
29.0,76,941.7,0.0,4.5,2024-08-07 18:00:00
27.3,87,942.2,0.0,4.6,2024-08-07 19:00:00
26.8,87,943.1,0.2,11.3,2024-08-07 20:00:00
26.1,93,944.0,0.1,13.0,2024-08-07 21:00:00
25.8,94,944.4,0.0,9.0,2024-08-07 22:00:00
25.0,94,945.1,0.3,9.8,2024-08-07 23:00:00
24.7,97,945.1,0.4,11.8,2024-08-08 00:00:00
24.5,96,944.5,0.1,9.0,2024-08-08 01:00:00
24.5,96,944.6,0.1,7.0,2024-08-08 02:00:00
24.5,95,944.5,0.2,9.1,2024-08-08 03:00:00
24.4,96,944.7,0.1,9.2,2024-08-08 04:00:00
24.6,95,944.8,0.2,8.8,2024-08-08 05:00:00
24.2,92,944.5,0.1,6.8,2024-08-08 06:00:00
24.8,90,945.4,0.0,3.0,2024-08-08 07:00:00
25.0,90,945.6,0.3,2.6,2024-08-08 08:00:00
26.1,86,946.1,0.2,3.6,2024-08-08 09:00:00
27.7,79,946.1,0.0,6.6,2024-08-08 10:00:00
28.7,76,946.2,0.1,10.5,2024-08-08 11:00:00
28.7,75,946.2,0.1,11.2,2024-08-08 12:00:00
29.7,73,945.7,0.0,12.0,2024-08-08 13:00:00
29.3,74,945.3,0.3,11.0,2024-08-08 14:00:00
30.0,70,944.7,0.1,8.9,2024-08-08 15:00:00
30.2,70,944.0,0.0,8.8,2024-08-08 16:00:00
30.1,69,943.6,0.0,8.1,2024-08-08 17:00:00
28.8,73,944.6,0.0,7.6,2024-08-08 18:00:00
27.7,79,944.7,0.0,8.0,2024-08-08 19:00:00
27.0,81,944.8,0.0,6.2,2024-08-08 20:00:00
26.2,87,945.3,0.0,6.3,2024-08-08 21:00:00
26.5,84,945.8,0.0,4.6,2024-08-08 22:00:00
25.9,87,946.1,0.0,4.7,2024-08-08 23:00:00
25.2,91,946.2,0.0,5.2,2024-08-09 00:00:00
25.0,91,945.9,0.0,4.0,2024-08-09 01:00:00
25.0,91,946.2,0.0,5.2,2024-08-09 02:00:00
24.8,92,946.1,0.0,6.9,2024-08-09 03:00:00
24.7,92,946.1,0.0,4.9,2024-08-09 04:00:00
24.7,91,946.2,0.0,4.4,2024-08-09 05:00:00
25.7,87,946.4,0.1,3.8,2024-08-09 06:00:00
26.5,85,946.8,0.0,2.2,2024-08-09 07:00:00
27.4,82,947.2,0.0,6.6,2024-08-09 08:00:00
28.3,78,947.5,0.0,6.9,2024-08-09 09:00:00
29.2,75,947.5,0.1,7.9,2024-08-09 10:00:00
30.1,72,947.1,0.2,8.1,2024-08-09 11:00:00
30.8,72,946.7,0.1,8.1,2024-08-09 12:00:00
31.5,67,946.1,0.0,8.7,2024-08-09 13:00:00
31.2,68,945.6,0.2,7.7,2024-08-09 14:00:00
31.4,68,945.1,0.0,9.8,2024-08-09 15:00:00
30.6,69,944.6,1.0,8.4,2024-08-09 16:00:00
30.1,72,944.2,0.1,8.1,2024-08-09 17:00:00
30.6,74,944.3,0.1,5.6,2024-08-09 18:00:00
28.8,82,944.1,0.0,4.9,2024-08-09 19:00:00
28.1,86,944.7,0.0,5.1,2024-08-09 20:00:00
27.7,86,945.4,0.0,6.5,2024-08-09 21:00:00
27.1,89,945.5,0.0,4.5,2024-08-09 22:00:00
26.4,92,945.8,0.0,4.3,2024-08-09 23:00:00
25.9,94,945.9,0.0,5.1,2024-08-10 00:00:00
25.7,94,945.6,0.2,7.6,2024-08-10 01:00:00
24.8,98,945.6,0.1,11.0,2024-08-10 02:00:00
24.2,98,945.7,0.9,10.6,2024-08-10 03:00:00
24.3,97,945.6,0.3,10.0,2024-08-10 04:00:00
24.2,95,945.9,0.0,11.2,2024-08-10 05:00:00
25.8,91,945.6,0.4,7.1,2024-08-10 06:00:00
25.9,91,945.7,0.1,7.6,2024-08-10 07:00:00
26.7,89,945.9,0.0,7.2,2024-08-10 08:00:00
27.9,83,946.3,0.1,8.3,2024-08-10 09:00:00
29.1,79,946.3,0.1,7.0,2024-08-10 10:00:00
29.7,78,946.0,0.1,5.9,2024-08-10 11:00:00
30.5,75,945.5,0.2,4.8,2024-08-10 12:00:00
30.5,75,945.0,0.3,5.2,2024-08-10 13:00:00
29.7,75,944.4,2.0,7.6,2024-08-10 14:00:00
29.3,79,943.4,0.2,8.2,2024-08-10 15:00:00
30.1,77,942.6,0.0,8.5,2024-08-10 16:00:00
30.4,75,942.2,0.0,6.8,2024-08-10 17:00:00
30.7,74,941.8,0.0,8.3,2024-08-10 18:00:00
28.0,84,942.6,0.9,11.8,2024-08-10 19:00:00
27.9,84,943.1,0.0,7.6,2024-08-10 20:00:00
26.8,86,943.8,0.0,15.8,2024-08-10 21:00:00
25.2,91,944.8,2.8,12.2,2024-08-10 22:00:00
24.3,90,944.5,1.6,10.5,2024-08-10 23:00:00
24.1,94,944.6,0.2,8.3,2024-08-11 00:00:00
24.4,91,944.0,0.1,5.1,2024-08-11 01:00:00
24.3,92,943.6,0.3,3.0,2024-08-11 02:00:00
24.4,90,943.0,1.1,1.3,2024-08-11 03:00:00
23.6,96,943.3,9.0,6.9,2024-08-11 04:00:00
23.0,97,942.7,4.1,9.2,2024-08-11 05:00:00
24.4,96,942.4,1.4,8.2,2024-08-11 06:00:00
23.6,98,943.1,4.8,6.9,2024-08-11 07:00:00
23.9,94,942.7,4.0,8.5,2024-08-11 08:00:00
24.3,91,943.8,3.0,9.7,2024-08-11 09:00:00
25.9,85,944.0,0.4,7.6,2024-08-11 10:00:00
26.2,85,943.8,0.3,14.9,2024-08-11 11:00:00
26.5,84,943.9,0.2,14.6,2024-08-11 12:00:00
25.9,89,943.6,0.9,12.5,2024-08-11 13:00:00
26.4,86,943.1,0.4,13.0,2024-08-11 14:00:00
27.4,79,942.6,0.3,14.2,2024-08-11 15:00:00
26.4,85,942.4,0.2,16.2,2024-08-11 16:00:00
26.9,81,942.0,0.0,14.2,2024-08-11 17:00:00
26.6,82,943.2,0.0,9.1,2024-08-11 18:00:00
25.6,88,943.3,0.0,4.7,2024-08-11 19:00:00
25.4,88,943.9,0.0,5.1,2024-08-11 20:00:00
25.2,87,944.6,0.0,6.9,2024-08-11 21:00:00
24.8,89,944.9,0.0,5.1,2024-08-11 22:00:00
24.4,93,945.3,0.0,4.3,2024-08-11 23:00:00
24.8,91,945.1,0.0,5.8,2024-08-12 00:00:00
24.4,93,944.9,0.0,4.5,2024-08-12 01:00:00
24.0,95,944.6,0.0,4.7,2024-08-12 02:00:00
23.5,97,944.9,0.0,4.4,2024-08-12 03:00:00
23.3,97,945.0,0.0,2.3,2024-08-12 04:00:00
23.8,93,945.4,0.0,1.3,2024-08-12 05:00:00
23.9,98,945.7,0.0,5.4,2024-08-12 06:00:00
25.0,92,946.3,0.0,3.6,2024-08-12 07:00:00
26.4,84,946.8,0.0,3.6,2024-08-12 08:00:00
27.5,79,947.2,0.0,6.1,2024-08-12 09:00:00
28.4,74,947.4,0.0,8.7,2024-08-12 10:00:00
29.7,68,947.2,0.0,8.4,2024-08-12 11:00:00
30.5,65,946.8,0.0,8.3,2024-08-12 12:00:00
31.0,63,946.1,0.0,8.9,2024-08-12 13:00:00
31.3,63,945.3,0.0,6.6,2024-08-12 14:00:00
31.5,62,944.3,0.0,5.7,2024-08-12 15:00:00
31.3,62,943.6,0.0,6.4,2024-08-12 16:00:00
30.8,64,943.0,0.0,6.2,2024-08-12 17:00:00
29.2,68,943.5,0.0,3.1,2024-08-12 18:00:00
28.9,68,943.6,0.0,3.3,2024-08-12 19:00:00
26.7,82,944.3,0.0,3.9,2024-08-12 20:00:00
26.2,82,945.2,0.0,4.2,2024-08-12 21:00:00
25.6,84,945.8,0.0,4.9,2024-08-12 22:00:00
25.4,85,946.2,0.0,5.5,2024-08-12 23:00:00
25.0,87,946.3,0.0,4.6,2024-08-13 00:00:00
24.7,89,946.3,0.0,4.1,2024-08-13 01:00:00
24.5,89,946.3,0.0,4.6,2024-08-13 02:00:00
24.2,90,946.2,0.0,5.2,2024-08-13 03:00:00
24.2,89,946.1,0.0,5.8,2024-08-13 04:00:00
24.8,85,946.2,0.0,4.4,2024-08-13 05:00:00
25.6,89,946.4,0.0,4.7,2024-08-13 06:00:00
26.6,82,947.0,0.0,2.3,2024-08-13 07:00:00
27.8,79,947.5,0.0,2.5,2024-08-13 08:00:00
29.2,73,948.0,0.0,2.0,2024-08-13 09:00:00
30.4,69,948.1,0.0,1.8,2024-08-13 10:00:00
31.6,63,947.9,0.0,3.9,2024-08-13 11:00:00
32.4,59,947.3,0.0,5.0,2024-08-13 12:00:00
32.8,57,946.4,0.0,5.1,2024-08-13 13:00:00
33.1,57,945.7,0.0,6.0,2024-08-13 14:00:00
33.1,57,944.8,0.0,5.5,2024-08-13 15:00:00
32.8,58,944.2,0.0,4.2,2024-08-13 16:00:00
32.5,59,944.0,0.0,3.7,2024-08-13 17:00:00
32.0,59,944.7,0.0,2.1,2024-08-13 18:00:00
30.9,62,944.8,0.0,1.3,2024-08-13 19:00:00
30.0,66,945.4,0.0,4.0,2024-08-13 20:00:00
27.9,79,945.7,0.0,5.1,2024-08-13 21:00:00
27.1,81,946.2,0.0,4.8,2024-08-13 22:00:00
27.0,82,946.6,0.0,6.6,2024-08-13 23:00:00
26.7,83,946.5,0.0,8.3,2024-08-14 00:00:00
26.5,84,946.1,0.0,6.8,2024-08-14 01:00:00
26.3,85,946.0,0.0,6.9,2024-08-14 02:00:00
26.0,87,945.9,0.0,6.3,2024-08-14 03:00:00
25.8,88,946.0,0.0,6.0,2024-08-14 04:00:00
25.7,88,946.2,0.0,6.0,2024-08-14 05:00:00
27.0,85,946.9,0.1,4.8,2024-08-14 06:00:00
27.5,84,947.7,0.0,5.5,2024-08-14 07:00:00
27.9,84,947.8,0.3,5.2,2024-08-14 08:00:00
28.9,82,948.5,0.0,5.2,2024-08-14 09:00:00
30.1,78,948.6,0.1,4.8,2024-08-14 10:00:00
30.6,74,948.1,0.1,3.8,2024-08-14 11:00:00
31.7,70,947.7,0.1,6.9,2024-08-14 12:00:00
29.5,77,947.1,0.4,10.8,2024-08-14 13:00:00
30.5,75,946.3,0.1,4.0,2024-08-14 14:00:00
31.1,73,945.2,0.0,4.0,2024-08-14 15:00:00
31.5,71,944.5,0.0,1.9,2024-08-14 16:00:00
31.4,71,943.9,0.0,2.5,2024-08-14 17:00:00
31.9,72,943.7,0.0,1.8,2024-08-14 18:00:00
31.6,67,944.2,0.0,1.5,2024-08-14 19:00:00
29.5,83,944.4,0.0,5.5,2024-08-14 20:00:00
29.0,81,945.7,0.1,11.7,2024-08-14 21:00:00
28.0,86,946.2,0.2,13.1,2024-08-14 22:00:00
27.1,91,946.4,0.6,10.7,2024-08-14 23:00:00
27.1,89,946.0,0.1,12.2,2024-08-15 00:00:00
25.1,96,946.3,2.9,15.2,2024-08-15 01:00:00
24.5,95,945.8,1.4,10.1,2024-08-15 02:00:00
24.4,95,945.7,0.1,9.8,2024-08-15 03:00:00
23.8,99,945.9,1.3,13.9,2024-08-15 04:00:00
24.0,95,946.3,0.1,10.4,2024-08-15 05:00:00
24.4,98,946.3,5.3,15.0,2024-08-15 06:00:00
24.4,95,946.2,0.8,13.8,2024-08-15 07:00:00
25.0,92,946.3,1.4,11.4,2024-08-15 08:00:00
26.2,85,946.1,0.0,10.8,2024-08-15 09:00:00
26.9,83,946.9,0.0,10.1,2024-08-15 10:00:00
26.4,86,947.0,3.9,9.3,2024-08-15 11:00:00
25.5,92,947.0,8.3,9.1,2024-08-15 12:00:00
25.8,90,946.3,0.5,15.1,2024-08-15 13:00:00
25.2,94,946.1,2.0,14.2,2024-08-15 14:00:00
25.6,93,945.7,0.8,11.6,2024-08-15 15:00:00
26.4,88,945.3,0.3,10.1,2024-08-15 16:00:00
26.6,86,944.8,0.0,7.3,2024-08-15 17:00:00
28.8,74,944.1,0.0,3.8,2024-08-15 18:00:00
27.8,78,943.2,0.0,7.4,2024-08-15 19:00:00
27.0,83,943.1,0.0,9.0,2024-08-15 20:00:00
26.7,85,943.9,0.0,10.3,2024-08-15 21:00:00
26.4,87,944.6,0.0,10.6,2024-08-15 22:00:00
26.3,88,944.9,0.0,6.9,2024-08-15 23:00:00
25.8,91,944.7,0.0,4.0,2024-08-16 00:00:00
25.4,93,944.4,0.0,3.2,2024-08-16 01:00:00
25.3,92,944.0,0.0,6.9,2024-08-16 02:00:00
25.1,93,943.9,0.0,9.5,2024-08-16 03:00:00
25.0,93,944.4,0.0,8.4,2024-08-16 04:00:00
24.9,94,944.6,0.0,8.4,2024-08-16 05:00:00
25.7,88,944.8,0.0,4.5,2024-08-16 06:00:00
26.7,85,945.2,0.0,1.0,2024-08-16 07:00:00
27.5,84,945.9,0.0,4.2,2024-08-16 08:00:00
28.6,81,946.3,0.0,3.3,2024-08-16 09:00:00
29.9,75,946.0,0.1,2.6,2024-08-16 10:00:00
30.7,70,945.7,0.1,3.4,2024-08-16 11:00:00
31.2,68,945.3,0.1,5.5,2024-08-16 12:00:00
31.8,67,944.5,0.1,4.9,2024-08-16 13:00:00
29.6,74,944.3,5.3,14.9,2024-08-16 14:00:00
27.5,83,942.9,3.4,6.8,2024-08-16 15:00:00
27.3,84,943.4,0.0,4.2,2024-08-16 16:00:00
27.8,80,942.8,0.0,5.6,2024-08-16 17:00:00
28.2,81,943.4,0.0,3.2,2024-08-16 18:00:00
26.7,91,943.4,0.0,4.1,2024-08-16 19:00:00
26.3,91,944.0,0.0,3.1,2024-08-16 20:00:00
26.1,91,944.8,0.0,4.3,2024-08-16 21:00:00
25.9,91,945.3,0.0,5.1,2024-08-16 22:00:00
25.7,91,945.7,0.0,4.8,2024-08-16 23:00:00
25.6,91,946.1,0.0,5.6,2024-08-17 00:00:00
25.7,91,945.7,0.0,6.5,2024-08-17 01:00:00
24.7,96,945.9,4.1,11.3,2024-08-17 02:00:00
24.1,96,945.9,1.9,9.3,2024-08-17 03:00:00
24.2,96,946.6,0.8,9.0,2024-08-17 04:00:00
24.2,96,947.0,1.4,10.0,2024-08-17 05:00:00
25.0,93,947.7,2.5,13.6,2024-08-17 06:00:00
25.0,94,948.2,1.5,12.4,2024-08-17 07:00:00
25.2,93,947.8,1.9,10.8,2024-08-17 08:00:00
26.1,87,948.5,1.5,7.1,2024-08-17 09:00:00
27.0,80,948.8,1.2,4.0,2024-08-17 10:00:00
27.3,79,948.7,1.0,3.7,2024-08-17 11:00:00
27.4,80,948.1,0.8,1.6,2024-08-17 12:00:00
27.7,77,947.5,0.6,1.4,2024-08-17 13:00:00
28.3,73,946.9,0.3,1.5,2024-08-17 14:00:00
28.7,72,946.4,0.1,2.2,2024-08-17 15:00:00
28.9,71,946.0,0.0,4.0,2024-08-17 16:00:00
27.9,76,945.8,0.0,5.9,2024-08-17 17:00:00
27.5,78,947.6,0.0,8.4,2024-08-17 18:00:00
26.4,85,947.3,0.0,3.4,2024-08-17 19:00:00
25.8,87,947.9,0.0,3.6,2024-08-17 20:00:00
25.2,90,948.0,0.0,4.1,2024-08-17 21:00:00
25.2,91,948.3,0.0,5.8,2024-08-17 22:00:00
25.2,93,948.3,0.0,6.3,2024-08-17 23:00:00
25.0,94,947.8,0.0,6.0,2024-08-18 00:00:00
24.9,94,947.4,0.0,4.8,2024-08-18 01:00:00
24.8,94,947.0,0.0,6.4,2024-08-18 02:00:00
24.8,94,946.7,0.0,4.5,2024-08-18 03:00:00
24.7,95,946.9,0.0,3.8,2024-08-18 04:00:00
24.5,96,946.8,0.0,3.3,2024-08-18 05:00:00
25.4,94,946.7,0.0,6.5,2024-08-18 06:00:00
26.5,89,947.0,0.0,7.8,2024-08-18 07:00:00
27.7,84,947.4,0.0,5.6,2024-08-18 08:00:00
29.3,77,947.6,0.0,6.3,2024-08-18 09:00:00
30.6,71,947.7,0.0,5.8,2024-08-18 10:00:00
31.4,67,947.7,0.0,6.5,2024-08-18 11:00:00
32.0,64,947.7,0.0,5.5,2024-08-18 12:00:00
31.8,64,947.4,0.0,8.3,2024-08-18 13:00:00
31.4,64,947.0,0.4,7.6,2024-08-18 14:00:00
31.2,64,946.2,0.0,1.8,2024-08-18 15:00:00
30.3,70,945.9,0.1,3.1,2024-08-18 16:00:00
30.2,71,945.5,0.0,4.8,2024-08-18 17:00:00
28.6,75,946.0,0.0,1.0,2024-08-18 18:00:00
27.3,81,945.4,0.0,2.3,2024-08-18 19:00:00
26.0,88,945.3,0.0,3.4,2024-08-18 20:00:00
25.5,91,946.1,0.0,3.1,2024-08-18 21:00:00
25.4,92,946.5,0.0,2.6,2024-08-18 22:00:00
25.1,93,946.6,0.0,3.1,2024-08-18 23:00:00
24.9,94,946.5,0.0,4.0,2024-08-19 00:00:00
24.5,95,946.2,0.0,6.1,2024-08-19 01:00:00
24.3,95,946.0,0.0,5.6,2024-08-19 02:00:00
24.1,95,945.6,0.0,5.1,2024-08-19 03:00:00
24.1,94,945.3,0.0,4.1,2024-08-19 04:00:00
23.5,96,945.6,0.0,6.9,2024-08-19 05:00:00
24.6,98,946.8,0.3,6.8,2024-08-19 06:00:00
24.8,96,946.9,0.0,1.8,2024-08-19 07:00:00
25.9,90,947.4,0.0,2.6,2024-08-19 08:00:00
26.8,87,947.5,0.0,4.3,2024-08-19 09:00:00
28.5,80,947.6,0.0,6.6,2024-08-19 10:00:00
29.5,77,947.5,0.0,6.6,2024-08-19 11:00:00
30.5,72,946.8,0.0,5.2,2024-08-19 12:00:00
31.1,69,946.0,0.0,7.6,2024-08-19 13:00:00
31.3,67,945.2,0.0,8.6,2024-08-19 14:00:00
30.5,72,944.7,0.8,6.2,2024-08-19 15:00:00
30.0,73,944.2,0.4,1.1,2024-08-19 16:00:00
29.5,74,943.6,0.0,2.2,2024-08-19 17:00:00
29.8,73,943.2,0.4,4.3,2024-08-19 18:00:00
28.3,82,943.3,0.2,2.8,2024-08-19 19:00:00
27.8,85,943.9,0.0,6.3,2024-08-19 20:00:00
27.0,87,944.5,0.1,9.0,2024-08-19 21:00:00
26.5,89,944.9,0.0,6.0,2024-08-19 22:00:00
26.1,91,945.0,0.1,5.9,2024-08-19 23:00:00
24.9,96,945.3,1.5,1.1,2024-08-20 00:00:00
24.1,96,944.9,2.0,3.1,2024-08-20 01:00:00
23.5,97,944.9,0.7,2.2,2024-08-20 02:00:00
22.7,98,944.5,4.0,6.6,2024-08-20 03:00:00
22.7,96,944.4,0.1,4.7,2024-08-20 04:00:00
22.5,98,944.5,0.0,2.6,2024-08-20 05:00:00
24.7,92,944.8,0.0,10.5,2024-08-20 06:00:00
25.3,91,945.3,0.0,8.7,2024-08-20 07:00:00
25.6,90,945.3,0.0,6.6,2024-08-20 08:00:00
24.2,94,947.4,8.6,4.3,2024-08-20 09:00:00
24.3,93,946.8,0.6,7.4,2024-08-20 10:00:00
27.2,82,947.5,0.8,8.6,2024-08-20 11:00:00
27.9,78,947.2,0.3,11.3,2024-08-20 12:00:00
28.4,76,946.7,0.3,8.7,2024-08-20 13:00:00
29.3,73,946.1,0.3,6.3,2024-08-20 14:00:00
29.7,71,945.5,0.2,3.6,2024-08-20 15:00:00
29.7,70,945.2,0.0,2.9,2024-08-20 16:00:00
29.2,72,945.0,0.2,3.7,2024-08-20 17:00:00
29.4,73,944.8,0.0,1.3,2024-08-20 18:00:00
27.4,81,944.7,0.0,4.9,2024-08-20 19:00:00
26.6,83,945.1,0.0,3.8,2024-08-20 20:00:00
25.9,87,945.9,0.0,4.1,2024-08-20 21:00:00
25.5,88,946.5,0.0,3.9,2024-08-20 22:00:00
25.4,87,947.0,0.0,3.9,2024-08-20 23:00:00
25.2,87,947.3,0.0,4.1,2024-08-21 00:00:00
25.3,85,946.9,0.1,6.6,2024-08-21 01:00:00
24.9,85,946.5,1.1,7.4,2024-08-21 02:00:00
22.6,97,947.4,1.9,14.8,2024-08-21 03:00:00
22.4,95,947.9,0.9,3.3,2024-08-21 04:00:00
22.3,96,947.8,0.1,5.8,2024-08-21 05:00:00
23.6,98,947.9,0.1,6.0,2024-08-21 06:00:00
23.9,96,948.4,0.3,3.1,2024-08-21 07:00:00
24.4,93,948.7,0.5,4.3,2024-08-21 08:00:00
25.2,89,949.0,0.1,2.8,2024-08-21 09:00:00
26.4,83,949.5,0.0,4.3,2024-08-21 10:00:00
28.2,76,949.3,0.1,1.5,2024-08-21 11:00:00
29.7,70,948.8,0.1,2.2,2024-08-21 12:00:00
30.1,69,948.2,0.1,3.2,2024-08-21 13:00:00
30.5,66,947.5,0.1,4.0,2024-08-21 14:00:00
30.7,66,946.9,0.0,4.4,2024-08-21 15:00:00
30.6,67,946.2,0.0,3.7,2024-08-21 16:00:00
30.2,69,946.0,0.0,6.9,2024-08-21 17:00:00
28.5,75,945.7,0.0,8.3,2024-08-21 18:00:00
26.8,80,945.4,0.0,8.1,2024-08-21 19:00:00
26.2,81,945.9,0.0,9.5,2024-08-21 20:00:00
25.6,84,946.4,0.0,9.9,2024-08-21 21:00:00
24.9,87,946.2,0.0,7.4,2024-08-21 22:00:00
24.2,90,946.4,0.0,4.6,2024-08-21 23:00:00
24.0,91,946.5,0.0,5.2,2024-08-22 00:00:00
23.8,90,946.5,0.0,4.3,2024-08-22 01:00:00
23.4,91,946.3,0.0,3.1,2024-08-22 02:00:00
22.9,92,946.4,0.0,3.6,2024-08-22 03:00:00
23.2,89,946.7,0.0,4.6,2024-08-22 04:00:00
23.0,91,947.1,0.0,5.9,2024-08-22 05:00:00
24.0,90,947.4,0.0,6.4,2024-08-22 06:00:00
25.3,86,947.7,0.0,6.5,2024-08-22 07:00:00
26.9,80,947.9,0.0,4.3,2024-08-22 08:00:00
28.5,75,947.9,0.0,0.8,2024-08-22 09:00:00
29.6,70,947.8,0.0,4.7,2024-08-22 10:00:00
30.6,64,947.2,0.0,7.9,2024-08-22 11:00:00
31.3,58,946.6,0.0,9.9,2024-08-22 12:00:00
31.7,55,945.8,0.0,10.2,2024-08-22 13:00:00
31.9,55,945.4,0.0,10.6,2024-08-22 14:00:00
31.8,56,944.7,0.0,11.3,2024-08-22 15:00:00
31.4,57,944.2,0.0,11.6,2024-08-22 16:00:00
30.7,60,944.0,0.0,10.0,2024-08-22 17:00:00
29.4,69,943.3,0.0,8.1,2024-08-22 18:00:00
27.6,74,943.4,0.0,8.4,2024-08-22 19:00:00
26.6,78,944.1,0.0,7.4,2024-08-22 20:00:00
25.7,81,944.6,0.0,5.4,2024-08-22 21:00:00
25.2,83,945.1,0.0,3.6,2024-08-22 22:00:00
25.1,83,945.5,0.0,6.3,2024-08-22 23:00:00
24.9,84,945.9,0.0,6.2,2024-08-23 00:00:00
24.6,86,945.9,0.0,5.9,2024-08-23 01:00:00
24.1,88,945.9,0.0,5.1,2024-08-23 02:00:00
23.9,88,945.9,0.0,4.8,2024-08-23 03:00:00
23.9,87,946.1,0.0,5.9,2024-08-23 04:00:00
23.9,86,946.4,0.0,5.9,2024-08-23 05:00:00
24.9,83,947.0,0.0,4.4,2024-08-23 06:00:00
26.2,78,947.3,0.0,4.3,2024-08-23 07:00:00
27.8,74,947.6,0.0,1.5,2024-08-23 08:00:00
29.5,67,947.9,0.0,1.9,2024-08-23 09:00:00
30.7,64,948.0,0.0,4.8,2024-08-23 10:00:00
31.6,60,947.8,0.0,7.5,2024-08-23 11:00:00
32.1,57,947.4,0.0,8.6,2024-08-23 12:00:00
32.6,55,946.8,0.0,8.4,2024-08-23 13:00:00
32.7,54,946.4,0.3,7.6,2024-08-23 14:00:00
32.3,54,946.2,0.4,6.8,2024-08-23 15:00:00
32.0,56,945.7,0.0,9.8,2024-08-23 16:00:00
30.7,64,945.0,0.0,8.0,2024-08-23 17:00:00
30.5,68,944.6,0.0,4.2,2024-08-23 18:00:00
28.0,73,944.5,0.0,5.2,2024-08-23 19:00:00
27.5,71,944.9,0.0,3.4,2024-08-23 20:00:00
26.9,71,945.4,0.0,3.3,2024-08-23 21:00:00
26.7,71,946.0,0.0,2.9,2024-08-23 22:00:00
26.2,72,946.5,0.0,5.3,2024-08-23 23:00:00
26.0,74,946.7,0.0,6.6,2024-08-24 00:00:00
25.1,82,946.8,0.0,5.8,2024-08-24 01:00:00
25.0,82,946.9,0.0,6.9,2024-08-24 02:00:00
24.9,82,947.1,0.1,7.1,2024-08-24 03:00:00
25.0,84,947.6,0.1,9.1,2024-08-24 04:00:00
24.3,90,947.8,0.0,8.1,2024-08-24 05:00:00
24.7,82,948.3,0.0,6.8,2024-08-24 06:00:00
25.2,80,948.8,0.0,1.8,2024-08-24 07:00:00
26.8,75,949.0,0.0,4.5,2024-08-24 08:00:00
28.3,73,949.2,0.0,4.3,2024-08-24 09:00:00
29.4,72,949.2,0.0,6.8,2024-08-24 10:00:00
30.6,68,949.1,0.0,6.1,2024-08-24 11:00:00
31.5,64,948.6,0.0,6.5,2024-08-24 12:00:00
32.2,61,948.0,0.0,5.6,2024-08-24 13:00:00
32.6,58,947.0,0.0,5.4,2024-08-24 14:00:00
32.5,57,946.2,0.0,5.7,2024-08-24 15:00:00
32.2,58,945.5,0.0,6.2,2024-08-24 16:00:00
31.7,60,945.1,0.0,5.6,2024-08-24 17:00:00
31.1,68,944.7,0.0,2.3,2024-08-24 18:00:00
29.0,77,944.6,0.0,4.1,2024-08-24 19:00:00
28.0,78,944.7,0.0,4.4,2024-08-24 20:00:00
27.4,79,945.4,0.0,6.0,2024-08-24 21:00:00
26.7,81,945.9,0.0,4.8,2024-08-24 22:00:00
26.6,81,945.9,0.0,5.1,2024-08-24 23:00:00
26.2,82,945.8,0.0,5.1,2024-08-25 00:00:00
26.0,82,945.9,0.0,5.1,2024-08-25 01:00:00
25.8,82,945.7,0.0,4.9,2024-08-25 02:00:00
25.7,82,945.7,0.0,5.0,2024-08-25 03:00:00
25.4,82,945.6,0.0,4.9,2024-08-25 04:00:00
24.7,86,945.5,0.0,7.2,2024-08-25 05:00:00
25.6,83,946.5,0.0,4.7,2024-08-25 06:00:00
26.2,81,946.8,0.0,7.2,2024-08-25 07:00:00
27.7,76,947.7,0.0,7.2,2024-08-25 08:00:00
26.2,80,947.9,2.6,9.4,2024-08-25 09:00:00
28.4,74,947.5,0.0,5.0,2024-08-25 10:00:00
29.4,72,947.4,0.0,4.0,2024-08-25 11:00:00
30.3,71,947.0,0.0,6.3,2024-08-25 12:00:00
30.7,69,946.4,0.1,5.4,2024-08-25 13:00:00
31.2,66,945.8,0.1,5.1,2024-08-25 14:00:00
31.4,64,945.1,0.0,4.6,2024-08-25 15:00:00
31.5,63,944.4,0.0,2.9,2024-08-25 16:00:00
31.1,64,943.7,0.0,4.0,2024-08-25 17:00:00
30.6,69,943.5,0.0,4.8,2024-08-25 18:00:00
28.5,80,943.2,0.0,5.2,2024-08-25 19:00:00
28.3,79,943.4,0.0,1.1,2024-08-25 20:00:00
27.1,84,943.8,0.0,3.3,2024-08-25 21:00:00
26.4,89,944.2,0.0,4.7,2024-08-25 22:00:00
26.4,87,944.5,0.0,4.6,2024-08-25 23:00:00
26.1,90,944.8,0.0,5.8,2024-08-26 00:00:00
25.9,91,944.8,0.0,5.9,2024-08-26 01:00:00
25.8,90,944.9,0.1,5.4,2024-08-26 02:00:00
25.6,90,945.0,0.8,4.3,2024-08-26 03:00:00
25.5,91,945.1,0.0,6.2,2024-08-26 04:00:00
25.2,91,945.1,0.0,4.1,2024-08-26 05:00:00
25.1,88,945.8,0.0,1.8,2024-08-26 06:00:00
26.2,83,946.4,0.0,1.8,2024-08-26 07:00:00
27.5,78,946.5,0.0,1.5,2024-08-26 08:00:00
29.1,73,946.9,0.0,1.6,2024-08-26 09:00:00
31.0,66,946.8,0.0,4.7,2024-08-26 10:00:00
32.4,59,946.4,0.0,9.4,2024-08-26 11:00:00
32.9,57,946.1,0.0,10.9,2024-08-26 12:00:00
33.1,56,945.6,0.0,11.6,2024-08-26 13:00:00
33.2,54,945.0,0.0,11.4,2024-08-26 14:00:00
32.8,55,944.2,0.0,11.7,2024-08-26 15:00:00
32.7,54,943.8,0.0,9.6,2024-08-26 16:00:00
32.0,56,943.5,0.0,9.2,2024-08-26 17:00:00
31.2,69,943.5,0.0,3.0,2024-08-26 18:00:00
30.6,63,943.9,0.0,3.2,2024-08-26 19:00:00
28.1,74,944.4,0.0,6.3,2024-08-26 20:00:00
26.9,81,945.0,0.0,3.6,2024-08-26 21:00:00
26.4,81,945.6,0.0,3.9,2024-08-26 22:00:00
26.4,81,946.1,0.0,7.1,2024-08-26 23:00:00
26.0,83,946.8,0.0,8.6,2024-08-27 00:00:00
25.6,87,946.8,0.0,8.5,2024-08-27 01:00:00
25.4,88,946.8,0.0,7.4,2024-08-27 02:00:00
25.3,88,946.6,0.0,6.3,2024-08-27 03:00:00
25.2,87,946.4,0.0,7.0,2024-08-27 04:00:00
25.0,86,946.7,0.0,8.8,2024-08-27 05:00:00
23.3,93,948.6,0.1,13.7,2024-08-27 06:00:00
23.7,90,949.4,0.1,14.9,2024-08-27 07:00:00
24.6,85,949.4,0.2,13.3,2024-08-27 08:00:00
25.8,82,949.7,0.1,10.0,2024-08-27 09:00:00
27.5,76,950.4,0.0,8.2,2024-08-27 10:00:00
28.7,73,950.1,0.1,5.2,2024-08-27 11:00:00
30.0,66,950.0,0.2,6.4,2024-08-27 12:00:00
26.8,77,949.3,0.6,12.9,2024-08-27 13:00:00
27.0,77,948.8,0.2,11.2,2024-08-27 14:00:00
28.3,70,948.1,0.0,11.6,2024-08-27 15:00:00
28.7,67,947.2,0.0,5.1,2024-08-27 16:00:00
29.1,64,946.8,0.0,4.1,2024-08-27 17:00:00
26.8,81,947.6,0.0,11.2,2024-08-27 18:00:00
26.0,84,948.0,0.0,10.3,2024-08-27 19:00:00
25.5,87,948.4,0.0,9.7,2024-08-27 20:00:00
25.3,89,948.7,0.0,6.7,2024-08-27 21:00:00
24.6,92,948.6,0.0,4.3,2024-08-27 22:00:00
24.6,93,948.7,0.0,3.1,2024-08-27 23:00:00
24.8,91,948.4,0.1,2.8,2024-08-28 00:00:00
24.8,90,947.9,0.0,3.3,2024-08-28 01:00:00
24.8,90,947.3,0.0,3.7,2024-08-28 02:00:00
24.5,91,947.1,0.0,3.7,2024-08-28 03:00:00
24.4,90,947.0,0.0,2.8,2024-08-28 04:00:00
23.7,91,947.2,0.0,2.3,2024-08-28 05:00:00
24.2,94,948.6,0.0,9.0,2024-08-28 06:00:00
24.6,91,948.9,0.0,8.9,2024-08-28 07:00:00
24.8,90,949.1,0.2,8.3,2024-08-28 08:00:00
24.8,92,949.1,0.7,4.7,2024-08-28 09:00:00
25.4,91,949.4,0.4,7.3,2024-08-28 10:00:00
24.8,94,949.0,1.4,5.4,2024-08-28 11:00:00
25.4,89,948.4,1.4,1.1,2024-08-28 12:00:00
25.9,86,947.6,0.2,1.3,2024-08-28 13:00:00
26.9,81,946.8,0.0,7.9,2024-08-28 14:00:00
27.2,76,945.9,0.0,10.5,2024-08-28 15:00:00
27.0,76,945.3,0.0,8.9,2024-08-28 16:00:00
26.8,74,944.9,0.0,8.4,2024-08-28 17:00:00
26.3,82,945.6,0.0,2.9,2024-08-28 18:00:00
25.6,85,945.7,0.0,3.2,2024-08-28 19:00:00
25.0,85,945.7,0.0,4.6,2024-08-28 20:00:00
25.0,85,945.9,0.0,4.3,2024-08-28 21:00:00
25.2,80,945.9,0.0,5.2,2024-08-28 22:00:00
25.0,79,945.9,0.0,7.9,2024-08-28 23:00:00
25.0,77,945.6,0.0,7.9,2024-08-29 00:00:00
24.9,75,945.4,0.1,7.9,2024-08-29 01:00:00
24.7,76,945.1,0.0,9.7,2024-08-29 02:00:00
24.5,76,944.5,0.0,9.8,2024-08-29 03:00:00
23.9,79,944.4,0.0,5.6,2024-08-29 04:00:00
23.2,85,945.0,0.3,3.3,2024-08-29 05:00:00
24.1,85,945.1,0.1,8.2,2024-08-29 06:00:00
24.9,83,946.2,0.1,9.6,2024-08-29 07:00:00
26.8,71,946.7,0.0,8.7,2024-08-29 08:00:00
27.4,72,947.4,1.0,12.0,2024-08-29 09:00:00
26.4,80,948.4,5.7,11.8,2024-08-29 10:00:00
24.8,88,948.4,2.3,14.2,2024-08-29 11:00:00
24.5,89,947.7,1.1,11.1,2024-08-29 12:00:00
26.6,80,946.9,0.1,12.1,2024-08-29 13:00:00
27.2,76,946.0,0.0,9.5,2024-08-29 14:00:00
27.2,74,945.2,0.2,8.0,2024-08-29 15:00:00
26.2,79,945.3,1.3,7.2,2024-08-29 16:00:00
25.3,87,946.0,4.2,8.4,2024-08-29 17:00:00
25.2,84,946.6,0.9,0.7,2024-08-29 18:00:00
24.7,93,946.7,0.2,2.9,2024-08-29 19:00:00
24.4,90,947.3,0.2,6.2,2024-08-29 20:00:00
23.7,94,948.3,0.0,11.4,2024-08-29 21:00:00
23.1,97,948.3,1.9,9.1,2024-08-29 22:00:00
23.0,98,948.2,1.8,5.4,2024-08-29 23:00:00
23.0,98,947.7,1.9,4.8,2024-08-30 00:00:00
23.6,92,947.6,1.4,4.5,2024-08-30 01:00:00
23.9,88,947.4,0.6,4.3,2024-08-30 02:00:00
23.4,91,947.4,0.0,3.0,2024-08-30 03:00:00
24.2,84,948.1,0.0,1.6,2024-08-30 04:00:00
23.5,87,948.3,0.7,4.5,2024-08-30 05:00:00
23.3,95,948.2,0.1,6.3,2024-08-30 06:00:00
24.3,91,948.9,0.0,2.9,2024-08-30 07:00:00
25.5,85,949.7,0.9,0.8,2024-08-30 08:00:00
26.0,82,951.0,2.4,3.8,2024-08-30 09:00:00
25.3,83,951.2,6.2,2.7,2024-08-30 10:00:00
25.3,83,950.7,2.8,2.5,2024-08-30 11:00:00
25.7,82,950.5,0.9,2.7,2024-08-30 12:00:00
26.4,76,950.1,0.6,3.9,2024-08-30 13:00:00
27.1,75,949.3,0.6,4.1,2024-08-30 14:00:00
28.0,71,948.4,0.0,3.6,2024-08-30 15:00:00
28.3,71,948.0,0.0,0.5,2024-08-30 16:00:00
27.9,74,947.8,0.0,7.2,2024-08-30 17:00:00
26.5,79,949.9,0.0,5.4,2024-08-30 18:00:00
25.2,84,949.3,0.0,12.0,2024-08-30 19:00:00
24.6,86,949.4,0.0,13.7,2024-08-30 20:00:00
24.2,88,949.8,0.0,15.4,2024-08-30 21:00:00
23.9,88,949.6,0.0,13.7,2024-08-30 22:00:00
23.5,89,949.4,0.0,9.7,2024-08-30 23:00:00
23.2,91,949.2,0.0,9.0,2024-08-31 00:00:00
22.8,92,949.0,0.0,9.7,2024-08-31 01:00:00
22.5,94,948.4,0.0,7.7,2024-08-31 02:00:00
22.4,94,948.3,0.0,6.4,2024-08-31 03:00:00
22.2,94,948.2,0.0,6.4,2024-08-31 04:00:00
22.2,93,948.2,0.0,7.1,2024-08-31 05:00:00
22.3,92,948.7,0.0,8.7,2024-08-31 06:00:00
23.8,88,949.2,0.0,9.4,2024-08-31 07:00:00
26.0,81,949.5,0.0,8.2,2024-08-31 08:00:00
28.0,71,949.7,0.0,7.4,2024-08-31 09:00:00
29.6,64,949.6,0.0,8.7,2024-08-31 10:00:00
30.5,61,949.1,0.0,12.8,2024-08-31 11:00:00
30.9,61,948.4,0.0,16.4,2024-08-31 12:00:00
31.2,60,947.6,0.0,17.7,2024-08-31 13:00:00
31.5,57,946.8,0.0,17.7,2024-08-31 14:00:00
31.5,56,946.2,0.0,15.9,2024-08-31 15:00:00
31.2,57,945.9,0.0,14.0,2024-08-31 16:00:00
30.1,65,945.6,0.0,11.4,2024-08-31 17:00:00
28.5,71,945.8,0.0,9.9,2024-08-31 18:00:00
27.0,76,945.5,0.0,9.5,2024-08-31 19:00:00
26.1,79,945.7,0.0,8.2,2024-08-31 20:00:00
25.5,81,946.1,0.0,7.4,2024-08-31 21:00:00
25.2,81,946.5,0.0,6.6,2024-08-31 22:00:00
24.8,81,946.7,0.0,4.6,2024-08-31 23:00:00
24.3,82,946.8,0.0,4.5,2024-09-01 00:00:00
24.0,84,946.4,0.0,5.5,2024-09-01 01:00:00
23.8,84,946.3,0.0,6.5,2024-09-01 02:00:00
23.7,83,946.3,0.0,5.2,2024-09-01 03:00:00
23.3,85,946.3,0.0,6.3,2024-09-01 04:00:00
23.6,83,946.3,0.0,6.0,2024-09-01 05:00:00
24.7,80,946.7,0.0,4.3,2024-09-01 06:00:00
26.3,75,947.2,0.0,2.6,2024-09-01 07:00:00
27.6,76,947.9,0.0,3.6,2024-09-01 08:00:00
28.7,75,948.3,0.0,4.7,2024-09-01 09:00:00
29.7,72,948.6,0.0,5.2,2024-09-01 10:00:00
30.8,66,948.5,0.0,5.1,2024-09-01 11:00:00
31.6,60,948.0,0.0,4.6,2024-09-01 12:00:00
32.1,58,947.5,0.0,4.2,2024-09-01 13:00:00
32.6,56,946.5,0.0,2.7,2024-09-01 14:00:00
32.6,57,945.8,0.0,2.8,2024-09-01 15:00:00
32.5,58,945.6,0.0,3.5,2024-09-01 16:00:00
32.0,61,945.1,0.0,3.7,2024-09-01 17:00:00
30.1,75,945.1,0.0,4.0,2024-09-01 18:00:00
28.7,76,945.1,0.0,6.4,2024-09-01 19:00:00
29.2,70,945.8,0.0,1.8,2024-09-01 20:00:00
27.8,78,946.6,0.0,3.4,2024-09-01 21:00:00
26.9,81,947.0,0.0,5.4,2024-09-01 22:00:00
26.5,83,947.5,0.0,8.4,2024-09-01 23:00:00
26.0,86,947.7,0.0,9.3,2024-09-02 00:00:00
25.9,85,947.6,0.0,10.4,2024-09-02 01:00:00
25.2,87,947.2,0.0,7.4,2024-09-02 02:00:00
23.5,92,947.9,1.8,15.7,2024-09-02 03:00:00
23.0,95,947.5,0.4,6.5,2024-09-02 04:00:00
22.7,95,948.0,0.2,8.7,2024-09-02 05:00:00
24.7,87,947.5,0.0,6.1,2024-09-02 06:00:00
24.9,87,947.9,0.0,2.1,2024-09-02 07:00:00
25.9,84,948.7,1.2,6.5,2024-09-02 08:00:00
26.7,80,949.4,5.8,7.2,2024-09-02 09:00:00
27.6,77,949.8,4.2,10.5,2024-09-02 10:00:00
28.8,74,949.4,0.1,8.4,2024-09-02 11:00:00
28.4,76,949.0,0.3,6.7,2024-09-02 12:00:00
29.2,75,948.2,0.3,3.8,2024-09-02 13:00:00
27.5,80,947.7,3.2,9.8,2024-09-02 14:00:00
25.8,86,946.9,1.3,7.1,2024-09-02 15:00:00
26.0,85,946.1,0.0,8.8,2024-09-02 16:00:00
26.6,82,946.6,0.0,6.2,2024-09-02 17:00:00
27.5,82,946.4,0.0,8.8,2024-09-02 18:00:00
26.0,88,946.9,0.0,8.7,2024-09-02 19:00:00
25.2,91,947.6,0.0,9.2,2024-09-02 20:00:00
24.7,92,947.8,0.0,8.0,2024-09-02 21:00:00
24.5,93,948.3,0.0,4.7,2024-09-02 22:00:00
24.0,95,948.2,0.0,9.6,2024-09-02 23:00:00
22.7,98,949.1,3.7,11.0,2024-09-03 00:00:00
22.5,97,947.5,3.4,10.1,2024-09-03 01:00:00
22.6,96,947.9,2.8,4.8,2024-09-03 02:00:00
22.5,97,947.9,0.2,7.6,2024-09-03 03:00:00
22.7,96,948.3,0.5,5.9,2024-09-03 04:00:00
22.5,96,948.3,1.5,9.9,2024-09-03 05:00:00
22.3,94,949.6,2.0,6.7,2024-09-03 06:00:00
23.2,93,950.0,0.3,6.6,2024-09-03 07:00:00
24.4,86,950.8,0.2,3.8,2024-09-03 08:00:00
25.2,83,951.1,0.0,6.8,2024-09-03 09:00:00
26.4,77,951.4,0.1,1.1,2024-09-03 10:00:00
27.7,71,951.4,0.0,7.3,2024-09-03 11:00:00
28.5,70,950.7,0.0,6.8,2024-09-03 12:00:00
28.7,70,949.9,0.0,5.9,2024-09-03 13:00:00
28.6,70,949.1,0.0,4.1,2024-09-03 14:00:00
28.9,69,948.3,0.0,5.9,2024-09-03 15:00:00
28.6,72,947.6,0.0,6.2,2024-09-03 16:00:00
28.3,71,947.6,0.0,3.5,2024-09-03 17:00:00
27.8,85,947.9,0.0,2.9,2024-09-03 18:00:00
26.6,82,947.9,0.0,3.7,2024-09-03 19:00:00
25.7,85,948.3,0.0,4.3,2024-09-03 20:00:00
25.4,86,948.9,0.0,5.1,2024-09-03 21:00:00
24.9,89,948.9,0.0,4.0,2024-09-03 22:00:00
24.3,92,948.8,0.0,4.0,2024-09-03 23:00:00
24.1,92,948.2,0.0,4.0,2024-09-04 00:00:00
24.1,90,947.7,0.0,3.6,2024-09-04 01:00:00
24.6,87,947.7,0.0,3.4,2024-09-04 02:00:00
23.0,94,947.4,0.0,6.4,2024-09-04 03:00:00
23.2,91,947.3,0.0,4.7,2024-09-04 04:00:00
22.8,91,947.3,0.0,6.1,2024-09-04 05:00:00
22.8,92,947.2,0.0,3.1,2024-09-04 06:00:00
24.5,87,947.6,0.0,5.4,2024-09-04 07:00:00
26.0,82,947.9,0.0,4.0,2024-09-04 08:00:00
27.4,77,948.3,0.0,5.2,2024-09-04 09:00:00
28.4,73,948.3,0.3,5.4,2024-09-04 10:00:00
29.3,69,947.8,0.2,4.8,2024-09-04 11:00:00
30.0,67,947.3,0.0,5.4,2024-09-04 12:00:00
30.6,63,946.5,0.0,6.1,2024-09-04 13:00:00
30.8,63,945.7,0.0,5.9,2024-09-04 14:00:00
30.7,62,944.8,0.0,6.2,2024-09-04 15:00:00
30.5,62,944.2,0.0,5.2,2024-09-04 16:00:00
30.1,63,943.7,0.0,3.6,2024-09-04 17:00:00
28.2,75,943.4,0.0,5.0,2024-09-04 18:00:00
26.4,82,943.2,0.0,7.2,2024-09-04 19:00:00
25.6,84,943.6,0.0,5.8,2024-09-04 20:00:00
24.7,90,944.0,0.0,6.0,2024-09-04 21:00:00
24.4,91,944.1,0.0,4.7,2024-09-04 22:00:00
24.0,92,944.2,0.0,5.4,2024-09-04 23:00:00
23.8,93,944.1,0.0,5.4,2024-09-05 00:00:00
23.8,93,943.9,0.0,4.2,2024-09-05 01:00:00
23.8,92,943.8,0.0,4.7,2024-09-05 02:00:00
23.5,92,943.8,0.0,6.0,2024-09-05 03:00:00
23.2,93,943.7,0.0,5.8,2024-09-05 04:00:00
23.0,94,943.9,0.0,5.1,2024-09-05 05:00:00
23.8,91,944.0,0.0,4.0,2024-09-05 06:00:00
24.6,87,945.0,0.0,4.6,2024-09-05 07:00:00
25.4,86,945.4,0.0,3.9,2024-09-05 08:00:00
26.6,83,945.7,0.0,5.1,2024-09-05 09:00:00
27.6,79,946.0,0.2,1.5,2024-09-05 10:00:00
28.6,76,945.7,0.0,4.0,2024-09-05 11:00:00
29.6,70,945.0,0.1,4.5,2024-09-05 12:00:00
30.4,67,944.4,0.0,3.9,2024-09-05 13:00:00
30.5,67,943.7,0.0,5.4,2024-09-05 14:00:00
29.8,72,942.9,0.1,2.8,2024-09-05 15:00:00
29.5,72,942.5,0.1,3.4,2024-09-05 16:00:00
29.0,74,942.0,0.0,3.7,2024-09-05 17:00:00
28.7,83,941.8,0.0,3.7,2024-09-05 18:00:00
28.2,73,941.9,0.0,2.6,2024-09-05 19:00:00
26.0,86,942.3,0.0,3.3,2024-09-05 20:00:00
26.2,79,942.9,0.0,3.7,2024-09-05 21:00:00
25.5,81,943.3,0.0,4.7,2024-09-05 22:00:00
25.2,82,943.8,0.0,5.4,2024-09-05 23:00:00
25.0,84,944.4,0.2,11.5,2024-09-06 00:00:00
23.9,90,944.7,0.2,10.5,2024-09-06 01:00:00
23.0,91,944.6,1.2,9.4,2024-09-06 02:00:00
21.5,95,945.2,1.6,16.5,2024-09-06 03:00:00
21.7,93,945.3,0.5,11.0,2024-09-06 04:00:00
21.6,94,945.3,0.0,7.4,2024-09-06 05:00:00
22.8,89,945.6,0.0,9.0,2024-09-06 06:00:00
23.5,86,946.1,0.0,5.4,2024-09-06 07:00:00
24.5,82,946.5,0.0,4.5,2024-09-06 08:00:00
26.1,75,947.5,0.0,5.2,2024-09-06 09:00:00
27.8,69,948.2,0.0,4.1,2024-09-06 10:00:00
28.7,68,948.2,0.0,4.7,2024-09-06 11:00:00
29.4,66,947.7,0.0,4.6,2024-09-06 12:00:00
30.0,66,947.3,0.0,5.5,2024-09-06 13:00:00
30.0,67,946.3,0.0,5.1,2024-09-06 14:00:00
30.2,66,945.5,0.0,2.6,2024-09-06 15:00:00
28.3,74,945.3,0.8,8.3,2024-09-06 16:00:00
28.1,74,944.8,0.0,5.2,2024-09-06 17:00:00
27.9,79,945.0,0.0,5.2,2024-09-06 18:00:00
26.5,84,945.0,0.0,5.6,2024-09-06 19:00:00
25.9,87,946.0,0.0,5.8,2024-09-06 20:00:00
25.1,91,946.7,0.0,4.4,2024-09-06 21:00:00
24.9,91,947.2,0.0,4.6,2024-09-06 22:00:00
24.8,91,947.1,0.0,5.9,2024-09-06 23:00:00
23.1,95,948.4,1.8,7.2,2024-09-07 00:00:00
22.5,93,948.5,0.4,8.2,2024-09-07 01:00:00
22.1,94,948.0,0.4,8.4,2024-09-07 02:00:00
22.2,94,948.2,0.2,5.0,2024-09-07 03:00:00
22.5,93,947.6,0.1,1.9,2024-09-07 04:00:00
21.7,95,947.9,3.1,3.6,2024-09-07 05:00:00
21.3,95,948.1,1.3,3.9,2024-09-07 06:00:00
21.8,91,948.1,0.2,11.0,2024-09-07 07:00:00
23.6,83,948.4,0.0,6.0,2024-09-07 08:00:00
25.8,76,949.1,0.0,2.3,2024-09-07 09:00:00
27.0,73,949.5,0.0,4.1,2024-09-07 10:00:00
28.0,70,949.3,0.0,4.0,2024-09-07 11:00:00
28.8,69,948.8,0.0,4.4,2024-09-07 12:00:00
29.3,67,948.1,0.1,3.9,2024-09-07 13:00:00
29.5,65,947.2,0.0,2.4,2024-09-07 14:00:00
29.9,63,946.4,0.0,2.4,2024-09-07 15:00:00
29.8,63,946.0,0.0,2.4,2024-09-07 16:00:00
29.3,64,945.5,0.0,1.8,2024-09-07 17:00:00
27.3,82,945.6,0.0,3.6,2024-09-07 18:00:00
26.9,76,945.9,0.0,3.4,2024-09-07 19:00:00
25.2,84,946.3,0.0,2.6,2024-09-07 20:00:00
25.3,82,947.0,0.0,3.1,2024-09-07 21:00:00
24.2,88,947.4,0.0,5.5,2024-09-07 22:00:00
23.8,90,947.7,0.0,4.6,2024-09-07 23:00:00
23.7,90,947.9,0.0,4.6,2024-09-08 00:00:00
23.3,90,947.9,0.0,4.8,2024-09-08 01:00:00
22.9,92,947.7,0.0,5.4,2024-09-08 02:00:00
22.7,92,947.5,0.0,5.7,2024-09-08 03:00:00
22.6,91,947.6,0.0,6.9,2024-09-08 04:00:00
22.9,88,947.5,0.0,5.6,2024-09-08 05:00:00
23.3,88,947.9,0.0,4.4,2024-09-08 06:00:00
25.2,79,948.5,0.0,1.5,2024-09-08 07:00:00
26.4,78,949.1,0.0,1.0,2024-09-08 08:00:00
27.6,76,949.4,0.0,4.5,2024-09-08 09:00:00
29.0,71,949.4,0.0,6.8,2024-09-08 10:00:00
30.1,66,949.1,0.0,9.0,2024-09-08 11:00:00
30.6,63,948.5,0.0,10.1,2024-09-08 12:00:00
31.0,61,947.8,0.0,9.1,2024-09-08 13:00:00
31.2,59,946.8,0.0,9.0,2024-09-08 14:00:00
31.2,58,946.2,0.0,8.0,2024-09-08 15:00:00
31.0,58,945.8,0.0,7.1,2024-09-08 16:00:00
30.2,63,945.3,0.0,6.2,2024-09-08 17:00:00
28.2,71,945.3,0.0,5.3,2024-09-08 18:00:00
26.6,71,944.8,0.0,6.7,2024-09-08 19:00:00
25.6,73,945.0,0.0,6.1,2024-09-08 20:00:00
25.0,77,945.4,0.0,6.6,2024-09-08 21:00:00
24.3,83,945.5,0.0,5.2,2024-09-08 22:00:00
23.8,86,945.6,0.0,3.6,2024-09-08 23:00:00
23.7,86,945.6,0.0,2.6,2024-09-09 00:00:00
23.4,86,945.6,0.0,4.3,2024-09-09 01:00:00
23.4,86,945.1,0.0,4.7,2024-09-09 02:00:00
23.1,87,945.1,0.0,5.2,2024-09-09 03:00:00
23.2,87,945.1,0.0,3.9,2024-09-09 04:00:00
22.7,90,945.0,0.0,4.3,2024-09-09 05:00:00
24.3,82,945.6,0.0,4.4,2024-09-09 06:00:00
26.5,77,946.4,0.0,3.4,2024-09-09 07:00:00
27.7,75,946.9,0.0,2.9,2024-09-09 08:00:00
29.0,74,947.1,0.0,4.2,2024-09-09 09:00:00
30.3,68,947.0,0.0,5.5,2024-09-09 10:00:00
31.3,62,946.6,0.0,7.2,2024-09-09 11:00:00
32.1,57,946.1,0.0,8.7,2024-09-09 12:00:00
32.5,55,945.1,0.0,9.8,2024-09-09 13:00:00
32.7,53,944.1,0.0,10.4,2024-09-09 14:00:00
32.7,51,943.4,0.0,9.7,2024-09-09 15:00:00
32.2,53,942.9,0.0,8.8,2024-09-09 16:00:00
31.1,62,942.5,0.0,6.5,2024-09-09 17:00:00
28.6,72,942.6,0.0,6.7,2024-09-09 18:00:00
26.7,79,942.3,0.0,5.6,2024-09-09 19:00:00
25.8,84,942.5,0.0,6.0,2024-09-09 20:00:00
25.2,85,943.0,0.0,5.5,2024-09-09 21:00:00
24.5,87,943.2,0.0,3.9,2024-09-09 22:00:00
23.8,87,943.5,0.0,4.7,2024-09-09 23:00:00
23.5,84,943.6,0.0,5.4,2024-09-10 00:00:00
23.8,76,943.6,0.0,6.1,2024-09-10 01:00:00
23.8,74,943.4,0.0,6.5,2024-09-10 02:00:00
24.1,74,943.7,0.0,5.9,2024-09-10 03:00:00
24.9,71,944.0,0.0,4.3,2024-09-10 04:00:00
24.5,73,944.0,0.0,4.3,2024-09-10 05:00:00
25.5,75,944.6,0.0,5.2,2024-09-10 06:00:00
26.6,70,945.0,0.0,3.1,2024-09-10 07:00:00
27.3,71,945.4,0.0,2.2,2024-09-10 08:00:00
28.9,68,946.2,0.0,3.6,2024-09-10 09:00:00
30.4,66,946.2,0.0,3.7,2024-09-10 10:00:00
31.5,62,945.9,0.0,7.6,2024-09-10 11:00:00
31.4,62,945.5,0.0,10.0,2024-09-10 12:00:00
31.4,63,945.2,0.1,10.9,2024-09-10 13:00:00
31.5,62,944.3,0.0,11.0,2024-09-10 14:00:00
31.2,61,943.7,0.1,10.0,2024-09-10 15:00:00
31.0,61,943.3,0.0,10.8,2024-09-10 16:00:00
30.3,66,943.1,0.0,7.6,2024-09-10 17:00:00
31.2,57,943.5,0.0,4.4,2024-09-10 18:00:00
27.9,71,943.3,0.0,6.5,2024-09-10 19:00:00
27.0,75,944.5,0.0,9.6,2024-09-10 20:00:00
26.1,81,945.3,0.0,8.0,2024-09-10 21:00:00
25.5,83,945.5,0.0,6.1,2024-09-10 22:00:00
25.1,83,945.8,0.0,6.7,2024-09-10 23:00:00
24.7,84,945.5,0.0,5.5,2024-09-11 00:00:00
24.3,85,945.2,0.0,4.8,2024-09-11 01:00:00
24.1,85,944.7,0.0,5.5,2024-09-11 02:00:00
23.9,85,944.3,0.0,4.5,2024-09-11 03:00:00
23.6,86,944.3,0.0,3.8,2024-09-11 04:00:00
23.4,87,944.6,0.0,4.8,2024-09-11 05:00:00
23.9,86,945.1,0.0,4.3,2024-09-11 06:00:00
25.3,79,945.6,0.0,1.8,2024-09-11 07:00:00
27.1,74,946.2,0.0,2.6,2024-09-11 08:00:00
28.8,70,946.7,0.0,1.9,2024-09-11 09:00:00
30.6,64,946.7,0.0,4.8,2024-09-11 10:00:00
31.9,54,946.7,0.0,10.1,2024-09-11 11:00:00
32.1,52,946.2,0.0,12.6,2024-09-11 12:00:00
32.1,53,945.8,0.0,11.7,2024-09-11 13:00:00
32.1,53,945.1,0.0,10.5,2024-09-11 14:00:00
32.0,53,944.5,0.0,8.8,2024-09-11 15:00:00
31.6,54,944.0,0.0,7.9,2024-09-11 16:00:00
30.7,60,943.7,0.0,6.5,2024-09-11 17:00:00
28.7,65,943.8,0.0,6.1,2024-09-11 18:00:00
27.0,66,943.7,0.0,6.8,2024-09-11 19:00:00
25.9,70,944.1,0.0,5.5,2024-09-11 20:00:00
25.0,75,944.2,0.0,4.9,2024-09-11 21:00:00
24.5,77,944.2,0.0,6.0,2024-09-11 22:00:00
24.3,73,944.0,0.0,6.6,2024-09-11 23:00:00
23.7,74,943.7,0.0,5.9,2024-09-12 00:00:00
23.6,74,943.2,0.0,7.7,2024-09-12 01:00:00
23.7,74,942.4,0.0,8.4,2024-09-12 02:00:00
23.9,73,941.9,0.0,7.7,2024-09-12 03:00:00
24.0,72,941.4,0.0,7.4,2024-09-12 04:00:00
23.9,71,941.4,0.0,8.1,2024-09-12 05:00:00
25.3,70,942.3,0.0,7.9,2024-09-12 06:00:00
26.3,66,942.5,0.0,8.4,2024-09-12 07:00:00
28.2,62,942.9,0.0,8.5,2024-09-12 08:00:00
29.8,57,943.4,0.0,8.5,2024-09-12 09:00:00
31.1,53,943.6,0.0,10.6,2024-09-12 10:00:00
31.8,51,943.3,0.0,13.6,2024-09-12 11:00:00
32.1,55,942.8,0.0,15.0,2024-09-12 12:00:00
32.4,54,942.6,0.0,14.7,2024-09-12 13:00:00
32.7,52,941.9,0.0,13.3,2024-09-12 14:00:00
32.5,51,941.4,0.0,10.9,2024-09-12 15:00:00
32.1,52,941.1,0.0,8.3,2024-09-12 16:00:00
31.0,61,941.0,0.0,6.2,2024-09-12 17:00:00
29.2,66,941.8,0.0,6.6,2024-09-12 18:00:00
27.3,68,942.2,0.0,6.8,2024-09-12 19:00:00
27.2,63,942.8,0.0,8.7,2024-09-12 20:00:00
27.2,63,943.6,0.0,11.8,2024-09-12 21:00:00
26.7,70,944.1,0.0,11.0,2024-09-12 22:00:00
26.5,71,944.3,0.0,10.1,2024-09-12 23:00:00
26.0,73,944.0,0.0,7.9,2024-09-13 00:00:00
25.3,75,944.0,0.0,12.7,2024-09-13 01:00:00
24.6,77,943.2,0.0,6.8,2024-09-13 02:00:00
24.6,78,942.9,0.0,6.6,2024-09-13 03:00:00
24.5,80,942.7,0.0,6.6,2024-09-13 04:00:00
24.0,83,942.2,0.0,5.2,2024-09-13 05:00:00
23.5,87,942.6,0.0,0.0,2024-09-13 06:00:00
24.4,84,942.8,0.0,1.9,2024-09-13 07:00:00
26.3,79,943.3,0.0,4.7,2024-09-13 08:00:00
28.3,71,943.8,0.0,8.9,2024-09-13 09:00:00
30.0,63,943.8,0.0,13.4,2024-09-13 10:00:00
30.8,59,943.2,0.0,14.2,2024-09-13 11:00:00
31.6,57,942.7,0.0,13.4,2024-09-13 12:00:00
32.1,55,942.0,0.0,12.7,2024-09-13 13:00:00
32.3,53,941.4,0.0,12.1,2024-09-13 14:00:00
32.2,53,940.7,0.0,11.3,2024-09-13 15:00:00
31.7,55,940.3,0.0,10.4,2024-09-13 16:00:00
30.7,61,940.1,0.0,7.6,2024-09-13 17:00:00
28.8,76,940.6,0.0,5.2,2024-09-13 18:00:00
27.3,83,940.9,0.0,5.8,2024-09-13 19:00:00
28.6,73,941.9,0.0,2.3,2024-09-13 20:00:00
26.1,83,942.2,0.0,5.1,2024-09-13 21:00:00
25.6,82,942.5,0.0,8.3,2024-09-13 22:00:00
25.3,82,942.7,0.5,7.9,2024-09-13 23:00:00
22.0,94,943.3,4.0,11.9,2024-09-14 00:00:00
22.0,95,942.9,0.0,8.0,2024-09-14 01:00:00
22.1,93,943.1,0.0,10.9,2024-09-14 02:00:00
22.7,91,943.6,0.1,13.9,2024-09-14 03:00:00
22.2,89,943.9,2.6,9.0,2024-09-14 04:00:00
22.1,93,944.6,8.3,9.9,2024-09-14 05:00:00
22.1,90,944.7,3.0,7.4,2024-09-14 06:00:00
22.0,92,944.8,1.2,8.5,2024-09-14 07:00:00
22.5,90,945.1,0.4,0.4,2024-09-14 08:00:00
24.8,80,945.8,0.0,9.7,2024-09-14 09:00:00
26.5,73,946.3,0.0,10.3,2024-09-14 10:00:00
28.0,67,946.1,0.0,9.2,2024-09-14 11:00:00
28.9,62,945.7,0.0,2.6,2024-09-14 12:00:00
29.0,62,945.1,0.1,4.3,2024-09-14 13:00:00
29.3,62,944.5,0.1,3.2,2024-09-14 14:00:00
29.1,63,944.0,0.1,3.3,2024-09-14 15:00:00
28.9,64,943.8,0.0,4.6,2024-09-14 16:00:00
28.2,68,943.8,0.0,6.1,2024-09-14 17:00:00
25.9,83,944.2,0.0,5.8,2024-09-14 18:00:00
24.6,85,944.4,0.0,6.5,2024-09-14 19:00:00
23.8,87,944.7,0.0,5.7,2024-09-14 20:00:00
23.0,90,945.1,0.0,3.1,2024-09-14 21:00:00
23.0,87,945.6,0.0,3.4,2024-09-14 22:00:00
23.3,83,945.7,0.0,6.3,2024-09-14 23:00:00
22.4,86,945.4,0.0,7.2,2024-09-15 00:00:00
22.1,84,945.2,0.0,6.1,2024-09-15 01:00:00
22.0,82,944.7,0.0,5.2,2024-09-15 02:00:00
22.6,76,944.9,0.0,3.2,2024-09-15 03:00:00
22.1,78,944.8,0.0,4.1,2024-09-15 04:00:00
20.2,87,946.0,3.9,24.2,2024-09-15 05:00:00
23.1,85,945.0,0.0,8.3,2024-09-15 06:00:00
24.1,85,945.3,0.0,8.9,2024-09-15 07:00:00
25.9,79,945.9,0.0,4.6,2024-09-15 08:00:00
27.4,72,946.5,0.0,5.4,2024-09-15 09:00:00
28.6,67,946.7,0.0,7.9,2024-09-15 10:00:00
29.2,64,946.7,0.0,12.0,2024-09-15 11:00:00
29.6,61,946.4,0.0,14.2,2024-09-15 12:00:00
30.1,57,946.0,0.0,13.7,2024-09-15 13:00:00
30.3,54,945.2,0.0,12.6,2024-09-15 14:00:00
30.2,53,944.9,0.0,12.4,2024-09-15 15:00:00
29.7,54,944.7,0.0,12.2,2024-09-15 16:00:00
28.5,61,944.7,0.0,10.2,2024-09-15 17:00:00
26.2,67,944.9,0.0,6.9,2024-09-15 18:00:00
24.7,71,944.9,0.0,6.6,2024-09-15 19:00:00
23.9,74,945.1,0.0,6.0,2024-09-15 20:00:00
23.1,74,945.4,0.0,5.0,2024-09-15 21:00:00
23.1,68,945.5,0.0,3.9,2024-09-15 22:00:00
22.6,66,945.5,0.0,4.8,2024-09-15 23:00:00
22.2,68,945.2,0.0,5.7,2024-09-16 00:00:00
23.3,62,945.4,0.0,3.1,2024-09-16 01:00:00
22.5,66,945.3,0.0,3.1,2024-09-16 02:00:00
21.0,74,945.1,0.0,4.9,2024-09-16 03:00:00
21.2,74,945.1,0.0,4.6,2024-09-16 04:00:00
21.1,75,945.3,0.0,5.5,2024-09-16 05:00:00
22.4,74,946.0,0.0,6.5,2024-09-16 06:00:00
24.9,71,947.0,0.0,2.6,2024-09-16 07:00:00
26.9,63,947.7,0.0,3.1,2024-09-16 08:00:00
28.5,61,948.2,0.0,5.8,2024-09-16 09:00:00
29.8,56,948.5,0.0,9.0,2024-09-16 10:00:00
30.8,51,948.2,0.0,11.4,2024-09-16 11:00:00
31.4,47,947.8,0.0,12.2,2024-09-16 12:00:00
31.8,46,947.4,0.0,12.0,2024-09-16 13:00:00
31.7,47,946.8,0.0,11.9,2024-09-16 14:00:00
31.5,49,946.5,0.0,11.2,2024-09-16 15:00:00
30.8,52,946.5,0.0,10.5,2024-09-16 16:00:00
29.3,62,946.6,0.0,7.1,2024-09-16 17:00:00
27.0,65,946.6,0.0,7.9,2024-09-16 18:00:00
25.6,67,946.5,0.0,8.8,2024-09-16 19:00:00
24.6,72,946.8,0.0,7.3,2024-09-16 20:00:00
23.6,79,947.1,0.0,4.8,2024-09-16 21:00:00
23.4,78,947.4,0.0,3.8,2024-09-16 22:00:00
22.9,73,947.4,0.0,4.1,2024-09-16 23:00:00
22.8,69,947.3,0.0,5.5,2024-09-17 00:00:00
22.4,72,947.2,0.0,6.0,2024-09-17 01:00:00
23.0,71,947.0,0.0,3.8,2024-09-17 02:00:00
23.1,70,947.0,0.0,2.8,2024-09-17 03:00:00
21.6,78,947.1,0.0,4.6,2024-09-17 04:00:00
20.9,82,947.3,0.0,5.2,2024-09-17 05:00:00
22.9,79,948.2,0.0,6.3,2024-09-17 06:00:00
24.8,74,948.9,0.0,3.3,2024-09-17 07:00:00
26.4,69,949.6,0.0,1.6,2024-09-17 08:00:00
28.2,64,950.1,0.0,1.8,2024-09-17 09:00:00
29.6,61,950.4,0.0,4.6,2024-09-17 10:00:00
30.8,56,950.1,0.0,8.7,2024-09-17 11:00:00
31.4,51,949.7,0.0,12.1,2024-09-17 12:00:00
31.4,53,949.2,0.0,14.0,2024-09-17 13:00:00
31.2,55,948.5,0.0,14.6,2024-09-17 14:00:00
30.7,54,948.2,0.0,14.1,2024-09-17 15:00:00
30.4,53,947.6,0.0,14.6,2024-09-17 16:00:00
29.1,60,947.6,0.0,10.2,2024-09-17 17:00:00
27.7,63,947.4,0.0,8.1,2024-09-17 18:00:00
26.0,66,947.2,0.0,8.1,2024-09-17 19:00:00
24.6,70,947.4,0.0,7.3,2024-09-17 20:00:00
23.8,74,947.5,0.0,6.6,2024-09-17 21:00:00
23.4,75,947.7,0.0,5.0,2024-09-17 22:00:00
23.4,71,947.6,0.0,4.6,2024-09-17 23:00:00
22.9,69,947.4,0.0,4.6,2024-09-18 00:00:00
22.1,71,947.0,0.0,4.8,2024-09-18 01:00:00
22.1,70,946.8,0.0,4.8,2024-09-18 02:00:00
23.2,64,947.0,0.0,3.1,2024-09-18 03:00:00
22.5,67,947.3,0.0,2.7,2024-09-18 04:00:00
21.4,73,947.0,0.0,5.2,2024-09-18 05:00:00
21.4,72,947.8,0.0,6.8,2024-09-18 06:00:00
23.6,65,948.4,0.0,6.2,2024-09-18 07:00:00
25.8,61,948.9,0.0,7.2,2024-09-18 08:00:00
28.0,57,949.7,0.0,5.4,2024-09-18 09:00:00
29.5,56,950.0,0.0,1.3,2024-09-18 10:00:00
30.7,53,949.7,0.0,5.5,2024-09-18 11:00:00
31.6,49,949.2,0.0,8.3,2024-09-18 12:00:00
32.0,47,948.9,0.0,8.0,2024-09-18 13:00:00
32.2,46,948.2,0.0,7.5,2024-09-18 14:00:00
32.2,45,947.9,0.0,5.2,2024-09-18 15:00:00
31.9,46,947.7,0.0,2.5,2024-09-18 16:00:00
31.3,53,947.7,0.0,2.6,2024-09-18 17:00:00
27.8,70,948.0,0.0,5.8,2024-09-18 18:00:00
26.4,70,948.2,0.0,8.4,2024-09-18 19:00:00
25.8,70,948.7,0.0,8.1,2024-09-18 20:00:00
25.1,71,948.7,0.0,8.9,2024-09-18 21:00:00
24.7,70,948.6,0.0,8.3,2024-09-18 22:00:00
24.2,71,948.2,0.0,7.2,2024-09-18 23:00:00
24.0,71,947.7,0.0,6.0,2024-09-19 00:00:00
23.7,71,947.4,0.0,6.7,2024-09-19 01:00:00
24.0,69,947.0,0.0,6.6,2024-09-19 02:00:00
23.7,70,946.9,0.0,5.1,2024-09-19 03:00:00
23.5,70,946.5,0.0,6.6,2024-09-19 04:00:00
22.8,71,946.8,0.0,6.6,2024-09-19 05:00:00
22.9,76,948.6,0.0,3.7,2024-09-19 06:00:00
25.4,67,949.2,0.0,3.6,2024-09-19 07:00:00
27.2,63,949.6,0.0,5.9,2024-09-19 08:00:00
29.0,60,950.3,0.0,4.8,2024-09-19 09:00:00
31.0,52,950.7,0.0,5.9,2024-09-19 10:00:00
32.3,47,950.5,0.0,5.1,2024-09-19 11:00:00
33.2,45,950.0,0.0,4.2,2024-09-19 12:00:00
33.9,41,949.7,0.0,1.1,2024-09-19 13:00:00
34.0,37,949.2,0.0,3.3,2024-09-19 14:00:00
34.0,35,948.7,0.0,3.3,2024-09-19 15:00:00
33.5,37,948.6,0.0,4.0,2024-09-19 16:00:00
31.5,71,948.4,0.0,2.4,2024-09-19 17:00:00
28.1,64,948.2,0.0,5.4,2024-09-19 18:00:00
27.0,68,948.2,0.0,6.2,2024-09-19 19:00:00
25.5,75,948.4,0.0,5.6,2024-09-19 20:00:00
25.6,69,948.8,0.0,5.4,2024-09-19 21:00:00
24.2,74,948.4,0.0,5.4,2024-09-19 22:00:00
23.5,77,947.6,0.0,5.6,2024-09-19 23:00:00
25.6,62,947.4,0.0,1.8,2024-09-20 00:00:00
23.3,73,946.2,0.0,3.1,2024-09-20 01:00:00
23.2,68,945.6,0.0,5.1,2024-09-20 02:00:00
22.3,72,945.3,0.0,6.4,2024-09-20 03:00:00
23.0,67,945.6,0.0,4.6,2024-09-20 04:00:00
24.3,59,946.2,0.0,2.4,2024-09-20 05:00:00
23.3,72,946.8,0.0,6.1,2024-09-20 06:00:00
23.8,73,947.5,0.0,6.4,2024-09-20 07:00:00
25.6,68,948.4,0.0,5.3,2024-09-20 08:00:00
27.7,60,949.3,0.0,6.8,2024-09-20 09:00:00
29.4,52,949.7,0.0,6.1,2024-09-20 10:00:00
30.7,47,949.4,0.0,6.5,2024-09-20 11:00:00
31.8,44,949.1,0.0,5.4,2024-09-20 12:00:00
32.7,43,948.6,0.0,4.3,2024-09-20 13:00:00
33.1,44,947.8,0.0,3.3,2024-09-20 14:00:00
33.2,45,947.2,0.0,2.9,2024-09-20 15:00:00
33.0,45,946.9,0.0,2.4,2024-09-20 16:00:00
31.6,65,946.6,0.0,1.9,2024-09-20 17:00:00
31.1,53,947.4,0.0,4.0,2024-09-20 18:00:00
30.3,54,947.3,0.0,2.3,2024-09-20 19:00:00
27.1,67,947.2,0.0,6.8,2024-09-20 20:00:00
25.4,76,947.4,0.0,8.8,2024-09-20 21:00:00
24.6,79,947.7,0.0,7.4,2024-09-20 22:00:00
24.3,79,947.4,0.0,6.7,2024-09-20 23:00:00
24.0,80,947.4,0.0,7.1,2024-09-21 00:00:00
24.0,79,947.2,0.0,5.6,2024-09-21 01:00:00
23.9,79,947.1,0.0,6.4,2024-09-21 02:00:00
23.5,80,947.0,0.0,6.1,2024-09-21 03:00:00
23.2,80,947.1,0.0,5.9,2024-09-21 04:00:00
23.0,81,947.4,0.0,5.9,2024-09-21 05:00:00
23.3,80,948.4,0.0,6.2,2024-09-21 06:00:00
24.8,75,949.0,0.0,7.6,2024-09-21 07:00:00
26.5,70,950.1,0.0,7.2,2024-09-21 08:00:00
28.2,66,950.7,0.0,8.4,2024-09-21 09:00:00
29.7,62,951.1,0.0,8.1,2024-09-21 10:00:00
30.9,58,950.7,0.0,5.6,2024-09-21 11:00:00
31.9,55,950.3,0.0,4.7,2024-09-21 12:00:00
32.6,51,949.3,0.0,5.2,2024-09-21 13:00:00
32.9,50,948.6,0.0,6.1,2024-09-21 14:00:00
33.0,50,948.0,0.0,5.4,2024-09-21 15:00:00
32.8,51,947.8,0.0,3.4,2024-09-21 16:00:00
32.1,55,947.8,0.0,2.0,2024-09-21 17:00:00
30.4,61,947.9,0.0,5.2,2024-09-21 18:00:00
27.9,71,947.6,0.0,7.7,2024-09-21 19:00:00
27.1,71,948.0,0.0,5.9,2024-09-21 20:00:00
26.2,73,948.5,0.0,8.7,2024-09-21 21:00:00
26.2,72,948.9,0.0,6.0,2024-09-21 22:00:00
25.9,74,949.0,0.0,8.2,2024-09-21 23:00:00
25.4,76,948.8,0.0,7.9,2024-09-22 00:00:00
25.1,78,948.3,0.0,7.9,2024-09-22 01:00:00
24.9,79,947.8,0.0,6.4,2024-09-22 02:00:00
24.1,84,947.7,0.0,7.3,2024-09-22 03:00:00
23.8,84,947.8,0.0,6.9,2024-09-22 04:00:00
23.7,84,948.1,0.0,5.1,2024-09-22 05:00:00
24.1,85,948.3,0.0,6.1,2024-09-22 06:00:00
25.7,78,949.1,0.0,6.6,2024-09-22 07:00:00
27.4,73,949.8,0.0,6.2,2024-09-22 08:00:00
29.0,69,950.3,0.0,5.8,2024-09-22 09:00:00
30.5,65,950.8,0.0,5.1,2024-09-22 10:00:00
31.6,61,950.4,0.0,4.0,2024-09-22 11:00:00
32.5,56,949.6,0.0,3.4,2024-09-22 12:00:00
33.2,52,948.8,0.0,3.2,2024-09-22 13:00:00
33.6,51,947.6,0.0,3.0,2024-09-22 14:00:00
33.7,50,947.0,0.0,2.7,2024-09-22 15:00:00
33.6,50,946.8,0.0,2.1,2024-09-22 16:00:00
33.1,52,947.1,0.0,1.1,2024-09-22 17:00:00
30.4,65,947.3,0.0,6.1,2024-09-22 18:00:00
28.3,71,947.2,0.0,5.9,2024-09-22 19:00:00
27.8,68,947.6,0.0,4.3,2024-09-22 20:00:00
27.4,70,948.0,0.0,5.9,2024-09-22 21:00:00
27.6,68,948.3,0.0,6.6,2024-09-22 22:00:00
25.8,75,948.2,0.0,7.2,2024-09-22 23:00:00
25.9,74,947.9,0.0,5.7,2024-09-23 00:00:00
25.5,75,947.8,0.0,5.8,2024-09-23 01:00:00
25.0,77,947.3,0.0,6.3,2024-09-23 02:00:00
25.0,77,947.4,0.0,6.0,2024-09-23 03:00:00
24.3,80,947.4,0.0,7.6,2024-09-23 04:00:00
24.1,79,947.6,0.0,7.7,2024-09-23 05:00:00
24.9,77,948.8,0.0,4.7,2024-09-23 06:00:00
26.5,72,949.3,0.0,5.6,2024-09-23 07:00:00
28.1,66,950.1,0.0,5.5,2024-09-23 08:00:00
29.9,62,950.8,0.0,5.1,2024-09-23 09:00:00
31.3,59,951.1,0.0,3.6,2024-09-23 10:00:00
32.6,54,950.9,0.0,2.3,2024-09-23 11:00:00
33.5,49,950.4,0.0,3.2,2024-09-23 12:00:00
34.3,45,949.6,0.0,4.7,2024-09-23 13:00:00
34.6,43,948.6,0.0,6.6,2024-09-23 14:00:00
34.5,43,948.0,0.0,7.8,2024-09-23 15:00:00
34.1,43,947.5,0.0,7.9,2024-09-23 16:00:00
33.1,48,947.1,0.0,6.9,2024-09-23 17:00:00
30.4,61,947.7,0.0,6.4,2024-09-23 18:00:00
29.5,61,947.4,0.0,5.2,2024-09-23 19:00:00
28.3,65,947.3,0.0,6.6,2024-09-23 20:00:00
27.4,68,947.2,0.0,8.4,2024-09-23 21:00:00
27.1,68,946.7,0.0,8.3,2024-09-23 22:00:00
26.7,67,946.5,0.0,7.5,2024-09-23 23:00:00
26.3,67,946.1,0.0,7.4,2024-09-24 00:00:00
26.3,66,946.1,0.0,8.1,2024-09-24 01:00:00
25.9,67,945.5,0.0,6.1,2024-09-24 02:00:00
24.8,73,945.5,0.0,5.2,2024-09-24 03:00:00
24.4,76,945.9,0.0,4.0,2024-09-24 04:00:00
24.0,77,946.6,0.0,6.4,2024-09-24 05:00:00
24.6,79,947.3,0.0,7.1,2024-09-24 06:00:00
25.8,74,948.1,0.0,9.7,2024-09-24 07:00:00
28.2,66,949.0,0.0,9.0,2024-09-24 08:00:00
30.5,59,949.6,0.0,9.5,2024-09-24 09:00:00
32.2,54,949.7,0.0,7.3,2024-09-24 10:00:00
33.2,51,949.2,0.0,3.6,2024-09-24 11:00:00
34.0,48,948.5,0.0,1.9,2024-09-24 12:00:00
34.6,46,947.7,0.0,4.0,2024-09-24 13:00:00
34.9,46,946.6,0.0,5.9,2024-09-24 14:00:00
34.9,45,945.9,0.0,6.9,2024-09-24 15:00:00
34.6,46,945.4,0.0,7.9,2024-09-24 16:00:00
33.7,49,945.1,0.0,6.6,2024-09-24 17:00:00
31.3,58,945.5,0.0,5.6,2024-09-24 18:00:00
30.0,61,945.4,0.0,5.0,2024-09-24 19:00:00
28.8,66,945.3,0.0,4.0,2024-09-24 20:00:00
28.2,67,945.2,0.0,5.2,2024-09-24 21:00:00
27.6,69,945.0,0.0,4.0,2024-09-24 22:00:00
27.5,70,945.3,0.0,3.0,2024-09-24 23:00:00
26.4,75,945.5,0.0,6.1,2024-09-25 00:00:00
26.1,74,945.8,0.0,8.4,2024-09-25 01:00:00
26.0,74,945.9,0.0,10.5,2024-09-25 02:00:00
26.1,72,945.9,0.0,10.7,2024-09-25 03:00:00
26.3,71,946.3,0.0,9.0,2024-09-25 04:00:00
26.2,71,946.6,0.0,8.7,2024-09-25 05:00:00
26.6,74,947.0,0.0,7.3,2024-09-25 06:00:00
27.4,72,947.7,0.0,8.3,2024-09-25 07:00:00
29.2,67,948.7,0.0,8.1,2024-09-25 08:00:00
30.8,63,949.2,0.0,10.4,2024-09-25 09:00:00
32.2,58,949.5,0.0,10.6,2024-09-25 10:00:00
32.7,56,949.4,0.1,7.2,2024-09-25 11:00:00
33.2,54,948.6,0.0,5.2,2024-09-25 12:00:00
33.6,51,947.9,0.0,3.4,2024-09-25 13:00:00
33.9,49,946.9,0.0,2.0,2024-09-25 14:00:00
34.2,48,946.4,0.0,2.4,2024-09-25 15:00:00
33.9,48,945.8,0.0,4.0,2024-09-25 16:00:00
33.3,50,945.4,0.0,4.6,2024-09-25 17:00:00
32.7,51,945.1,0.0,3.4,2024-09-25 18:00:00
30.1,63,944.8,0.0,2.5,2024-09-25 19:00:00
29.3,64,945.2,0.0,4.3,2024-09-25 20:00:00
28.4,68,945.3,0.0,3.1,2024-09-25 21:00:00
27.4,72,945.7,0.0,7.8,2024-09-25 22:00:00
27.5,70,946.2,0.0,5.6,2024-09-25 23:00:00
26.9,73,946.4,0.0,8.8,2024-09-26 00:00:00
26.9,73,946.7,0.0,10.2,2024-09-26 01:00:00
26.9,73,946.7,0.0,9.4,2024-09-26 02:00:00
26.6,75,946.8,0.1,8.8,2024-09-26 03:00:00
24.9,83,947.5,2.7,16.0,2024-09-26 04:00:00
23.5,89,947.6,2.0,5.8,2024-09-26 05:00:00
24.7,78,947.0,0.0,8.8,2024-09-26 06:00:00
25.1,75,947.3,0.0,4.6,2024-09-26 07:00:00
25.9,75,948.0,0.4,3.7,2024-09-26 08:00:00
26.8,74,948.5,0.1,7.6,2024-09-26 09:00:00
28.6,70,948.8,0.3,8.4,2024-09-26 10:00:00
29.1,70,948.7,1.0,7.8,2024-09-26 11:00:00
30.7,63,948.3,0.1,6.6,2024-09-26 12:00:00
31.3,62,947.7,0.1,8.8,2024-09-26 13:00:00
31.4,61,946.9,0.3,14.7,2024-09-26 14:00:00
29.6,67,946.6,2.1,14.0,2024-09-26 15:00:00
29.6,66,945.9,0.0,10.2,2024-09-26 16:00:00
29.1,67,946.0,0.0,8.1,2024-09-26 17:00:00
28.1,72,945.6,0.0,11.4,2024-09-26 18:00:00
27.2,74,945.1,0.0,4.7,2024-09-26 19:00:00
26.9,76,945.4,0.0,2.5,2024-09-26 20:00:00
26.7,78,945.8,0.0,6.1,2024-09-26 21:00:00
25.8,85,946.2,0.0,5.9,2024-09-26 22:00:00
25.2,88,946.6,0.0,5.4,2024-09-26 23:00:00
23.3,92,947.0,3.1,11.4,2024-09-27 00:00:00
22.6,94,947.7,7.8,8.9,2024-09-27 01:00:00
22.5,93,947.1,0.1,9.8,2024-09-27 02:00:00
22.4,92,947.3,3.5,9.8,2024-09-27 03:00:00
22.6,90,947.4,1.8,7.9,2024-09-27 04:00:00
22.0,94,947.4,0.1,9.5,2024-09-27 05:00:00
22.5,89,947.6,0.0,5.6,2024-09-27 06:00:00
22.5,87,947.9,0.5,8.1,2024-09-27 07:00:00
23.6,83,948.1,0.1,2.6,2024-09-27 08:00:00
23.2,85,949.7,10.0,6.0,2024-09-27 09:00:00
23.3,88,949.3,0.1,4.7,2024-09-27 10:00:00
26.2,72,949.4,0.0,0.7,2024-09-27 11:00:00
28.1,65,948.6,0.0,3.2,2024-09-27 12:00:00
28.3,67,947.8,0.1,8.7,2024-09-27 13:00:00
28.4,67,946.6,0.0,9.1,2024-09-27 14:00:00
28.4,68,945.9,0.0,8.4,2024-09-27 15:00:00
28.2,70,945.4,0.0,8.7,2024-09-27 16:00:00
27.4,73,945.4,0.0,9.8,2024-09-27 17:00:00
26.2,74,945.2,0.0,10.8,2024-09-27 18:00:00
25.1,79,945.0,0.0,9.7,2024-09-27 19:00:00
24.3,83,945.3,0.0,7.5,2024-09-27 20:00:00
23.8,86,945.7,0.0,7.5,2024-09-27 21:00:00
23.4,87,946.3,0.0,6.3,2024-09-27 22:00:00
23.0,89,946.4,0.0,4.5,2024-09-27 23:00:00
21.9,90,947.7,7.1,23.1,2024-09-28 00:00:00
22.1,89,946.8,2.9,9.3,2024-09-28 01:00:00
21.7,91,946.8,0.5,5.0,2024-09-28 02:00:00
22.1,87,946.7,0.0,4.3,2024-09-28 03:00:00
22.7,82,946.6,0.0,4.7,2024-09-28 04:00:00
21.4,90,947.4,0.0,6.7,2024-09-28 05:00:00
20.4,92,948.2,0.0,10.3,2024-09-28 06:00:00
21.1,86,948.8,0.0,11.6,2024-09-28 07:00:00
22.6,77,949.5,0.0,7.6,2024-09-28 08:00:00
24.6,69,950.3,0.0,5.6,2024-09-28 09:00:00
26.0,67,950.7,0.0,5.2,2024-09-28 10:00:00
27.5,63,950.5,0.0,3.9,2024-09-28 11:00:00
28.6,60,950.1,0.0,1.5,2024-09-28 12:00:00
29.4,59,949.3,0.0,4.0,2024-09-28 13:00:00
29.6,59,948.5,0.0,8.3,2024-09-28 14:00:00
29.6,60,947.8,0.0,10.0,2024-09-28 15:00:00
29.1,60,947.4,0.0,11.3,2024-09-28 16:00:00
28.0,64,947.2,0.0,8.7,2024-09-28 17:00:00
26.2,71,947.9,0.0,8.0,2024-09-28 18:00:00
25.0,77,947.8,0.0,6.1,2024-09-28 19:00:00
23.9,82,948.0,0.0,6.4,2024-09-28 20:00:00
23.1,85,948.5,0.0,5.0,2024-09-28 21:00:00
22.7,86,949.6,0.0,5.4,2024-09-28 22:00:00
22.5,85,950.1,0.0,6.2,2024-09-28 23:00:00
22.3,85,950.5,0.0,5.2,2024-09-29 00:00:00
22.0,85,950.7,0.0,4.6,2024-09-29 01:00:00
22.2,82,950.6,0.0,6.5,2024-09-29 02:00:00
21.9,83,950.7,0.0,8.4,2024-09-29 03:00:00
22.0,83,950.9,0.0,7.9,2024-09-29 04:00:00
21.6,85,951.1,0.0,6.5,2024-09-29 05:00:00
22.0,87,951.5,0.0,6.3,2024-09-29 06:00:00
23.6,81,952.2,0.0,3.1,2024-09-29 07:00:00
24.8,78,952.8,0.0,3.2,2024-09-29 08:00:00
26.1,75,953.4,0.0,5.7,2024-09-29 09:00:00
27.1,72,954.0,0.0,7.5,2024-09-29 10:00:00
26.1,74,953.6,0.6,11.5,2024-09-29 11:00:00
28.0,68,952.8,0.0,7.8,2024-09-29 12:00:00
28.9,64,951.9,0.0,8.5,2024-09-29 13:00:00
29.2,62,951.1,0.0,9.7,2024-09-29 14:00:00
29.2,60,950.5,0.0,11.6,2024-09-29 15:00:00
28.8,59,950.1,0.0,12.1,2024-09-29 16:00:00
27.7,66,950.0,0.0,10.4,2024-09-29 17:00:00
26.1,72,950.0,0.0,7.5,2024-09-29 18:00:00
25.0,78,950.2,0.0,7.5,2024-09-29 19:00:00
24.2,81,950.6,0.0,6.4,2024-09-29 20:00:00
23.6,83,951.3,0.0,4.9,2024-09-29 21:00:00
23.3,82,951.8,0.0,4.4,2024-09-29 22:00:00
22.9,83,951.6,0.0,5.2,2024-09-29 23:00:00
22.6,84,951.3,0.0,3.7,2024-09-30 00:00:00
22.7,83,951.0,0.0,3.7,2024-09-30 01:00:00
22.6,83,950.5,0.0,4.6,2024-09-30 02:00:00
22.2,86,950.4,0.0,4.5,2024-09-30 03:00:00
21.8,87,950.4,0.0,4.6,2024-09-30 04:00:00
21.5,86,950.2,0.0,4.9,2024-09-30 05:00:00
22.6,81,950.6,0.0,6.2,2024-09-30 06:00:00
23.8,78,951.0,0.0,8.0,2024-09-30 07:00:00
25.9,74,951.7,0.0,9.0,2024-09-30 08:00:00
27.8,66,952.2,0.0,11.8,2024-09-30 09:00:00
29.1,60,952.3,0.0,14.8,2024-09-30 10:00:00
29.9,59,951.9,0.0,17.1,2024-09-30 11:00:00
30.4,59,951.2,0.0,18.7,2024-09-30 12:00:00
30.8,55,950.5,0.0,18.6,2024-09-30 13:00:00
31.0,51,949.6,0.0,17.0,2024-09-30 14:00:00
30.8,50,948.9,0.0,16.0,2024-09-30 15:00:00
29.9,54,948.7,0.0,14.8,2024-09-30 16:00:00
28.3,62,948.2,0.0,9.1,2024-09-30 17:00:00
25.5,71,948.3,0.0,9.6,2024-09-30 18:00:00
24.2,76,948.2,0.0,9.8,2024-09-30 19:00:00
23.1,81,948.2,0.0,8.0,2024-09-30 20:00:00
22.4,85,948.3,0.0,6.6,2024-09-30 21:00:00
21.8,86,948.2,0.0,4.8,2024-09-30 22:00:00
21.5,85,948.1,0.0,3.6,2024-09-30 23:00:00
21.4,85,947.8,0.0,4.9,2024-10-01 00:00:00
21.3,86,947.2,0.0,5.6,2024-10-01 01:00:00
21.5,83,946.5,0.0,5.5,2024-10-01 02:00:00
21.7,76,946.3,0.0,5.9,2024-10-01 03:00:00
21.8,72,946.3,0.0,6.1,2024-10-01 04:00:00
21.5,73,946.2,0.0,5.5,2024-10-01 05:00:00
22.3,73,946.7,0.0,5.6,2024-10-01 06:00:00
23.6,73,947.2,0.0,2.7,2024-10-01 07:00:00
26.0,68,948.0,0.0,3.4,2024-10-01 08:00:00
27.8,65,948.7,0.0,4.1,2024-10-01 09:00:00
29.5,60,948.8,0.0,7.1,2024-10-01 10:00:00
30.9,49,948.6,0.0,9.1,2024-10-01 11:00:00
31.6,45,947.9,0.0,10.7,2024-10-01 12:00:00
31.7,46,947.2,0.0,10.9,2024-10-01 13:00:00
31.7,48,946.4,0.0,9.8,2024-10-01 14:00:00
31.5,48,946.0,0.0,8.6,2024-10-01 15:00:00
30.7,51,945.7,0.0,8.2,2024-10-01 16:00:00
28.7,63,945.5,0.0,6.1,2024-10-01 17:00:00
25.4,70,945.5,0.0,5.9,2024-10-01 18:00:00
24.1,72,945.7,0.0,4.9,2024-10-01 19:00:00
23.7,64,946.2,0.0,3.8,2024-10-01 20:00:00
23.4,58,946.4,0.0,4.7,2024-10-01 21:00:00
22.5,61,946.3,0.0,8.5,2024-10-01 22:00:00
21.9,66,946.1,0.0,8.5,2024-10-01 23:00:00
21.7,62,946.2,0.0,7.6,2024-10-02 00:00:00
23.7,49,946.4,0.0,4.2,2024-10-02 01:00:00
23.1,48,946.1,0.0,3.8,2024-10-02 02:00:00
22.1,52,945.8,0.0,5.0,2024-10-02 03:00:00
22.7,50,946.0,0.0,5.4,2024-10-02 04:00:00
22.4,53,946.2,0.0,6.4,2024-10-02 05:00:00
20.7,66,947.0,0.0,9.3,2024-10-02 06:00:00
23.0,60,947.8,0.0,5.9,2024-10-02 07:00:00
25.3,54,948.7,0.0,6.2,2024-10-02 08:00:00
27.3,52,949.2,0.0,4.1,2024-10-02 09:00:00
29.3,46,949.9,0.0,3.2,2024-10-02 10:00:00
30.6,47,949.6,0.0,2.5,2024-10-02 11:00:00
31.6,45,948.9,0.0,4.4,2024-10-02 12:00:00
32.2,43,948.2,0.0,5.6,2024-10-02 13:00:00
32.3,44,947.4,0.0,7.0,2024-10-02 14:00:00
32.1,44,946.7,0.0,8.0,2024-10-02 15:00:00
31.2,46,946.3,0.0,8.4,2024-10-02 16:00:00
29.0,56,945.7,0.0,6.6,2024-10-02 17:00:00
25.9,64,945.8,0.0,7.1,2024-10-02 18:00:00
24.3,69,945.4,0.0,6.8,2024-10-02 19:00:00
23.4,70,945.7,0.0,6.7,2024-10-02 20:00:00
23.0,69,945.8,0.0,6.0,2024-10-02 21:00:00
22.6,69,945.8,0.0,6.3,2024-10-02 22:00:00
22.3,69,945.5,0.0,5.7,2024-10-02 23:00:00
21.7,67,945.3,0.0,5.3,2024-10-03 00:00:00
21.0,63,944.9,0.0,6.2,2024-10-03 01:00:00
20.7,62,944.5,0.0,6.4,2024-10-03 02:00:00
22.6,56,944.8,0.0,5.1,2024-10-03 03:00:00
24.0,50,945.5,0.0,1.0,2024-10-03 04:00:00
23.3,52,945.6,0.0,2.7,2024-10-03 05:00:00
22.0,64,946.2,0.0,6.6,2024-10-03 06:00:00
22.5,67,946.9,0.0,5.0,2024-10-03 07:00:00
24.6,59,947.8,0.0,7.1,2024-10-03 08:00:00
27.2,48,948.6,0.0,5.6,2024-10-03 09:00:00
28.9,45,948.7,0.0,4.2,2024-10-03 10:00:00
30.3,45,948.4,0.0,1.9,2024-10-03 11:00:00
31.3,46,947.8,0.0,3.7,2024-10-03 12:00:00
31.9,46,946.8,0.0,6.7,2024-10-03 13:00:00
32.0,46,946.1,0.0,7.6,2024-10-03 14:00:00
31.9,46,945.4,0.0,7.4,2024-10-03 15:00:00
31.3,48,944.9,0.0,7.2,2024-10-03 16:00:00
29.2,63,944.8,0.0,4.7,2024-10-03 17:00:00
26.6,72,944.8,0.0,5.7,2024-10-03 18:00:00
25.6,73,945.1,0.0,4.2,2024-10-03 19:00:00
24.7,73,945.4,0.0,4.0,2024-10-03 20:00:00
24.2,72,945.6,0.0,7.0,2024-10-03 21:00:00
24.3,71,945.9,0.0,6.3,2024-10-03 22:00:00
23.5,74,945.8,0.0,7.0,2024-10-03 23:00:00
22.3,78,945.6,0.0,7.3,2024-10-04 00:00:00
22.3,77,945.4,0.0,6.0,2024-10-04 01:00:00
21.5,78,945.4,0.0,7.3,2024-10-04 02:00:00
21.3,77,945.4,0.0,7.1,2024-10-04 03:00:00
21.5,75,945.7,0.0,6.4,2024-10-04 04:00:00
21.4,75,945.8,0.0,7.5,2024-10-04 05:00:00
21.5,78,946.4,0.0,8.4,2024-10-04 06:00:00
23.4,71,947.3,0.0,7.0,2024-10-04 07:00:00
25.2,67,948.0,0.0,8.5,2024-10-04 08:00:00
27.8,59,948.7,0.0,7.5,2024-10-04 09:00:00
29.5,54,949.2,0.0,6.1,2024-10-04 10:00:00
30.8,50,949.0,0.0,4.0,2024-10-04 11:00:00
31.5,47,948.7,0.0,4.1,2024-10-04 12:00:00
31.6,45,948.0,0.0,5.0,2024-10-04 13:00:00
31.2,38,947.6,0.0,10.3,2024-10-04 14:00:00
31.2,36,947.3,0.0,2.9,2024-10-04 15:00:00
30.7,41,947.2,0.0,4.8,2024-10-04 16:00:00
28.8,71,946.9,0.0,3.9,2024-10-04 17:00:00
26.0,60,946.5,0.0,6.5,2024-10-04 18:00:00
25.3,59,946.6,0.0,4.7,2024-10-04 19:00:00
23.4,67,946.8,0.0,5.2,2024-10-04 20:00:00
23.9,63,947.6,0.0,5.6,2024-10-04 21:00:00
24.3,60,948.0,0.0,6.4,2024-10-04 22:00:00
22.4,68,947.7,0.0,7.3,2024-10-04 23:00:00
21.7,69,947.8,0.0,5.8,2024-10-05 00:00:00
22.1,66,947.7,0.0,5.6,2024-10-05 01:00:00
21.4,72,947.4,0.0,7.3,2024-10-05 02:00:00
21.5,71,947.5,0.0,6.9,2024-10-05 03:00:00
21.6,70,947.7,0.0,6.9,2024-10-05 04:00:00
21.1,73,947.8,0.0,9.0,2024-10-05 05:00:00
23.0,71,948.5,0.0,7.3,2024-10-05 06:00:00
24.2,68,949.1,0.0,4.9,2024-10-05 07:00:00
25.6,65,950.0,0.0,7.7,2024-10-05 08:00:00
28.0,53,951.1,0.0,7.0,2024-10-05 09:00:00
29.6,53,951.2,0.0,6.8,2024-10-05 10:00:00
30.4,53,950.8,0.0,9.6,2024-10-05 11:00:00
27.3,61,951.1,1.6,8.1,2024-10-05 12:00:00
25.9,64,949.6,0.0,1.1,2024-10-05 13:00:00
28.6,58,949.3,0.0,0.9,2024-10-05 14:00:00
28.9,57,949.5,0.0,6.3,2024-10-05 15:00:00
26.8,66,949.9,0.0,11.3,2024-10-05 16:00:00
26.8,66,950.1,0.0,7.9,2024-10-05 17:00:00
25.1,71,949.3,0.0,11.2,2024-10-05 18:00:00
24.8,74,949.7,0.0,5.2,2024-10-05 19:00:00
24.3,77,950.3,0.0,6.5,2024-10-05 20:00:00
24.1,76,950.5,0.0,5.1,2024-10-05 21:00:00
24.3,72,951.0,0.0,5.6,2024-10-05 22:00:00
24.0,72,950.9,0.0,8.4,2024-10-05 23:00:00
22.5,76,950.4,0.0,4.8,2024-10-06 00:00:00
21.5,78,950.6,0.0,3.5,2024-10-06 01:00:00
21.4,75,950.5,0.0,3.2,2024-10-06 02:00:00
21.7,73,950.8,0.0,4.8,2024-10-06 03:00:00
21.1,77,950.9,0.0,5.8,2024-10-06 04:00:00
20.6,78,951.1,0.0,6.1,2024-10-06 05:00:00
17.8,92,953.1,0.0,6.8,2024-10-06 06:00:00
20.2,81,954.0,0.0,2.4,2024-10-06 07:00:00
22.7,71,955.1,0.0,1.5,2024-10-06 08:00:00
24.9,64,955.9,0.0,3.1,2024-10-06 09:00:00
27.2,52,956.2,0.0,4.2,2024-10-06 10:00:00
28.6,47,956.1,0.0,4.0,2024-10-06 11:00:00
29.5,46,955.5,0.0,5.8,2024-10-06 12:00:00
30.1,45,954.6,0.0,6.9,2024-10-06 13:00:00
30.2,44,953.9,0.0,8.0,2024-10-06 14:00:00
30.1,44,953.5,0.0,8.6,2024-10-06 15:00:00
29.4,46,953.1,0.0,10.1,2024-10-06 16:00:00
27.6,55,952.9,0.0,8.5,2024-10-06 17:00:00
24.3,66,953.3,0.0,6.4,2024-10-06 18:00:00
23.2,67,953.6,0.0,6.7,2024-10-06 19:00:00
22.3,67,953.7,0.0,7.0,2024-10-06 20:00:00
21.7,68,953.8,0.0,7.3,2024-10-06 21:00:00
21.5,65,953.9,0.0,8.1,2024-10-06 22:00:00
21.2,64,953.6,0.0,7.9,2024-10-06 23:00:00
20.8,65,953.3,0.0,7.9,2024-10-07 00:00:00
20.3,66,953.0,0.0,6.2,2024-10-07 01:00:00
19.9,68,952.8,0.0,4.8,2024-10-07 02:00:00
19.8,68,952.8,0.0,5.0,2024-10-07 03:00:00
19.3,70,952.9,0.0,6.0,2024-10-07 04:00:00
18.9,71,953.1,0.0,6.6,2024-10-07 05:00:00
21.7,61,954.5,0.0,4.5,2024-10-07 06:00:00
21.5,69,954.8,0.0,5.1,2024-10-07 07:00:00
23.8,57,955.8,0.0,4.0,2024-10-07 08:00:00
25.6,53,956.5,0.0,0.6,2024-10-07 09:00:00
28.0,49,957.1,0.0,4.0,2024-10-07 10:00:00
29.2,49,956.8,0.0,7.9,2024-10-07 11:00:00
30.1,44,956.2,0.0,10.2,2024-10-07 12:00:00
30.8,40,955.0,0.0,9.5,2024-10-07 13:00:00
31.0,38,954.0,0.0,8.6,2024-10-07 14:00:00
30.5,40,953.5,0.0,9.9,2024-10-07 15:00:00
29.0,46,953.4,0.0,11.9,2024-10-07 16:00:00
27.2,56,953.5,0.0,10.9,2024-10-07 17:00:00
24.9,63,954.0,0.0,10.4,2024-10-07 18:00:00
24.2,64,954.3,0.0,9.2,2024-10-07 19:00:00
23.5,63,954.8,0.0,9.6,2024-10-07 20:00:00
23.6,60,955.5,0.0,19.0,2024-10-07 21:00:00
22.6,62,955.8,0.0,22.5,2024-10-07 22:00:00
22.5,58,954.9,0.0,21.0,2024-10-07 23:00:00
22.6,56,954.1,0.0,13.9,2024-10-08 00:00:00
22.0,61,953.3,0.0,9.7,2024-10-08 01:00:00
21.9,64,952.7,0.0,3.9,2024-10-08 02:00:00
20.3,71,952.8,0.0,16.5,2024-10-08 03:00:00
19.6,74,953.0,0.0,16.9,2024-10-08 04:00:00
19.8,72,953.8,0.0,22.7,2024-10-08 05:00:00
19.8,74,953.9,0.0,9.5,2024-10-08 06:00:00
20.6,72,955.1,0.0,12.3,2024-10-08 07:00:00
22.9,68,956.4,0.0,5.8,2024-10-08 08:00:00
21.8,73,958.2,1.8,16.0,2024-10-08 09:00:00
22.0,71,958.5,1.0,18.4,2024-10-08 10:00:00
23.5,63,958.4,1.3,2.8,2024-10-08 11:00:00
24.3,59,956.3,1.1,13.2,2024-10-08 12:00:00
26.9,51,955.5,0.0,5.4,2024-10-08 13:00:00
27.4,48,954.8,0.0,2.5,2024-10-08 14:00:00
27.7,46,954.5,0.0,5.5,2024-10-08 15:00:00
27.1,49,954.3,0.0,7.0,2024-10-08 16:00:00
25.5,59,954.1,0.0,8.4,2024-10-08 17:00:00
23.6,68,954.7,0.0,21.2,2024-10-08 18:00:00
22.3,73,954.7,0.0,18.5,2024-10-08 19:00:00
22.0,72,954.6,0.0,15.8,2024-10-08 20:00:00
21.9,70,954.5,0.0,15.7,2024-10-08 21:00:00
21.8,69,954.3,0.0,15.5,2024-10-08 22:00:00
21.3,70,953.6,0.0,13.8,2024-10-08 23:00:00
20.8,70,953.1,0.0,13.3,2024-10-09 00:00:00
20.5,71,952.5,0.0,14.1,2024-10-09 01:00:00
20.2,71,952.1,0.0,14.4,2024-10-09 02:00:00
19.8,71,951.8,0.0,13.3,2024-10-09 03:00:00
19.2,73,951.3,0.0,12.1,2024-10-09 04:00:00
19.0,72,951.5,0.0,11.8,2024-10-09 05:00:00
18.8,81,952.8,0.0,12.1,2024-10-09 06:00:00
19.7,78,953.4,0.0,11.6,2024-10-09 07:00:00
22.1,70,954.4,0.0,8.9,2024-10-09 08:00:00
24.6,57,954.9,0.0,7.0,2024-10-09 09:00:00
26.5,47,954.9,0.0,7.3,2024-10-09 10:00:00
27.6,43,954.4,0.0,7.9,2024-10-09 11:00:00
28.2,43,953.8,0.0,9.9,2024-10-09 12:00:00
28.5,42,953.1,0.0,8.8,2024-10-09 13:00:00
28.0,42,952.7,0.0,7.2,2024-10-09 14:00:00
28.1,39,952.3,0.0,6.9,2024-10-09 15:00:00
27.6,41,951.9,0.0,8.1,2024-10-09 16:00:00
25.6,52,951.4,0.0,7.8,2024-10-09 17:00:00
23.1,63,952.1,0.0,9.3,2024-10-09 18:00:00
21.7,71,952.1,0.0,8.8,2024-10-09 19:00:00
21.1,73,952.3,0.0,9.3,2024-10-09 20:00:00
20.8,68,952.2,0.0,7.5,2024-10-09 21:00:00
20.0,67,952.2,0.0,5.9,2024-10-09 22:00:00
19.5,67,952.0,0.0,5.3,2024-10-09 23:00:00
19.4,65,951.6,0.0,5.6,2024-10-10 00:00:00
19.0,64,951.1,0.0,5.0,2024-10-10 01:00:00
18.3,66,950.7,0.0,5.5,2024-10-10 02:00:00
17.9,65,950.6,0.0,5.5,2024-10-10 03:00:00
17.6,64,950.4,0.0,5.6,2024-10-10 04:00:00
17.1,65,950.5,0.0,6.5,2024-10-10 05:00:00
18.0,66,951.6,0.0,6.1,2024-10-10 06:00:00
19.3,68,952.1,0.0,4.0,2024-10-10 07:00:00
22.1,56,952.9,0.0,2.4,2024-10-10 08:00:00
24.1,51,953.8,0.0,1.6,2024-10-10 09:00:00
26.1,47,953.8,0.0,3.8,2024-10-10 10:00:00
27.8,40,953.5,0.0,7.0,2024-10-10 11:00:00
28.6,37,952.8,0.0,9.5,2024-10-10 12:00:00
28.8,37,952.1,0.0,11.0,2024-10-10 13:00:00
28.7,39,951.3,0.0,11.2,2024-10-10 14:00:00
28.4,40,950.8,0.0,11.4,2024-10-10 15:00:00
27.5,43,950.8,0.0,11.6,2024-10-10 16:00:00
25.4,52,950.6,0.0,9.3,2024-10-10 17:00:00
23.3,58,950.8,0.0,9.2,2024-10-10 18:00:00
22.0,62,950.9,0.0,8.5,2024-10-10 19:00:00
20.9,65,951.2,0.0,7.5,2024-10-10 20:00:00
20.1,65,951.1,0.0,6.4,2024-10-10 21:00:00
19.4,64,951.1,0.0,4.8,2024-10-10 22:00:00
19.3,60,951.2,0.0,4.3,2024-10-10 23:00:00
19.2,58,950.9,0.0,4.3,2024-10-11 00:00:00
19.0,56,950.6,0.0,4.8,2024-10-11 01:00:00
18.2,59,950.3,0.0,5.2,2024-10-11 02:00:00
17.8,60,950.2,0.0,6.0,2024-10-11 03:00:00
17.5,61,950.2,0.0,7.0,2024-10-11 04:00:00
17.6,63,950.4,0.0,7.2,2024-10-11 05:00:00
20.6,48,951.6,0.0,5.0,2024-10-11 06:00:00
20.5,55,951.7,0.0,5.2,2024-10-11 07:00:00
23.3,50,952.8,0.0,4.9,2024-10-11 08:00:00
25.5,46,953.4,0.0,4.5,2024-10-11 09:00:00
27.7,39,953.5,0.0,9.0,2024-10-11 10:00:00
29.1,32,953.1,0.0,13.5,2024-10-11 11:00:00
29.4,34,952.5,0.0,15.8,2024-10-11 12:00:00
29.5,37,951.7,0.0,16.6,2024-10-11 13:00:00
29.4,36,951.0,0.0,16.3,2024-10-11 14:00:00
28.9,35,950.4,0.0,16.4,2024-10-11 15:00:00
27.7,39,949.8,0.0,15.4,2024-10-11 16:00:00
25.2,49,949.4,0.0,10.9,2024-10-11 17:00:00
22.5,60,949.7,0.0,7.9,2024-10-11 18:00:00
21.1,62,949.7,0.0,7.7,2024-10-11 19:00:00
20.2,62,950.0,0.0,6.5,2024-10-11 20:00:00
19.8,58,950.3,0.0,6.4,2024-10-11 21:00:00
19.9,52,950.3,0.0,5.2,2024-10-11 22:00:00
19.4,50,950.1,0.0,5.0,2024-10-11 23:00:00
19.0,50,950.0,0.0,7.3,2024-10-12 00:00:00
19.7,47,950.2,0.0,4.8,2024-10-12 01:00:00
19.9,48,950.0,0.0,4.0,2024-10-12 02:00:00
19.4,51,949.6,0.0,4.2,2024-10-12 03:00:00
18.2,57,949.3,0.0,4.8,2024-10-12 04:00:00
18.0,61,949.5,0.0,5.3,2024-10-12 05:00:00
21.5,49,950.9,0.0,2.0,2024-10-12 06:00:00
19.9,57,951.1,0.0,3.9,2024-10-12 07:00:00
22.0,51,952.0,0.0,3.6,2024-10-12 08:00:00
24.5,44,953.0,0.0,1.7,2024-10-12 09:00:00
26.4,41,953.3,0.0,1.9,2024-10-12 10:00:00
27.8,41,953.2,0.0,5.4,2024-10-12 11:00:00
29.0,39,952.6,0.0,8.1,2024-10-12 12:00:00
29.7,35,951.8,0.0,10.3,2024-10-12 13:00:00
29.9,33,951.2,0.0,11.4,2024-10-12 14:00:00
29.5,35,950.9,0.0,11.1,2024-10-12 15:00:00
28.6,40,950.8,0.0,8.9,2024-10-12 16:00:00
25.6,58,950.6,0.0,5.7,2024-10-12 17:00:00
23.4,62,951.0,0.0,5.6,2024-10-12 18:00:00
23.2,58,951.4,0.0,4.9,2024-10-12 19:00:00
22.3,60,951.7,0.0,7.1,2024-10-12 20:00:00
22.2,57,952.3,0.0,8.2,2024-10-12 21:00:00
21.0,57,952.2,0.0,7.3,2024-10-12 22:00:00
20.7,56,952.1,0.0,7.3,2024-10-12 23:00:00
19.8,60,951.6,0.0,8.0,2024-10-13 00:00:00
18.9,64,951.3,0.0,9.2,2024-10-13 01:00:00
18.8,66,951.0,0.0,8.4,2024-10-13 02:00:00
18.5,69,950.6,0.0,8.6,2024-10-13 03:00:00
19.6,64,950.9,0.0,5.8,2024-10-13 04:00:00
20.3,61,951.4,0.0,4.9,2024-10-13 05:00:00
22.3,52,952.9,0.0,4.3,2024-10-13 06:00:00
20.4,67,952.7,0.0,5.4,2024-10-13 07:00:00
22.5,58,953.7,0.0,5.2,2024-10-13 08:00:00
24.8,51,954.5,0.0,5.6,2024-10-13 09:00:00
26.6,47,954.6,0.0,4.8,2024-10-13 10:00:00
28.1,46,954.2,0.0,3.2,2024-10-13 11:00:00
29.3,42,953.6,0.0,4.7,2024-10-13 12:00:00
30.0,39,952.8,0.0,7.0,2024-10-13 13:00:00
30.3,38,952.5,0.0,8.7,2024-10-13 14:00:00
30.0,39,952.3,0.0,9.6,2024-10-13 15:00:00
29.1,41,951.8,0.0,8.8,2024-10-13 16:00:00
26.6,54,951.6,0.0,5.7,2024-10-13 17:00:00
24.5,60,951.1,0.0,7.4,2024-10-13 18:00:00
23.0,65,951.4,0.0,7.9,2024-10-13 19:00:00
21.8,68,951.5,0.0,8.7,2024-10-13 20:00:00
20.5,74,951.5,0.0,3.9,2024-10-13 21:00:00
20.7,69,951.9,0.0,4.0,2024-10-13 22:00:00
20.6,66,952.3,0.0,6.9,2024-10-13 23:00:00
18.6,73,952.2,0.0,8.6,2024-10-14 00:00:00
19.5,61,952.2,0.0,6.4,2024-10-14 01:00:00
19.4,60,952.0,0.0,6.7,2024-10-14 02:00:00
18.7,65,951.7,0.0,8.5,2024-10-14 03:00:00
20.6,57,952.2,0.0,5.8,2024-10-14 04:00:00
20.4,58,952.4,0.0,6.0,2024-10-14 05:00:00
18.8,68,953.0,0.0,9.3,2024-10-14 06:00:00
20.6,68,953.7,0.0,6.0,2024-10-14 07:00:00
22.7,56,954.7,0.0,3.2,2024-10-14 08:00:00
24.9,50,955.7,0.0,3.9,2024-10-14 09:00:00
27.0,46,956.0,0.0,2.6,2024-10-14 10:00:00
28.4,44,955.7,0.0,2.3,2024-10-14 11:00:00
29.3,42,955.0,0.0,6.3,2024-10-14 12:00:00
30.1,38,954.4,0.0,7.9,2024-10-14 13:00:00
28.8,42,954.0,0.7,5.4,2024-10-14 14:00:00
29.2,39,953.7,0.0,7.5,2024-10-14 15:00:00
28.8,39,953.0,0.0,9.0,2024-10-14 16:00:00
26.7,49,952.7,0.0,7.9,2024-10-14 17:00:00
24.8,59,952.5,0.0,11.2,2024-10-14 18:00:00
23.3,63,952.3,0.0,10.7,2024-10-14 19:00:00
22.1,65,952.3,0.0,10.0,2024-10-14 20:00:00
21.2,68,952.1,0.0,8.4,2024-10-14 21:00:00
20.5,71,952.2,0.0,7.5,2024-10-14 22:00:00
20.3,71,952.1,0.0,7.4,2024-10-14 23:00:00
20.4,69,951.9,0.0,8.4,2024-10-15 00:00:00
20.3,68,951.6,0.0,8.1,2024-10-15 01:00:00
19.8,70,951.4,0.0,7.8,2024-10-15 02:00:00
19.4,71,951.0,0.0,7.3,2024-10-15 03:00:00
19.2,72,951.0,0.0,6.9,2024-10-15 04:00:00
19.3,70,950.9,0.0,6.5,2024-10-15 05:00:00
18.4,69,951.3,0.0,5.6,2024-10-15 06:00:00
21.6,53,952.5,0.0,1.3,2024-10-15 07:00:00
21.8,63,953.7,0.0,5.5,2024-10-15 08:00:00
23.4,63,954.6,0.0,1.0,2024-10-15 09:00:00
25.8,55,954.8,0.0,1.0,2024-10-15 10:00:00
28.0,47,954.4,0.0,2.7,2024-10-15 11:00:00
29.7,37,953.7,0.0,7.0,2024-10-15 12:00:00
30.5,32,952.6,0.0,9.9,2024-10-15 13:00:00
30.5,31,951.7,0.0,11.8,2024-10-15 14:00:00
30.0,34,951.0,0.0,12.6,2024-10-15 15:00:00
29.0,38,950.7,0.0,11.3,2024-10-15 16:00:00
26.4,48,950.3,0.0,6.9,2024-10-15 17:00:00
23.9,57,950.1,0.0,7.3,2024-10-15 18:00:00
22.4,61,950.2,0.0,6.9,2024-10-15 19:00:00
21.3,65,950.4,0.0,5.6,2024-10-15 20:00:00
20.9,64,950.6,0.0,4.5,2024-10-15 21:00:00
20.5,60,950.7,0.0,4.3,2024-10-15 22:00:00
20.1,58,950.4,0.0,6.9,2024-10-15 23:00:00
23.7,43,950.8,0.0,2.5,2024-10-16 00:00:00
22.0,48,950.6,0.0,4.9,2024-10-16 01:00:00
18.2,59,949.3,0.0,8.1,2024-10-16 02:00:00
18.3,55,949.3,0.0,8.6,2024-10-16 03:00:00
18.1,54,949.1,0.0,9.8,2024-10-16 04:00:00
18.4,52,949.1,0.0,9.7,2024-10-16 05:00:00
19.8,51,950.0,0.0,7.9,2024-10-16 06:00:00
19.7,63,950.1,0.0,7.7,2024-10-16 07:00:00
23.2,46,951.4,0.0,4.9,2024-10-16 08:00:00
25.5,42,952.0,0.0,2.4,2024-10-16 09:00:00
27.6,36,952.3,0.0,2.1,2024-10-16 10:00:00
28.9,35,951.9,0.0,3.1,2024-10-16 11:00:00
29.9,34,951.2,0.0,3.2,2024-10-16 12:00:00
30.5,34,950.2,0.0,4.6,2024-10-16 13:00:00
30.7,34,949.7,0.0,5.6,2024-10-16 14:00:00
30.5,33,949.3,0.0,5.0,2024-10-16 15:00:00
29.9,34,949.3,0.0,4.8,2024-10-16 16:00:00
27.0,56,949.2,0.0,5.9,2024-10-16 17:00:00
24.9,49,949.5,0.0,4.3,2024-10-16 18:00:00
22.9,57,949.9,0.0,8.6,2024-10-16 19:00:00
23.2,56,950.9,0.0,11.9,2024-10-16 20:00:00
21.9,64,951.4,0.0,9.6,2024-10-16 21:00:00
21.8,62,952.0,0.0,8.7,2024-10-16 22:00:00
21.5,62,952.3,0.0,8.0,2024-10-16 23:00:00
21.0,63,951.8,0.0,8.2,2024-10-17 00:00:00
20.3,67,951.6,0.0,7.4,2024-10-17 01:00:00
19.4,71,951.3,0.0,10.1,2024-10-17 02:00:00
19.6,69,951.0,0.0,9.0,2024-10-17 03:00:00
19.4,68,950.7,0.0,8.8,2024-10-17 04:00:00
19.2,68,950.9,0.0,8.3,2024-10-17 05:00:00
20.0,68,951.5,0.0,7.0,2024-10-17 06:00:00
20.5,73,952.1,0.0,7.2,2024-10-17 07:00:00
23.7,57,953.2,0.0,4.6,2024-10-17 08:00:00
26.1,50,954.0,0.0,2.7,2024-10-17 09:00:00
27.8,47,954.0,0.0,2.7,2024-10-17 10:00:00
28.9,44,953.8,0.0,6.1,2024-10-17 11:00:00
29.7,39,952.9,0.0,8.0,2024-10-17 12:00:00
30.1,34,952.0,0.0,8.4,2024-10-17 13:00:00
30.1,34,951.3,0.0,8.9,2024-10-17 14:00:00
29.8,36,951.0,0.0,7.9,2024-10-17 15:00:00
29.0,39,950.9,0.0,8.6,2024-10-17 16:00:00
26.8,50,950.5,0.0,6.3,2024-10-17 17:00:00
24.4,57,950.5,0.0,7.1,2024-10-17 18:00:00
23.1,61,950.5,0.0,5.2,2024-10-17 19:00:00
22.2,61,950.8,0.0,4.5,2024-10-17 20:00:00
21.2,63,951.0,0.0,7.5,2024-10-17 21:00:00
20.9,62,951.4,0.0,7.9,2024-10-17 22:00:00
21.4,58,951.7,0.0,7.9,2024-10-17 23:00:00
21.0,59,951.6,0.0,7.3,2024-10-18 00:00:00
20.0,64,951.4,0.0,6.9,2024-10-18 01:00:00
19.5,68,951.1,0.0,7.6,2024-10-18 02:00:00
19.5,68,950.8,0.0,7.1,2024-10-18 03:00:00
19.4,68,950.7,0.0,8.0,2024-10-18 04:00:00
19.1,70,950.7,0.0,9.7,2024-10-18 05:00:00
20.3,66,951.8,0.0,7.0,2024-10-18 06:00:00
20.8,71,952.2,0.0,7.3,2024-10-18 07:00:00
23.9,56,953.4,0.0,3.3,2024-10-18 08:00:00
26.0,51,954.1,0.0,0.2,2024-10-18 09:00:00
27.6,46,954.4,0.0,3.5,2024-10-18 10:00:00
28.6,45,954.1,0.0,6.7,2024-10-18 11:00:00
29.2,43,953.3,0.0,8.5,2024-10-18 12:00:00
29.6,40,952.5,0.0,7.1,2024-10-18 13:00:00
29.8,38,951.8,0.0,3.9,2024-10-18 14:00:00
29.8,36,951.6,0.0,5.6,2024-10-18 15:00:00
28.8,40,951.3,0.0,9.0,2024-10-18 16:00:00
26.4,50,951.3,0.0,7.2,2024-10-18 17:00:00
24.4,60,951.3,0.0,9.2,2024-10-18 18:00:00
23.0,66,951.4,0.0,7.3,2024-10-18 19:00:00
21.9,68,951.5,0.0,6.3,2024-10-18 20:00:00
21.2,67,951.4,0.0,5.2,2024-10-18 21:00:00
20.7,65,951.9,0.0,3.4,2024-10-18 22:00:00
19.9,64,951.6,0.0,4.2,2024-10-18 23:00:00
21.1,55,951.6,0.0,2.6,2024-10-19 00:00:00
19.5,60,951.3,0.0,4.4,2024-10-19 01:00:00
20.0,57,951.2,0.0,5.0,2024-10-19 02:00:00
18.9,66,950.8,0.0,5.4,2024-10-19 03:00:00
18.0,70,950.6,0.0,4.8,2024-10-19 04:00:00
17.5,68,950.8,0.0,6.2,2024-10-19 05:00:00
18.7,61,951.4,0.0,5.3,2024-10-19 06:00:00
20.0,61,952.4,0.0,4.0,2024-10-19 07:00:00
23.0,52,953.8,0.0,1.6,2024-10-19 08:00:00
24.8,48,954.6,0.0,1.5,2024-10-19 09:00:00
26.6,46,954.6,0.0,2.4,2024-10-19 10:00:00
28.2,43,954.5,0.0,4.4,2024-10-19 11:00:00
29.5,38,953.8,0.0,7.2,2024-10-19 12:00:00
30.2,34,953.0,0.0,8.9,2024-10-19 13:00:00
30.2,33,952.2,0.0,9.8,2024-10-19 14:00:00
29.8,35,951.9,0.0,10.4,2024-10-19 15:00:00
28.7,39,951.6,0.0,9.4,2024-10-19 16:00:00
25.7,51,951.0,0.0,5.9,2024-10-19 17:00:00
23.3,61,951.0,0.0,5.0,2024-10-19 18:00:00
22.4,60,951.1,0.0,3.5,2024-10-19 19:00:00
22.0,55,951.1,0.0,3.7,2024-10-19 20:00:00
21.1,54,951.3,0.0,5.0,2024-10-19 21:00:00
20.5,54,951.4,0.0,7.2,2024-10-19 22:00:00
24.1,40,952.3,0.0,3.8,2024-10-19 23:00:00
22.5,44,952.1,0.0,2.8,2024-10-20 00:00:00
18.0,62,950.9,0.0,8.2,2024-10-20 01:00:00
18.2,61,950.6,0.0,7.4,2024-10-20 02:00:00
18.3,60,950.5,0.0,7.6,2024-10-20 03:00:00
18.1,62,950.5,0.0,9.0,2024-10-20 04:00:00
17.6,65,951.1,0.0,10.1,2024-10-20 05:00:00
19.0,62,952.3,0.0,7.2,2024-10-20 06:00:00
19.9,60,953.5,0.0,7.6,2024-10-20 07:00:00
22.1,56,954.7,0.0,9.7,2024-10-20 08:00:00
24.5,55,955.7,0.0,10.4,2024-10-20 09:00:00
26.4,56,955.9,0.0,12.3,2024-10-20 10:00:00
27.8,52,955.7,0.0,10.9,2024-10-20 11:00:00
28.7,48,955.1,0.0,8.2,2024-10-20 12:00:00
29.4,44,954.4,0.0,5.4,2024-10-20 13:00:00
29.5,42,954.0,0.0,4.2,2024-10-20 14:00:00
29.6,41,953.5,0.0,4.5,2024-10-20 15:00:00
29.2,41,953.4,0.0,4.7,2024-10-20 16:00:00
27.2,58,953.3,0.0,5.4,2024-10-20 17:00:00
25.0,61,953.8,0.0,6.1,2024-10-20 18:00:00
23.2,67,953.8,0.0,4.7,2024-10-20 19:00:00
22.1,69,953.8,0.0,4.0,2024-10-20 20:00:00
22.4,66,954.2,0.0,2.7,2024-10-20 21:00:00
22.8,63,954.5,0.0,2.9,2024-10-20 22:00:00
22.3,65,954.5,0.0,3.3,2024-10-20 23:00:00
21.7,66,954.0,0.0,3.4,2024-10-21 00:00:00
21.7,65,953.9,0.0,2.6,2024-10-21 01:00:00
20.1,73,953.4,0.0,4.5,2024-10-21 02:00:00
19.8,74,953.2,0.0,4.5,2024-10-21 03:00:00
19.4,76,953.2,0.0,4.6,2024-10-21 04:00:00
18.9,79,953.3,0.0,5.4,2024-10-21 05:00:00
21.5,70,954.4,0.0,4.4,2024-10-21 06:00:00
21.1,74,954.6,0.0,3.8,2024-10-21 07:00:00
22.6,69,955.6,0.0,3.9,2024-10-21 08:00:00
24.7,60,956.3,0.0,4.0,2024-10-21 09:00:00
26.5,52,956.4,0.0,3.6,2024-10-21 10:00:00
27.7,50,956.0,0.0,4.2,2024-10-21 11:00:00
28.7,45,955.3,0.0,6.9,2024-10-21 12:00:00
29.1,43,954.4,0.0,8.8,2024-10-21 13:00:00
29.2,43,953.5,0.0,10.1,2024-10-21 14:00:00
28.9,42,953.2,0.0,10.6,2024-10-21 15:00:00
28.0,45,953.0,0.0,9.6,2024-10-21 16:00:00
25.9,54,952.9,0.0,6.5,2024-10-21 17:00:00
24.1,63,952.6,0.0,8.1,2024-10-21 18:00:00
22.9,67,952.8,0.0,9.5,2024-10-21 19:00:00
21.8,70,952.8,0.0,8.6,2024-10-21 20:00:00
21.0,74,953.0,0.0,6.3,2024-10-21 21:00:00
20.4,75,953.2,0.0,5.3,2024-10-21 22:00:00
20.5,71,953.3,0.0,4.7,2024-10-21 23:00:00
20.0,69,953.3,0.0,5.0,2024-10-22 00:00:00
22.3,56,953.6,0.0,4.1,2024-10-22 01:00:00
21.7,57,953.5,0.0,4.6,2024-10-22 02:00:00
18.2,74,953.0,0.0,7.7,2024-10-22 03:00:00
18.2,73,953.4,0.0,6.1,2024-10-22 04:00:00
18.7,70,953.9,0.0,5.9,2024-10-22 05:00:00
19.5,68,955.0,0.0,6.0,2024-10-22 06:00:00
20.1,68,955.5,0.0,5.7,2024-10-22 07:00:00
22.3,62,956.7,0.0,7.2,2024-10-22 08:00:00
24.7,54,957.7,0.0,5.8,2024-10-22 09:00:00
26.5,51,958.0,0.0,6.0,2024-10-22 10:00:00
27.7,50,957.7,0.0,4.4,2024-10-22 11:00:00
28.5,46,957.0,0.0,3.0,2024-10-22 12:00:00
28.8,44,956.0,0.0,8.4,2024-10-22 13:00:00
28.5,45,955.5,0.1,6.4,2024-10-22 14:00:00
28.3,45,955.1,0.0,10.3,2024-10-22 15:00:00
27.0,50,955.1,0.0,14.6,2024-10-22 16:00:00
25.3,60,955.2,0.0,12.1,2024-10-22 17:00:00
24.1,64,954.4,0.0,10.2,2024-10-22 18:00:00
22.6,72,954.5,0.0,9.1,2024-10-22 19:00:00
21.6,77,954.5,0.0,8.1,2024-10-22 20:00:00
20.7,81,954.5,0.0,7.0,2024-10-22 21:00:00
20.2,82,954.4,0.0,7.2,2024-10-22 22:00:00
20.0,80,954.3,0.0,6.2,2024-10-22 23:00:00
19.6,78,954.1,0.0,5.5,2024-10-23 00:00:00
19.2,77,954.0,0.0,5.0,2024-10-23 01:00:00
18.4,80,953.9,0.0,4.6,2024-10-23 02:00:00
17.8,83,954.0,0.0,4.5,2024-10-23 03:00:00
17.5,85,954.1,0.0,4.7,2024-10-23 04:00:00
17.3,85,954.4,0.0,5.2,2024-10-23 05:00:00
19.4,75,955.2,0.0,4.8,2024-10-23 06:00:00
19.7,77,955.7,0.0,3.8,2024-10-23 07:00:00
22.6,64,957.0,0.0,1.5,2024-10-23 08:00:00
24.4,59,957.9,0.0,2.7,2024-10-23 09:00:00
26.1,56,957.7,0.0,3.8,2024-10-23 10:00:00
27.3,51,957.2,0.0,6.3,2024-10-23 11:00:00
27.0,52,956.4,0.0,14.9,2024-10-23 12:00:00
25.8,62,956.0,0.0,12.5,2024-10-23 13:00:00
25.4,59,956.0,1.0,12.7,2024-10-23 14:00:00
26.0,57,955.2,0.0,6.3,2024-10-23 15:00:00
25.7,58,955.0,0.0,6.6,2024-10-23 16:00:00
24.3,64,955.1,0.0,9.6,2024-10-23 17:00:00
20.4,80,955.0,0.0,10.2,2024-10-23 18:00:00
20.1,80,954.4,0.0,9.8,2024-10-23 19:00:00
18.4,89,954.6,0.0,9.0,2024-10-23 20:00:00
19.5,81,954.9,0.0,4.7,2024-10-23 21:00:00
19.5,78,954.7,0.0,4.9,2024-10-23 22:00:00
18.8,77,954.6,0.0,4.5,2024-10-23 23:00:00
18.6,75,954.1,0.0,4.9,2024-10-24 00:00:00
18.6,73,953.9,0.0,5.6,2024-10-24 01:00:00
18.5,72,953.5,0.0,6.2,2024-10-24 02:00:00
18.1,71,953.2,0.0,5.9,2024-10-24 03:00:00
18.6,65,953.5,0.0,10.6,2024-10-24 04:00:00
18.8,62,953.6,0.0,10.9,2024-10-24 05:00:00
17.7,67,953.9,0.0,10.1,2024-10-24 06:00:00
18.6,66,954.5,0.0,5.7,2024-10-24 07:00:00
21.8,59,955.8,0.0,6.7,2024-10-24 08:00:00
24.3,54,956.7,0.0,3.3,2024-10-24 09:00:00
26.3,47,956.8,0.0,5.9,2024-10-24 10:00:00
27.6,40,956.6,0.0,10.2,2024-10-24 11:00:00
28.0,41,955.8,0.0,13.3,2024-10-24 12:00:00
27.8,43,955.0,0.0,14.5,2024-10-24 13:00:00
27.5,45,954.2,0.0,14.4,2024-10-24 14:00:00
27.3,45,953.7,0.0,13.8,2024-10-24 15:00:00
26.4,49,953.6,0.0,11.5,2024-10-24 16:00:00
24.1,56,953.1,0.0,9.4,2024-10-24 17:00:00
22.4,59,952.8,0.0,12.6,2024-10-24 18:00:00
21.5,57,952.9,0.0,12.9,2024-10-24 19:00:00
20.5,57,952.9,0.0,11.1,2024-10-24 20:00:00
20.0,55,952.9,0.0,10.6,2024-10-24 21:00:00
19.7,57,952.8,0.0,8.6,2024-10-24 22:00:00
19.3,59,952.4,0.0,7.5,2024-10-24 23:00:00
18.4,60,951.7,0.0,6.5,2024-10-25 00:00:00
18.2,57,951.4,0.0,7.0,2024-10-25 01:00:00
18.2,55,951.1,0.0,8.0,2024-10-25 02:00:00
18.3,56,951.0,0.0,7.9,2024-10-25 03:00:00
17.7,60,950.8,0.0,7.1,2024-10-25 04:00:00
17.3,62,951.1,0.0,7.0,2024-10-25 05:00:00
16.8,65,951.5,0.0,7.0,2024-10-25 06:00:00
17.7,62,952.5,0.0,6.4,2024-10-25 07:00:00
21.2,56,953.6,0.0,6.8,2024-10-25 08:00:00
24.4,50,954.6,0.0,4.2,2024-10-25 09:00:00
26.8,44,955.0,0.0,5.6,2024-10-25 10:00:00
28.6,36,954.7,0.0,9.4,2024-10-25 11:00:00
29.2,34,954.1,0.0,12.2,2024-10-25 12:00:00
28.9,39,953.4,0.0,13.6,2024-10-25 13:00:00
28.5,42,952.8,0.0,14.4,2024-10-25 14:00:00
27.8,44,952.6,0.0,15.2,2024-10-25 15:00:00
26.5,50,952.3,0.0,10.5,2024-10-25 16:00:00
23.7,60,951.6,0.0,7.1,2024-10-25 17:00:00
21.5,66,951.0,0.0,7.0,2024-10-25 18:00:00
20.0,67,951.1,0.0,6.7,2024-10-25 19:00:00
19.4,60,951.6,0.0,10.0,2024-10-25 20:00:00
19.6,54,951.9,0.0,11.3,2024-10-25 21:00:00
19.6,51,952.1,0.0,10.9,2024-10-25 22:00:00
19.4,50,951.8,0.0,10.1,2024-10-25 23:00:00
19.4,53,951.4,0.0,9.3,2024-10-26 00:00:00
19.8,56,951.1,0.0,9.6,2024-10-26 01:00:00
20.5,55,950.8,0.0,11.0,2024-10-26 02:00:00
20.4,55,950.4,0.0,9.9,2024-10-26 03:00:00
19.9,56,950.1,0.0,9.6,2024-10-26 04:00:00
19.8,53,950.2,0.0,10.0,2024-10-26 05:00:00
18.9,55,950.7,0.0,9.9,2024-10-26 06:00:00
19.4,51,951.4,0.0,10.1,2024-10-26 07:00:00
22.1,49,952.7,0.0,10.2,2024-10-26 08:00:00
25.3,46,953.9,0.0,8.3,2024-10-26 09:00:00
27.8,38,954.4,0.0,9.9,2024-10-26 10:00:00
29.6,31,954.1,0.0,11.4,2024-10-26 11:00:00
30.3,29,953.2,0.0,12.6,2024-10-26 12:00:00
30.4,32,952.2,0.0,12.5,2024-10-26 13:00:00
30.0,36,951.4,0.0,12.6,2024-10-26 14:00:00
29.2,39,951.0,0.0,12.1,2024-10-26 15:00:00
27.5,48,950.7,0.0,9.5,2024-10-26 16:00:00
24.4,58,950.5,0.0,8.6,2024-10-26 17:00:00
22.5,65,950.3,0.0,9.7,2024-10-26 18:00:00
21.5,65,950.6,0.0,9.8,2024-10-26 19:00:00
20.6,64,950.6,0.0,7.7,2024-10-26 20:00:00
19.8,60,950.7,0.0,5.3,2024-10-26 21:00:00
19.0,57,950.5,0.0,3.3,2024-10-26 22:00:00
19.2,53,950.8,0.0,5.5,2024-10-26 23:00:00
18.6,55,950.5,0.0,7.3,2024-10-27 00:00:00
18.2,58,950.2,0.0,6.8,2024-10-27 01:00:00
17.6,60,949.7,0.0,7.0,2024-10-27 02:00:00
18.7,57,949.5,0.0,5.0,2024-10-27 03:00:00
21.2,48,949.7,0.0,2.7,2024-10-27 04:00:00
21.5,48,950.1,0.0,3.0,2024-10-27 05:00:00
20.3,52,951.0,0.0,5.4,2024-10-27 06:00:00
18.7,60,951.2,0.0,6.3,2024-10-27 07:00:00
20.7,55,952.4,0.0,5.5,2024-10-27 08:00:00
23.1,49,953.6,0.0,4.0,2024-10-27 09:00:00
25.2,43,954.0,0.0,5.6,2024-10-27 10:00:00
26.8,45,953.7,0.0,6.4,2024-10-27 11:00:00
28.0,46,952.7,0.0,6.0,2024-10-27 12:00:00
28.8,44,951.9,0.0,5.5,2024-10-27 13:00:00
29.1,43,951.2,0.0,4.7,2024-10-27 14:00:00
29.1,41,950.4,0.0,3.0,2024-10-27 15:00:00
28.2,56,950.0,0.0,1.6,2024-10-27 16:00:00
25.1,63,949.4,0.0,6.2,2024-10-27 17:00:00
24.2,60,949.9,0.0,4.8,2024-10-27 18:00:00
22.2,65,949.9,0.0,10.0,2024-10-27 19:00:00
22.0,69,950.6,0.0,7.7,2024-10-27 20:00:00
20.7,75,950.7,0.0,6.8,2024-10-27 21:00:00
20.3,76,950.9,0.0,6.8,2024-10-27 22:00:00
20.0,76,950.5,0.0,6.6,2024-10-27 23:00:00
19.7,76,950.0,0.0,6.2,2024-10-28 00:00:00
19.5,77,949.6,0.0,6.2,2024-10-28 01:00:00
19.2,78,949.1,0.0,6.9,2024-10-28 02:00:00
18.9,79,948.6,0.0,7.6,2024-10-28 03:00:00
18.2,82,948.5,0.0,9.8,2024-10-28 04:00:00
18.3,81,948.7,0.0,8.9,2024-10-28 05:00:00
18.0,76,949.4,0.0,7.4,2024-10-28 06:00:00
18.6,75,949.8,0.0,6.3,2024-10-28 07:00:00
21.1,64,950.9,0.0,7.8,2024-10-28 08:00:00
23.4,56,952.1,0.0,7.3,2024-10-28 09:00:00
25.5,48,952.5,0.0,7.7,2024-10-28 10:00:00
26.8,47,952.3,0.0,7.3,2024-10-28 11:00:00
27.7,46,951.6,0.0,7.0,2024-10-28 12:00:00
28.2,45,950.6,0.0,5.6,2024-10-28 13:00:00
28.5,45,949.8,0.0,5.1,2024-10-28 14:00:00
28.6,44,949.4,0.0,3.3,2024-10-28 15:00:00
28.1,47,949.2,0.1,2.5,2024-10-28 16:00:00
27.0,52,949.3,0.0,1.9,2024-10-28 17:00:00
24.0,65,949.5,0.0,5.7,2024-10-28 18:00:00
21.9,72,949.7,0.0,6.9,2024-10-28 19:00:00
21.4,71,950.2,0.0,7.3,2024-10-28 20:00:00
21.0,70,950.2,0.0,9.1,2024-10-28 21:00:00
21.0,70,950.1,0.0,7.3,2024-10-28 22:00:00
19.7,78,949.5,0.0,8.7,2024-10-28 23:00:00
19.4,86,951.7,6.5,19.2,2024-10-29 00:00:00
20.1,85,950.6,1.2,10.1,2024-10-29 01:00:00
19.0,87,950.5,1.5,7.6,2024-10-29 02:00:00
18.4,91,950.3,4.2,4.3,2024-10-29 03:00:00
18.6,90,951.1,0.9,6.9,2024-10-29 04:00:00
18.2,96,951.4,0.0,0.9,2024-10-29 05:00:00
18.1,88,950.6,0.0,5.3,2024-10-29 06:00:00
18.2,87,951.6,0.0,3.3,2024-10-29 07:00:00
18.6,87,953.2,4.8,17.0,2024-10-29 08:00:00
19.5,86,953.8,2.3,1.9,2024-10-29 09:00:00
21.9,71,954.4,0.0,2.5,2024-10-29 10:00:00
22.7,69,954.3,0.7,5.4,2024-10-29 11:00:00
21.9,74,953.6,1.3,11.5,2024-10-29 12:00:00
22.8,70,953.1,3.9,9.0,2024-10-29 13:00:00
23.4,68,952.3,0.7,8.7,2024-10-29 14:00:00
23.0,69,951.2,0.3,10.1,2024-10-29 15:00:00
22.9,69,951.3,0.0,6.8,2024-10-29 16:00:00
21.7,71,950.8,0.2,6.5,2024-10-29 17:00:00
18.7,79,951.7,2.9,15.0,2024-10-29 18:00:00
18.7,81,952.0,2.4,3.2,2024-10-29 19:00:00
18.5,82,951.9,0.0,10.3,2024-10-29 20:00:00
18.7,82,951.2,0.0,6.6,2024-10-29 21:00:00
17.9,86,951.0,0.0,5.6,2024-10-29 22:00:00
18.2,82,951.1,0.0,8.0,2024-10-29 23:00:00
18.3,76,951.2,0.0,9.8,2024-10-30 00:00:00
18.1,74,950.8,0.0,9.6,2024-10-30 01:00:00
17.7,72,950.5,0.0,8.1,2024-10-30 02:00:00
17.1,74,950.3,0.0,6.9,2024-10-30 03:00:00
16.9,74,950.3,0.0,8.9,2024-10-30 04:00:00
17.7,68,950.7,0.0,9.7,2024-10-30 05:00:00
18.8,63,951.5,0.0,10.2,2024-10-30 06:00:00
18.2,68,952.1,0.0,9.3,2024-10-30 07:00:00
19.8,69,953.0,0.0,12.9,2024-10-30 08:00:00
22.2,63,954.6,0.0,6.3,2024-10-30 09:00:00
24.0,55,954.9,0.0,9.0,2024-10-30 10:00:00
25.5,51,954.7,0.0,7.0,2024-10-30 11:00:00
26.2,53,954.3,0.0,8.1,2024-10-30 12:00:00
26.5,55,953.8,0.0,9.9,2024-10-30 13:00:00
26.7,53,953.2,0.0,11.0,2024-10-30 14:00:00
26.5,52,952.8,0.0,9.6,2024-10-30 15:00:00
25.4,60,952.4,0.0,8.2,2024-10-30 16:00:00
23.0,69,952.4,0.0,8.9,2024-10-30 17:00:00
21.1,75,952.6,0.0,9.0,2024-10-30 18:00:00
19.9,80,952.9,0.0,8.7,2024-10-30 19:00:00
19.1,83,953.2,0.0,7.8,2024-10-30 20:00:00
18.5,85,953.5,0.0,6.3,2024-10-30 21:00:00
18.2,84,953.7,0.0,5.8,2024-10-30 22:00:00
18.1,79,953.6,0.0,5.8,2024-10-30 23:00:00
17.8,76,953.3,0.0,6.0,2024-10-31 00:00:00
17.5,75,953.0,0.0,6.5,2024-10-31 01:00:00
17.5,72,952.9,0.0,7.3,2024-10-31 02:00:00
17.4,69,952.6,0.0,7.5,2024-10-31 03:00:00
17.2,66,952.2,0.0,7.4,2024-10-31 04:00:00
17.2,60,952.4,0.0,8.1,2024-10-31 05:00:00
17.1,61,953.1,0.0,7.1,2024-10-31 06:00:00
17.2,61,953.4,0.0,7.3,2024-10-31 07:00:00
19.9,60,954.5,0.0,10.1,2024-10-31 08:00:00
23.0,56,955.6,0.0,10.2,2024-10-31 09:00:00
24.9,47,955.9,0.0,11.6,2024-10-31 10:00:00
26.1,40,955.6,0.0,16.0,2024-10-31 11:00:00
26.7,42,955.0,0.0,17.9,2024-10-31 12:00:00
26.9,43,954.1,0.0,18.4,2024-10-31 13:00:00
26.7,46,953.2,0.0,18.3,2024-10-31 14:00:00
26.0,49,952.7,0.0,16.6,2024-10-31 15:00:00
24.5,55,952.1,0.0,14.7,2024-10-31 16:00:00
22.1,62,951.5,0.0,14.0,2024-10-31 17:00:00
21.0,66,951.9,0.0,14.5,2024-10-31 18:00:00
20.0,67,952.0,0.0,12.9,2024-10-31 19:00:00
19.5,64,952.3,0.0,11.4,2024-10-31 20:00:00
19.2,61,952.4,0.0,10.4,2024-10-31 21:00:00
18.9,58,952.3,0.0,9.9,2024-10-31 22:00:00
18.6,57,952.2,0.0,9.7,2024-10-31 23:00:00
18.4,57,951.7,0.0,9.3,2024-11-01 00:00:00
18.0,59,951.3,0.0,8.7,2024-11-01 01:00:00
17.2,62,950.8,0.0,7.8,2024-11-01 02:00:00
17.0,62,950.6,0.0,7.9,2024-11-01 03:00:00
17.0,60,950.5,0.0,8.7,2024-11-01 04:00:00
16.7,59,950.6,0.0,8.5,2024-11-01 05:00:00
16.1,62,950.8,0.0,6.8,2024-11-01 06:00:00
16.4,61,951.3,0.0,6.4,2024-11-01 07:00:00
19.6,58,952.5,0.0,5.5,2024-11-01 08:00:00
22.2,55,953.6,0.0,4.5,2024-11-01 09:00:00
23.7,52,954.0,0.0,4.0,2024-11-01 10:00:00
25.2,50,954.1,0.0,7.2,2024-11-01 11:00:00
26.1,46,953.7,0.0,9.7,2024-11-01 12:00:00
26.7,43,953.0,0.0,9.9,2024-11-01 13:00:00
26.7,45,952.5,0.0,9.6,2024-11-01 14:00:00
26.0,49,952.5,0.0,9.3,2024-11-01 15:00:00
24.3,60,952.3,0.0,6.8,2024-11-01 16:00:00
20.6,76,952.0,0.0,6.0,2024-11-01 17:00:00
19.2,74,952.2,0.0,7.2,2024-11-01 18:00:00
18.2,74,952.4,0.0,5.2,2024-11-01 19:00:00
18.0,64,952.8,0.0,5.9,2024-11-01 20:00:00
17.9,58,953.2,0.0,8.2,2024-11-01 21:00:00
18.3,48,953.6,0.0,7.9,2024-11-01 22:00:00
18.5,42,953.8,0.0,7.0,2024-11-01 23:00:00
20.9,33,954.1,0.0,5.2,2024-11-02 00:00:00
19.9,34,953.6,0.0,5.9,2024-11-02 01:00:00
17.5,42,952.6,0.0,7.0,2024-11-02 02:00:00
18.5,37,952.5,0.0,5.8,2024-11-02 03:00:00
18.1,40,952.3,0.0,4.8,2024-11-02 04:00:00
15.2,53,951.9,0.0,7.9,2024-11-02 05:00:00
17.2,56,953.6,0.0,4.9,2024-11-02 06:00:00
19.5,50,954.2,0.0,3.6,2024-11-02 07:00:00
20.7,59,955.2,0.0,1.8,2024-11-02 08:00:00
22.3,55,955.8,0.0,1.5,2024-11-02 09:00:00
23.8,55,955.8,0.0,2.3,2024-11-02 10:00:00
25.1,54,955.6,0.0,5.7,2024-11-02 11:00:00
26.1,49,954.7,0.0,8.8,2024-11-02 12:00:00
26.4,46,954.0,0.0,9.1,2024-11-02 13:00:00
26.3,47,953.5,0.0,8.9,2024-11-02 14:00:00
25.8,50,953.3,0.0,8.0,2024-11-02 15:00:00
24.3,62,953.2,0.0,5.0,2024-11-02 16:00:00
20.5,76,952.9,0.0,7.8,2024-11-02 17:00:00
19.6,72,953.1,0.0,4.5,2024-11-02 18:00:00
18.6,69,953.6,0.0,5.3,2024-11-02 19:00:00
18.6,67,954.0,0.0,8.8,2024-11-02 20:00:00
18.4,70,954.5,0.0,7.9,2024-11-02 21:00:00
17.4,73,954.6,0.0,8.7,2024-11-02 22:00:00
17.0,71,954.8,0.0,7.8,2024-11-02 23:00:00
16.4,70,954.5,0.0,7.8,2024-11-03 00:00:00
16.0,71,954.3,0.0,8.2,2024-11-03 01:00:00
16.1,70,954.2,0.0,7.6,2024-11-03 02:00:00
15.5,73,953.9,0.0,9.3,2024-11-03 03:00:00
15.8,72,953.8,0.0,9.3,2024-11-03 04:00:00
17.1,65,954.3,0.0,7.3,2024-11-03 05:00:00
18.7,62,955.3,0.0,5.6,2024-11-03 06:00:00
18.3,65,955.7,0.0,5.4,2024-11-03 07:00:00
20.2,66,956.7,0.0,2.2,2024-11-03 08:00:00
22.1,63,957.6,0.0,3.2,2024-11-03 09:00:00
23.8,58,958.0,0.0,3.6,2024-11-03 10:00:00
25.0,54,957.6,0.0,5.1,2024-11-03 11:00:00
25.9,51,956.9,0.0,6.3,2024-11-03 12:00:00
26.3,48,956.1,0.0,7.6,2024-11-03 13:00:00
26.3,48,955.2,0.0,8.3,2024-11-03 14:00:00
25.8,51,954.9,0.0,8.0,2024-11-03 15:00:00
24.5,63,954.5,0.0,4.6,2024-11-03 16:00:00
21.0,75,953.9,0.0,6.7,2024-11-03 17:00:00
20.1,74,954.6,0.0,4.7,2024-11-03 18:00:00
19.4,70,955.0,0.0,4.6,2024-11-03 19:00:00
19.0,66,955.2,0.0,4.0,2024-11-03 20:00:00
18.4,63,955.5,0.0,4.1,2024-11-03 21:00:00
18.2,61,955.7,0.0,5.6,2024-11-03 22:00:00
18.2,60,955.9,0.0,6.1,2024-11-03 23:00:00
18.5,57,955.4,0.0,4.0,2024-11-04 00:00:00
16.7,64,954.4,0.0,5.5,2024-11-04 01:00:00
16.1,66,953.8,0.0,6.7,2024-11-04 02:00:00
16.0,66,953.2,0.0,6.9,2024-11-04 03:00:00
16.0,66,952.8,0.0,6.5,2024-11-04 04:00:00
15.7,68,952.6,0.0,7.3,2024-11-04 05:00:00
15.4,68,953.0,0.0,6.9,2024-11-04 06:00:00
15.5,69,953.0,0.0,7.5,2024-11-04 07:00:00
18.3,65,954.0,0.0,9.3,2024-11-04 08:00:00
21.5,61,954.9,0.0,8.3,2024-11-04 09:00:00
24.0,52,954.9,0.0,6.8,2024-11-04 10:00:00
25.6,47,954.5,0.0,9.4,2024-11-04 11:00:00
26.4,44,953.5,0.0,12.2,2024-11-04 12:00:00
26.3,47,952.7,0.0,14.2,2024-11-04 13:00:00
25.9,51,951.9,0.0,14.3,2024-11-04 14:00:00
25.3,53,951.4,0.0,12.5,2024-11-04 15:00:00
23.8,62,951.2,0.0,7.9,2024-11-04 16:00:00
19.9,79,950.7,0.0,6.9,2024-11-04 17:00:00
19.0,80,951.6,0.0,4.4,2024-11-04 18:00:00
18.5,80,952.4,0.0,7.3,2024-11-04 19:00:00
18.7,78,953.1,0.0,7.1,2024-11-04 20:00:00
18.1,79,953.5,0.0,7.2,2024-11-04 21:00:00
17.6,76,953.6,0.0,7.5,2024-11-04 22:00:00
17.2,73,953.9,0.0,8.1,2024-11-04 23:00:00
16.8,71,953.7,0.0,7.5,2024-11-05 00:00:00
16.2,72,953.7,0.0,9.0,2024-11-05 01:00:00
16.1,72,953.6,0.0,9.8,2024-11-05 02:00:00
15.6,75,953.2,0.0,10.8,2024-11-05 03:00:00
15.6,75,953.4,0.0,9.9,2024-11-05 04:00:00
15.2,78,953.5,0.0,9.4,2024-11-05 05:00:00
16.0,74,954.2,0.0,7.8,2024-11-05 06:00:00
15.5,79,954.8,0.0,8.6,2024-11-05 07:00:00
18.9,67,956.3,0.0,5.9,2024-11-05 08:00:00
21.4,62,957.7,0.0,5.8,2024-11-05 09:00:00
23.2,55,958.4,0.0,6.4,2024-11-05 10:00:00
24.3,57,958.5,0.0,6.8,2024-11-05 11:00:00
25.2,57,957.9,0.0,6.2,2024-11-05 12:00:00
25.7,56,957.0,0.0,5.7,2024-11-05 13:00:00
26.0,54,956.2,0.0,4.8,2024-11-05 14:00:00
25.9,53,955.7,0.0,3.5,2024-11-05 15:00:00
24.9,63,955.5,0.0,3.4,2024-11-05 16:00:00
22.0,70,955.1,0.0,5.9,2024-11-05 17:00:00
21.0,74,955.4,0.0,5.2,2024-11-05 18:00:00
20.6,72,956.0,0.0,4.4,2024-11-05 19:00:00
23.6,57,957.1,0.0,4.5,2024-11-05 20:00:00
22.0,63,957.3,0.0,6.5,2024-11-05 21:00:00
18.3,79,957.0,0.0,7.8,2024-11-05 22:00:00
17.6,79,956.9,0.0,7.6,2024-11-05 23:00:00
17.4,77,956.5,0.0,8.6,2024-11-06 00:00:00
18.2,72,956.3,0.0,6.9,2024-11-06 01:00:00
19.3,68,956.1,0.0,4.6,2024-11-06 02:00:00
17.7,78,955.2,0.0,6.0,2024-11-06 03:00:00
17.6,80,954.9,0.0,5.7,2024-11-06 04:00:00
17.0,83,954.6,0.0,7.9,2024-11-06 05:00:00
16.2,82,955.1,0.0,7.6,2024-11-06 06:00:00
16.5,76,955.6,0.0,6.0,2024-11-06 07:00:00
19.1,70,956.9,0.0,8.4,2024-11-06 08:00:00
22.3,64,957.7,0.0,5.5,2024-11-06 09:00:00
24.4,56,957.9,0.0,6.1,2024-11-06 10:00:00
25.8,51,957.7,0.0,8.4,2024-11-06 11:00:00
26.5,48,957.2,0.0,10.6,2024-11-06 12:00:00
26.7,48,956.4,0.0,11.4,2024-11-06 13:00:00
26.5,50,955.8,0.0,11.6,2024-11-06 14:00:00
26.0,52,955.5,0.0,10.1,2024-11-06 15:00:00
24.6,62,955.0,0.0,6.2,2024-11-06 16:00:00
21.3,76,954.6,0.0,7.8,2024-11-06 17:00:00
20.5,78,954.2,0.0,4.6,2024-11-06 18:00:00
19.5,80,954.5,0.0,5.4,2024-11-06 19:00:00
18.6,77,954.6,0.0,8.4,2024-11-06 20:00:00
18.4,72,954.7,0.0,9.0,2024-11-06 21:00:00
18.6,68,954.8,0.0,8.6,2024-11-06 22:00:00
17.2,75,954.7,0.0,10.1,2024-11-06 23:00:00
16.7,81,954.3,0.0,10.2,2024-11-07 00:00:00
16.4,83,953.9,0.0,9.2,2024-11-07 01:00:00
15.9,85,953.3,0.0,9.0,2024-11-07 02:00:00
17.0,78,953.2,0.0,6.9,2024-11-07 03:00:00
19.2,67,953.5,0.0,4.1,2024-11-07 04:00:00
18.9,68,953.7,0.0,4.4,2024-11-07 05:00:00
16.1,83,954.4,0.0,6.9,2024-11-07 06:00:00
16.0,85,954.7,0.0,8.3,2024-11-07 07:00:00
19.4,73,956.1,0.0,6.4,2024-11-07 08:00:00
21.6,66,957.0,0.0,5.4,2024-11-07 09:00:00
23.3,61,957.4,0.0,6.1,2024-11-07 10:00:00
24.3,63,957.2,0.0,5.7,2024-11-07 11:00:00
25.2,63,956.4,0.0,4.6,2024-11-07 12:00:00
25.8,61,955.7,0.0,3.6,2024-11-07 13:00:00
26.0,60,954.9,0.0,3.1,2024-11-07 14:00:00
25.8,60,954.7,0.0,2.9,2024-11-07 15:00:00
25.1,64,954.6,0.0,2.0,2024-11-07 16:00:00
21.8,78,954.2,0.0,6.2,2024-11-07 17:00:00
20.1,82,954.2,0.0,5.2,2024-11-07 18:00:00
21.5,71,955.1,0.0,4.4,2024-11-07 19:00:00
20.4,75,955.5,0.0,7.9,2024-11-07 20:00:00
19.5,80,955.9,0.0,6.9,2024-11-07 21:00:00
19.3,81,955.9,0.0,5.9,2024-11-07 22:00:00
18.0,88,955.5,0.0,7.5,2024-11-07 23:00:00
17.7,89,955.3,0.0,7.8,2024-11-08 00:00:00
17.3,90,954.5,0.0,8.2,2024-11-08 01:00:00
17.7,88,954.4,0.0,6.4,2024-11-08 02:00:00
18.0,87,953.9,0.0,5.1,2024-11-08 03:00:00
17.7,88,953.9,0.0,4.5,2024-11-08 04:00:00
17.7,89,954.1,0.0,4.1,2024-11-08 05:00:00
18.6,83,954.9,0.0,4.3,2024-11-08 06:00:00
18.8,84,955.5,0.0,4.6,2024-11-08 07:00:00
20.7,82,956.4,0.0,4.2,2024-11-08 08:00:00
22.4,77,957.1,0.0,2.3,2024-11-08 09:00:00
23.8,74,957.1,0.0,3.7,2024-11-08 10:00:00
25.0,70,956.7,0.0,6.5,2024-11-08 11:00:00
25.7,67,955.7,0.0,7.3,2024-11-08 12:00:00
26.1,64,955.2,0.0,7.6,2024-11-08 13:00:00
26.0,63,954.5,0.0,8.0,2024-11-08 14:00:00
25.6,63,954.2,0.0,7.0,2024-11-08 15:00:00
24.7,67,954.3,0.0,4.5,2024-11-08 16:00:00
21.6,82,953.8,0.0,6.1,2024-11-08 17:00:00
21.0,83,954.0,0.0,4.2,2024-11-08 18:00:00
20.5,86,954.3,0.0,3.4,2024-11-08 19:00:00
19.2,89,954.5,0.0,4.2,2024-11-08 20:00:00
22.0,75,955.5,0.0,1.1,2024-11-08 21:00:00
21.4,77,955.6,0.0,3.3,2024-11-08 22:00:00
17.8,91,954.9,0.0,7.4,2024-11-08 23:00:00
17.6,89,954.5,0.0,8.0,2024-11-09 00:00:00
18.4,84,954.4,0.0,6.5,2024-11-09 01:00:00
18.7,82,954.2,0.0,5.0,2024-11-09 02:00:00
18.8,81,954.1,0.0,3.5,2024-11-09 03:00:00
17.7,86,953.8,0.0,3.8,2024-11-09 04:00:00
16.7,90,953.8,0.0,4.2,2024-11-09 05:00:00
17.0,87,954.8,0.0,3.6,2024-11-09 06:00:00
17.5,87,955.3,0.0,2.2,2024-11-09 07:00:00
19.5,82,956.4,0.0,2.4,2024-11-09 08:00:00
21.4,75,957.3,0.0,1.9,2024-11-09 09:00:00
22.9,69,957.6,0.0,3.4,2024-11-09 10:00:00
24.0,66,957.2,0.0,4.5,2024-11-09 11:00:00
25.0,64,956.5,0.0,5.5,2024-11-09 12:00:00
25.6,62,955.7,0.0,6.6,2024-11-09 13:00:00
25.6,61,954.9,0.0,7.5,2024-11-09 14:00:00
25.3,60,954.7,0.0,6.7,2024-11-09 15:00:00
24.5,69,954.7,0.0,2.1,2024-11-09 16:00:00
22.0,74,954.4,0.0,4.1,2024-11-09 17:00:00
20.1,84,954.2,0.0,5.5,2024-11-09 18:00:00
19.4,87,954.7,0.0,6.0,2024-11-09 19:00:00
20.1,81,955.3,0.0,5.6,2024-11-09 20:00:00
19.6,80,955.5,0.0,5.7,2024-11-09 21:00:00
18.1,85,955.4,0.0,6.3,2024-11-09 22:00:00
18.0,84,955.5,0.0,6.0,2024-11-09 23:00:00
18.0,86,955.3,0.0,6.6,2024-11-10 00:00:00
17.9,88,954.8,0.0,6.5,2024-11-10 01:00:00
17.3,89,954.5,0.0,9.2,2024-11-10 02:00:00
18.7,82,954.5,0.0,6.1,2024-11-10 03:00:00
18.8,82,954.4,0.0,4.9,2024-11-10 04:00:00
18.0,85,954.4,0.0,4.7,2024-11-10 05:00:00
19.6,77,955.5,0.0,4.1,2024-11-10 06:00:00
18.1,83,955.7,0.0,3.0,2024-11-10 07:00:00
19.9,79,956.7,0.0,2.4,2024-11-10 08:00:00
21.7,73,957.5,0.0,1.3,2024-11-10 09:00:00
23.3,66,957.7,0.0,3.1,2024-11-10 10:00:00
24.3,64,957.3,0.0,4.1,2024-11-10 11:00:00
24.6,65,956.6,0.0,3.6,2024-11-10 12:00:00
24.6,64,955.9,0.7,3.2,2024-11-10 13:00:00
24.7,62,955.2,0.0,3.3,2024-11-10 14:00:00
24.4,63,954.9,0.0,2.0,2024-11-10 15:00:00
24.1,74,954.8,0.0,1.1,2024-11-10 16:00:00
23.7,65,954.9,0.0,2.8,2024-11-10 17:00:00
19.9,84,954.4,0.0,6.4,2024-11-10 18:00:00
19.6,81,955.4,0.3,7.3,2024-11-10 19:00:00
18.4,83,955.3,0.0,6.4,2024-11-10 20:00:00
20.4,70,956.2,0.0,5.3,2024-11-10 21:00:00
19.0,76,956.0,0.0,5.5,2024-11-10 22:00:00
16.3,87,955.0,0.0,7.9,2024-11-10 23:00:00
16.6,84,954.7,0.0,5.7,2024-11-11 00:00:00
16.8,86,956.6,10.5,16.4,2024-11-11 01:00:00
16.5,87,955.4,0.0,13.3,2024-11-11 02:00:00
16.1,86,954.7,0.0,11.0,2024-11-11 03:00:00
15.6,85,954.1,0.0,5.1,2024-11-11 04:00:00
15.7,86,954.3,0.0,4.6,2024-11-11 05:00:00
16.5,87,954.7,0.0,5.8,2024-11-11 06:00:00
16.9,84,954.8,0.0,4.5,2024-11-11 07:00:00
17.1,81,955.3,0.0,3.4,2024-11-11 08:00:00
18.6,77,956.1,0.0,3.6,2024-11-11 09:00:00
17.5,85,957.7,2.0,16.8,2024-11-11 10:00:00
20.7,69,957.0,0.0,2.7,2024-11-11 11:00:00
21.3,63,956.4,0.0,2.9,2024-11-11 12:00:00
21.6,63,955.6,0.0,3.9,2024-11-11 13:00:00
21.9,62,954.8,0.0,3.4,2024-11-11 14:00:00
22.0,63,954.4,0.0,5.1,2024-11-11 15:00:00
21.6,68,954.4,0.0,5.8,2024-11-11 16:00:00
19.4,81,954.4,0.4,5.9,2024-11-11 17:00:00
18.4,81,954.1,0.0,4.4,2024-11-11 18:00:00
18.0,82,954.4,0.0,4.5,2024-11-11 19:00:00
17.2,84,954.8,0.0,4.5,2024-11-11 20:00:00
16.7,85,955.1,0.0,4.6,2024-11-11 21:00:00
16.3,85,955.1,0.0,4.5,2024-11-11 22:00:00
15.4,86,955.1,0.0,4.1,2024-11-11 23:00:00
15.7,79,955.7,0.3,15.7,2024-11-12 00:00:00
15.9,79,955.3,0.2,12.8,2024-11-12 01:00:00
14.4,87,954.8,0.0,5.8,2024-11-12 02:00:00
14.9,83,954.5,0.0,3.1,2024-11-12 03:00:00
15.0,77,954.1,0.0,4.8,2024-11-12 04:00:00
15.8,73,954.3,0.0,7.8,2024-11-12 05:00:00
15.5,77,955.0,0.0,5.9,2024-11-12 06:00:00
15.2,78,955.7,0.0,5.9,2024-11-12 07:00:00
17.6,72,956.7,0.0,6.4,2024-11-12 08:00:00
19.4,70,957.6,0.0,2.6,2024-11-12 09:00:00
21.3,65,958.0,0.0,3.6,2024-11-12 10:00:00
22.9,61,957.7,0.0,6.1,2024-11-12 11:00:00
24.0,56,956.7,0.0,9.2,2024-11-12 12:00:00
24.7,52,955.6,0.0,8.0,2024-11-12 13:00:00
24.8,51,954.8,0.0,6.1,2024-11-12 14:00:00
24.4,52,954.3,0.0,7.7,2024-11-12 15:00:00
22.8,61,953.9,0.0,8.0,2024-11-12 16:00:00
20.1,69,953.4,0.0,9.6,2024-11-12 17:00:00
19.0,75,954.0,0.0,7.8,2024-11-12 18:00:00
17.6,81,953.9,0.0,6.9,2024-11-12 19:00:00
16.5,83,954.0,0.0,7.7,2024-11-12 20:00:00
16.1,81,954.2,0.0,7.4,2024-11-12 21:00:00
15.8,80,953.9,0.0,6.3,2024-11-12 22:00:00
15.7,79,953.9,0.0,6.1,2024-11-12 23:00:00
15.3,79,953.6,0.0,5.3,2024-11-13 00:00:00
15.0,80,953.0,0.0,5.1,2024-11-13 01:00:00
14.9,79,952.5,0.0,4.8,2024-11-13 02:00:00
14.7,79,952.2,0.0,3.7,2024-11-13 03:00:00
14.7,76,951.8,0.0,2.6,2024-11-13 04:00:00
15.0,71,951.8,0.0,1.5,2024-11-13 05:00:00
15.5,68,952.9,0.0,0.5,2024-11-13 06:00:00
14.8,71,953.3,0.0,1.5,2024-11-13 07:00:00
16.2,68,954.1,0.0,2.6,2024-11-13 08:00:00
18.0,61,955.0,0.0,1.5,2024-11-13 09:00:00
20.1,55,955.1,0.0,0.2,2024-11-13 10:00:00
21.8,52,954.9,0.0,1.5,2024-11-13 11:00:00
22.8,50,954.1,0.0,1.8,2024-11-13 12:00:00
23.6,49,953.2,0.0,1.7,2024-11-13 13:00:00
23.9,49,952.2,0.0,2.8,2024-11-13 14:00:00
23.6,51,951.9,0.0,4.7,2024-11-13 15:00:00
22.4,61,951.5,0.0,3.7,2024-11-13 16:00:00
20.2,67,951.2,0.0,2.1,2024-11-13 17:00:00
19.3,68,952.0,0.0,0.9,2024-11-13 18:00:00
18.1,72,952.1,0.0,4.0,2024-11-13 19:00:00
17.2,70,952.6,0.0,6.2,2024-11-13 20:00:00
16.2,67,953.2,0.0,7.0,2024-11-13 21:00:00
15.9,65,953.7,0.0,8.1,2024-11-13 22:00:00
15.5,68,953.5,0.0,7.6,2024-11-13 23:00:00
15.3,72,953.4,0.0,6.8,2024-11-14 00:00:00
15.1,77,953.2,0.0,5.3,2024-11-14 01:00:00
14.8,80,953.1,0.0,5.0,2024-11-14 02:00:00
15.1,78,953.1,0.0,2.5,2024-11-14 03:00:00
15.5,79,953.4,0.0,5.0,2024-11-14 04:00:00
14.2,85,953.4,0.0,2.8,2024-11-14 05:00:00
15.0,83,954.6,0.0,3.1,2024-11-14 06:00:00
14.7,84,955.2,0.0,2.0,2024-11-14 07:00:00
16.5,79,956.3,0.0,3.5,2024-11-14 08:00:00
18.1,73,957.2,0.0,3.9,2024-11-14 09:00:00
20.0,67,958.0,0.0,5.8,2024-11-14 10:00:00
21.1,67,957.8,0.0,6.8,2024-11-14 11:00:00
21.9,66,957.2,0.1,4.0,2024-11-14 12:00:00
21.9,66,956.7,0.1,2.8,2024-11-14 13:00:00
21.0,69,956.1,0.1,4.2,2024-11-14 14:00:00
20.8,70,955.6,0.0,1.4,2024-11-14 15:00:00
20.4,74,955.4,0.0,2.1,2024-11-14 16:00:00
18.9,84,955.0,0.0,1.6,2024-11-14 17:00:00
18.5,82,955.3,0.0,3.2,2024-11-14 18:00:00
17.3,88,955.4,0.0,3.7,2024-11-14 19:00:00
16.6,89,955.5,0.0,3.1,2024-11-14 20:00:00
16.2,87,955.8,0.0,4.3,2024-11-14 21:00:00
16.1,83,956.0,0.0,4.8,2024-11-14 22:00:00
16.0,80,956.0,0.0,3.7,2024-11-14 23:00:00
15.6,81,955.5,0.0,4.6,2024-11-15 00:00:00
14.9,84,955.2,0.0,6.7,2024-11-15 01:00:00
14.5,87,954.9,0.0,6.9,2024-11-15 02:00:00
14.5,88,954.5,0.0,6.4,2024-11-15 03:00:00
14.3,88,954.2,0.0,5.1,2024-11-15 04:00:00
14.0,87,953.9,0.0,4.5,2024-11-15 05:00:00
14.3,90,954.4,0.0,2.9,2024-11-15 06:00:00
13.9,94,955.0,0.0,2.6,2024-11-15 07:00:00
15.5,90,956.1,0.0,3.0,2024-11-15 08:00:00
17.7,86,957.2,0.0,1.9,2024-11-15 09:00:00
19.9,66,957.6,0.0,0.7,2024-11-15 10:00:00
21.7,57,957.4,0.0,2.1,2024-11-15 11:00:00
22.5,51,956.4,0.0,2.7,2024-11-15 12:00:00
21.0,59,955.5,0.0,8.8,2024-11-15 13:00:00
20.2,64,954.8,0.0,9.8,2024-11-15 14:00:00
20.8,61,954.1,0.0,2.7,2024-11-15 15:00:00
20.7,65,953.6,0.0,3.5,2024-11-15 16:00:00
18.7,73,953.3,0.0,7.1,2024-11-15 17:00:00
18.2,79,953.9,0.0,5.1,2024-11-15 18:00:00
17.3,83,953.9,0.0,5.4,2024-11-15 19:00:00
16.8,81,954.3,0.0,10.5,2024-11-15 20:00:00
14.3,92,956.1,3.2,14.8,2024-11-15 21:00:00
14.6,86,954.4,0.4,14.7,2024-11-15 22:00:00
13.4,89,954.3,0.0,3.8,2024-11-15 23:00:00
13.3,90,953.8,0.0,4.2,2024-11-16 00:00:00
13.2,89,953.7,0.0,3.4,2024-11-16 01:00:00
12.7,91,953.5,0.0,2.7,2024-11-16 02:00:00
12.3,95,953.1,0.0,7.0,2024-11-16 03:00:00
12.0,94,952.8,0.0,5.7,2024-11-16 04:00:00
11.9,93,952.6,0.0,7.9,2024-11-16 05:00:00
12.6,93,953.1,0.0,3.3,2024-11-16 06:00:00
12.5,91,953.6,0.0,1.9,2024-11-16 07:00:00
13.9,86,954.5,0.0,3.5,2024-11-16 08:00:00
15.7,73,955.1,0.0,2.3,2024-11-16 09:00:00
17.6,67,955.6,0.0,4.7,2024-11-16 10:00:00
19.0,61,955.5,0.0,3.6,2024-11-16 11:00:00
20.0,56,955.0,0.0,3.3,2024-11-16 12:00:00
20.7,54,954.1,0.0,4.2,2024-11-16 13:00:00
20.9,54,953.8,0.0,4.2,2024-11-16 14:00:00
20.9,54,953.7,0.0,3.1,2024-11-16 15:00:00
20.3,60,953.5,0.0,2.9,2024-11-16 16:00:00
18.2,68,953.3,0.0,5.1,2024-11-16 17:00:00
16.7,76,953.5,0.0,1.8,2024-11-16 18:00:00
15.6,81,953.7,0.0,1.1,2024-11-16 19:00:00
15.0,81,954.1,0.0,3.4,2024-11-16 20:00:00
14.6,79,954.5,0.0,4.5,2024-11-16 21:00:00
14.4,76,954.6,0.0,3.9,2024-11-16 22:00:00
14.0,76,954.6,0.0,2.9,2024-11-16 23:00:00
13.5,76,954.4,0.0,2.8,2024-11-17 00:00:00
13.4,74,954.1,0.0,3.0,2024-11-17 01:00:00
13.4,72,953.9,0.0,4.9,2024-11-17 02:00:00
12.8,75,953.6,0.0,6.5,2024-11-17 03:00:00
12.4,75,953.4,0.0,6.5,2024-11-17 04:00:00
12.2,74,953.3,0.0,6.6,2024-11-17 05:00:00
11.8,79,953.6,0.0,5.7,2024-11-17 06:00:00
11.3,81,953.9,0.0,5.9,2024-11-17 07:00:00
13.0,77,954.7,0.0,6.5,2024-11-17 08:00:00
16.6,65,956.0,0.0,4.6,2024-11-17 09:00:00
18.9,55,956.6,0.0,3.9,2024-11-17 10:00:00
20.5,47,956.6,0.0,6.8,2024-11-17 11:00:00
21.4,44,955.8,0.0,8.8,2024-11-17 12:00:00
21.7,44,955.0,0.0,9.7,2024-11-17 13:00:00
21.7,45,954.3,0.0,10.1,2024-11-17 14:00:00
21.2,47,954.0,0.0,10.0,2024-11-17 15:00:00
19.8,53,953.5,0.0,9.5,2024-11-17 16:00:00
17.4,60,953.3,0.0,9.4,2024-11-17 17:00:00
16.4,65,953.6,0.0,10.1,2024-11-17 18:00:00
15.2,70,953.6,0.0,8.8,2024-11-17 19:00:00
14.2,73,953.7,0.0,7.8,2024-11-17 20:00:00
13.7,74,954.2,0.0,6.7,2024-11-17 21:00:00
13.3,72,954.3,0.0,6.3,2024-11-17 22:00:00
13.1,69,954.2,0.0,6.6,2024-11-17 23:00:00
13.0,68,954.1,0.0,6.7,2024-11-18 00:00:00
12.8,68,953.9,0.0,6.3,2024-11-18 01:00:00
12.6,69,953.7,0.0,5.3,2024-11-18 02:00:00
12.4,70,953.6,0.0,4.5,2024-11-18 03:00:00
12.2,71,953.8,0.0,4.5,2024-11-18 04:00:00
11.9,72,953.9,0.0,4.3,2024-11-18 05:00:00
12.4,69,954.3,0.0,3.3,2024-11-18 06:00:00
12.0,71,954.8,0.0,3.2,2024-11-18 07:00:00
13.9,70,955.7,0.0,3.1,2024-11-18 08:00:00
16.2,64,956.7,0.0,2.1,2024-11-18 09:00:00
18.2,59,957.3,0.0,2.2,2024-11-18 10:00:00
20.1,54,957.2,0.0,3.4,2024-11-18 11:00:00
21.3,48,956.4,0.0,6.0,2024-11-18 12:00:00
21.9,42,955.7,0.0,7.5,2024-11-18 13:00:00
22.0,40,955.2,0.0,8.6,2024-11-18 14:00:00
21.5,43,954.6,0.0,8.5,2024-11-18 15:00:00
19.8,54,954.4,0.0,8.2,2024-11-18 16:00:00
17.2,63,954.0,0.0,9.1,2024-11-18 17:00:00
16.2,68,954.2,0.0,10.3,2024-11-18 18:00:00
15.0,71,954.3,0.0,9.2,2024-11-18 19:00:00
13.9,73,954.5,0.0,7.4,2024-11-18 20:00:00
13.2,71,954.9,0.0,5.7,2024-11-18 21:00:00
12.9,67,955.3,0.0,4.8,2024-11-18 22:00:00
12.7,65,955.3,0.0,4.4,2024-11-18 23:00:00
12.4,63,954.9,0.0,4.4,2024-11-19 00:00:00
12.0,64,954.7,0.0,4.0,2024-11-19 01:00:00
11.7,65,954.3,0.0,3.7,2024-11-19 02:00:00
11.5,65,954.1,0.0,3.6,2024-11-19 03:00:00
11.6,64,953.9,0.0,4.0,2024-11-19 04:00:00
11.4,65,954.0,0.0,4.2,2024-11-19 05:00:00
11.1,61,954.7,0.0,3.1,2024-11-19 06:00:00
10.8,62,955.3,0.0,3.1,2024-11-19 07:00:00
12.8,61,956.3,0.0,2.3,2024-11-19 08:00:00
15.4,55,957.5,0.0,0.9,2024-11-19 09:00:00
17.5,50,958.2,0.0,1.1,2024-11-19 10:00:00
19.3,48,958.2,0.0,2.1,2024-11-19 11:00:00
20.8,46,957.5,0.0,4.2,2024-11-19 12:00:00
21.6,43,956.8,0.0,6.3,2024-11-19 13:00:00
21.8,41,956.3,0.0,7.3,2024-11-19 14:00:00
21.3,44,955.6,0.0,6.8,2024-11-19 15:00:00
19.6,54,955.4,0.0,5.8,2024-11-19 16:00:00
16.8,65,955.1,0.0,6.5,2024-11-19 17:00:00
15.9,69,955.5,0.0,8.0,2024-11-19 18:00:00
14.5,72,955.5,0.0,7.1,2024-11-19 19:00:00
13.7,74,955.5,0.0,5.7,2024-11-19 20:00:00
13.6,70,956.0,0.0,4.3,2024-11-19 21:00:00
13.2,67,956.0,0.0,3.7,2024-11-19 22:00:00
12.9,65,955.7,0.0,4.5,2024-11-19 23:00:00
12.2,68,955.2,0.0,4.2,2024-11-20 00:00:00
11.7,69,954.6,0.0,3.9,2024-11-20 01:00:00
11.5,68,954.2,0.0,3.8,2024-11-20 02:00:00
11.1,68,953.7,0.0,4.1,2024-11-20 03:00:00
10.8,68,953.4,0.0,4.2,2024-11-20 04:00:00
10.4,69,953.2,0.0,4.7,2024-11-20 05:00:00
10.2,64,953.8,0.0,3.3,2024-11-20 06:00:00
10.0,63,954.1,0.0,3.4,2024-11-20 07:00:00
12.0,62,955.1,0.0,2.8,2024-11-20 08:00:00
15.0,58,956.1,0.0,2.3,2024-11-20 09:00:00
17.3,51,956.5,0.0,1.9,2024-11-20 10:00:00
19.1,51,956.3,0.0,3.7,2024-11-20 11:00:00
20.6,46,955.3,0.0,5.4,2024-11-20 12:00:00
21.5,40,954.4,0.0,7.7,2024-11-20 13:00:00
21.5,39,954.1,0.0,8.4,2024-11-20 14:00:00
20.9,42,953.6,0.0,7.0,2024-11-20 15:00:00
19.3,54,953.2,0.0,4.6,2024-11-20 16:00:00
16.5,65,953.1,0.0,3.7,2024-11-20 17:00:00
16.3,67,954.1,0.0,3.8,2024-11-20 18:00:00
15.2,70,954.3,0.0,5.6,2024-11-20 19:00:00
14.7,65,954.6,0.0,7.4,2024-11-20 20:00:00
14.1,67,954.9,0.0,6.7,2024-11-20 21:00:00
13.3,71,955.0,0.0,5.9,2024-11-20 22:00:00
12.6,72,955.1,0.0,6.7,2024-11-20 23:00:00
11.9,73,954.6,0.0,6.9,2024-11-21 00:00:00
11.6,73,954.2,0.0,5.7,2024-11-21 01:00:00
11.5,74,953.8,0.0,4.7,2024-11-21 02:00:00
11.3,72,953.6,0.0,3.6,2024-11-21 03:00:00
11.6,67,953.4,0.0,2.0,2024-11-21 04:00:00
11.5,65,953.3,0.0,2.3,2024-11-21 05:00:00
12.4,67,954.3,0.0,0.9,2024-11-21 06:00:00
12.0,68,954.6,0.0,1.3,2024-11-21 07:00:00
13.8,66,955.7,0.0,4.1,2024-11-21 08:00:00
15.7,65,956.4,0.0,5.0,2024-11-21 09:00:00
17.9,57,956.8,0.0,2.8,2024-11-21 10:00:00
19.6,52,956.5,0.0,3.9,2024-11-21 11:00:00
20.9,45,955.5,0.0,5.8,2024-11-21 12:00:00
21.6,39,954.7,0.0,7.4,2024-11-21 13:00:00
21.7,40,954.3,0.0,8.2,2024-11-21 14:00:00
21.1,45,953.8,0.0,7.5,2024-11-21 15:00:00
19.6,55,953.4,0.0,5.7,2024-11-21 16:00:00
17.2,65,953.2,0.0,5.7,2024-11-21 17:00:00
16.4,73,953.5,0.0,5.5,2024-11-21 18:00:00
15.2,76,953.4,0.0,5.3,2024-11-21 19:00:00
14.6,74,953.8,0.0,5.1,2024-11-21 20:00:00
14.3,71,954.2,0.0,4.0,2024-11-21 21:00:00
14.1,67,954.3,0.0,4.3,2024-11-21 22:00:00
13.5,67,954.1,0.0,4.0,2024-11-21 23:00:00
12.7,70,953.8,0.0,3.9,2024-11-22 00:00:00
12.4,68,953.3,0.0,5.2,2024-11-22 01:00:00
12.0,69,953.1,0.0,4.6,2024-11-22 02:00:00
11.8,70,952.7,0.0,4.3,2024-11-22 03:00:00
11.8,71,952.5,0.0,3.2,2024-11-22 04:00:00
11.8,71,952.4,0.0,2.8,2024-11-22 05:00:00
13.1,60,953.6,0.0,1.1,2024-11-22 06:00:00
12.4,64,954.0,0.0,1.1,2024-11-22 07:00:00
13.3,70,954.9,0.0,2.8,2024-11-22 08:00:00
15.6,61,955.8,0.0,4.0,2024-11-22 09:00:00
18.2,52,956.3,0.0,4.3,2024-11-22 10:00:00
19.8,45,956.2,0.0,4.1,2024-11-22 11:00:00
20.7,47,955.2,0.0,3.7,2024-11-22 12:00:00
21.4,49,954.5,0.0,4.1,2024-11-22 13:00:00
21.5,50,953.8,0.0,4.5,2024-11-22 14:00:00
21.2,51,953.3,0.0,4.1,2024-11-22 15:00:00
20.1,61,953.2,0.0,4.1,2024-11-22 16:00:00
17.9,66,953.0,0.0,5.8,2024-11-22 17:00:00
16.7,70,953.4,0.0,5.8,2024-11-22 18:00:00
16.0,70,953.7,0.0,5.5,2024-11-22 19:00:00
15.9,68,954.3,0.0,5.1,2024-11-22 20:00:00
15.7,69,954.6,0.0,5.1,2024-11-22 21:00:00
15.0,73,954.4,0.0,4.9,2024-11-22 22:00:00
14.4,75,954.3,0.0,4.4,2024-11-22 23:00:00
13.8,77,954.0,0.0,4.4,2024-11-23 00:00:00
13.3,78,953.4,0.0,4.8,2024-11-23 01:00:00
13.3,76,953.2,0.0,5.2,2024-11-23 02:00:00
13.1,75,953.3,0.0,5.0,2024-11-23 03:00:00
13.2,74,953.0,0.0,4.5,2024-11-23 04:00:00
13.6,72,953.1,0.0,4.0,2024-11-23 05:00:00
13.2,75,953.2,0.0,3.2,2024-11-23 06:00:00
12.8,76,953.8,0.0,2.0,2024-11-23 07:00:00
14.8,72,955.1,0.0,1.1,2024-11-23 08:00:00
15.7,69,956.0,0.1,2.4,2024-11-23 09:00:00
18.2,61,956.7,0.1,2.9,2024-11-23 10:00:00
19.7,55,957.0,0.0,2.7,2024-11-23 11:00:00
19.1,56,956.6,0.0,2.5,2024-11-23 12:00:00
18.9,59,955.5,0.0,9.0,2024-11-23 13:00:00
18.6,62,955.5,0.6,8.1,2024-11-23 14:00:00
18.4,62,954.8,0.0,7.6,2024-11-23 15:00:00
18.5,62,955.0,0.0,6.7,2024-11-23 16:00:00
16.9,65,954.9,0.0,8.1,2024-11-23 17:00:00
15.6,77,954.9,0.0,5.6,2024-11-23 18:00:00
14.7,82,955.4,0.0,8.6,2024-11-23 19:00:00
14.4,81,955.4,0.0,6.1,2024-11-23 20:00:00
13.7,85,955.9,0.0,5.0,2024-11-23 21:00:00
13.1,89,956.0,0.0,5.0,2024-11-23 22:00:00
12.7,91,956.6,0.0,8.5,2024-11-23 23:00:00
12.2,88,956.4,0.1,8.4,2024-11-24 00:00:00
12.4,82,956.2,0.1,8.5,2024-11-24 01:00:00
12.6,88,956.1,0.6,6.8,2024-11-24 02:00:00
12.1,91,955.6,0.3,3.0,2024-11-24 03:00:00
11.4,88,955.4,0.0,3.1,2024-11-24 04:00:00
11.6,82,955.4,0.0,1.4,2024-11-24 05:00:00
12.0,92,956.1,0.0,3.0,2024-11-24 06:00:00
11.5,91,956.4,0.0,2.4,2024-11-24 07:00:00
13.7,82,957.5,0.0,1.4,2024-11-24 08:00:00
15.5,78,958.4,0.0,1.0,2024-11-24 09:00:00
17.6,67,958.8,0.0,4.3,2024-11-24 10:00:00
19.7,53,958.5,0.0,5.6,2024-11-24 11:00:00
20.6,47,957.6,0.0,5.4,2024-11-24 12:00:00
21.0,46,956.8,0.0,6.7,2024-11-24 13:00:00
21.1,46,956.3,0.0,8.0,2024-11-24 14:00:00
20.7,47,955.7,0.0,8.8,2024-11-24 15:00:00
19.5,52,955.5,0.0,8.5,2024-11-24 16:00:00
17.5,59,955.2,0.0,9.4,2024-11-24 17:00:00
16.7,63,955.3,0.0,10.7,2024-11-24 18:00:00
15.7,67,955.1,0.0,10.7,2024-11-24 19:00:00
14.8,71,955.1,0.0,9.6,2024-11-24 20:00:00
14.3,72,955.1,0.0,9.2,2024-11-24 21:00:00
14.1,71,955.1,0.0,8.8,2024-11-24 22:00:00
13.9,71,955.1,0.0,8.8,2024-11-24 23:00:00
13.6,73,954.8,0.0,9.2,2024-11-25 00:00:00
13.3,74,954.3,0.0,8.4,2024-11-25 01:00:00
13.3,74,954.0,0.0,7.8,2024-11-25 02:00:00
13.1,74,953.8,0.0,6.9,2024-11-25 03:00:00
12.8,76,953.4,0.0,6.1,2024-11-25 04:00:00
12.4,77,953.4,0.0,6.2,2024-11-25 05:00:00
11.8,79,954.0,0.0,5.7,2024-11-25 06:00:00
11.6,79,954.4,0.0,5.7,2024-11-25 07:00:00
13.0,72,955.3,0.0,6.4,2024-11-25 08:00:00
15.8,62,956.8,0.0,4.0,2024-11-25 09:00:00
18.2,53,957.5,0.0,2.3,2024-11-25 10:00:00
20.0,47,957.6,0.0,3.2,2024-11-25 11:00:00
21.2,43,956.6,0.0,4.9,2024-11-25 12:00:00
22.0,38,956.0,0.0,6.2,2024-11-25 13:00:00
22.2,35,955.2,0.0,5.9,2024-11-25 14:00:00
21.6,38,954.7,0.0,6.9,2024-11-25 15:00:00
20.0,47,954.6,0.0,7.0,2024-11-25 16:00:00
17.3,60,954.1,0.0,8.2,2024-11-25 17:00:00
16.5,61,954.1,0.0,10.5,2024-11-25 18:00:00
15.8,60,954.2,0.0,10.0,2024-11-25 19:00:00
14.9,62,954.2,0.0,8.7,2024-11-25 20:00:00
14.0,64,954.3,0.0,8.3,2024-11-25 21:00:00
13.7,62,954.2,0.0,8.7,2024-11-25 22:00:00
13.6,59,954.2,0.0,8.7,2024-11-25 23:00:00
13.7,56,954.1,0.0,8.7,2024-11-26 00:00:00
13.7,55,953.7,0.0,7.8,2024-11-26 01:00:00
13.2,57,953.4,0.0,6.6,2024-11-26 02:00:00
12.7,58,953.2,0.0,5.5,2024-11-26 03:00:00
12.0,59,953.1,0.0,4.7,2024-11-26 04:00:00
11.5,60,953.1,0.0,4.6,2024-11-26 05:00:00
11.1,64,953.3,0.0,3.2,2024-11-26 06:00:00
11.2,63,954.0,0.0,2.7,2024-11-26 07:00:00
12.9,61,955.1,0.0,2.5,2024-11-26 08:00:00
15.5,50,956.3,0.0,0.4,2024-11-26 09:00:00
17.7,44,956.9,0.0,1.2,2024-11-26 10:00:00
19.5,41,956.8,0.0,2.2,2024-11-26 11:00:00
20.9,39,955.9,0.0,3.1,2024-11-26 12:00:00
21.8,38,955.0,0.0,4.6,2024-11-26 13:00:00
22.2,35,954.6,0.0,5.3,2024-11-26 14:00:00
21.9,35,954.2,0.0,6.1,2024-11-26 15:00:00
20.4,44,954.0,0.0,4.4,2024-11-26 16:00:00
17.4,56,953.7,0.0,5.5,2024-11-26 17:00:00
16.4,59,954.0,0.0,8.0,2024-11-26 18:00:00
15.5,54,954.2,0.0,8.9,2024-11-26 19:00:00
14.9,44,954.3,0.0,9.5,2024-11-26 20:00:00
14.9,40,954.8,0.0,9.3,2024-11-26 21:00:00
14.8,40,954.7,0.0,9.2,2024-11-26 22:00:00
14.4,42,954.2,0.0,8.9,2024-11-26 23:00:00
14.0,44,953.8,0.0,7.9,2024-11-27 00:00:00
13.3,45,952.9,0.0,8.3,2024-11-27 01:00:00
13.1,45,952.4,0.0,9.3,2024-11-27 02:00:00
12.9,45,952.0,0.0,9.6,2024-11-27 03:00:00
12.5,47,951.8,0.0,9.4,2024-11-27 04:00:00
12.3,47,951.7,0.0,8.8,2024-11-27 05:00:00
11.1,54,951.9,0.0,6.5,2024-11-27 06:00:00
10.4,58,952.5,0.0,5.1,2024-11-27 07:00:00
11.8,56,953.6,0.0,3.0,2024-11-27 08:00:00
14.4,50,955.2,0.0,2.4,2024-11-27 09:00:00
16.2,42,956.0,0.0,2.9,2024-11-27 10:00:00
18.1,35,955.8,0.0,1.8,2024-11-27 11:00:00
19.9,30,955.1,0.0,1.1,2024-11-27 12:00:00
21.1,27,954.5,0.0,1.9,2024-11-27 13:00:00
21.5,27,954.0,0.0,2.3,2024-11-27 14:00:00
21.3,28,953.9,0.0,1.1,2024-11-27 15:00:00
20.1,48,954.0,0.0,0.5,2024-11-27 16:00:00
16.9,48,953.7,0.0,2.6,2024-11-27 17:00:00
17.5,45,954.4,0.0,5.4,2024-11-27 18:00:00
16.0,49,954.7,0.0,5.9,2024-11-27 19:00:00
14.6,53,954.7,0.0,5.4,2024-11-27 20:00:00
13.7,52,955.1,0.0,4.9,2024-11-27 21:00:00
13.2,49,955.0,0.0,3.2,2024-11-27 22:00:00
12.9,45,954.8,0.0,3.0,2024-11-27 23:00:00
12.7,43,954.4,0.0,4.2,2024-11-28 00:00:00
12.2,45,954.0,0.0,5.3,2024-11-28 01:00:00
11.8,46,954.0,0.0,5.1,2024-11-28 02:00:00
11.3,48,953.8,0.0,4.6,2024-11-28 03:00:00
11.2,48,953.6,0.0,5.0,2024-11-28 04:00:00
10.9,50,953.6,0.0,4.4,2024-11-28 05:00:00
10.6,55,954.1,0.0,3.0,2024-11-28 06:00:00
10.3,54,954.8,0.0,2.7,2024-11-28 07:00:00
12.1,52,955.8,0.0,2.2,2024-11-28 08:00:00
14.6,40,957.4,0.0,1.6,2024-11-28 09:00:00
16.8,34,958.2,0.0,2.6,2024-11-28 10:00:00
18.9,31,958.2,0.0,2.3,2024-11-28 11:00:00
20.7,27,957.6,0.0,0.8,2024-11-28 12:00:00
21.8,25,956.7,0.0,1.7,2024-11-28 13:00:00
22.3,25,956.0,0.0,2.7,2024-11-28 14:00:00
22.1,26,955.5,0.0,4.1,2024-11-28 15:00:00
20.8,31,955.4,0.0,4.6,2024-11-28 16:00:00
18.2,40,955.2,0.0,3.6,2024-11-28 17:00:00
17.4,49,955.8,0.0,6.0,2024-11-28 18:00:00
16.4,52,955.9,0.0,5.1,2024-11-28 19:00:00
15.1,54,956.2,0.0,5.1,2024-11-28 20:00:00
14.6,49,956.6,0.0,5.5,2024-11-28 21:00:00
14.1,45,956.8,0.0,3.6,2024-11-28 22:00:00
13.2,45,956.6,0.0,2.9,2024-11-28 23:00:00
12.7,45,956.2,0.0,2.4,2024-11-29 00:00:00
12.6,46,956.1,0.0,2.3,2024-11-29 01:00:00
12.1,48,955.8,0.0,2.2,2024-11-29 02:00:00
11.5,53,955.5,0.0,1.9,2024-11-29 03:00:00
12.0,52,955.8,0.0,3.2,2024-11-29 04:00:00
11.7,54,955.8,0.0,4.9,2024-11-29 05:00:00
11.4,67,956.3,0.0,2.3,2024-11-29 06:00:00
11.6,65,956.9,0.0,1.2,2024-11-29 07:00:00
12.6,59,957.7,0.0,1.7,2024-11-29 08:00:00
14.5,53,958.6,0.0,3.1,2024-11-29 09:00:00
17.2,45,959.2,0.0,1.4,2024-11-29 10:00:00
19.2,39,959.1,0.0,2.2,2024-11-29 11:00:00
20.4,37,958.3,0.0,3.4,2024-11-29 12:00:00
21.2,38,957.8,0.0,4.3,2024-11-29 13:00:00
20.4,42,957.4,0.0,7.3,2024-11-29 14:00:00
18.9,46,957.1,0.0,9.2,2024-11-29 15:00:00
17.7,52,956.7,0.0,7.8,2024-11-29 16:00:00
16.9,54,956.9,0.0,11.0,2024-11-29 17:00:00
17.1,44,957.5,0.0,15.0,2024-11-29 18:00:00
16.1,43,957.4,0.0,15.4,2024-11-29 19:00:00
15.5,40,957.5,0.0,17.0,2024-11-29 20:00:00
15.1,43,957.4,0.0,12.6,2024-11-29 21:00:00
14.0,49,957.2,0.0,9.6,2024-11-29 22:00:00
13.1,56,956.8,0.0,9.7,2024-11-29 23:00:00
12.6,60,956.3,0.0,9.5,2024-11-30 00:00:00
12.5,60,955.7,0.0,10.4,2024-11-30 01:00:00
12.5,61,955.4,0.0,10.7,2024-11-30 02:00:00
12.2,62,954.9,0.0,10.4,2024-11-30 03:00:00
12.1,62,955.0,0.0,10.8,2024-11-30 04:00:00
11.9,61,955.1,0.0,10.6,2024-11-30 05:00:00
11.2,73,955.0,0.0,10.8,2024-11-30 06:00:00
10.7,75,955.2,0.0,9.5,2024-11-30 07:00:00
11.8,71,955.8,0.0,7.9,2024-11-30 08:00:00
14.4,63,957.0,0.0,4.7,2024-11-30 09:00:00
16.9,54,957.7,0.0,2.7,2024-11-30 10:00:00
18.4,48,957.5,0.0,3.1,2024-11-30 11:00:00
19.6,43,956.7,0.0,4.3,2024-11-30 12:00:00
20.4,40,955.5,0.0,4.7,2024-11-30 13:00:00
20.6,39,954.6,0.0,3.6,2024-11-30 14:00:00
20.4,40,954.2,0.0,3.3,2024-11-30 15:00:00
19.2,47,954.2,0.0,2.9,2024-11-30 16:00:00
16.8,59,953.7,0.0,3.4,2024-11-30 17:00:00
16.4,60,954.1,0.0,4.7,2024-11-30 18:00:00
15.4,66,954.1,0.0,4.3,2024-11-30 19:00:00
14.6,70,953.9,0.0,4.9,2024-11-30 20:00:00
14.3,69,954.1,0.0,6.2,2024-11-30 21:00:00
14.1,65,954.0,0.0,6.8,2024-11-30 22:00:00
13.3,66,953.5,0.0,7.4,2024-11-30 23:00:00
12.6,67,953.0,0.0,7.9,2024-12-01 00:00:00
12.1,68,952.3,0.0,7.7,2024-12-01 01:00:00
11.8,68,952.3,0.0,6.7,2024-12-01 02:00:00
11.5,68,952.1,0.0,6.5,2024-12-01 03:00:00
11.4,67,952.0,0.0,6.1,2024-12-01 04:00:00
11.2,67,952.2,0.0,5.3,2024-12-01 05:00:00
10.9,68,952.9,0.0,2.2,2024-12-01 06:00:00
10.9,67,953.6,0.0,1.7,2024-12-01 07:00:00
12.3,63,954.4,0.0,1.8,2024-12-01 08:00:00
14.8,53,955.4,0.0,1.8,2024-12-01 09:00:00
17.0,47,955.9,0.0,2.0,2024-12-01 10:00:00
18.9,42,956.0,0.0,3.1,2024-12-01 11:00:00
20.3,38,955.1,0.0,2.6,2024-12-01 12:00:00
21.2,36,954.1,0.0,1.7,2024-12-01 13:00:00
21.6,35,953.3,0.0,0.9,2024-12-01 14:00:00
21.4,36,952.8,0.0,0.7,2024-12-01 15:00:00
20.4,42,952.6,0.0,2.7,2024-12-01 16:00:00
17.7,53,952.1,0.0,6.9,2024-12-01 17:00:00
16.9,58,952.6,0.0,8.0,2024-12-01 18:00:00
15.5,66,952.6,0.0,5.4,2024-12-01 19:00:00
14.4,71,952.5,0.0,4.1,2024-12-01 20:00:00
13.9,72,952.6,0.0,2.1,2024-12-01 21:00:00
13.7,70,952.5,0.0,1.5,2024-12-01 22:00:00
13.9,66,952.6,0.0,2.8,2024-12-01 23:00:00
13.8,64,952.3,0.0,6.1,2024-12-02 00:00:00
13.2,65,952.1,0.0,5.0,2024-12-02 01:00:00
12.5,65,952.0,0.0,4.2,2024-12-02 02:00:00
12.2,63,951.6,0.0,4.3,2024-12-02 03:00:00
11.6,63,951.4,0.0,4.6,2024-12-02 04:00:00
11.2,63,951.6,0.0,6.3,2024-12-02 05:00:00
11.6,65,952.1,0.0,2.7,2024-12-02 06:00:00
11.1,66,952.9,0.0,2.2,2024-12-02 07:00:00
12.5,59,954.1,0.0,3.3,2024-12-02 08:00:00
14.7,51,955.3,0.0,1.6,2024-12-02 09:00:00
17.2,44,956.0,0.0,1.8,2024-12-02 10:00:00
19.4,38,956.2,0.0,2.3,2024-12-02 11:00:00
21.2,32,955.6,0.0,2.0,2024-12-02 12:00:00
21.9,30,954.9,0.0,0.6,2024-12-02 13:00:00
22.1,30,954.4,0.0,4.8,2024-12-02 14:00:00
21.2,36,954.1,0.0,9.1,2024-12-02 15:00:00
19.4,42,954.3,0.0,13.6,2024-12-02 16:00:00
17.1,48,954.0,0.0,13.0,2024-12-02 17:00:00
17.5,52,954.6,0.0,9.9,2024-12-02 18:00:00
16.1,58,954.8,0.0,8.6,2024-12-02 19:00:00
14.8,63,955.2,0.0,6.7,2024-12-02 20:00:00
13.9,66,955.4,0.0,5.4,2024-12-02 21:00:00
13.5,68,955.5,0.0,3.6,2024-12-02 22:00:00
13.5,67,955.8,0.0,2.8,2024-12-02 23:00:00
13.3,66,956.0,0.0,4.9,2024-12-03 00:00:00
13.1,64,956.0,0.0,7.4,2024-12-03 01:00:00
12.4,64,955.7,0.0,5.8,2024-12-03 02:00:00
11.1,67,955.2,0.0,6.2,2024-12-03 03:00:00
10.1,69,954.6,0.0,6.7,2024-12-03 04:00:00
9.4,70,954.7,0.0,6.2,2024-12-03 05:00:00
10.4,82,955.2,0.0,5.0,2024-12-03 06:00:00
10.2,80,955.7,0.0,5.6,2024-12-03 07:00:00
11.4,72,956.4,0.0,5.5,2024-12-03 08:00:00
15.0,54,957.9,0.0,6.2,2024-12-03 09:00:00
17.5,43,958.6,0.0,5.1,2024-12-03 10:00:00
19.4,39,958.7,0.0,7.1,2024-12-03 11:00:00
20.7,37,958.1,0.0,10.5,2024-12-03 12:00:00
21.2,34,957.7,0.0,11.6,2024-12-03 13:00:00
21.4,33,957.0,0.0,11.1,2024-12-03 14:00:00
21.0,33,956.7,0.0,10.7,2024-12-03 15:00:00
19.9,36,956.5,0.0,10.0,2024-12-03 16:00:00
17.5,45,956.3,0.0,10.2,2024-12-03 17:00:00
16.4,51,956.9,0.0,11.8,2024-12-03 18:00:00
15.5,55,957.0,0.0,12.0,2024-12-03 19:00:00
14.9,57,957.1,0.0,12.0,2024-12-03 20:00:00
14.5,56,957.5,0.0,10.7,2024-12-03 21:00:00
14.1,56,957.4,0.0,9.6,2024-12-03 22:00:00
13.6,57,957.2,0.0,9.4,2024-12-03 23:00:00
13.1,57,956.7,0.0,10.1,2024-12-04 00:00:00
12.8,57,956.3,0.0,10.5,2024-12-04 01:00:00
12.5,57,955.9,0.0,10.3,2024-12-04 02:00:00
12.2,56,955.5,0.0,10.3,2024-12-04 03:00:00
11.8,51,955.0,0.0,10.7,2024-12-04 04:00:00
11.7,45,954.7,0.0,11.3,2024-12-04 05:00:00
11.2,49,954.7,0.0,10.6,2024-12-04 06:00:00
11.1,46,955.2,0.0,10.4,2024-12-04 07:00:00
12.3,41,956.0,0.0,10.8,2024-12-04 08:00:00
15.3,33,956.8,0.0,9.0,2024-12-04 09:00:00
18.0,28,957.4,0.0,7.8,2024-12-04 10:00:00
20.0,23,956.8,0.0,10.9,2024-12-04 11:00:00
21.0,22,955.9,0.0,12.5,2024-12-04 12:00:00
21.3,25,955.0,0.0,13.1,2024-12-04 13:00:00
21.0,28,954.2,0.0,13.9,2024-12-04 14:00:00
20.0,30,953.8,0.0,14.9,2024-12-04 15:00:00
18.6,33,953.5,0.0,13.9,2024-12-04 16:00:00
16.5,38,953.1,0.0,13.7,2024-12-04 17:00:00
15.9,44,953.7,0.0,12.7,2024-12-04 18:00:00
15.1,46,953.8,0.0,11.9,2024-12-04 19:00:00
14.3,46,953.5,0.0,10.9,2024-12-04 20:00:00
13.9,42,953.7,0.0,9.7,2024-12-04 21:00:00
13.8,38,953.5,0.0,8.1,2024-12-04 22:00:00
13.4,36,953.4,0.0,6.5,2024-12-04 23:00:00
12.5,38,953.2,0.0,6.5,2024-12-05 00:00:00
11.9,40,953.0,0.0,6.5,2024-12-05 01:00:00
11.5,43,952.8,0.0,5.1,2024-12-05 02:00:00
11.1,46,952.5,0.0,5.5,2024-12-05 03:00:00
10.5,50,951.9,0.0,3.7,2024-12-05 04:00:00
10.0,53,951.8,0.0,2.8,2024-12-05 05:00:00
10.0,59,952.5,0.0,0.9,2024-12-05 06:00:00
9.2,61,953.0,0.0,2.6,2024-12-05 07:00:00
10.9,54,954.0,0.0,3.3,2024-12-05 08:00:00
13.4,48,954.8,0.0,3.0,2024-12-05 09:00:00
16.3,38,955.7,0.0,0.9,2024-12-05 10:00:00
18.4,33,955.4,0.0,2.3,2024-12-05 11:00:00
20.0,29,954.4,0.0,3.3,2024-12-05 12:00:00
20.9,27,953.5,0.0,5.2,2024-12-05 13:00:00
21.0,27,952.9,0.0,6.8,2024-12-05 14:00:00
20.4,30,952.6,0.0,7.8,2024-12-05 15:00:00
18.9,36,952.4,0.0,7.1,2024-12-05 16:00:00
16.4,46,952.0,0.0,6.9,2024-12-05 17:00:00
15.3,49,952.6,0.0,8.3,2024-12-05 18:00:00
13.8,53,952.6,0.0,6.5,2024-12-05 19:00:00
12.6,54,952.7,0.0,5.8,2024-12-05 20:00:00
12.3,51,952.9,0.0,5.3,2024-12-05 21:00:00
12.3,46,953.3,0.0,4.2,2024-12-05 22:00:00
11.7,44,953.2,0.0,4.7,2024-12-05 23:00:00
11.1,43,952.7,0.0,4.1,2024-12-06 00:00:00
10.4,45,952.5,0.0,3.3,2024-12-06 01:00:00
9.8,47,952.3,0.0,3.1,2024-12-06 02:00:00
9.4,48,952.0,0.0,3.1,2024-12-06 03:00:00
9.4,46,951.9,0.0,3.9,2024-12-06 04:00:00
9.5,44,951.9,0.0,5.3,2024-12-06 05:00:00
9.2,47,952.4,0.0,5.0,2024-12-06 06:00:00
9.1,45,952.8,0.0,5.5,2024-12-06 07:00:00
10.3,41,953.4,0.0,5.5,2024-12-06 08:00:00
13.0,37,954.2,0.0,5.6,2024-12-06 09:00:00
16.1,32,954.5,0.0,2.2,2024-12-06 10:00:00
18.7,28,954.4,0.0,3.9,2024-12-06 11:00:00
20.1,24,953.5,0.0,6.9,2024-12-06 12:00:00
20.4,23,952.6,0.0,9.4,2024-12-06 13:00:00
19.8,27,952.0,0.0,11.4,2024-12-06 14:00:00
18.6,32,951.4,0.0,12.1,2024-12-06 15:00:00
17.2,37,951.3,0.0,9.8,2024-12-06 16:00:00
14.9,44,950.8,0.0,9.4,2024-12-06 17:00:00
14.5,46,951.1,0.0,9.6,2024-12-06 18:00:00
13.5,42,951.4,0.0,8.7,2024-12-06 19:00:00
12.6,39,951.3,0.0,9.1,2024-12-06 20:00:00
12.4,36,951.5,0.0,9.6,2024-12-06 21:00:00
12.3,32,951.4,0.0,9.6,2024-12-06 22:00:00
12.1,29,951.4,0.0,7.2,2024-12-06 23:00:00
11.5,30,950.8,0.0,5.5,2024-12-07 00:00:00
10.8,31,950.3,0.0,4.4,2024-12-07 01:00:00
10.5,31,950.0,0.0,4.0,2024-12-07 02:00:00
9.9,32,949.6,0.0,3.6,2024-12-07 03:00:00
9.2,33,949.2,0.0,3.3,2024-12-07 04:00:00
9.1,33,949.1,0.0,3.5,2024-12-07 05:00:00
8.8,52,949.6,0.0,1.7,2024-12-07 06:00:00
8.4,51,950.1,0.0,0.9,2024-12-07 07:00:00
9.0,55,950.9,0.0,2.2,2024-12-07 08:00:00
10.9,47,951.8,0.0,4.5,2024-12-07 09:00:00
13.3,43,952.7,0.0,3.9,2024-12-07 10:00:00
15.5,36,952.6,0.0,4.0,2024-12-07 11:00:00
17.1,31,951.9,0.0,4.2,2024-12-07 12:00:00
18.2,27,951.2,0.0,2.7,2024-12-07 13:00:00
18.9,24,950.9,0.0,2.2,2024-12-07 14:00:00
19.1,21,950.5,0.0,3.0,2024-12-07 15:00:00
17.5,40,950.2,0.0,3.0,2024-12-07 16:00:00
14.5,47,949.8,0.0,2.9,2024-12-07 17:00:00
13.7,42,950.8,0.0,6.1,2024-12-07 18:00:00
12.3,46,951.0,0.0,5.1,2024-12-07 19:00:00
11.9,44,951.5,0.0,6.4,2024-12-07 20:00:00
11.2,45,951.6,0.0,7.3,2024-12-07 21:00:00
10.5,49,951.6,0.0,7.1,2024-12-07 22:00:00
10.1,52,951.5,0.0,7.9,2024-12-07 23:00:00
9.7,53,951.2,0.0,8.0,2024-12-08 00:00:00
9.5,54,950.9,0.0,7.8,2024-12-08 01:00:00
9.5,55,950.7,0.0,7.3,2024-12-08 02:00:00
9.8,54,950.3,0.0,8.5,2024-12-08 03:00:00
10.0,54,949.7,0.0,7.5,2024-12-08 04:00:00
9.2,62,949.7,0.0,3.7,2024-12-08 05:00:00
9.9,62,950.6,0.0,4.6,2024-12-08 06:00:00
9.6,63,951.3,0.0,1.9,2024-12-08 07:00:00
8.2,71,954.0,0.0,15.2,2024-12-08 08:00:00
9.4,66,953.7,0.0,4.7,2024-12-08 09:00:00
10.7,65,955.1,0.0,0.0,2024-12-08 10:00:00
11.9,59,954.6,0.0,2.9,2024-12-08 11:00:00
13.2,55,954.0,0.0,4.0,2024-12-08 12:00:00
12.0,70,954.1,0.2,15.8,2024-12-08 13:00:00
12.0,64,953.3,0.0,8.8,2024-12-08 14:00:00
12.9,58,952.7,0.0,10.1,2024-12-08 15:00:00
13.1,55,952.4,0.0,8.4,2024-12-08 16:00:00
12.5,57,952.2,0.0,6.4,2024-12-08 17:00:00
12.2,68,953.1,0.0,3.3,2024-12-08 18:00:00
10.7,74,952.7,0.0,2.8,2024-12-08 19:00:00
9.2,82,952.3,0.0,1.8,2024-12-08 20:00:00
8.4,83,952.3,0.0,1.4,2024-12-08 21:00:00
8.4,79,952.2,0.0,2.0,2024-12-08 22:00:00
8.9,71,952.4,0.0,4.6,2024-12-08 23:00:00
8.9,67,952.0,0.0,6.9,2024-12-09 00:00:00
9.2,62,951.9,0.0,10.8,2024-12-09 01:00:00
9.6,35,952.1,0.0,13.2,2024-12-09 02:00:00
8.8,28,951.7,0.0,12.6,2024-12-09 03:00:00
8.7,25,951.8,0.0,13.0,2024-12-09 04:00:00
7.8,28,952.3,0.0,10.8,2024-12-09 05:00:00
6.7,48,953.0,0.0,6.9,2024-12-09 06:00:00
6.5,49,954.0,0.0,6.7,2024-12-09 07:00:00
6.5,54,954.8,0.0,7.1,2024-12-09 08:00:00
8.8,51,956.0,0.0,6.1,2024-12-09 09:00:00
11.8,40,957.1,0.0,3.0,2024-12-09 10:00:00
13.9,29,957.1,0.0,4.1,2024-12-09 11:00:00
15.0,27,956.4,0.0,6.7,2024-12-09 12:00:00
15.6,29,955.9,0.0,7.6,2024-12-09 13:00:00
15.8,32,955.6,0.0,8.2,2024-12-09 14:00:00
15.6,33,955.5,0.0,8.2,2024-12-09 15:00:00
14.5,45,955.6,0.0,4.1,2024-12-09 16:00:00
11.4,57,955.5,0.0,3.9,2024-12-09 17:00:00
10.5,56,956.4,0.0,6.7,2024-12-09 18:00:00
9.1,57,956.6,0.0,6.2,2024-12-09 19:00:00
8.1,56,956.7,0.0,6.2,2024-12-09 20:00:00
7.2,58,956.8,0.0,6.7,2024-12-09 21:00:00
6.9,54,956.8,0.0,6.7,2024-12-09 22:00:00
6.9,50,956.9,0.0,5.6,2024-12-09 23:00:00
6.9,48,956.8,0.0,4.8,2024-12-10 00:00:00
6.8,47,956.5,0.0,4.5,2024-12-10 01:00:00
6.8,45,956.3,0.0,4.8,2024-12-10 02:00:00
7.0,43,955.9,0.0,5.3,2024-12-10 03:00:00
7.1,45,955.6,0.0,5.4,2024-12-10 04:00:00
6.7,47,955.3,0.0,4.8,2024-12-10 05:00:00
4.8,67,955.7,0.0,4.3,2024-12-10 06:00:00
4.5,64,956.1,0.0,5.1,2024-12-10 07:00:00
5.7,58,956.7,0.0,5.9,2024-12-10 08:00:00
9.2,50,957.7,0.0,6.1,2024-12-10 09:00:00
12.5,41,958.2,0.0,4.6,2024-12-10 10:00:00
14.8,34,958.1,0.0,7.2,2024-12-10 11:00:00
15.9,27,957.3,0.0,9.4,2024-12-10 12:00:00
16.3,26,956.5,0.0,10.6,2024-12-10 13:00:00
16.1,28,955.8,0.0,10.8,2024-12-10 14:00:00
15.5,32,955.4,0.0,10.5,2024-12-10 15:00:00
14.0,39,954.9,0.0,9.0,2024-12-10 16:00:00
11.7,46,954.4,0.0,9.6,2024-12-10 17:00:00
11.0,51,955.4,0.0,9.7,2024-12-10 18:00:00
10.0,51,955.5,0.0,9.6,2024-12-10 19:00:00
9.1,52,955.6,0.0,8.5,2024-12-10 20:00:00
8.5,52,956.1,0.0,7.8,2024-12-10 21:00:00
8.0,51,955.9,0.0,7.1,2024-12-10 22:00:00
7.4,52,955.8,0.0,5.5,2024-12-10 23:00:00
7.1,52,955.4,0.0,5.0,2024-12-11 00:00:00
6.7,55,955.0,0.0,3.9,2024-12-11 01:00:00
6.4,56,955.0,0.0,3.2,2024-12-11 02:00:00
6.0,55,954.8,0.0,3.3,2024-12-11 03:00:00
5.7,55,954.6,0.0,3.1,2024-12-11 04:00:00
5.4,54,954.7,0.0,3.4,2024-12-11 05:00:00
7.0,59,955.7,0.0,3.3,2024-12-11 06:00:00
7.0,58,956.1,0.0,3.9,2024-12-11 07:00:00
7.5,58,956.8,0.0,3.0,2024-12-11 08:00:00
9.7,50,957.8,0.0,3.1,2024-12-11 09:00:00
12.0,45,958.6,0.0,0.5,2024-12-11 10:00:00
13.8,42,958.2,0.0,0.9,2024-12-11 11:00:00
15.2,38,957.3,0.0,1.5,2024-12-11 12:00:00
16.0,36,956.4,0.0,2.9,2024-12-11 13:00:00
16.2,34,955.7,0.0,4.0,2024-12-11 14:00:00
15.8,35,955.3,0.0,5.3,2024-12-11 15:00:00
14.5,42,954.8,0.0,5.6,2024-12-11 16:00:00
12.0,49,954.3,0.0,7.6,2024-12-11 17:00:00
11.3,52,954.6,0.0,7.9,2024-12-11 18:00:00
10.2,60,954.5,0.0,6.4,2024-12-11 19:00:00
9.2,66,954.3,0.0,4.8,2024-12-11 20:00:00
8.3,69,954.4,0.0,4.8,2024-12-11 21:00:00
7.8,68,954.2,0.0,5.7,2024-12-11 22:00:00
7.8,64,953.9,0.0,5.5,2024-12-11 23:00:00
7.4,62,953.1,0.0,6.3,2024-12-12 00:00:00
7.0,63,952.8,0.0,5.4,2024-12-12 01:00:00
6.7,63,952.4,0.0,4.8,2024-12-12 02:00:00
6.2,66,952.4,0.0,3.8,2024-12-12 03:00:00
5.8,68,952.1,0.0,3.1,2024-12-12 04:00:00
5.7,66,952.4,0.0,1.6,2024-12-12 05:00:00
5.3,70,952.9,0.0,1.0,2024-12-12 06:00:00
5.2,69,953.6,0.0,0.7,2024-12-12 07:00:00
6.5,65,955.1,0.0,2.7,2024-12-12 08:00:00
8.9,58,956.2,0.0,4.7,2024-12-12 09:00:00
11.6,50,957.2,0.0,0.4,2024-12-12 10:00:00
13.7,43,957.5,0.0,1.5,2024-12-12 11:00:00
15.0,38,957.1,0.0,2.2,2024-12-12 12:00:00
15.9,36,956.4,0.0,2.8,2024-12-12 13:00:00
16.3,34,956.1,0.0,3.6,2024-12-12 14:00:00
16.2,35,955.8,0.0,3.7,2024-12-12 15:00:00
15.0,45,955.9,0.0,3.7,2024-12-12 16:00:00
12.2,55,955.6,0.0,5.0,2024-12-12 17:00:00
11.4,56,956.2,0.0,5.8,2024-12-12 18:00:00
9.8,62,956.4,0.0,6.3,2024-12-12 19:00:00
8.9,62,956.8,0.0,6.0,2024-12-12 20:00:00
8.3,62,957.4,0.0,4.1,2024-12-12 21:00:00
7.6,63,957.6,0.0,3.4,2024-12-12 22:00:00
7.5,61,957.9,0.0,3.6,2024-12-12 23:00:00
7.8,58,957.9,0.0,4.8,2024-12-13 00:00:00
8.0,56,957.8,0.0,6.0,2024-12-13 01:00:00
7.8,56,957.7,0.0,6.4,2024-12-13 02:00:00
7.2,57,957.4,0.0,6.6,2024-12-13 03:00:00
6.6,58,957.4,0.0,7.1,2024-12-13 04:00:00
6.3,57,957.3,0.0,7.1,2024-12-13 05:00:00
6.7,58,957.8,0.0,7.7,2024-12-13 06:00:00
6.4,58,958.2,0.0,9.1,2024-12-13 07:00:00
7.3,55,958.9,0.0,9.3,2024-12-13 08:00:00
10.8,44,960.0,0.0,8.9,2024-12-13 09:00:00
13.7,36,960.7,0.0,9.5,2024-12-13 10:00:00
15.2,30,960.2,0.0,14.5,2024-12-13 11:00:00
16.0,31,959.1,0.0,17.5,2024-12-13 12:00:00
16.5,30,957.9,0.0,17.4,2024-12-13 13:00:00
16.8,29,957.1,0.0,17.1,2024-12-13 14:00:00
16.5,29,956.3,0.0,16.5,2024-12-13 15:00:00
15.1,34,956.0,0.0,15.3,2024-12-13 16:00:00
13.0,41,955.9,0.0,15.9,2024-12-13 17:00:00
12.8,43,956.6,0.0,14.7,2024-12-13 18:00:00
12.3,44,956.6,0.0,13.8,2024-12-13 19:00:00
11.7,44,956.6,0.0,12.3,2024-12-13 20:00:00
11.4,42,956.8,0.0,11.5,2024-12-13 21:00:00
11.0,43,956.8,0.0,10.4,2024-12-13 22:00:00
10.4,45,956.5,0.0,10.8,2024-12-13 23:00:00
9.7,48,956.0,0.0,9.6,2024-12-14 00:00:00
9.3,50,955.5,0.0,9.3,2024-12-14 01:00:00
8.9,51,955.0,0.0,9.0,2024-12-14 02:00:00
8.4,51,954.4,0.0,8.0,2024-12-14 03:00:00
7.5,52,954.0,0.0,7.7,2024-12-14 04:00:00
6.9,50,954.2,0.0,9.1,2024-12-14 05:00:00
7.0,52,955.2,0.0,7.5,2024-12-14 06:00:00
7.2,47,955.6,0.0,6.9,2024-12-14 07:00:00
8.1,43,956.4,0.0,5.7,2024-12-14 08:00:00
11.0,44,957.1,0.0,3.6,2024-12-14 09:00:00
13.7,35,958.0,0.0,3.2,2024-12-14 10:00:00
16.1,31,958.0,0.0,4.1,2024-12-14 11:00:00
17.9,29,957.4,0.0,6.1,2024-12-14 12:00:00
18.6,28,956.8,0.0,9.0,2024-12-14 13:00:00
18.2,30,956.1,0.0,8.9,2024-12-14 14:00:00
17.9,33,955.7,0.0,7.0,2024-12-14 15:00:00
16.2,44,955.3,0.0,4.6,2024-12-14 16:00:00
13.0,53,954.8,0.0,5.0,2024-12-14 17:00:00
12.3,57,955.6,0.0,6.1,2024-12-14 18:00:00
11.5,59,956.0,0.0,4.9,2024-12-14 19:00:00
11.0,53,956.4,0.0,3.9,2024-12-14 20:00:00
10.6,46,956.7,0.0,4.2,2024-12-14 21:00:00
9.8,44,956.7,0.0,3.4,2024-12-14 22:00:00
9.2,43,956.2,0.0,3.2,2024-12-14 23:00:00
8.7,44,955.8,0.0,3.0,2024-12-15 00:00:00
8.4,46,955.5,0.0,2.6,2024-12-15 01:00:00
8.4,48,955.4,0.0,2.2,2024-12-15 02:00:00
8.2,47,955.4,0.0,2.8,2024-12-15 03:00:00
7.9,49,955.2,0.0,3.1,2024-12-15 04:00:00
7.7,50,955.0,0.0,2.8,2024-12-15 05:00:00
7.0,58,955.4,0.0,3.7,2024-12-15 06:00:00
7.6,50,956.0,0.0,1.9,2024-12-15 07:00:00
8.6,47,957.0,0.0,2.4,2024-12-15 08:00:00
11.3,46,958.4,0.0,2.3,2024-12-15 09:00:00
14.3,34,959.6,0.0,1.9,2024-12-15 10:00:00
16.2,32,959.7,0.0,1.9,2024-12-15 11:00:00
17.5,33,958.9,0.0,3.9,2024-12-15 12:00:00
18.2,34,958.1,0.0,4.1,2024-12-15 13:00:00
18.4,35,957.6,0.0,3.2,2024-12-15 14:00:00
18.0,38,957.3,0.0,2.3,2024-12-15 15:00:00
16.8,52,957.0,0.0,1.1,2024-12-15 16:00:00
14.0,52,956.5,0.0,1.8,2024-12-15 17:00:00
12.6,54,956.9,0.0,4.8,2024-12-15 18:00:00
11.8,53,957.2,0.0,3.0,2024-12-15 19:00:00
11.3,49,957.2,0.0,3.3,2024-12-15 20:00:00
11.1,46,957.2,0.0,3.4,2024-12-15 21:00:00
9.5,49,957.0,0.0,4.5,2024-12-15 22:00:00
8.7,49,956.6,0.0,3.6,2024-12-15 23:00:00
8.2,44,956.3,0.0,2.9,2024-12-16 00:00:00
7.6,44,955.8,0.0,3.6,2024-12-16 01:00:00
7.2,46,955.5,0.0,3.2,2024-12-16 02:00:00
7.3,44,955.3,0.0,3.5,2024-12-16 03:00:00
7.6,43,955.1,0.0,4.7,2024-12-16 04:00:00
7.6,45,954.9,0.0,6.2,2024-12-16 05:00:00
6.4,56,955.4,0.0,4.0,2024-12-16 06:00:00
6.1,55,956.1,0.0,3.6,2024-12-16 07:00:00
7.4,50,956.7,0.0,3.1,2024-12-16 08:00:00
10.4,48,957.9,0.0,2.7,2024-12-16 09:00:00
13.4,35,958.6,0.0,1.0,2024-12-16 10:00:00
15.7,31,958.5,0.0,1.3,2024-12-16 11:00:00
17.4,30,957.7,0.0,2.7,2024-12-16 12:00:00
18.3,30,956.7,0.0,3.8,2024-12-16 13:00:00
18.5,31,955.9,0.0,4.3,2024-12-16 14:00:00
17.9,34,955.4,0.0,4.6,2024-12-16 15:00:00
15.9,49,954.8,0.0,3.4,2024-12-16 16:00:00
12.8,59,954.1,0.0,3.6,2024-12-16 17:00:00
12.2,63,954.4,0.0,5.6,2024-12-16 18:00:00
11.1,69,954.6,0.0,5.4,2024-12-16 19:00:00
10.7,63,954.5,0.0,5.7,2024-12-16 20:00:00
10.3,59,954.6,0.0,5.0,2024-12-16 21:00:00
9.7,59,954.5,0.0,5.3,2024-12-16 22:00:00
9.0,57,954.2,0.0,5.0,2024-12-16 23:00:00
8.1,57,953.8,0.0,3.4,2024-12-17 00:00:00
7.8,54,953.4,0.0,2.1,2024-12-17 01:00:00
7.2,53,953.3,0.0,2.9,2024-12-17 02:00:00
6.7,54,952.8,0.0,3.6,2024-12-17 03:00:00
6.5,54,952.4,0.0,3.0,2024-12-17 04:00:00
6.4,54,952.3,0.0,2.5,2024-12-17 05:00:00
6.6,61,953.3,0.0,2.7,2024-12-17 06:00:00
6.1,62,954.0,0.0,2.6,2024-12-17 07:00:00
7.0,59,954.9,0.0,2.7,2024-12-17 08:00:00
9.5,56,956.1,0.0,3.3,2024-12-17 09:00:00
12.6,44,957.0,0.0,0.3,2024-12-17 10:00:00
15.0,37,957.3,0.0,1.0,2024-12-17 11:00:00
16.8,35,956.8,0.0,1.9,2024-12-17 12:00:00
17.9,32,956.3,0.0,2.4,2024-12-17 13:00:00
18.3,31,956.0,0.0,1.9,2024-12-17 14:00:00
18.1,34,955.8,0.0,1.7,2024-12-17 15:00:00
16.4,53,955.5,0.0,2.4,2024-12-17 16:00:00
13.1,62,954.9,0.0,3.2,2024-12-17 17:00:00
12.5,65,955.3,0.0,5.7,2024-12-17 18:00:00
10.9,72,955.5,0.0,4.6,2024-12-17 19:00:00
9.9,69,955.6,0.0,3.3,2024-12-17 20:00:00
9.9,62,955.9,0.0,3.3,2024-12-17 21:00:00
9.6,59,955.8,0.0,2.1,2024-12-17 22:00:00
9.3,57,955.8,0.0,2.7,2024-12-17 23:00:00
8.8,57,955.6,0.0,3.4,2024-12-18 00:00:00
8.6,56,955.1,0.0,4.3,2024-12-18 01:00:00
7.9,60,954.8,0.0,4.5,2024-12-18 02:00:00
7.8,60,954.6,0.0,3.6,2024-12-18 03:00:00
8.1,55,954.2,0.0,3.7,2024-12-18 04:00:00
8.1,51,954.0,0.0,3.6,2024-12-18 05:00:00
8.0,48,954.4,0.0,1.9,2024-12-18 06:00:00
8.0,45,954.7,0.0,1.6,2024-12-18 07:00:00
8.7,45,955.3,0.0,0.3,2024-12-18 08:00:00
10.6,42,956.3,0.0,1.1,2024-12-18 09:00:00
12.1,36,956.6,0.0,0.8,2024-12-18 10:00:00
14.0,35,956.2,0.0,1.2,2024-12-18 11:00:00
15.6,34,955.2,0.0,0.6,2024-12-18 12:00:00
16.4,34,954.6,0.0,1.5,2024-12-18 13:00:00
17.0,34,954.3,0.0,2.2,2024-12-18 14:00:00
16.7,40,953.8,0.0,1.6,2024-12-18 15:00:00
15.5,53,953.3,0.0,1.1,2024-12-18 16:00:00
13.3,55,952.9,0.0,0.8,2024-12-18 17:00:00
12.0,66,953.2,0.0,2.8,2024-12-18 18:00:00
11.7,64,953.3,0.0,2.2,2024-12-18 19:00:00
11.2,61,953.2,0.0,2.5,2024-12-18 20:00:00
10.2,60,953.3,0.0,3.1,2024-12-18 21:00:00
9.6,60,952.9,0.0,3.9,2024-12-18 22:00:00
9.2,58,952.6,0.0,4.8,2024-12-18 23:00:00
8.8,55,952.1,0.0,6.4,2024-12-19 00:00:00
8.3,53,951.6,0.0,6.4,2024-12-19 01:00:00
7.8,53,951.1,0.0,5.5,2024-12-19 02:00:00
7.3,54,950.9,0.0,4.9,2024-12-19 03:00:00
6.9,54,950.8,0.0,4.7,2024-12-19 04:00:00
6.4,55,950.8,0.0,4.1,2024-12-19 05:00:00
5.5,60,951.4,0.0,2.2,2024-12-19 06:00:00
6.1,53,952.6,0.0,1.4,2024-12-19 07:00:00
6.5,58,953.7,0.0,3.3,2024-12-19 08:00:00
8.7,50,954.9,0.0,6.2,2024-12-19 09:00:00
11.6,47,955.9,0.0,6.2,2024-12-19 10:00:00
14.5,34,956.3,0.0,6.3,2024-12-19 11:00:00
15.9,35,955.8,0.0,6.8,2024-12-19 12:00:00
16.7,36,955.5,0.0,6.9,2024-12-19 13:00:00
17.3,35,955.1,0.0,7.6,2024-12-19 14:00:00
17.3,34,954.8,0.0,8.6,2024-12-19 15:00:00
15.7,47,954.4,0.0,4.6,2024-12-19 16:00:00
13.6,50,954.0,0.0,2.9,2024-12-19 17:00:00
13.0,52,954.6,0.0,3.3,2024-12-19 18:00:00
12.0,55,954.8,0.0,1.8,2024-12-19 19:00:00
11.2,58,955.0,0.0,0.9,2024-12-19 20:00:00
10.5,59,955.3,0.0,1.5,2024-12-19 21:00:00
9.8,61,955.3,0.0,1.7,2024-12-19 22:00:00
9.0,63,955.2,0.0,3.2,2024-12-19 23:00:00
8.2,67,954.9,0.0,3.7,2024-12-20 00:00:00
7.7,68,954.7,0.0,3.9,2024-12-20 01:00:00
7.1,70,954.4,0.0,4.8,2024-12-20 02:00:00
6.7,72,954.2,0.0,5.2,2024-12-20 03:00:00
6.5,72,954.1,0.0,4.6,2024-12-20 04:00:00
6.4,72,954.1,0.0,4.6,2024-12-20 05:00:00
6.2,70,954.9,0.0,1.1,2024-12-20 06:00:00
6.3,67,955.9,0.0,1.1,2024-12-20 07:00:00
7.3,65,956.7,0.0,0.9,2024-12-20 08:00:00
10.0,55,957.8,0.0,1.8,2024-12-20 09:00:00
12.6,50,958.5,0.0,0.5,2024-12-20 10:00:00
14.7,45,958.5,0.0,3.1,2024-12-20 11:00:00
15.9,42,957.6,0.0,3.6,2024-12-20 12:00:00
16.8,39,956.8,0.0,4.6,2024-12-20 13:00:00
17.2,37,956.0,0.0,5.7,2024-12-20 14:00:00
16.8,39,955.3,0.0,6.0,2024-12-20 15:00:00
15.3,49,954.8,0.0,4.5,2024-12-20 16:00:00
12.6,60,954.2,0.0,5.2,2024-12-20 17:00:00
11.6,61,954.4,0.0,7.5,2024-12-20 18:00:00
10.3,70,954.3,0.0,5.8,2024-12-20 19:00:00
9.1,75,954.1,0.0,5.2,2024-12-20 20:00:00
8.5,72,954.4,0.0,4.8,2024-12-20 21:00:00
8.2,68,954.4,0.0,5.1,2024-12-20 22:00:00
7.7,66,954.2,0.0,5.1,2024-12-20 23:00:00
7.2,65,953.7,0.0,5.1,2024-12-21 00:00:00
6.9,65,953.2,0.0,5.1,2024-12-21 01:00:00
6.5,65,952.9,0.0,4.5,2024-12-21 02:00:00
6.2,65,952.8,0.0,4.2,2024-12-21 03:00:00
6.0,64,952.6,0.0,4.2,2024-12-21 04:00:00
5.6,64,952.4,0.0,3.9,2024-12-21 05:00:00
5.6,60,952.9,0.0,2.5,2024-12-21 06:00:00
5.3,58,953.7,0.0,2.7,2024-12-21 07:00:00
6.3,57,954.5,0.0,2.3,2024-12-21 08:00:00
9.5,47,955.8,0.0,1.7,2024-12-21 09:00:00
11.8,41,956.4,0.0,1.7,2024-12-21 10:00:00
14.0,39,956.5,0.0,2.5,2024-12-21 11:00:00
15.6,38,955.7,0.0,3.3,2024-12-21 12:00:00
16.6,36,955.0,0.0,3.7,2024-12-21 13:00:00
17.1,35,954.5,0.0,3.6,2024-12-21 14:00:00
16.9,36,954.3,0.0,3.4,2024-12-21 15:00:00
15.3,52,954.0,0.0,2.7,2024-12-21 16:00:00
12.9,61,953.7,0.0,2.5,2024-12-21 17:00:00
12.0,65,954.2,0.0,1.5,2024-12-21 18:00:00
11.6,65,954.8,0.0,2.9,2024-12-21 19:00:00
11.1,63,955.1,0.0,4.2,2024-12-21 20:00:00
10.3,63,955.3,0.0,4.3,2024-12-21 21:00:00
9.8,62,955.0,0.0,4.0,2024-12-21 22:00:00
9.6,58,954.9,0.0,4.2,2024-12-21 23:00:00
9.7,55,954.4,0.0,3.5,2024-12-22 00:00:00
10.0,51,954.1,0.0,2.0,2024-12-22 01:00:00
9.5,53,953.7,0.0,1.9,2024-12-22 02:00:00
8.9,56,953.4,0.0,2.8,2024-12-22 03:00:00
8.6,60,952.7,0.0,3.1,2024-12-22 04:00:00
8.2,64,952.3,0.0,3.0,2024-12-22 05:00:00
7.2,69,952.4,0.0,2.8,2024-12-22 06:00:00
7.5,63,952.9,0.0,1.9,2024-12-22 07:00:00
8.6,58,953.5,0.0,2.1,2024-12-22 08:00:00
10.4,58,954.6,0.0,0.5,2024-12-22 09:00:00
12.4,43,955.5,0.0,1.5,2024-12-22 10:00:00
14.1,43,955.8,0.0,2.3,2024-12-22 11:00:00
15.2,41,955.0,0.0,2.6,2024-12-22 12:00:00
16.2,39,954.5,0.0,3.1,2024-12-22 13:00:00
16.5,37,953.9,0.0,3.9,2024-12-22 14:00:00
16.3,37,953.5,0.0,4.1,2024-12-22 15:00:00
15.1,55,953.0,0.0,2.2,2024-12-22 16:00:00
13.3,56,952.5,0.0,3.1,2024-12-22 17:00:00
13.1,53,953.0,0.0,6.1,2024-12-22 18:00:00
11.9,57,953.2,0.0,6.2,2024-12-22 19:00:00
11.2,61,953.4,0.0,4.9,2024-12-22 20:00:00
10.7,64,953.8,0.0,4.0,2024-12-22 21:00:00
10.1,66,953.9,0.0,3.6,2024-12-22 22:00:00
9.7,66,953.7,0.0,4.2,2024-12-22 23:00:00
9.1,67,953.4,0.0,4.1,2024-12-23 00:00:00
8.7,70,952.7,0.0,3.6,2024-12-23 01:00:00
8.2,72,952.4,0.0,3.1,2024-12-23 02:00:00
7.8,74,951.9,0.0,1.5,2024-12-23 03:00:00
8.1,71,952.1,0.0,1.9,2024-12-23 04:00:00
7.8,73,952.2,0.0,2.0,2024-12-23 05:00:00
7.8,70,953.4,0.0,4.4,2024-12-23 06:00:00
7.7,71,953.9,0.0,5.1,2024-12-23 07:00:00
8.1,70,954.5,0.0,6.0,2024-12-23 08:00:00
9.8,65,955.8,0.0,6.6,2024-12-23 09:00:00
12.0,57,957.2,0.0,4.8,2024-12-23 10:00:00
13.8,53,957.5,0.0,7.4,2024-12-23 11:00:00
15.0,47,957.1,0.0,9.4,2024-12-23 12:00:00
15.8,43,956.5,0.0,8.3,2024-12-23 13:00:00
16.2,43,956.4,0.0,8.6,2024-12-23 14:00:00
16.1,42,956.3,0.0,10.5,2024-12-23 15:00:00
15.2,47,956.3,0.0,6.9,2024-12-23 16:00:00
13.0,64,955.8,0.0,1.8,2024-12-23 17:00:00
11.5,70,956.9,0.0,5.0,2024-12-23 18:00:00
10.5,75,957.0,0.0,3.4,2024-12-23 19:00:00
10.1,74,957.4,0.0,3.0,2024-12-23 20:00:00
9.2,78,957.6,0.0,2.5,2024-12-23 21:00:00
8.7,78,957.8,0.0,3.3,2024-12-23 22:00:00
8.2,80,957.5,0.0,4.0,2024-12-23 23:00:00
7.9,80,957.0,0.0,6.4,2024-12-24 00:00:00
8.1,78,956.5,0.0,8.8,2024-12-24 01:00:00
7.9,78,956.2,0.0,8.1,2024-12-24 02:00:00
7.6,77,955.9,0.0,7.9,2024-12-24 03:00:00
7.4,77,955.5,0.0,7.3,2024-12-24 04:00:00
6.8,79,955.1,0.0,6.4,2024-12-24 05:00:00
6.4,84,955.6,0.0,6.2,2024-12-24 06:00:00
5.8,86,955.9,0.0,4.3,2024-12-24 07:00:00
6.3,82,956.3,0.0,5.6,2024-12-24 08:00:00
9.3,69,957.6,0.0,4.4,2024-12-24 09:00:00
12.0,59,958.8,0.0,1.5,2024-12-24 10:00:00
14.2,52,958.7,0.0,2.7,2024-12-24 11:00:00
15.8,45,958.0,0.0,4.8,2024-12-24 12:00:00
16.8,38,957.3,0.0,7.7,2024-12-24 13:00:00
17.0,36,956.9,0.0,9.2,2024-12-24 14:00:00
16.7,39,956.8,0.0,9.6,2024-12-24 15:00:00
15.5,44,956.5,0.0,9.7,2024-12-24 16:00:00
13.4,53,956.3,0.0,9.3,2024-12-24 17:00:00
12.1,61,956.7,0.0,9.8,2024-12-24 18:00:00
10.7,67,956.6,0.0,7.6,2024-12-24 19:00:00
9.5,72,956.8,0.0,6.5,2024-12-24 20:00:00
8.9,72,957.1,0.0,5.6,2024-12-24 21:00:00
8.9,67,957.5,0.0,5.0,2024-12-24 22:00:00
8.8,62,957.6,0.0,4.1,2024-12-24 23:00:00
8.5,61,957.6,0.0,4.5,2024-12-25 00:00:00
8.1,61,957.2,0.0,4.8,2024-12-25 01:00:00
7.8,61,957.0,0.0,4.4,2024-12-25 02:00:00
7.6,61,956.9,0.0,3.7,2024-12-25 03:00:00
7.2,62,956.7,0.0,3.3,2024-12-25 04:00:00
6.9,62,956.6,0.0,2.9,2024-12-25 05:00:00
7.0,62,957.4,0.0,1.1,2024-12-25 06:00:00
6.8,60,958.0,0.0,1.1,2024-12-25 07:00:00
7.4,59,958.4,0.0,2.3,2024-12-25 08:00:00
9.9,53,959.5,0.0,3.3,2024-12-25 09:00:00
12.4,45,960.5,0.0,1.9,2024-12-25 10:00:00
14.8,41,960.6,0.0,3.4,2024-12-25 11:00:00
16.5,38,959.8,0.0,5.8,2024-12-25 12:00:00
17.6,34,959.0,0.0,8.1,2024-12-25 13:00:00
18.0,31,958.5,0.0,9.5,2024-12-25 14:00:00
17.6,33,958.2,0.0,10.6,2024-12-25 15:00:00
16.0,41,957.9,0.0,10.8,2024-12-25 16:00:00
13.3,52,957.7,0.0,11.7,2024-12-25 17:00:00
12.1,61,957.9,0.0,11.8,2024-12-25 18:00:00
10.7,64,958.0,0.0,10.4,2024-12-25 19:00:00
9.6,65,957.9,0.0,9.2,2024-12-25 20:00:00
9.2,63,958.4,0.0,7.1,2024-12-25 21:00:00
8.9,62,958.5,0.0,6.0,2024-12-25 22:00:00
8.7,59,958.4,0.0,5.9,2024-12-25 23:00:00
8.5,59,958.1,0.0,5.4,2024-12-26 00:00:00
8.3,59,957.8,0.0,5.1,2024-12-26 01:00:00
8.1,58,957.7,0.0,4.3,2024-12-26 02:00:00
7.8,57,957.7,0.0,3.5,2024-12-26 03:00:00
7.6,55,957.6,0.0,3.1,2024-12-26 04:00:00
7.8,50,957.6,0.0,2.3,2024-12-26 05:00:00
7.5,52,958.0,0.0,1.8,2024-12-26 06:00:00
7.7,47,959.0,0.0,1.4,2024-12-26 07:00:00
8.0,44,959.4,0.0,3.5,2024-12-26 08:00:00
10.8,37,960.7,0.0,3.7,2024-12-26 09:00:00
13.5,31,961.7,0.0,1.3,2024-12-26 10:00:00
16.0,27,962.2,0.0,0.7,2024-12-26 11:00:00
17.9,26,961.3,0.0,1.8,2024-12-26 12:00:00
19.0,25,960.5,0.0,2.7,2024-12-26 13:00:00
19.4,26,959.9,0.0,3.7,2024-12-26 14:00:00
19.0,29,959.7,0.0,3.9,2024-12-26 15:00:00
17.5,40,959.2,0.0,2.4,2024-12-26 16:00:00
14.2,54,958.3,0.0,2.7,2024-12-26 17:00:00
13.9,59,958.4,0.0,3.2,2024-12-26 18:00:00
13.0,63,958.6,0.0,2.9,2024-12-26 19:00:00
12.4,59,958.6,0.0,3.6,2024-12-26 20:00:00
11.9,55,958.8,0.0,2.6,2024-12-26 21:00:00
11.2,52,958.6,0.0,3.2,2024-12-26 22:00:00
10.3,52,958.4,0.0,2.7,2024-12-26 23:00:00
9.5,52,958.0,0.0,2.2,2024-12-27 00:00:00
8.8,52,957.6,0.0,2.3,2024-12-27 01:00:00
8.4,51,957.2,0.0,2.2,2024-12-27 02:00:00
8.3,50,957.3,0.0,2.8,2024-12-27 03:00:00
8.0,51,956.8,0.0,2.7,2024-12-27 04:00:00
7.5,54,956.4,0.0,2.1,2024-12-27 05:00:00
9.7,49,957.5,0.0,1.3,2024-12-27 06:00:00
9.0,53,957.7,0.0,2.8,2024-12-27 07:00:00
9.7,49,958.2,0.0,3.1,2024-12-27 08:00:00
11.1,47,959.3,0.0,4.0,2024-12-27 09:00:00
13.8,41,960.0,0.0,4.2,2024-12-27 10:00:00
15.8,35,960.0,0.0,4.3,2024-12-27 11:00:00
17.0,33,959.0,0.0,3.1,2024-12-27 12:00:00
17.7,33,958.1,0.0,3.2,2024-12-27 13:00:00
18.0,34,957.7,0.0,2.2,2024-12-27 14:00:00
17.9,35,957.3,0.0,1.5,2024-12-27 15:00:00
16.6,40,957.0,0.0,6.7,2024-12-27 16:00:00
14.3,48,956.9,0.0,7.1,2024-12-27 17:00:00
12.4,70,958.0,0.0,3.8,2024-12-27 18:00:00
11.8,72,958.2,0.0,0.5,2024-12-27 19:00:00
11.6,72,958.2,0.0,0.4,2024-12-27 20:00:00
10.6,76,958.4,0.0,1.3,2024-12-27 21:00:00
10.1,77,958.4,0.0,3.0,2024-12-27 22:00:00
9.8,78,958.2,0.0,2.6,2024-12-27 23:00:00
9.5,79,957.8,0.0,1.9,2024-12-28 00:00:00
9.1,80,957.3,0.0,1.6,2024-12-28 01:00:00
8.8,80,956.8,0.0,2.2,2024-12-28 02:00:00
8.5,80,956.4,0.0,2.3,2024-12-28 03:00:00
8.3,79,955.9,0.0,3.9,2024-12-28 04:00:00
7.8,79,955.5,0.0,8.2,2024-12-28 05:00:00
8.2,84,955.6,0.0,7.4,2024-12-28 06:00:00
7.2,87,955.8,0.0,2.8,2024-12-28 07:00:00
7.7,82,956.9,0.0,2.9,2024-12-28 08:00:00
9.9,73,958.1,0.0,2.2,2024-12-28 09:00:00
12.2,63,959.4,0.0,2.6,2024-12-28 10:00:00
13.6,59,959.8,0.0,3.9,2024-12-28 11:00:00
15.1,54,958.9,0.0,3.5,2024-12-28 12:00:00
15.9,49,958.1,0.0,3.5,2024-12-28 13:00:00
16.5,46,957.6,0.0,2.4,2024-12-28 14:00:00
16.4,45,957.5,0.0,2.2,2024-12-28 15:00:00
15.8,48,957.5,0.0,4.1,2024-12-28 16:00:00
13.6,62,957.5,0.0,3.2,2024-12-28 17:00:00
13.2,66,958.9,0.0,3.9,2024-12-28 18:00:00
12.3,69,959.3,0.0,3.6,2024-12-28 19:00:00
11.6,70,960.1,0.0,2.1,2024-12-28 20:00:00
10.4,75,960.4,0.0,2.8,2024-12-28 21:00:00
10.0,74,960.6,0.0,3.1,2024-12-28 22:00:00
9.4,77,960.6,0.0,3.1,2024-12-28 23:00:00
8.7,81,960.1,0.0,2.8,2024-12-29 00:00:00
8.5,83,959.7,0.0,5.9,2024-12-29 01:00:00
8.4,84,959.4,0.0,7.1,2024-12-29 02:00:00
8.1,85,959.4,0.0,8.7,2024-12-29 03:00:00
7.8,84,959.0,0.0,8.7,2024-12-29 04:00:00
7.8,82,958.8,0.0,8.3,2024-12-29 05:00:00
7.5,82,959.4,0.0,7.7,2024-12-29 06:00:00
6.5,86,959.7,0.0,6.6,2024-12-29 07:00:00
6.9,83,960.3,0.0,8.3,2024-12-29 08:00:00
9.6,71,961.8,0.0,7.6,2024-12-29 09:00:00
12.7,59,962.8,0.0,5.4,2024-12-29 10:00:00
15.3,49,962.7,0.0,7.0,2024-12-29 11:00:00
16.8,42,961.6,0.0,7.3,2024-12-29 12:00:00
17.5,39,960.6,0.0,8.5,2024-12-29 13:00:00
17.3,41,959.9,0.0,11.2,2024-12-29 14:00:00
16.5,44,959.4,0.0,11.7,2024-12-29 15:00:00
15.3,48,959.1,0.0,11.6,2024-12-29 16:00:00
13.2,56,958.6,0.0,10.8,2024-12-29 17:00:00
11.9,64,959.2,0.0,10.9,2024-12-29 18:00:00
10.8,69,959.2,0.0,9.5,2024-12-29 19:00:00
9.8,73,959.3,0.0,9.4,2024-12-29 20:00:00
9.2,76,959.3,0.0,8.7,2024-12-29 21:00:00
8.7,77,959.0,0.0,7.5,2024-12-29 22:00:00
8.2,77,958.6,0.0,6.6,2024-12-29 23:00:00
8.1,75,958.1,0.0,6.4,2024-12-30 00:00:00
7.9,71,957.6,0.0,5.5,2024-12-30 01:00:00
7.7,71,957.0,0.0,5.1,2024-12-30 02:00:00
7.4,71,956.6,0.0,5.6,2024-12-30 03:00:00
7.0,72,956.0,0.0,5.2,2024-12-30 04:00:00
6.6,73,955.9,0.0,5.0,2024-12-30 05:00:00
7.0,78,956.7,0.0,4.3,2024-12-30 06:00:00
6.9,76,957.1,0.0,2.3,2024-12-30 07:00:00
7.5,74,957.6,0.0,1.7,2024-12-30 08:00:00
10.0,67,958.5,0.0,4.2,2024-12-30 09:00:00
12.8,57,959.2,0.0,2.2,2024-12-30 10:00:00
14.9,51,959.2,0.0,3.1,2024-12-30 11:00:00
16.5,46,958.4,0.0,5.4,2024-12-30 12:00:00
17.4,42,957.7,0.0,6.8,2024-12-30 13:00:00
17.6,39,957.2,0.0,7.1,2024-12-30 14:00:00
17.3,39,956.9,0.0,6.3,2024-12-30 15:00:00
16.3,44,956.7,0.0,4.5,2024-12-30 16:00:00
13.4,61,955.8,0.0,3.1,2024-12-30 17:00:00
13.2,57,956.6,0.0,2.1,2024-12-30 18:00:00
11.8,64,957.2,0.0,3.0,2024-12-30 19:00:00
11.3,66,958.1,0.0,3.6,2024-12-30 20:00:00
10.3,69,958.6,0.0,5.0,2024-12-30 21:00:00
9.8,65,958.9,0.0,7.2,2024-12-30 22:00:00
9.3,65,958.9,0.0,6.3,2024-12-30 23:00:00
8.6,69,958.1,0.0,4.1,2024-12-31 00:00:00
8.3,71,957.3,0.0,1.9,2024-12-31 01:00:00
8.0,70,956.9,0.0,1.0,2024-12-31 02:00:00
7.1,73,957.0,0.0,2.9,2024-12-31 03:00:00
6.4,75,956.7,0.0,3.2,2024-12-31 04:00:00
6.7,73,957.3,0.0,5.3,2024-12-31 05:00:00
6.8,79,958.1,0.0,2.9,2024-12-31 06:00:00
6.5,77,958.5,0.0,1.3,2024-12-31 07:00:00
7.2,77,958.8,0.0,1.8,2024-12-31 08:00:00
9.7,66,959.5,0.0,2.2,2024-12-31 09:00:00
12.8,55,960.5,0.0,0.6,2024-12-31 10:00:00
15.0,50,960.7,0.0,3.0,2024-12-31 11:00:00
16.5,46,960.0,0.0,3.9,2024-12-31 12:00:00
17.3,43,958.8,0.0,4.6,2024-12-31 13:00:00
17.6,41,958.1,0.0,4.9,2024-12-31 14:00:00
17.3,42,957.8,0.0,6.6,2024-12-31 15:00:00
16.3,47,957.7,0.0,5.1,2024-12-31 16:00:00
14.5,57,957.3,0.0,4.5,2024-12-31 17:00:00
12.6,67,958.1,0.0,2.6,2024-12-31 18:00:00
12.4,68,958.5,0.0,4.1,2024-12-31 19:00:00
11.7,68,958.5,0.0,5.0,2024-12-31 20:00:00
11.2,67,958.5,0.0,6.0,2024-12-31 21:00:00
10.5,69,958.7,0.0,4.1,2024-12-31 22:00:00
9.6,72,958.8,0.0,3.1,2024-12-31 23:00:00
9.9,70,958.8,0.0,1.7,2025-01-01 00:00:00
9.6,69,958.2,0.0,3.1,2025-01-01 01:00:00
8.3,72,957.5,0.0,3.1,2025-01-01 02:00:00
8.3,71,956.9,0.0,4.7,2025-01-01 03:00:00
8.0,71,956.2,0.0,6.7,2025-01-01 04:00:00
7.3,74,955.5,0.0,6.2,2025-01-01 05:00:00
7.5,74,956.3,0.0,6.3,2025-01-01 06:00:00
6.9,74,956.4,0.0,4.7,2025-01-01 07:00:00
7.4,71,957.0,0.0,5.1,2025-01-01 08:00:00
10.0,63,957.8,0.0,4.9,2025-01-01 09:00:00
13.2,51,959.0,0.0,1.9,2025-01-01 10:00:00
15.3,45,959.0,0.0,3.1,2025-01-01 11:00:00
16.9,40,958.4,0.0,7.0,2025-01-01 12:00:00
17.9,35,957.4,0.0,9.7,2025-01-01 13:00:00
17.1,38,956.6,0.0,9.7,2025-01-01 14:00:00
16.3,42,956.1,0.0,11.1,2025-01-01 15:00:00
14.7,55,955.5,0.1,13.6,2025-01-01 16:00:00
13.5,64,955.2,0.0,5.0,2025-01-01 17:00:00
12.6,60,955.9,0.0,6.7,2025-01-01 18:00:00
11.9,60,956.5,0.0,7.9,2025-01-01 19:00:00
11.4,57,956.7,0.0,7.5,2025-01-01 20:00:00
11.0,63,957.2,0.6,6.0,2025-01-01 21:00:00
10.6,63,957.2,0.0,4.2,2025-01-01 22:00:00
10.4,61,957.3,0.0,4.5,2025-01-01 23:00:00
10.6,55,957.1,0.0,4.6,2025-01-02 00:00:00
9.5,63,956.3,0.0,4.8,2025-01-02 01:00:00
8.0,76,955.8,0.0,6.5,2025-01-02 02:00:00
7.4,85,955.0,0.0,4.0,2025-01-02 03:00:00
7.2,85,954.5,0.0,0.8,2025-01-02 04:00:00
7.2,83,954.6,0.0,5.7,2025-01-02 05:00:00
6.7,93,954.7,0.0,1.9,2025-01-02 06:00:00
7.4,86,955.5,0.0,2.5,2025-01-02 07:00:00
9.1,74,956.3,0.0,5.5,2025-01-02 08:00:00
11.4,65,957.1,0.0,5.6,2025-01-02 09:00:00
13.9,55,958.0,0.0,3.7,2025-01-02 10:00:00
16.5,47,958.2,0.0,2.7,2025-01-02 11:00:00
16.7,50,957.7,0.2,4.4,2025-01-02 12:00:00
17.3,50,957.2,0.1,6.0,2025-01-02 13:00:00
18.6,46,956.7,0.0,4.9,2025-01-02 14:00:00
18.4,45,956.1,0.0,5.4,2025-01-02 15:00:00
17.4,55,955.8,0.0,3.4,2025-01-02 16:00:00
14.9,65,955.4,0.0,3.8,2025-01-02 17:00:00
13.0,68,955.9,0.0,5.2,2025-01-02 18:00:00
12.3,73,956.5,0.0,4.5,2025-01-02 19:00:00
12.0,74,956.6,0.0,6.2,2025-01-02 20:00:00
11.4,76,957.2,0.0,5.8,2025-01-02 21:00:00
10.6,77,957.3,0.0,5.5,2025-01-02 22:00:00
9.7,79,956.9,0.0,4.1,2025-01-02 23:00:00
10.0,76,956.8,0.0,2.9,2025-01-03 00:00:00
10.0,76,956.4,0.0,5.6,2025-01-03 01:00:00
9.9,77,955.9,0.0,5.3,2025-01-03 02:00:00
9.7,77,955.6,0.0,4.1,2025-01-03 03:00:00
9.3,77,955.1,0.0,4.1,2025-01-03 04:00:00
9.2,75,955.1,0.0,6.0,2025-01-03 05:00:00
8.2,82,955.7,0.0,3.4,2025-01-03 06:00:00
8.3,78,956.5,0.0,3.1,2025-01-03 07:00:00
9.6,70,957.4,0.0,4.0,2025-01-03 08:00:00
11.8,60,958.3,0.0,5.7,2025-01-03 09:00:00
14.3,53,959.1,0.0,2.5,2025-01-03 10:00:00
16.5,47,959.4,0.0,2.8,2025-01-03 11:00:00
18.2,43,958.8,0.0,3.4,2025-01-03 12:00:00
19.2,41,957.9,0.0,4.1,2025-01-03 13:00:00
19.6,38,957.2,0.0,3.8,2025-01-03 14:00:00
19.6,37,956.9,0.0,3.8,2025-01-03 15:00:00
18.5,55,956.2,0.0,2.3,2025-01-03 16:00:00
16.5,55,955.9,0.0,1.0,2025-01-03 17:00:00
15.4,60,955.7,0.0,4.8,2025-01-03 18:00:00
13.7,67,955.6,0.0,5.6,2025-01-03 19:00:00
12.9,66,955.5,0.0,4.5,2025-01-03 20:00:00
12.5,63,955.8,0.0,4.3,2025-01-03 21:00:00
12.3,58,955.8,0.0,5.4,2025-01-03 22:00:00
11.6,58,955.4,0.0,5.9,2025-01-03 23:00:00
11.1,58,954.8,0.0,6.6,2025-01-04 00:00:00
10.6,59,954.2,0.0,6.6,2025-01-04 01:00:00
10.6,58,953.5,0.0,6.3,2025-01-04 02:00:00
10.1,62,953.0,0.0,4.8,2025-01-04 03:00:00
9.6,63,952.4,0.0,5.2,2025-01-04 04:00:00
8.8,64,952.3,0.0,6.2,2025-01-04 05:00:00
9.4,66,952.6,0.0,4.6,2025-01-04 06:00:00
8.9,65,953.3,0.0,4.6,2025-01-04 07:00:00
9.2,63,953.8,0.0,6.2,2025-01-04 08:00:00
11.4,58,954.9,0.0,6.6,2025-01-04 09:00:00
14.5,49,955.7,0.0,5.4,2025-01-04 10:00:00
16.9,44,955.8,0.0,5.8,2025-01-04 11:00:00
18.6,43,955.1,0.0,8.5,2025-01-04 12:00:00
19.6,38,954.0,0.0,9.9,2025-01-04 13:00:00
20.0,36,953.3,0.0,10.6,2025-01-04 14:00:00
20.2,35,952.8,0.0,10.5,2025-01-04 15:00:00
19.2,40,952.4,0.0,6.3,2025-01-04 16:00:00
15.6,50,952.4,0.0,7.0,2025-01-04 17:00:00
13.6,63,953.2,0.0,14.3,2025-01-04 18:00:00
13.2,66,953.3,0.0,12.5,2025-01-04 19:00:00
12.5,68,953.7,0.0,13.3,2025-01-04 20:00:00
11.6,70,953.9,0.0,12.2,2025-01-04 21:00:00
10.5,73,953.7,0.0,11.2,2025-01-04 22:00:00
9.7,75,953.6,0.0,12.4,2025-01-04 23:00:00
9.6,73,953.6,0.0,12.5,2025-01-05 00:00:00
9.3,68,953.2,0.0,11.3,2025-01-05 01:00:00
8.7,68,953.0,0.0,9.0,2025-01-05 02:00:00
8.7,67,952.9,0.0,5.4,2025-01-05 03:00:00
9.1,69,952.8,0.0,2.4,2025-01-05 04:00:00
8.9,73,952.9,0.0,2.3,2025-01-05 05:00:00
9.7,81,953.2,0.0,2.9,2025-01-05 06:00:00
9.0,83,954.1,0.0,2.5,2025-01-05 07:00:00
9.9,75,954.8,0.0,1.9,2025-01-05 08:00:00
11.5,64,956.0,0.0,1.8,2025-01-05 09:00:00
13.2,55,956.6,0.0,1.6,2025-01-05 10:00:00
15.2,45,956.3,0.0,3.1,2025-01-05 11:00:00
16.4,43,955.7,0.0,3.3,2025-01-05 12:00:00
17.0,44,954.8,0.0,0.5,2025-01-05 13:00:00
17.4,45,954.5,0.0,1.5,2025-01-05 14:00:00
17.4,47,954.2,0.0,1.8,2025-01-05 15:00:00
16.9,48,954.1,0.0,1.3,2025-01-05 16:00:00
15.1,55,954.0,0.0,7.4,2025-01-05 17:00:00
13.6,66,954.2,0.3,5.9,2025-01-05 18:00:00
12.9,76,954.8,0.1,2.4,2025-01-05 19:00:00
12.3,69,955.0,0.1,1.7,2025-01-05 20:00:00
11.7,69,955.5,0.0,1.9,2025-01-05 21:00:00
10.8,74,955.8,0.0,2.2,2025-01-05 22:00:00
10.0,78,955.8,0.0,1.4,2025-01-05 23:00:00
9.7,85,956.0,0.3,3.6,2025-01-06 00:00:00
9.2,92,955.9,0.3,4.0,2025-01-06 01:00:00
8.7,86,955.7,0.3,1.4,2025-01-06 02:00:00
8.2,95,956.1,2.6,6.3,2025-01-06 03:00:00
8.1,100,955.9,0.4,9.0,2025-01-06 04:00:00
7.8,100,955.6,0.0,4.6,2025-01-06 05:00:00
8.7,85,955.8,0.0,6.1,2025-01-06 06:00:00
8.8,87,956.3,0.0,3.0,2025-01-06 07:00:00
8.8,89,957.5,0.0,4.2,2025-01-06 08:00:00
10.8,80,958.8,0.0,5.5,2025-01-06 09:00:00
12.4,71,959.4,0.0,1.8,2025-01-06 10:00:00
13.8,64,959.5,0.0,1.4,2025-01-06 11:00:00
14.7,59,958.8,0.0,3.6,2025-01-06 12:00:00
15.2,56,958.0,0.0,4.2,2025-01-06 13:00:00
15.4,54,957.6,0.0,5.6,2025-01-06 14:00:00
15.2,52,957.3,0.0,7.5,2025-01-06 15:00:00
14.4,55,957.1,0.0,8.7,2025-01-06 16:00:00
12.7,62,957.0,0.0,10.7,2025-01-06 17:00:00
12.5,63,957.2,0.0,12.1,2025-01-06 18:00:00
11.8,65,957.4,0.0,10.3,2025-01-06 19:00:00
10.9,70,957.3,0.0,7.7,2025-01-06 20:00:00
10.0,74,957.3,0.0,6.6,2025-01-06 21:00:00
9.1,77,957.3,0.0,7.9,2025-01-06 22:00:00
9.0,72,957.2,0.0,9.3,2025-01-06 23:00:00
9.0,68,956.9,0.0,9.6,2025-01-07 00:00:00
9.1,64,956.7,0.0,10.2,2025-01-07 01:00:00
9.0,63,956.5,0.0,10.3,2025-01-07 02:00:00
8.6,64,956.0,0.0,8.6,2025-01-07 03:00:00
8.1,66,955.6,0.0,8.8,2025-01-07 04:00:00
7.7,65,955.4,0.0,10.0,2025-01-07 05:00:00
8.7,62,956.8,0.0,11.3,2025-01-07 06:00:00
8.4,63,956.9,0.0,10.0,2025-01-07 07:00:00
8.8,63,957.5,0.0,8.7,2025-01-07 08:00:00
11.2,60,958.5,0.0,7.1,2025-01-07 09:00:00
13.9,51,959.0,0.0,5.6,2025-01-07 10:00:00
15.8,43,958.6,0.0,7.4,2025-01-07 11:00:00
17.1,37,957.5,0.0,10.5,2025-01-07 12:00:00
17.3,37,956.4,0.0,13.6,2025-01-07 13:00:00
17.0,40,955.8,0.0,15.1,2025-01-07 14:00:00
16.4,41,955.1,0.0,15.1,2025-01-07 15:00:00
15.2,46,954.7,0.0,13.8,2025-01-07 16:00:00
13.2,52,954.2,0.0,12.2,2025-01-07 17:00:00
12.6,54,955.1,0.0,11.4,2025-01-07 18:00:00
11.3,58,954.8,0.0,9.1,2025-01-07 19:00:00
10.0,61,954.5,0.0,8.0,2025-01-07 20:00:00
9.4,60,954.8,0.0,7.5,2025-01-07 21:00:00
9.1,58,954.5,0.0,7.3,2025-01-07 22:00:00
8.6,59,954.4,0.0,7.4,2025-01-07 23:00:00
8.4,59,953.8,0.0,7.7,2025-01-08 00:00:00
8.3,60,953.1,0.0,7.8,2025-01-08 01:00:00
8.2,61,952.8,0.0,7.7,2025-01-08 02:00:00
8.1,63,952.5,0.0,7.3,2025-01-08 03:00:00
8.0,62,952.2,0.0,7.3,2025-01-08 04:00:00
7.6,61,951.9,0.0,7.0,2025-01-08 05:00:00
8.4,57,951.9,0.0,8.3,2025-01-08 06:00:00
7.9,55,952.1,0.0,9.2,2025-01-08 07:00:00
8.5,50,952.9,0.0,9.2,2025-01-08 08:00:00
11.1,45,954.1,0.0,7.9,2025-01-08 09:00:00
14.4,39,955.0,0.0,6.4,2025-01-08 10:00:00
16.7,33,955.2,0.0,9.6,2025-01-08 11:00:00
18.1,27,954.5,0.0,14.2,2025-01-08 12:00:00
18.1,29,953.6,0.0,16.4,2025-01-08 13:00:00
17.9,31,953.2,0.0,16.1,2025-01-08 14:00:00
17.7,31,953.0,0.0,15.1,2025-01-08 15:00:00
16.7,34,953.0,0.0,12.1,2025-01-08 16:00:00
14.3,42,952.5,0.0,11.2,2025-01-08 17:00:00
12.7,49,952.5,0.0,11.7,2025-01-08 18:00:00
11.9,52,952.7,0.0,10.8,2025-01-08 19:00:00
11.5,48,953.2,0.0,10.0,2025-01-08 20:00:00
11.1,47,953.7,0.0,8.1,2025-01-08 21:00:00
10.3,50,953.5,0.0,5.9,2025-01-08 22:00:00
9.0,56,953.5,0.0,4.1,2025-01-08 23:00:00
8.1,60,953.3,0.0,3.2,2025-01-09 00:00:00
7.7,58,953.3,0.0,1.8,2025-01-09 01:00:00
7.2,58,953.5,0.0,1.6,2025-01-09 02:00:00
6.7,59,953.6,0.0,3.5,2025-01-09 03:00:00
6.8,60,953.5,0.0,4.4,2025-01-09 04:00:00
7.1,60,953.4,0.0,4.3,2025-01-09 05:00:00
7.5,59,953.9,0.0,4.5,2025-01-09 06:00:00
7.3,58,954.5,0.0,4.5,2025-01-09 07:00:00
8.5,53,955.4,0.0,4.4,2025-01-09 08:00:00
11.0,51,956.5,0.0,4.8,2025-01-09 09:00:00
14.3,40,957.7,0.0,1.9,2025-01-09 10:00:00
16.4,35,958.0,0.0,2.6,2025-01-09 11:00:00
17.9,33,957.4,0.0,3.9,2025-01-09 12:00:00
18.8,31,956.8,0.0,5.2,2025-01-09 13:00:00
18.9,30,956.4,0.0,6.8,2025-01-09 14:00:00
18.3,33,956.0,0.0,7.2,2025-01-09 15:00:00
17.0,41,955.8,0.0,5.9,2025-01-09 16:00:00
14.2,52,955.6,0.0,6.7,2025-01-09 17:00:00
12.9,56,956.3,0.0,6.7,2025-01-09 18:00:00
11.4,63,956.3,0.0,5.6,2025-01-09 19:00:00
10.2,65,956.7,0.0,4.4,2025-01-09 20:00:00
9.9,61,957.3,0.0,3.3,2025-01-09 21:00:00
9.5,57,957.3,0.0,4.0,2025-01-09 22:00:00
9.4,53,957.6,0.0,4.4,2025-01-09 23:00:00
8.9,53,957.2,0.0,4.4,2025-01-10 00:00:00
8.5,52,956.8,0.0,3.9,2025-01-10 01:00:00
8.2,50,956.7,0.0,4.2,2025-01-10 02:00:00
7.7,49,956.5,0.0,4.8,2025-01-10 03:00:00
7.1,50,956.1,0.0,4.9,2025-01-10 04:00:00
7.1,46,956.0,0.0,6.1,2025-01-10 05:00:00
6.9,55,956.8,0.0,4.5,2025-01-10 06:00:00
6.4,54,957.1,0.0,5.0,2025-01-10 07:00:00
6.9,49,957.8,0.0,4.6,2025-01-10 08:00:00
9.5,44,958.7,0.0,4.6,2025-01-10 09:00:00
13.1,33,959.9,0.0,1.4,2025-01-10 10:00:00
15.5,28,959.8,0.0,1.5,2025-01-10 11:00:00
17.3,26,959.0,0.0,3.0,2025-01-10 12:00:00
18.5,23,958.1,0.0,4.2,2025-01-10 13:00:00
19.0,23,957.4,0.0,5.0,2025-01-10 14:00:00
18.6,25,957.0,0.0,5.0,2025-01-10 15:00:00
17.2,33,956.5,0.0,3.7,2025-01-10 16:00:00
13.9,50,955.8,0.0,3.7,2025-01-10 17:00:00
12.9,47,956.1,0.0,5.2,2025-01-10 18:00:00
11.8,53,956.4,0.0,6.0,2025-01-10 19:00:00
11.3,53,956.8,0.0,10.7,2025-01-10 20:00:00
10.3,56,956.8,0.0,7.5,2025-01-10 21:00:00
9.1,61,956.9,0.0,5.4,2025-01-10 22:00:00
8.2,65,956.5,0.0,4.5,2025-01-10 23:00:00
7.8,65,956.0,0.0,4.8,2025-01-11 00:00:00
7.4,65,955.6,0.0,4.4,2025-01-11 01:00:00
7.1,62,955.4,0.0,4.8,2025-01-11 02:00:00
6.9,58,955.3,0.0,5.0,2025-01-11 03:00:00
6.6,55,955.1,0.0,5.3,2025-01-11 04:00:00
6.7,50,955.4,0.0,5.7,2025-01-11 05:00:00
7.0,63,955.9,0.0,5.8,2025-01-11 06:00:00
6.5,63,956.7,0.0,5.0,2025-01-11 07:00:00
7.0,61,957.3,0.0,4.7,2025-01-11 08:00:00
9.3,52,958.7,0.0,5.6,2025-01-11 09:00:00
11.1,52,959.9,0.0,6.2,2025-01-11 10:00:00
12.4,57,959.6,0.0,5.9,2025-01-11 11:00:00
14.2,52,958.7,0.0,5.1,2025-01-11 12:00:00
15.6,49,957.7,0.0,4.6,2025-01-11 13:00:00
16.2,49,957.1,0.0,5.1,2025-01-11 14:00:00
16.4,50,956.6,0.0,5.6,2025-01-11 15:00:00
15.9,50,956.6,0.0,6.1,2025-01-11 16:00:00
14.3,62,956.1,0.0,2.2,2025-01-11 17:00:00
13.5,58,956.7,0.0,3.4,2025-01-11 18:00:00
12.7,58,956.8,0.0,2.0,2025-01-11 19:00:00
11.9,61,957.0,0.0,2.0,2025-01-11 20:00:00
11.6,62,957.4,0.0,3.3,2025-01-11 21:00:00
10.3,71,957.1,0.0,3.3,2025-01-11 22:00:00
9.7,76,956.8,0.0,1.8,2025-01-11 23:00:00
10.0,76,957.3,0.0,1.0,2025-01-12 00:00:00
10.0,73,957.7,0.0,7.3,2025-01-12 01:00:00
9.4,76,957.8,0.0,7.5,2025-01-12 02:00:00
9.0,77,957.7,0.0,5.2,2025-01-12 03:00:00
8.4,79,957.9,0.0,5.7,2025-01-12 04:00:00
8.5,78,958.0,0.0,8.0,2025-01-12 05:00:00
8.2,78,958.1,0.0,3.6,2025-01-12 06:00:00
7.6,79,958.8,0.0,4.4,2025-01-12 07:00:00
8.5,76,959.5,0.0,5.9,2025-01-12 08:00:00
10.8,66,960.5,0.0,4.9,2025-01-12 09:00:00
13.7,55,961.3,0.0,2.2,2025-01-12 10:00:00
15.9,42,961.4,0.0,3.0,2025-01-12 11:00:00
17.0,36,960.7,0.0,6.0,2025-01-12 12:00:00
17.5,32,960.1,0.0,6.0,2025-01-12 13:00:00
17.6,31,959.6,0.0,7.5,2025-01-12 14:00:00
17.4,31,959.3,0.0,7.5,2025-01-12 15:00:00
16.6,33,959.5,0.0,8.1,2025-01-12 16:00:00
14.8,40,959.3,0.0,8.8,2025-01-12 17:00:00
13.6,46,960.0,0.0,9.9,2025-01-12 18:00:00
12.3,50,959.8,0.0,9.3,2025-01-12 19:00:00
11.1,54,959.7,0.0,9.7,2025-01-12 20:00:00
10.3,57,960.0,0.0,8.7,2025-01-12 21:00:00
9.8,57,960.0,0.0,7.8,2025-01-12 22:00:00
9.2,55,959.7,0.0,7.0,2025-01-12 23:00:00
8.8,52,959.3,0.0,7.4,2025-01-13 00:00:00
8.2,51,958.9,0.0,6.8,2025-01-13 01:00:00
7.6,51,958.4,0.0,5.7,2025-01-13 02:00:00
7.3,52,957.8,0.0,5.0,2025-01-13 03:00:00
7.1,53,957.5,0.0,5.1,2025-01-13 04:00:00
6.7,54,957.3,0.0,6.8,2025-01-13 05:00:00
6.7,63,958.4,0.0,6.5,2025-01-13 06:00:00
6.4,67,958.6,0.0,6.3,2025-01-13 07:00:00
7.0,67,959.2,0.0,5.6,2025-01-13 08:00:00
9.9,56,960.2,0.0,4.2,2025-01-13 09:00:00
13.0,46,960.8,0.0,2.2,2025-01-13 10:00:00
15.5,40,960.4,0.0,4.6,2025-01-13 11:00:00
17.0,37,959.4,0.0,7.9,2025-01-13 12:00:00
17.6,35,958.2,0.0,10.8,2025-01-13 13:00:00
17.4,38,957.7,0.0,12.0,2025-01-13 14:00:00
16.9,41,957.5,0.0,12.6,2025-01-13 15:00:00
15.8,44,957.1,0.0,12.6,2025-01-13 16:00:00
13.9,52,957.1,0.0,11.2,2025-01-13 17:00:00
12.6,56,957.2,0.0,10.4,2025-01-13 18:00:00
11.7,60,957.2,0.0,10.4,2025-01-13 19:00:00
10.6,65,956.9,0.0,9.6,2025-01-13 20:00:00
9.9,67,956.9,0.0,9.0,2025-01-13 21:00:00
9.6,61,956.6,0.0,7.9,2025-01-13 22:00:00
9.3,56,956.2,0.0,7.3,2025-01-13 23:00:00
9.0,54,955.8,0.0,7.2,2025-01-14 00:00:00
8.7,55,955.2,0.0,7.8,2025-01-14 01:00:00
8.5,56,954.8,0.0,7.4,2025-01-14 02:00:00
8.5,58,954.2,0.0,6.5,2025-01-14 03:00:00
8.1,62,953.9,0.0,5.6,2025-01-14 04:00:00
7.7,64,953.9,0.0,5.2,2025-01-14 05:00:00
7.4,68,954.7,0.0,4.4,2025-01-14 06:00:00
7.5,67,955.5,0.0,4.0,2025-01-14 07:00:00
7.9,64,956.2,0.0,2.5,2025-01-14 08:00:00
9.9,56,957.4,0.0,3.4,2025-01-14 09:00:00
12.6,44,958.4,0.0,1.0,2025-01-14 10:00:00
14.3,40,958.9,0.0,3.2,2025-01-14 11:00:00
16.3,34,958.2,0.0,1.8,2025-01-14 12:00:00
17.2,32,957.4,0.0,1.8,2025-01-14 13:00:00
17.5,30,957.2,0.0,2.0,2025-01-14 14:00:00
17.6,29,957.1,0.0,1.9,2025-01-14 15:00:00
17.1,30,957.2,0.0,1.1,2025-01-14 16:00:00
15.3,37,957.2,0.0,0.9,2025-01-14 17:00:00
14.5,40,957.8,0.0,3.7,2025-01-14 18:00:00
13.6,45,958.1,0.0,3.5,2025-01-14 19:00:00
12.9,48,958.1,0.0,3.6,2025-01-14 20:00:00
12.3,50,958.6,0.0,4.0,2025-01-14 21:00:00
11.3,52,958.8,0.0,3.2,2025-01-14 22:00:00
10.5,54,958.9,0.0,2.3,2025-01-14 23:00:00
9.5,56,958.4,0.0,3.3,2025-01-15 00:00:00
8.9,56,958.0,0.0,3.4,2025-01-15 01:00:00
8.5,54,957.9,0.0,3.6,2025-01-15 02:00:00
8.0,55,957.5,0.0,3.6,2025-01-15 03:00:00
7.5,56,957.3,0.0,3.3,2025-01-15 04:00:00
7.2,56,957.4,0.0,3.6,2025-01-15 05:00:00
6.5,57,957.7,0.0,2.2,2025-01-15 06:00:00
6.2,56,958.3,0.0,2.1,2025-01-15 07:00:00
7.1,51,959.0,0.0,1.9,2025-01-15 08:00:00
9.7,43,960.1,0.0,2.4,2025-01-15 09:00:00
12.8,34,960.9,0.0,0.4,2025-01-15 10:00:00
15.4,29,961.1,0.0,2.0,2025-01-15 11:00:00
17.3,26,960.1,0.0,2.1,2025-01-15 12:00:00
18.4,26,958.7,0.0,2.6,2025-01-15 13:00:00
18.7,26,957.7,0.0,3.4,2025-01-15 14:00:00
18.5,27,957.1,0.0,3.6,2025-01-15 15:00:00
17.7,31,956.7,0.0,4.2,2025-01-15 16:00:00
15.6,39,956.2,0.0,5.8,2025-01-15 17:00:00
14.2,45,956.4,0.0,7.1,2025-01-15 18:00:00
12.7,52,956.3,0.0,6.6,2025-01-15 19:00:00
11.8,55,956.0,0.0,5.9,2025-01-15 20:00:00
11.7,54,956.5,0.0,5.2,2025-01-15 21:00:00
11.1,52,956.5,0.0,4.4,2025-01-15 22:00:00
10.0,51,956.3,0.0,5.0,2025-01-15 23:00:00
8.7,52,955.8,0.0,4.9,2025-01-16 00:00:00
7.8,56,955.9,0.0,5.4,2025-01-16 01:00:00
7.5,56,955.9,0.0,7.0,2025-01-16 02:00:00
7.3,54,955.8,0.0,6.9,2025-01-16 03:00:00
7.3,53,955.7,0.0,5.6,2025-01-16 04:00:00
7.4,55,955.8,0.0,6.8,2025-01-16 05:00:00
9.0,51,956.6,0.0,5.8,2025-01-16 06:00:00
8.2,54,956.9,0.0,5.2,2025-01-16 07:00:00
8.3,55,957.3,0.0,1.8,2025-01-16 08:00:00
10.5,49,958.8,0.0,1.9,2025-01-16 09:00:00
12.9,43,960.1,0.0,3.2,2025-01-16 10:00:00
14.0,48,960.2,0.0,7.1,2025-01-16 11:00:00
15.3,48,959.7,0.0,9.1,2025-01-16 12:00:00
15.2,51,959.6,0.3,10.8,2025-01-16 13:00:00
15.3,50,959.5,0.0,13.9,2025-01-16 14:00:00
14.9,50,959.7,0.0,12.5,2025-01-16 15:00:00
14.6,49,959.8,0.0,12.7,2025-01-16 16:00:00
13.6,54,960.3,0.0,11.1,2025-01-16 17:00:00
11.4,68,962.0,0.0,11.4,2025-01-16 18:00:00
10.8,67,962.5,0.0,8.0,2025-01-16 19:00:00
9.9,69,962.6,0.0,5.9,2025-01-16 20:00:00
8.6,74,963.1,0.0,3.2,2025-01-16 21:00:00
8.1,74,963.3,0.0,2.6,2025-01-16 22:00:00
8.1,70,963.2,0.0,3.4,2025-01-16 23:00:00
8.0,68,963.0,0.0,3.0,2025-01-17 00:00:00
8.0,66,962.7,0.0,4.7,2025-01-17 01:00:00
8.1,64,962.3,0.0,8.6,2025-01-17 02:00:00
7.8,62,961.7,0.0,10.7,2025-01-17 03:00:00
7.5,60,961.3,0.0,10.6,2025-01-17 04:00:00
7.7,57,961.3,0.0,10.8,2025-01-17 05:00:00
8.4,57,961.4,0.0,11.2,2025-01-17 06:00:00
8.3,57,961.4,0.0,10.2,2025-01-17 07:00:00
8.5,55,961.4,0.0,8.9,2025-01-17 08:00:00
10.9,47,962.4,0.0,9.0,2025-01-17 09:00:00
13.6,38,962.8,0.0,8.0,2025-01-17 10:00:00
15.6,31,962.3,0.0,12.0,2025-01-17 11:00:00
16.6,30,960.9,0.0,13.9,2025-01-17 12:00:00
17.2,30,959.4,0.0,13.6,2025-01-17 13:00:00
17.4,30,958.4,0.0,13.4,2025-01-17 14:00:00
16.8,33,957.8,0.0,14.4,2025-01-17 15:00:00
16.0,35,957.6,0.0,14.1,2025-01-17 16:00:00
14.7,40,957.0,0.0,12.6,2025-01-17 17:00:00
13.3,47,956.9,0.0,12.1,2025-01-17 18:00:00
12.7,47,957.3,0.0,11.3,2025-01-17 19:00:00
12.3,45,957.1,0.0,9.6,2025-01-17 20:00:00
11.7,46,957.1,0.0,8.1,2025-01-17 21:00:00
11.2,47,956.7,0.0,7.5,2025-01-17 22:00:00
11.0,47,956.8,0.0,6.7,2025-01-17 23:00:00
10.9,48,956.7,0.0,6.2,2025-01-18 00:00:00
10.8,48,956.3,0.0,6.4,2025-01-18 01:00:00
10.5,49,956.0,0.0,6.5,2025-01-18 02:00:00
10.4,50,955.8,0.0,6.2,2025-01-18 03:00:00
10.1,51,955.7,0.0,5.5,2025-01-18 04:00:00
10.0,50,955.4,0.0,4.4,2025-01-18 05:00:00
9.5,53,955.5,0.0,4.3,2025-01-18 06:00:00
8.7,53,956.3,0.0,2.9,2025-01-18 07:00:00
9.8,47,957.0,0.0,4.9,2025-01-18 08:00:00
11.5,39,957.8,0.0,3.9,2025-01-18 09:00:00
14.0,29,958.6,0.0,1.1,2025-01-18 10:00:00
16.0,23,958.8,0.0,3.2,2025-01-18 11:00:00
17.6,23,958.0,0.0,5.2,2025-01-18 12:00:00
18.6,23,957.1,0.0,6.0,2025-01-18 13:00:00
18.6,23,956.1,0.0,7.0,2025-01-18 14:00:00
18.6,24,955.5,0.0,7.0,2025-01-18 15:00:00
18.1,24,955.3,0.0,7.4,2025-01-18 16:00:00
17.0,27,954.9,0.0,5.7,2025-01-18 17:00:00
13.7,39,955.1,0.0,4.9,2025-01-18 18:00:00
12.8,44,955.7,0.0,1.3,2025-01-18 19:00:00
12.0,45,955.6,0.0,1.7,2025-01-18 20:00:00
11.3,43,956.0,0.0,3.1,2025-01-18 21:00:00
10.5,42,956.2,0.0,3.6,2025-01-18 22:00:00
10.3,40,956.7,0.0,4.6,2025-01-18 23:00:00
9.9,42,956.2,0.0,6.6,2025-01-19 00:00:00
8.5,48,955.6,0.0,3.8,2025-01-19 01:00:00
8.8,49,955.1,0.0,4.3,2025-01-19 02:00:00
8.5,50,955.2,0.0,3.6,2025-01-19 03:00:00
8.6,50,954.7,0.0,3.1,2025-01-19 04:00:00
9.7,45,955.0,0.0,3.6,2025-01-19 05:00:00
9.3,48,955.6,0.0,1.0,2025-01-19 06:00:00
9.3,48,956.0,0.0,1.7,2025-01-19 07:00:00
9.7,47,956.2,0.0,0.4,2025-01-19 08:00:00
10.6,44,957.5,0.0,2.6,2025-01-19 09:00:00
11.6,41,957.7,0.0,4.8,2025-01-19 10:00:00
11.9,43,958.1,0.0,2.1,2025-01-19 11:00:00
13.2,38,958.0,0.0,3.1,2025-01-19 12:00:00
15.1,35,957.6,0.0,7.6,2025-01-19 13:00:00
15.3,36,957.3,0.0,6.7,2025-01-19 14:00:00
15.0,39,957.1,0.4,6.9,2025-01-19 15:00:00
14.4,35,956.7,0.1,8.1,2025-01-19 16:00:00
13.1,38,956.6,0.0,6.7,2025-01-19 17:00:00
11.2,70,956.5,0.1,4.6,2025-01-19 18:00:00
9.9,79,956.6,0.5,5.5,2025-01-19 19:00:00
9.2,84,956.2,0.5,3.8,2025-01-19 20:00:00
9.6,82,956.6,0.0,4.1,2025-01-19 21:00:00
9.5,79,956.6,0.0,6.0,2025-01-19 22:00:00
9.2,71,956.4,0.0,8.2,2025-01-19 23:00:00
8.1,65,955.8,0.0,7.3,2025-01-20 00:00:00
7.6,61,955.2,0.0,7.6,2025-01-20 01:00:00
7.5,56,955.0,0.0,8.7,2025-01-20 02:00:00
7.3,54,954.9,0.0,8.5,2025-01-20 03:00:00
7.0,55,954.6,0.0,8.6,2025-01-20 04:00:00
6.8,55,954.4,0.0,8.9,2025-01-20 05:00:00
6.7,62,954.7,0.0,8.3,2025-01-20 06:00:00
6.9,59,955.3,0.0,7.0,2025-01-20 07:00:00
7.8,55,955.9,0.0,6.4,2025-01-20 08:00:00
10.5,46,957.2,0.0,6.1,2025-01-20 09:00:00
13.8,37,958.0,0.0,5.2,2025-01-20 10:00:00
16.5,34,958.1,0.0,5.7,2025-01-20 11:00:00
18.0,35,957.2,0.0,7.8,2025-01-20 12:00:00
17.0,40,956.0,0.1,9.6,2025-01-20 13:00:00
15.3,46,955.6,0.1,13.8,2025-01-20 14:00:00
13.1,67,954.5,0.7,10.8,2025-01-20 15:00:00
12.5,69,954.9,0.1,10.9,2025-01-20 16:00:00
12.1,64,954.7,0.0,10.8,2025-01-20 17:00:00
12.6,57,955.0,0.0,8.0,2025-01-20 18:00:00
10.6,67,955.1,0.0,5.9,2025-01-20 19:00:00
8.9,76,954.8,0.0,5.7,2025-01-20 20:00:00
7.8,81,954.9,0.0,2.8,2025-01-20 21:00:00
8.7,72,955.5,0.0,1.7,2025-01-20 22:00:00
9.2,65,955.8,0.0,5.8,2025-01-20 23:00:00
9.2,62,954.9,0.0,5.1,2025-01-21 00:00:00
8.6,61,954.3,0.0,6.7,2025-01-21 01:00:00
7.9,62,953.7,0.0,7.8,2025-01-21 02:00:00
7.0,64,953.3,0.0,7.3,2025-01-21 03:00:00
6.7,66,952.6,0.0,10.3,2025-01-21 04:00:00
7.0,65,952.3,0.0,11.6,2025-01-21 05:00:00
7.6,74,953.0,0.0,9.4,2025-01-21 06:00:00
7.3,74,953.7,0.0,9.4,2025-01-21 07:00:00
7.9,70,954.4,0.0,8.5,2025-01-21 08:00:00
10.7,59,955.5,0.0,6.3,2025-01-21 09:00:00
13.8,48,956.4,0.0,4.1,2025-01-21 10:00:00
16.1,42,956.5,0.0,3.9,2025-01-21 11:00:00
17.6,38,955.6,0.0,4.3,2025-01-21 12:00:00
18.3,38,954.7,0.0,6.3,2025-01-21 13:00:00
18.6,38,954.0,0.0,8.1,2025-01-21 14:00:00
18.6,38,953.6,0.0,8.7,2025-01-21 15:00:00
17.8,41,953.3,0.0,8.5,2025-01-21 16:00:00
16.3,46,953.1,0.0,7.7,2025-01-21 17:00:00
15.0,50,953.4,0.0,8.1,2025-01-21 18:00:00
13.9,56,953.7,0.0,6.5,2025-01-21 19:00:00
12.3,64,953.9,0.0,7.4,2025-01-21 20:00:00
11.5,68,954.2,0.0,5.7,2025-01-21 21:00:00
10.7,69,954.0,0.0,4.3,2025-01-21 22:00:00
10.7,66,954.0,0.0,3.4,2025-01-21 23:00:00
10.6,64,953.7,0.0,2.7,2025-01-22 00:00:00
10.8,61,953.5,0.0,3.8,2025-01-22 01:00:00
10.9,58,953.2,0.0,5.1,2025-01-22 02:00:00
10.3,58,952.7,0.0,6.8,2025-01-22 03:00:00
9.3,58,952.3,0.0,6.7,2025-01-22 04:00:00
8.3,57,952.2,0.0,7.1,2025-01-22 05:00:00
9.4,54,952.6,0.0,8.4,2025-01-22 06:00:00
8.6,57,952.9,0.0,8.7,2025-01-22 07:00:00
8.5,59,953.2,0.0,8.9,2025-01-22 08:00:00
11.5,51,954.0,0.0,7.7,2025-01-22 09:00:00
14.8,42,955.0,0.0,4.3,2025-01-22 10:00:00
17.0,37,955.1,0.0,5.0,2025-01-22 11:00:00
17.9,35,954.3,0.0,6.2,2025-01-22 12:00:00
18.4,34,953.4,0.0,7.2,2025-01-22 13:00:00
18.4,34,953.0,0.0,8.6,2025-01-22 14:00:00
18.0,34,952.5,0.0,10.8,2025-01-22 15:00:00
17.3,35,952.3,0.0,11.5,2025-01-22 16:00:00
16.1,39,952.4,0.0,9.9,2025-01-22 17:00:00
15.2,44,953.2,0.0,10.1,2025-01-22 18:00:00
14.2,48,953.0,0.0,10.9,2025-01-22 19:00:00
13.2,51,952.9,0.0,9.4,2025-01-22 20:00:00
12.2,53,953.2,0.0,6.0,2025-01-22 21:00:00
11.2,57,953.1,0.0,2.7,2025-01-22 22:00:00
10.7,58,953.4,0.0,3.3,2025-01-22 23:00:00
10.2,57,953.4,0.0,5.7,2025-01-23 00:00:00
10.0,55,953.7,0.0,7.5,2025-01-23 01:00:00
9.8,52,953.8,0.0,8.9,2025-01-23 02:00:00
9.7,53,953.6,0.0,9.7,2025-01-23 03:00:00
9.5,54,953.4,0.0,9.2,2025-01-23 04:00:00
9.0,56,953.5,0.0,8.9,2025-01-23 05:00:00
9.0,61,953.6,0.0,9.9,2025-01-23 06:00:00
8.6,62,954.2,0.0,9.3,2025-01-23 07:00:00
9.1,59,955.1,0.0,8.7,2025-01-23 08:00:00
11.9,49,956.5,0.0,7.2,2025-01-23 09:00:00
14.9,41,957.8,0.0,4.9,2025-01-23 10:00:00
16.9,35,958.0,0.0,7.8,2025-01-23 11:00:00
18.0,32,957.3,0.0,10.6,2025-01-23 12:00:00
18.6,31,956.7,0.0,13.2,2025-01-23 13:00:00
19.0,29,956.3,0.0,14.4,2025-01-23 14:00:00
18.8,28,955.7,0.0,14.9,2025-01-23 15:00:00
18.1,28,955.5,0.0,14.7,2025-01-23 16:00:00
16.6,31,955.4,0.0,13.3,2025-01-23 17:00:00
15.4,34,955.5,0.0,12.7,2025-01-23 18:00:00
14.3,34,955.6,0.0,13.4,2025-01-23 19:00:00
13.4,37,955.5,0.0,12.9,2025-01-23 20:00:00
13.3,37,955.7,0.0,12.9,2025-01-23 21:00:00
13.0,37,956.0,0.0,13.2,2025-01-23 22:00:00
12.7,38,955.6,0.0,14.0,2025-01-23 23:00:00
12.3,40,955.4,0.0,14.9,2025-01-24 00:00:00
11.8,42,955.0,0.0,15.7,2025-01-24 01:00:00
11.5,42,954.4,0.0,15.3,2025-01-24 02:00:00
11.2,43,954.0,0.0,14.6,2025-01-24 03:00:00
10.8,46,953.7,0.0,13.3,2025-01-24 04:00:00
10.6,47,953.6,0.0,12.9,2025-01-24 05:00:00
10.9,46,954.0,0.0,14.1,2025-01-24 06:00:00
10.9,42,954.7,0.0,13.9,2025-01-24 07:00:00
11.4,38,955.3,0.0,13.6,2025-01-24 08:00:00
13.7,33,956.2,0.0,12.5,2025-01-24 09:00:00
16.6,26,957.2,0.0,10.6,2025-01-24 10:00:00
18.5,19,957.5,0.0,13.6,2025-01-24 11:00:00
19.5,18,956.7,0.0,16.3,2025-01-24 12:00:00
20.1,21,955.9,0.0,17.1,2025-01-24 13:00:00
20.1,22,955.4,0.0,17.7,2025-01-24 14:00:00
19.7,21,955.0,0.0,17.3,2025-01-24 15:00:00
18.8,22,954.7,0.0,17.0,2025-01-24 16:00:00
17.0,27,954.4,0.0,16.3,2025-01-24 17:00:00
16.5,28,954.9,0.0,17.1,2025-01-24 18:00:00
16.0,28,955.0,0.0,17.1,2025-01-24 19:00:00
15.0,28,954.8,0.0,15.8,2025-01-24 20:00:00
14.5,26,954.8,0.0,14.8,2025-01-24 21:00:00
14.1,26,954.9,0.0,14.1,2025-01-24 22:00:00
13.8,25,954.4,0.0,13.6,2025-01-24 23:00:00
13.2,23,954.1,0.0,13.8,2025-01-25 00:00:00
12.6,17,953.4,0.0,12.9,2025-01-25 01:00:00
11.7,12,953.1,0.0,10.9,2025-01-25 02:00:00
10.5,11,952.8,0.0,9.8,2025-01-25 03:00:00
9.4,12,952.3,0.0,10.9,2025-01-25 04:00:00
8.8,12,952.0,0.0,11.0,2025-01-25 05:00:00
9.1,17,952.0,0.0,11.4,2025-01-25 06:00:00
8.8,15,952.6,0.0,11.4,2025-01-25 07:00:00
9.0,15,952.9,0.0,10.7,2025-01-25 08:00:00
12.1,13,954.0,0.0,9.0,2025-01-25 09:00:00
15.7,11,955.3,0.0,4.8,2025-01-25 10:00:00
18.2,11,955.5,0.0,4.5,2025-01-25 11:00:00
19.7,11,955.0,0.0,7.3,2025-01-25 12:00:00
20.5,12,954.1,0.0,9.0,2025-01-25 13:00:00
20.8,14,953.5,0.0,10.0,2025-01-25 14:00:00
20.6,17,953.1,0.0,10.6,2025-01-25 15:00:00
19.7,19,952.8,0.0,9.7,2025-01-25 16:00:00
17.4,24,952.5,0.0,9.5,2025-01-25 17:00:00
15.3,32,952.7,0.0,11.6,2025-01-25 18:00:00
14.2,34,953.1,0.0,9.5,2025-01-25 19:00:00
12.8,35,953.1,0.0,7.8,2025-01-25 20:00:00
11.7,33,953.5,0.0,7.0,2025-01-25 21:00:00
11.3,31,953.7,0.0,6.4,2025-01-25 22:00:00
11.2,29,953.6,0.0,5.5,2025-01-25 23:00:00
10.9,28,953.2,0.0,5.5,2025-01-26 00:00:00
10.4,29,952.9,0.0,4.8,2025-01-26 01:00:00
10.1,30,952.6,0.0,4.5,2025-01-26 02:00:00
9.8,31,952.0,0.0,4.2,2025-01-26 03:00:00
9.5,31,951.7,0.0,4.4,2025-01-26 04:00:00
9.3,31,951.5,0.0,4.9,2025-01-26 05:00:00
8.9,38,952.1,0.0,4.5,2025-01-26 06:00:00
8.8,34,952.8,0.0,5.6,2025-01-26 07:00:00
9.5,30,953.6,0.0,5.7,2025-01-26 08:00:00
12.0,26,954.7,0.0,5.1,2025-01-26 09:00:00
15.4,20,955.6,0.0,1.5,2025-01-26 10:00:00
18.3,17,956.0,0.0,2.6,2025-01-26 11:00:00
20.4,16,955.2,0.0,5.6,2025-01-26 12:00:00
21.5,15,954.3,0.0,8.8,2025-01-26 13:00:00
21.7,16,953.3,0.0,10.1,2025-01-26 14:00:00
21.4,18,952.9,0.0,10.5,2025-01-26 15:00:00
20.2,20,952.5,0.0,9.9,2025-01-26 16:00:00
17.8,28,951.7,0.0,9.4,2025-01-26 17:00:00
15.6,34,951.7,0.0,8.5,2025-01-26 18:00:00
14.2,35,951.7,0.0,8.0,2025-01-26 19:00:00
13.1,34,952.1,0.0,6.1,2025-01-26 20:00:00
12.5,33,952.4,0.0,4.7,2025-01-26 21:00:00
12.2,30,952.6,0.0,4.5,2025-01-26 22:00:00
11.7,27,952.3,0.0,4.8,2025-01-26 23:00:00
11.2,28,952.0,0.0,5.4,2025-01-27 00:00:00
10.4,29,951.6,0.0,4.1,2025-01-27 01:00:00
9.7,28,951.2,0.0,3.6,2025-01-27 02:00:00
9.2,26,950.8,0.0,3.5,2025-01-27 03:00:00
8.6,25,950.5,0.0,3.2,2025-01-27 04:00:00
8.2,24,950.6,0.0,2.9,2025-01-27 05:00:00
8.0,34,951.1,0.0,2.3,2025-01-27 06:00:00
7.7,30,951.5,0.0,2.8,2025-01-27 07:00:00
9.1,25,952.3,0.0,2.5,2025-01-27 08:00:00
12.2,22,953.4,0.0,2.8,2025-01-27 09:00:00
15.6,17,954.6,0.0,0.3,2025-01-27 10:00:00
18.4,14,954.6,0.0,2.2,2025-01-27 11:00:00
20.6,13,954.1,0.0,5.2,2025-01-27 12:00:00
21.8,14,953.2,0.0,7.8,2025-01-27 13:00:00
22.3,14,952.4,0.0,9.2,2025-01-27 14:00:00
22.2,14,951.9,0.0,10.8,2025-01-27 15:00:00
21.2,16,951.6,0.0,10.7,2025-01-27 16:00:00
19.1,21,951.3,0.0,9.4,2025-01-27 17:00:00
17.5,26,951.1,0.0,9.2,2025-01-27 18:00:00
15.8,22,951.2,0.0,10.5,2025-01-27 19:00:00
15.0,17,951.3,0.0,11.3,2025-01-27 20:00:00
15.0,15,951.5,0.0,10.4,2025-01-27 21:00:00
14.6,15,951.6,0.0,8.3,2025-01-27 22:00:00
13.4,16,951.4,0.0,6.4,2025-01-27 23:00:00
12.7,18,950.7,0.0,8.8,2025-01-28 00:00:00
12.5,19,950.3,0.0,9.7,2025-01-28 01:00:00
11.7,20,950.0,0.0,6.8,2025-01-28 02:00:00
10.6,22,949.6,0.0,5.1,2025-01-28 03:00:00
9.8,23,949.0,0.0,4.4,2025-01-28 04:00:00
9.7,23,949.0,0.0,4.7,2025-01-28 05:00:00
9.4,23,949.5,0.0,3.9,2025-01-28 06:00:00
9.0,25,950.2,0.0,3.7,2025-01-28 07:00:00
10.1,23,951.1,0.0,3.0,2025-01-28 08:00:00
13.1,21,952.2,0.0,2.8,2025-01-28 09:00:00
16.3,18,953.2,0.0,2.2,2025-01-28 10:00:00
18.9,16,953.2,0.0,2.8,2025-01-28 11:00:00
20.9,14,952.6,0.0,4.3,2025-01-28 12:00:00
22.2,14,951.9,0.0,4.7,2025-01-28 13:00:00
22.6,15,951.1,0.0,1.4,2025-01-28 14:00:00
22.6,14,950.7,0.0,4.1,2025-01-28 15:00:00
21.9,14,950.2,0.0,4.0,2025-01-28 16:00:00
20.4,19,949.8,0.0,2.2,2025-01-28 17:00:00
19.5,19,949.8,0.0,1.5,2025-01-28 18:00:00
19.2,18,950.8,0.0,7.1,2025-01-28 19:00:00
16.9,27,951.3,0.1,9.9,2025-01-28 20:00:00
15.5,33,951.5,0.0,9.5,2025-01-28 21:00:00
14.7,36,951.7,0.0,10.7,2025-01-28 22:00:00
14.8,35,952.2,0.0,5.3,2025-01-28 23:00:00
14.4,34,952.5,0.0,3.4,2025-01-29 00:00:00
13.6,38,952.5,0.2,4.1,2025-01-29 01:00:00
13.2,38,951.9,0.0,7.3,2025-01-29 02:00:00
12.7,38,951.4,0.0,8.8,2025-01-29 03:00:00
12.3,39,951.2,0.0,6.8,2025-01-29 04:00:00
11.8,43,951.4,0.1,4.3,2025-01-29 05:00:00
11.8,53,952.2,0.0,4.4,2025-01-29 06:00:00
10.8,52,952.4,0.0,9.4,2025-01-29 07:00:00
11.3,47,953.3,0.0,10.9,2025-01-29 08:00:00
13.5,45,954.7,0.0,10.8,2025-01-29 09:00:00
15.5,46,955.8,0.0,7.7,2025-01-29 10:00:00
16.8,45,956.4,0.0,10.3,2025-01-29 11:00:00
17.9,40,955.8,0.0,10.8,2025-01-29 12:00:00
19.0,34,955.0,0.0,11.5,2025-01-29 13:00:00
19.3,31,954.4,0.0,10.5,2025-01-29 14:00:00
19.4,30,953.6,0.0,8.9,2025-01-29 15:00:00
19.1,29,953.4,0.0,9.4,2025-01-29 16:00:00
18.0,33,953.2,0.0,10.2,2025-01-29 17:00:00
17.3,33,953.2,0.0,3.3,2025-01-29 18:00:00
15.7,38,953.9,0.0,5.3,2025-01-29 19:00:00
14.0,51,954.3,0.1,6.5,2025-01-29 20:00:00
12.4,56,954.8,0.1,12.3,2025-01-29 21:00:00
12.0,60,954.2,0.1,11.6,2025-01-29 22:00:00
10.2,68,953.9,0.1,11.4,2025-01-29 23:00:00
10.3,68,953.4,0.0,9.0,2025-01-30 00:00:00
9.1,74,952.9,0.0,4.2,2025-01-30 01:00:00
8.4,78,952.9,0.0,0.9,2025-01-30 02:00:00
8.1,74,952.3,0.0,0.7,2025-01-30 03:00:00
7.8,68,951.9,0.0,4.0,2025-01-30 04:00:00
7.6,64,951.6,0.0,5.5,2025-01-30 05:00:00
8.7,92,952.2,0.0,7.4,2025-01-30 06:00:00
8.6,83,952.7,0.0,10.3,2025-01-30 07:00:00
10.5,63,953.3,0.0,9.5,2025-01-30 08:00:00
13.4,49,954.3,0.0,4.7,2025-01-30 09:00:00
15.8,39,954.9,0.0,2.5,2025-01-30 10:00:00
17.7,34,955.0,0.0,3.8,2025-01-30 11:00:00
19.0,29,954.1,0.0,5.5,2025-01-30 12:00:00
19.5,27,953.0,0.0,6.9,2025-01-30 13:00:00
19.7,26,952.1,0.0,6.9,2025-01-30 14:00:00
19.5,25,951.5,0.0,6.2,2025-01-30 15:00:00
19.1,26,951.1,0.0,6.1,2025-01-30 16:00:00
17.8,31,951.0,0.0,7.7,2025-01-30 17:00:00
15.9,42,951.0,0.0,9.9,2025-01-30 18:00:00
14.4,44,950.9,0.0,10.8,2025-01-30 19:00:00
13.6,42,950.9,0.0,12.4,2025-01-30 20:00:00
13.2,40,951.0,0.0,10.8,2025-01-30 21:00:00
12.8,39,951.0,0.0,10.0,2025-01-30 22:00:00
12.1,44,950.6,0.0,7.7,2025-01-30 23:00:00
10.9,50,950.1,0.0,5.3,2025-01-31 00:00:00
10.5,52,949.7,0.0,5.5,2025-01-31 01:00:00
10.8,48,949.6,0.0,4.8,2025-01-31 02:00:00
10.1,48,949.5,0.0,4.8,2025-01-31 03:00:00
10.0,44,949.4,0.0,5.1,2025-01-31 04:00:00
9.7,43,949.3,0.0,6.8,2025-01-31 05:00:00
10.2,46,949.8,0.0,6.0,2025-01-31 06:00:00
9.7,50,950.1,0.0,6.9,2025-01-31 07:00:00
10.6,54,950.7,0.0,6.7,2025-01-31 08:00:00
13.5,47,951.8,0.0,4.0,2025-01-31 09:00:00
16.1,38,952.6,0.0,4.9,2025-01-31 10:00:00
18.1,33,952.6,0.0,5.4,2025-01-31 11:00:00
18.8,32,952.0,0.0,7.2,2025-01-31 12:00:00
19.2,30,951.3,0.0,5.0,2025-01-31 13:00:00
19.8,24,950.9,0.0,2.3,2025-01-31 14:00:00
19.7,22,950.6,0.1,1.4,2025-01-31 15:00:00
19.5,22,950.5,0.0,1.2,2025-01-31 16:00:00
18.6,24,950.4,0.0,3.0,2025-01-31 17:00:00
16.7,32,950.6,0.0,10.1,2025-01-31 18:00:00
15.5,36,950.7,0.0,8.9,2025-01-31 19:00:00
13.7,40,950.9,0.0,5.0,2025-01-31 20:00:00
12.3,43,951.4,0.0,2.9,2025-01-31 21:00:00
11.8,44,951.6,0.0,0.2,2025-01-31 22:00:00
12.1,42,951.6,0.0,2.1,2025-01-31 23:00:00
12.0,42,951.4,0.0,0.7,2025-02-01 00:00:00
11.4,44,951.2,0.0,1.4,2025-02-01 01:00:00
10.4,48,951.2,0.0,1.0,2025-02-01 02:00:00
9.5,51,951.1,0.0,0.3,2025-02-01 03:00:00
8.9,53,951.1,0.0,1.7,2025-02-01 04:00:00
8.6,54,951.1,0.0,3.8,2025-02-01 05:00:00
9.2,72,951.3,0.1,4.0,2025-02-01 06:00:00
8.5,76,952.3,0.0,4.9,2025-02-01 07:00:00
8.8,76,953.1,0.0,3.2,2025-02-01 08:00:00
11.6,60,954.4,0.0,3.7,2025-02-01 09:00:00
14.4,45,955.8,0.0,2.0,2025-02-01 10:00:00
16.5,40,956.3,0.0,9.1,2025-02-01 11:00:00
17.5,39,955.9,0.0,10.4,2025-02-01 12:00:00
17.4,39,955.3,0.0,8.7,2025-02-01 13:00:00
17.6,39,954.7,0.0,2.5,2025-02-01 14:00:00
17.9,38,954.5,0.0,2.3,2025-02-01 15:00:00
13.5,70,955.2,2.5,13.8,2025-02-01 16:00:00
13.1,61,954.7,0.0,8.5,2025-02-01 17:00:00
13.5,59,955.2,0.0,6.0,2025-02-01 18:00:00
12.8,63,955.2,0.0,5.2,2025-02-01 19:00:00
11.8,67,954.9,0.0,4.1,2025-02-01 20:00:00
10.7,73,955.1,0.0,2.3,2025-02-01 21:00:00
10.6,70,955.3,0.0,3.0,2025-02-01 22:00:00
10.5,67,955.2,0.0,2.7,2025-02-01 23:00:00
10.1,67,955.0,0.0,2.7,2025-02-02 00:00:00
10.1,64,954.8,0.0,5.4,2025-02-02 01:00:00
9.5,66,954.4,0.0,4.5,2025-02-02 02:00:00
9.2,65,954.3,0.0,4.1,2025-02-02 03:00:00
8.5,65,954.1,0.0,3.1,2025-02-02 04:00:00
8.1,64,954.3,0.0,2.6,2025-02-02 05:00:00
8.7,65,954.6,0.0,5.2,2025-02-02 06:00:00
8.6,64,955.3,0.0,3.4,2025-02-02 07:00:00
9.9,58,956.5,0.0,3.5,2025-02-02 08:00:00
12.7,48,957.7,0.0,3.5,2025-02-02 09:00:00
15.6,39,958.5,0.0,3.0,2025-02-02 10:00:00
18.1,33,958.5,0.0,5.5,2025-02-02 11:00:00
19.5,31,957.9,0.0,6.8,2025-02-02 12:00:00
20.3,28,956.9,0.0,5.4,2025-02-02 13:00:00
20.7,26,956.5,0.0,4.8,2025-02-02 14:00:00
20.6,26,956.1,0.0,7.1,2025-02-02 15:00:00
19.7,31,956.0,0.0,11.4,2025-02-02 16:00:00
18.3,34,955.6,0.0,13.7,2025-02-02 17:00:00
16.8,41,955.4,0.0,11.5,2025-02-02 18:00:00
15.4,43,954.9,0.0,11.8,2025-02-02 19:00:00
14.7,43,954.8,0.0,11.8,2025-02-02 20:00:00
14.4,45,955.0,0.0,10.3,2025-02-02 21:00:00
13.7,46,954.7,0.0,7.6,2025-02-02 22:00:00
12.7,48,954.3,0.0,6.7,2025-02-02 23:00:00
12.1,46,953.7,0.0,7.2,2025-02-03 00:00:00
11.8,44,952.9,0.0,8.0,2025-02-03 01:00:00
11.4,43,952.6,0.0,6.4,2025-02-03 02:00:00
10.4,44,952.1,0.0,4.2,2025-02-03 03:00:00
9.9,43,951.8,0.0,4.1,2025-02-03 04:00:00
9.4,41,951.4,0.0,4.1,2025-02-03 05:00:00
9.7,45,952.5,0.0,0.9,2025-02-03 06:00:00
9.0,46,952.4,0.0,1.5,2025-02-03 07:00:00
9.8,42,952.9,0.0,2.9,2025-02-03 08:00:00
12.2,36,953.6,0.0,3.3,2025-02-03 09:00:00
15.6,28,954.4,0.0,3.0,2025-02-03 10:00:00
18.1,22,954.4,0.0,5.4,2025-02-03 11:00:00
19.8,22,953.4,0.0,7.2,2025-02-03 12:00:00
21.0,21,952.3,0.0,8.5,2025-02-03 13:00:00
21.6,21,951.4,0.0,9.9,2025-02-03 14:00:00
21.7,20,950.9,0.0,12.7,2025-02-03 15:00:00
21.1,20,950.7,0.0,16.3,2025-02-03 16:00:00
19.7,22,950.6,0.0,14.0,2025-02-03 17:00:00
17.6,26,951.4,0.0,11.1,2025-02-03 18:00:00
16.1,30,952.2,0.0,10.7,2025-02-03 19:00:00
14.8,35,952.7,0.0,9.1,2025-02-03 20:00:00
13.5,40,953.4,0.0,8.0,2025-02-03 21:00:00
12.6,45,953.9,0.0,10.4,2025-02-03 22:00:00
12.1,50,954.3,0.0,10.4,2025-02-03 23:00:00
11.4,57,954.5,0.0,10.1,2025-02-04 00:00:00
10.8,63,954.6,0.0,9.2,2025-02-04 01:00:00
10.1,66,954.6,0.0,8.5,2025-02-04 02:00:00
9.7,67,954.5,0.0,8.3,2025-02-04 03:00:00
9.4,68,954.6,0.0,9.4,2025-02-04 04:00:00
9.2,69,954.5,0.0,9.8,2025-02-04 05:00:00
9.2,74,954.7,0.0,7.9,2025-02-04 06:00:00
8.7,75,955.1,0.0,6.9,2025-02-04 07:00:00
9.3,70,955.8,0.0,7.4,2025-02-04 08:00:00
11.9,59,957.1,0.0,5.2,2025-02-04 09:00:00
15.3,46,957.8,0.0,4.9,2025-02-04 10:00:00
17.2,34,957.6,0.0,1.6,2025-02-04 11:00:00
18.0,28,956.6,0.0,3.3,2025-02-04 12:00:00
18.5,29,955.4,0.0,7.4,2025-02-04 13:00:00
18.6,32,954.3,0.0,10.0,2025-02-04 14:00:00
18.4,34,953.6,0.0,11.4,2025-02-04 15:00:00
17.6,36,953.1,0.0,13.2,2025-02-04 16:00:00
16.6,39,953.1,0.0,12.8,2025-02-04 17:00:00
15.8,37,953.1,0.0,11.2,2025-02-04 18:00:00
14.7,37,953.3,0.0,10.9,2025-02-04 19:00:00
14.1,38,953.2,0.0,10.3,2025-02-04 20:00:00
12.8,42,953.5,0.0,12.0,2025-02-04 21:00:00
12.3,43,953.8,0.0,12.4,2025-02-04 22:00:00
11.6,44,953.7,0.0,10.6,2025-02-04 23:00:00
10.7,46,953.5,0.0,8.8,2025-02-05 00:00:00
9.6,51,953.4,0.0,8.0,2025-02-05 01:00:00
8.6,57,953.4,0.0,8.8,2025-02-05 02:00:00
8.4,59,953.2,0.0,7.5,2025-02-05 03:00:00
8.5,59,953.3,0.0,5.5,2025-02-05 04:00:00
7.8,63,953.2,0.0,3.6,2025-02-05 05:00:00
8.3,63,953.0,0.0,2.2,2025-02-05 06:00:00
8.0,65,953.5,0.0,3.4,2025-02-05 07:00:00
9.0,61,954.3,0.0,3.8,2025-02-05 08:00:00
11.5,53,955.5,0.0,1.9,2025-02-05 09:00:00
14.0,47,956.4,0.0,0.8,2025-02-05 10:00:00
15.9,37,956.6,0.0,1.4,2025-02-05 11:00:00
17.4,27,955.9,0.0,4.2,2025-02-05 12:00:00
18.2,25,955.3,0.0,5.4,2025-02-05 13:00:00
18.6,24,954.7,0.0,6.3,2025-02-05 14:00:00
18.4,25,954.5,0.0,7.2,2025-02-05 15:00:00
18.0,25,954.4,0.0,7.4,2025-02-05 16:00:00
17.1,27,954.6,0.0,7.4,2025-02-05 17:00:00
15.9,30,954.7,0.0,5.9,2025-02-05 18:00:00
14.6,33,955.1,0.0,8.2,2025-02-05 19:00:00
13.4,35,955.8,0.0,6.5,2025-02-05 20:00:00
11.5,50,956.7,0.0,10.3,2025-02-05 21:00:00
10.6,49,957.0,0.0,5.1,2025-02-05 22:00:00
10.3,47,956.6,0.0,4.6,2025-02-05 23:00:00
9.7,48,956.6,0.0,4.0,2025-02-06 00:00:00
9.6,47,956.6,0.0,7.3,2025-02-06 01:00:00
9.4,46,956.5,0.0,5.8,2025-02-06 02:00:00
8.8,48,956.2,0.0,3.9,2025-02-06 03:00:00
8.8,48,956.4,0.0,2.7,2025-02-06 04:00:00
8.8,46,956.7,0.0,3.9,2025-02-06 05:00:00
9.0,50,956.8,0.0,1.5,2025-02-06 06:00:00
8.3,52,957.3,0.0,2.1,2025-02-06 07:00:00
9.4,49,958.0,0.0,3.5,2025-02-06 08:00:00
12.2,41,958.9,0.0,2.5,2025-02-06 09:00:00
15.1,34,959.9,0.0,2.5,2025-02-06 10:00:00
17.4,28,960.0,0.0,5.4,2025-02-06 11:00:00
18.4,23,959.5,0.0,10.3,2025-02-06 12:00:00
18.7,22,958.7,0.0,13.0,2025-02-06 13:00:00
18.8,21,958.0,0.0,13.9,2025-02-06 14:00:00
18.6,19,957.3,0.0,14.3,2025-02-06 15:00:00
17.9,18,957.0,0.0,15.4,2025-02-06 16:00:00
16.9,19,956.6,0.0,14.6,2025-02-06 17:00:00
15.2,24,957.0,0.0,11.8,2025-02-06 18:00:00
14.0,26,957.1,0.0,11.1,2025-02-06 19:00:00
12.7,27,957.3,0.0,10.7,2025-02-06 20:00:00
11.8,28,957.5,0.0,10.7,2025-02-06 21:00:00
11.6,29,957.8,0.0,10.6,2025-02-06 22:00:00
11.3,31,957.5,0.0,10.4,2025-02-06 23:00:00
11.1,34,957.3,0.0,10.8,2025-02-07 00:00:00
10.9,36,957.1,0.0,11.7,2025-02-07 01:00:00
10.8,38,956.7,0.0,12.4,2025-02-07 02:00:00
10.9,39,956.1,0.0,12.5,2025-02-07 03:00:00
10.7,39,956.0,0.0,12.2,2025-02-07 04:00:00
10.3,39,955.6,0.0,11.8,2025-02-07 05:00:00
10.6,41,956.0,0.0,11.8,2025-02-07 06:00:00
10.2,40,956.4,0.0,12.2,2025-02-07 07:00:00
11.2,37,957.1,0.0,12.1,2025-02-07 08:00:00
14.1,31,958.2,0.0,10.6,2025-02-07 09:00:00
16.9,25,958.8,0.0,10.2,2025-02-07 10:00:00
18.9,19,958.7,0.0,12.6,2025-02-07 11:00:00
19.9,17,958.0,0.0,14.8,2025-02-07 12:00:00
20.5,18,957.0,0.0,15.2,2025-02-07 13:00:00
20.8,18,956.2,0.0,15.1,2025-02-07 14:00:00
20.4,20,955.7,0.0,15.6,2025-02-07 15:00:00
19.5,20,955.3,0.0,15.8,2025-02-07 16:00:00
18.1,22,955.1,0.0,14.0,2025-02-07 17:00:00
16.5,27,955.0,0.0,11.8,2025-02-07 18:00:00
15.5,29,955.0,0.0,11.6,2025-02-07 19:00:00
14.5,31,954.9,0.0,10.8,2025-02-07 20:00:00
13.7,32,955.5,0.0,10.6,2025-02-07 21:00:00
13.6,29,955.4,0.0,11.0,2025-02-07 22:00:00
13.6,26,955.2,0.0,9.3,2025-02-07 23:00:00
13.1,26,954.7,0.0,8.9,2025-02-08 00:00:00
12.8,26,954.0,0.0,7.7,2025-02-08 01:00:00
12.2,28,953.9,0.0,8.5,2025-02-08 02:00:00
11.7,31,953.6,0.0,9.3,2025-02-08 03:00:00
11.3,34,953.3,0.0,9.2,2025-02-08 04:00:00
11.1,36,953.2,0.0,8.3,2025-02-08 05:00:00
11.1,36,953.4,0.0,6.3,2025-02-08 06:00:00
10.3,37,953.7,0.0,6.0,2025-02-08 07:00:00
11.4,33,954.4,0.0,7.1,2025-02-08 08:00:00
14.9,24,955.6,0.0,5.2,2025-02-08 09:00:00
18.3,19,956.6,0.0,2.3,2025-02-08 10:00:00
20.6,16,957.0,0.0,4.9,2025-02-08 11:00:00
21.9,15,956.3,0.0,8.8,2025-02-08 12:00:00
22.2,16,955.3,0.0,11.2,2025-02-08 13:00:00
21.8,18,954.3,0.0,11.9,2025-02-08 14:00:00
21.5,19,953.9,0.0,11.6,2025-02-08 15:00:00
20.5,20,953.7,0.0,12.0,2025-02-08 16:00:00
19.3,22,953.9,0.0,10.4,2025-02-08 17:00:00
18.3,26,954.0,0.0,6.0,2025-02-08 18:00:00
17.1,29,954.5,0.0,6.8,2025-02-08 19:00:00
16.7,29,954.5,0.0,6.3,2025-02-08 20:00:00
16.5,28,955.0,0.0,8.7,2025-02-08 21:00:00
16.2,25,955.2,0.0,6.5,2025-02-08 22:00:00
15.5,24,955.3,0.0,2.7,2025-02-08 23:00:00
14.9,25,955.3,0.0,1.4,2025-02-09 00:00:00
14.3,23,954.8,0.0,3.9,2025-02-09 01:00:00
14.2,22,954.4,0.0,4.1,2025-02-09 02:00:00
13.3,23,954.0,0.0,3.2,2025-02-09 03:00:00
12.6,25,953.4,0.0,3.3,2025-02-09 04:00:00
12.1,27,953.2,0.0,3.0,2025-02-09 05:00:00
12.2,32,953.3,0.0,4.6,2025-02-09 06:00:00
11.5,33,953.5,0.0,3.6,2025-02-09 07:00:00
12.7,29,954.3,0.0,3.1,2025-02-09 08:00:00
15.6,24,955.7,0.0,1.6,2025-02-09 09:00:00
18.6,20,956.7,0.0,2.5,2025-02-09 10:00:00
20.9,18,956.7,0.0,2.9,2025-02-09 11:00:00
22.6,18,956.0,0.0,5.2,2025-02-09 12:00:00
23.4,19,955.0,0.0,7.7,2025-02-09 13:00:00
23.7,18,954.1,0.0,7.8,2025-02-09 14:00:00
23.7,18,953.3,0.0,7.8,2025-02-09 15:00:00
23.1,18,953.0,0.0,8.4,2025-02-09 16:00:00
21.8,21,952.8,0.0,8.5,2025-02-09 17:00:00
19.6,29,952.4,0.0,9.4,2025-02-09 18:00:00
18.6,29,952.6,0.0,8.8,2025-02-09 19:00:00
18.3,28,952.9,0.0,9.4,2025-02-09 20:00:00
18.1,26,953.7,0.0,7.1,2025-02-09 21:00:00
17.7,25,953.9,0.0,6.4,2025-02-09 22:00:00
17.0,25,953.6,0.0,5.2,2025-02-09 23:00:00
15.4,31,953.6,0.0,2.5,2025-02-10 00:00:00
14.7,36,953.6,0.0,1.5,2025-02-10 01:00:00
14.8,33,953.6,0.0,2.3,2025-02-10 02:00:00
14.7,31,953.0,0.0,8.2,2025-02-10 03:00:00
15.6,27,952.2,0.0,10.5,2025-02-10 04:00:00
15.7,27,952.0,0.0,4.5,2025-02-10 05:00:00
15.9,30,951.7,0.0,4.4,2025-02-10 06:00:00
13.7,36,952.2,0.0,6.2,2025-02-10 07:00:00
13.6,39,952.7,0.0,3.1,2025-02-10 08:00:00
16.1,33,954.1,0.0,2.6,2025-02-10 09:00:00
19.1,28,955.2,0.0,4.7,2025-02-10 10:00:00
20.3,26,955.6,0.0,7.4,2025-02-10 11:00:00
18.9,29,955.3,0.0,11.4,2025-02-10 12:00:00
19.1,31,954.7,0.0,6.5,2025-02-10 13:00:00
18.3,33,954.1,0.0,6.1,2025-02-10 14:00:00
18.8,30,953.6,0.0,4.7,2025-02-10 15:00:00
19.7,24,953.5,0.0,7.5,2025-02-10 16:00:00
19.0,27,953.5,0.0,7.7,2025-02-10 17:00:00
18.0,25,953.5,0.0,5.4,2025-02-10 18:00:00
17.6,29,954.6,0.0,4.4,2025-02-10 19:00:00
16.1,33,954.7,0.0,4.8,2025-02-10 20:00:00
15.2,38,955.1,0.0,5.9,2025-02-10 21:00:00
14.8,41,955.2,0.0,7.3,2025-02-10 22:00:00
14.6,41,954.8,0.0,9.3,2025-02-10 23:00:00
14.2,42,954.3,0.0,7.9,2025-02-11 00:00:00
12.9,45,954.2,0.0,2.3,2025-02-11 01:00:00
11.9,61,954.1,0.6,12.3,2025-02-11 02:00:00
11.6,70,953.4,0.6,11.8,2025-02-11 03:00:00
11.8,65,953.0,0.0,5.4,2025-02-11 04:00:00
10.7,71,953.0,0.0,6.0,2025-02-11 05:00:00
11.3,80,953.8,0.0,3.0,2025-02-11 06:00:00
11.7,75,954.1,0.0,5.9,2025-02-11 07:00:00
12.5,65,954.8,0.0,9.0,2025-02-11 08:00:00
15.0,43,956.0,0.0,1.0,2025-02-11 09:00:00
16.2,45,956.6,0.1,7.6,2025-02-11 10:00:00
17.4,42,956.9,0.0,8.1,2025-02-11 11:00:00
19.4,35,956.4,0.0,3.6,2025-02-11 12:00:00
19.5,35,955.4,0.0,6.5,2025-02-11 13:00:00
19.7,35,954.7,0.0,5.1,2025-02-11 14:00:00
19.1,38,954.2,0.2,7.4,2025-02-11 15:00:00
18.9,38,953.8,0.0,4.5,2025-02-11 16:00:00
18.5,38,953.6,0.0,2.8,2025-02-11 17:00:00
17.2,39,954.3,0.0,4.2,2025-02-11 18:00:00
15.8,43,954.7,0.0,3.5,2025-02-11 19:00:00
14.6,48,954.9,0.0,5.7,2025-02-11 20:00:00
13.5,52,955.0,0.0,3.8,2025-02-11 21:00:00
12.6,55,955.0,0.0,1.9,2025-02-11 22:00:00
12.1,57,954.7,0.0,1.6,2025-02-11 23:00:00
12.0,56,954.8,0.0,3.7,2025-02-12 00:00:00
11.9,56,954.5,0.0,5.0,2025-02-12 01:00:00
11.3,55,954.3,0.0,5.6,2025-02-12 02:00:00
10.9,54,953.7,0.0,6.1,2025-02-12 03:00:00
10.6,53,953.3,0.0,5.9,2025-02-12 04:00:00
10.4,53,953.4,0.0,5.4,2025-02-12 05:00:00
9.9,56,953.9,0.0,6.5,2025-02-12 06:00:00
9.4,56,954.1,0.0,6.6,2025-02-12 07:00:00
10.7,50,955.1,0.0,6.5,2025-02-12 08:00:00
14.3,39,956.5,0.0,2.8,2025-02-12 09:00:00
17.4,32,957.0,0.0,2.3,2025-02-12 10:00:00
19.4,27,957.2,0.0,6.5,2025-02-12 11:00:00
20.2,27,956.8,0.0,10.5,2025-02-12 12:00:00
20.5,26,956.0,0.0,11.7,2025-02-12 13:00:00
20.6,25,955.4,0.0,10.6,2025-02-12 14:00:00
20.6,23,954.9,0.0,8.8,2025-02-12 15:00:00
20.3,22,954.5,0.0,7.2,2025-02-12 16:00:00
19.5,20,954.2,0.0,7.4,2025-02-12 17:00:00
17.3,22,954.9,0.0,6.9,2025-02-12 18:00:00
15.7,27,955.0,0.0,6.4,2025-02-12 19:00:00
14.3,28,955.1,0.0,7.4,2025-02-12 20:00:00
13.0,31,955.5,0.0,6.0,2025-02-12 21:00:00
11.7,35,955.4,0.0,5.1,2025-02-12 22:00:00
11.2,38,955.3,0.0,4.5,2025-02-12 23:00:00
11.5,38,955.5,0.0,4.9,2025-02-13 00:00:00
11.5,39,955.2,0.0,4.5,2025-02-13 01:00:00
10.9,41,954.9,0.0,3.6,2025-02-13 02:00:00
10.5,42,954.5,0.0,3.5,2025-02-13 03:00:00
10.2,41,954.2,0.0,4.2,2025-02-13 04:00:00
10.2,37,953.9,0.0,6.5,2025-02-13 05:00:00
10.6,30,954.5,0.0,7.4,2025-02-13 06:00:00
10.5,24,954.5,0.0,7.6,2025-02-13 07:00:00
11.9,20,955.7,0.0,8.2,2025-02-13 08:00:00
14.8,17,956.9,0.0,6.0,2025-02-13 09:00:00
17.4,14,957.2,0.0,4.1,2025-02-13 10:00:00
18.9,13,957.2,0.0,5.6,2025-02-13 11:00:00
20.1,11,956.9,0.0,9.5,2025-02-13 12:00:00
20.6,11,955.8,0.0,11.9,2025-02-13 13:00:00
20.7,12,954.9,0.0,11.6,2025-02-13 14:00:00
20.5,13,954.4,0.0,10.5,2025-02-13 15:00:00
19.9,14,953.9,0.0,9.5,2025-02-13 16:00:00
18.8,17,953.4,0.0,7.2,2025-02-13 17:00:00
16.9,22,954.0,0.0,7.7,2025-02-13 18:00:00
15.2,26,954.2,0.0,8.4,2025-02-13 19:00:00
13.9,28,954.4,0.0,10.3,2025-02-13 20:00:00
13.6,26,954.2,0.0,11.4,2025-02-13 21:00:00
13.4,23,954.1,0.0,10.7,2025-02-13 22:00:00
13.2,21,953.7,0.0,7.8,2025-02-13 23:00:00
12.2,21,953.6,0.0,6.0,2025-02-14 00:00:00
12.4,20,953.5,0.0,6.8,2025-02-14 01:00:00
11.4,19,952.9,0.0,5.2,2025-02-14 02:00:00
11.3,19,952.4,0.0,4.2,2025-02-14 03:00:00
10.5,21,951.8,0.0,1.5,2025-02-14 04:00:00
10.0,22,951.6,0.0,2.3,2025-02-14 05:00:00
8.8,32,952.1,0.0,3.7,2025-02-14 06:00:00
9.2,30,952.5,0.0,4.0,2025-02-14 07:00:00
11.0,26,953.6,0.0,5.1,2025-02-14 08:00:00
14.2,23,954.7,0.0,4.2,2025-02-14 09:00:00
17.8,19,955.4,0.0,3.2,2025-02-14 10:00:00
20.2,17,955.4,0.0,5.6,2025-02-14 11:00:00
21.7,14,954.7,0.0,8.8,2025-02-14 12:00:00
22.1,14,953.7,0.0,10.6,2025-02-14 13:00:00
22.2,15,952.8,0.0,10.1,2025-02-14 14:00:00
22.0,16,952.0,0.0,9.9,2025-02-14 15:00:00
21.4,18,951.4,0.0,8.9,2025-02-14 16:00:00
20.3,19,951.1,0.0,8.8,2025-02-14 17:00:00
18.3,22,952.3,0.0,8.8,2025-02-14 18:00:00
17.2,24,952.2,0.0,7.9,2025-02-14 19:00:00
16.2,26,952.1,0.0,7.4,2025-02-14 20:00:00
15.5,26,951.7,0.0,5.8,2025-02-14 21:00:00
14.9,27,951.5,0.0,6.0,2025-02-14 22:00:00
14.7,27,951.0,0.0,5.1,2025-02-14 23:00:00
14.0,28,950.5,0.0,3.7,2025-02-15 00:00:00
13.8,28,950.0,0.0,5.5,2025-02-15 01:00:00
13.6,27,949.4,0.0,6.2,2025-02-15 02:00:00
13.2,26,948.7,0.0,5.2,2025-02-15 03:00:00
13.0,26,948.4,0.0,4.5,2025-02-15 04:00:00
12.7,26,948.5,0.0,4.9,2025-02-15 05:00:00
12.6,31,949.0,0.0,7.6,2025-02-15 06:00:00
11.3,34,949.4,0.0,5.1,2025-02-15 07:00:00
12.2,33,950.6,0.0,6.9,2025-02-15 08:00:00
15.5,27,951.9,0.0,2.3,2025-02-15 09:00:00
18.1,24,952.5,0.0,2.5,2025-02-15 10:00:00
20.2,23,952.3,0.0,6.4,2025-02-15 11:00:00
21.8,20,951.9,0.0,10.5,2025-02-15 12:00:00
22.7,18,951.1,0.0,11.9,2025-02-15 13:00:00
23.1,17,950.4,0.0,11.3,2025-02-15 14:00:00
23.0,17,950.4,0.0,11.5,2025-02-15 15:00:00
22.5,18,950.5,0.0,10.4,2025-02-15 16:00:00
21.6,19,950.5,0.0,8.6,2025-02-15 17:00:00
20.0,23,950.8,0.0,8.4,2025-02-15 18:00:00
18.4,26,950.8,0.0,5.9,2025-02-15 19:00:00
16.9,29,950.7,0.0,8.6,2025-02-15 20:00:00
15.8,31,951.0,0.0,7.4,2025-02-15 21:00:00
14.8,34,951.1,0.0,4.1,2025-02-15 22:00:00
13.7,40,951.3,0.0,0.9,2025-02-15 23:00:00
13.1,39,951.1,0.0,8.5,2025-02-16 00:00:00
12.5,37,950.9,0.0,8.7,2025-02-16 01:00:00
12.6,36,950.8,0.0,7.4,2025-02-16 02:00:00
12.0,38,950.6,0.0,5.5,2025-02-16 03:00:00
11.4,39,950.4,0.0,5.0,2025-02-16 04:00:00
11.4,40,950.3,0.0,5.0,2025-02-16 05:00:00
11.9,41,950.9,0.0,7.0,2025-02-16 06:00:00
10.8,46,950.9,0.0,4.5,2025-02-16 07:00:00
12.1,45,951.8,0.0,6.8,2025-02-16 08:00:00
15.1,37,953.2,0.0,6.7,2025-02-16 09:00:00
18.6,30,953.9,0.0,7.6,2025-02-16 10:00:00
20.7,32,953.8,0.0,6.9,2025-02-16 11:00:00
22.1,30,953.3,0.0,7.4,2025-02-16 12:00:00
23.1,27,952.5,0.0,11.0,2025-02-16 13:00:00
21.9,29,951.7,0.0,7.5,2025-02-16 14:00:00
22.4,28,951.2,0.0,9.6,2025-02-16 15:00:00
21.0,32,951.4,0.1,4.8,2025-02-16 16:00:00
20.1,33,951.7,0.0,2.5,2025-02-16 17:00:00
17.6,50,952.0,0.2,9.2,2025-02-16 18:00:00
17.0,50,952.3,0.0,8.1,2025-02-16 19:00:00
15.6,50,953.3,0.0,8.2,2025-02-16 20:00:00
14.6,50,954.2,0.0,7.0,2025-02-16 21:00:00
14.4,47,954.5,0.0,7.7,2025-02-16 22:00:00
14.1,46,954.4,0.0,6.5,2025-02-16 23:00:00
13.1,48,954.5,0.0,5.9,2025-02-17 00:00:00
13.1,47,954.2,0.0,6.1,2025-02-17 01:00:00
12.6,48,954.0,0.0,6.2,2025-02-17 02:00:00
12.6,48,953.9,0.0,6.8,2025-02-17 03:00:00
12.2,48,954.0,0.0,5.9,2025-02-17 04:00:00
11.3,49,954.1,0.0,3.6,2025-02-17 05:00:00
11.3,69,955.0,0.0,4.4,2025-02-17 06:00:00
11.5,68,955.3,0.0,7.7,2025-02-17 07:00:00
13.2,60,956.4,0.0,5.7,2025-02-17 08:00:00
15.5,46,957.9,0.0,1.1,2025-02-17 09:00:00
17.5,43,958.5,0.0,3.1,2025-02-17 10:00:00
19.0,37,958.8,0.1,5.7,2025-02-17 11:00:00
21.1,32,958.6,0.0,6.1,2025-02-17 12:00:00
21.3,31,957.9,0.0,2.2,2025-02-17 13:00:00
22.2,29,957.1,0.0,1.5,2025-02-17 14:00:00
22.6,28,956.8,0.0,3.3,2025-02-17 15:00:00
22.3,29,956.3,0.0,4.0,2025-02-17 16:00:00
21.4,31,956.1,0.0,5.2,2025-02-17 17:00:00
20.0,30,956.0,0.0,9.2,2025-02-17 18:00:00
18.7,33,956.4,0.0,10.9,2025-02-17 19:00:00
17.8,35,956.3,0.0,12.3,2025-02-17 20:00:00
17.2,34,956.5,0.0,11.7,2025-02-17 21:00:00
16.6,31,956.6,0.0,10.2,2025-02-17 22:00:00
16.0,28,956.7,0.0,7.5,2025-02-17 23:00:00
15.0,28,956.3,0.0,5.4,2025-02-18 00:00:00
13.6,30,955.5,0.0,3.5,2025-02-18 01:00:00
12.7,31,955.0,0.0,2.7,2025-02-18 02:00:00
12.2,32,954.6,0.0,5.1,2025-02-18 03:00:00
11.5,33,954.1,0.0,6.0,2025-02-18 04:00:00
10.8,35,953.8,0.0,5.9,2025-02-18 05:00:00
11.6,44,954.5,0.0,7.1,2025-02-18 06:00:00
10.7,48,954.7,0.0,5.6,2025-02-18 07:00:00
12.3,43,955.6,0.0,6.2,2025-02-18 08:00:00
16.7,32,957.0,0.0,4.6,2025-02-18 09:00:00
20.0,23,957.6,0.0,3.4,2025-02-18 10:00:00
22.2,17,957.6,0.0,5.7,2025-02-18 11:00:00
23.7,12,956.8,0.0,7.0,2025-02-18 12:00:00
24.3,11,955.7,0.0,7.8,2025-02-18 13:00:00
24.3,12,954.9,0.0,10.2,2025-02-18 14:00:00
23.5,13,954.3,0.0,12.5,2025-02-18 15:00:00
22.8,14,954.1,0.0,13.1,2025-02-18 16:00:00
21.5,16,954.0,0.0,12.6,2025-02-18 17:00:00
20.0,21,954.6,0.0,11.5,2025-02-18 18:00:00
18.6,25,954.8,0.0,12.4,2025-02-18 19:00:00
18.7,25,954.9,0.0,13.6,2025-02-18 20:00:00
18.3,25,955.2,0.0,12.9,2025-02-18 21:00:00
18.0,24,955.4,0.0,12.3,2025-02-18 22:00:00
17.5,25,955.2,0.0,16.8,2025-02-18 23:00:00
16.3,30,954.7,0.0,17.4,2025-02-19 00:00:00
15.8,30,953.9,0.0,14.0,2025-02-19 01:00:00
15.5,31,953.8,0.0,12.6,2025-02-19 02:00:00
14.8,35,953.2,0.0,9.4,2025-02-19 03:00:00
13.8,37,953.1,0.0,9.3,2025-02-19 04:00:00
13.3,39,952.7,0.0,9.4,2025-02-19 05:00:00
12.8,45,952.9,0.0,9.0,2025-02-19 06:00:00
12.6,46,952.9,0.0,7.8,2025-02-19 07:00:00
13.7,43,953.8,0.0,9.3,2025-02-19 08:00:00
16.9,36,954.6,0.0,7.1,2025-02-19 09:00:00
19.8,28,954.9,0.0,6.5,2025-02-19 10:00:00
21.5,24,954.1,0.0,5.4,2025-02-19 11:00:00
22.7,21,953.0,0.0,3.7,2025-02-19 12:00:00
23.6,20,951.5,0.0,5.0,2025-02-19 13:00:00
23.6,20,950.5,0.0,9.0,2025-02-19 14:00:00
22.7,22,949.8,0.0,8.7,2025-02-19 15:00:00
22.3,22,949.7,0.0,7.1,2025-02-19 16:00:00
21.4,27,949.4,0.0,5.4,2025-02-19 17:00:00
19.7,31,950.4,0.0,4.0,2025-02-19 18:00:00
18.2,44,950.2,0.0,2.5,2025-02-19 19:00:00
17.3,39,950.8,0.0,14.7,2025-02-19 20:00:00
15.5,57,951.2,0.0,14.7,2025-02-19 21:00:00
14.2,64,951.8,0.4,10.0,2025-02-19 22:00:00
12.8,77,951.3,0.2,12.6,2025-02-19 23:00:00
12.4,82,951.5,0.6,7.1,2025-02-20 00:00:00
11.8,93,951.1,1.6,7.7,2025-02-20 01:00:00
11.6,94,950.3,2.7,8.6,2025-02-20 02:00:00
11.5,95,949.9,1.6,5.3,2025-02-20 03:00:00
11.4,94,949.6,2.0,8.9,2025-02-20 04:00:00
11.4,91,949.5,1.7,9.4,2025-02-20 05:00:00
10.9,94,950.3,0.3,10.8,2025-02-20 06:00:00
11.0,97,951.3,0.3,11.7,2025-02-20 07:00:00
10.8,97,952.2,0.6,12.2,2025-02-20 08:00:00
10.6,96,953.2,1.3,12.5,2025-02-20 09:00:00
11.6,91,953.8,0.3,6.4,2025-02-20 10:00:00
12.7,86,954.4,0.1,9.1,2025-02-20 11:00:00
13.3,73,954.7,1.6,11.1,2025-02-20 12:00:00
10.7,83,954.7,5.2,13.4,2025-02-20 13:00:00
12.1,75,953.8,0.5,12.6,2025-02-20 14:00:00
12.9,72,954.2,0.9,9.5,2025-02-20 15:00:00
12.6,74,954.0,0.2,8.6,2025-02-20 16:00:00
12.0,77,954.3,0.1,10.4,2025-02-20 17:00:00
11.5,84,954.3,0.0,3.1,2025-02-20 18:00:00
10.8,85,955.0,0.0,3.1,2025-02-20 19:00:00
10.2,87,955.4,0.0,3.1,2025-02-20 20:00:00
9.8,87,956.1,0.0,2.8,2025-02-20 21:00:00
9.5,87,956.8,0.0,2.2,2025-02-20 22:00:00
9.1,87,957.2,0.0,2.1,2025-02-20 23:00:00
8.6,88,957.2,0.0,3.2,2025-02-21 00:00:00
7.9,91,956.8,0.0,3.5,2025-02-21 01:00:00
7.4,91,957.1,0.0,3.0,2025-02-21 02:00:00
7.7,87,957.1,0.0,2.2,2025-02-21 03:00:00
7.7,86,957.4,0.0,1.8,2025-02-21 04:00:00
8.3,82,957.6,0.0,3.8,2025-02-21 05:00:00
9.1,81,958.0,0.0,2.4,2025-02-21 06:00:00
8.7,83,958.4,0.0,4.8,2025-02-21 07:00:00
9.5,84,958.9,0.0,7.1,2025-02-21 08:00:00
12.6,75,960.0,0.0,3.9,2025-02-21 09:00:00
15.3,63,960.4,0.0,5.3,2025-02-21 10:00:00
16.9,51,960.3,0.0,7.5,2025-02-21 11:00:00
17.7,49,959.8,0.0,8.7,2025-02-21 12:00:00
18.4,48,959.0,0.0,8.0,2025-02-21 13:00:00
18.9,48,958.1,0.0,7.3,2025-02-21 14:00:00
19.0,49,957.4,0.0,6.6,2025-02-21 15:00:00
18.6,50,957.1,0.0,7.2,2025-02-21 16:00:00
17.4,56,956.6,0.0,7.7,2025-02-21 17:00:00
15.9,63,957.0,0.0,10.0,2025-02-21 18:00:00
14.5,68,956.9,0.0,9.2,2025-02-21 19:00:00
13.2,75,956.8,0.0,9.8,2025-02-21 20:00:00
13.3,76,957.2,0.0,9.7,2025-02-21 21:00:00
12.8,77,957.3,0.0,9.2,2025-02-21 22:00:00
12.6,78,956.9,0.0,8.8,2025-02-21 23:00:00
12.0,78,956.3,0.0,9.1,2025-02-22 00:00:00
12.0,77,956.0,0.0,7.8,2025-02-22 01:00:00
11.1,78,955.3,0.0,8.4,2025-02-22 02:00:00
10.6,78,954.8,0.0,8.9,2025-02-22 03:00:00
10.3,78,954.5,0.0,9.8,2025-02-22 04:00:00
10.2,78,954.4,0.0,10.3,2025-02-22 05:00:00
10.7,78,954.4,0.0,9.5,2025-02-22 06:00:00
10.2,79,954.9,0.0,9.7,2025-02-22 07:00:00
11.6,77,955.8,0.0,8.3,2025-02-22 08:00:00
14.6,69,957.0,0.0,5.4,2025-02-22 09:00:00
17.0,58,957.6,0.0,7.3,2025-02-22 10:00:00
18.6,50,957.7,0.0,9.1,2025-02-22 11:00:00
19.7,45,957.4,0.0,10.2,2025-02-22 12:00:00
20.3,41,956.5,0.0,11.0,2025-02-22 13:00:00
20.7,38,955.7,0.0,10.9,2025-02-22 14:00:00
20.6,37,955.3,0.0,10.6,2025-02-22 15:00:00
20.1,38,955.1,0.0,10.7,2025-02-22 16:00:00
18.6,46,954.9,0.0,8.1,2025-02-22 17:00:00
16.7,53,955.0,0.0,8.1,2025-02-22 18:00:00
14.8,63,955.2,0.0,6.7,2025-02-22 19:00:00
13.0,71,955.2,0.0,7.2,2025-02-22 20:00:00
11.9,74,955.4,0.0,6.5,2025-02-22 21:00:00
11.6,73,955.8,0.0,6.0,2025-02-22 22:00:00
11.8,68,956.1,0.0,4.9,2025-02-22 23:00:00
11.6,66,956.1,0.0,3.6,2025-02-23 00:00:00
11.2,63,956.1,0.0,2.3,2025-02-23 01:00:00
10.8,59,956.0,0.0,1.3,2025-02-23 02:00:00
10.4,60,955.7,0.0,2.3,2025-02-23 03:00:00
10.0,61,955.5,0.0,2.3,2025-02-23 04:00:00
9.8,62,955.6,0.0,2.7,2025-02-23 05:00:00
11.0,67,955.6,0.0,3.0,2025-02-23 06:00:00
11.1,67,956.2,0.0,2.7,2025-02-23 07:00:00
13.1,65,957.1,0.0,3.1,2025-02-23 08:00:00
15.8,57,958.4,0.0,1.8,2025-02-23 09:00:00
18.2,50,958.9,0.0,2.6,2025-02-23 10:00:00
20.0,45,959.1,0.0,5.5,2025-02-23 11:00:00
21.4,34,958.4,0.0,8.6,2025-02-23 12:00:00
22.1,28,957.5,0.0,10.8,2025-02-23 13:00:00
22.2,28,956.6,0.0,11.1,2025-02-23 14:00:00
22.0,28,955.9,0.0,10.2,2025-02-23 15:00:00
21.4,30,955.7,0.0,8.3,2025-02-23 16:00:00
19.7,40,955.5,0.0,6.4,2025-02-23 17:00:00
17.6,43,955.8,0.0,8.7,2025-02-23 18:00:00
16.1,50,956.2,0.0,8.5,2025-02-23 19:00:00
14.2,57,956.2,0.0,7.5,2025-02-23 20:00:00
12.8,61,956.2,0.0,8.0,2025-02-23 21:00:00
12.7,63,956.6,0.0,6.7,2025-02-23 22:00:00
12.6,65,956.8,0.0,4.2,2025-02-23 23:00:00
12.0,66,956.7,0.0,2.3,2025-02-24 00:00:00
11.7,61,957.2,0.0,0.8,2025-02-24 01:00:00
10.6,61,956.9,0.0,2.4,2025-02-24 02:00:00
10.8,56,956.8,0.0,2.8,2025-02-24 03:00:00
10.9,55,956.5,0.0,3.2,2025-02-24 04:00:00
10.9,56,956.6,0.0,2.8,2025-02-24 05:00:00
12.3,55,957.1,0.0,2.3,2025-02-24 06:00:00
11.8,53,957.6,0.0,2.3,2025-02-24 07:00:00
13.8,51,958.7,0.0,3.2,2025-02-24 08:00:00
16.9,45,960.0,0.0,2.4,2025-02-24 09:00:00
19.6,39,960.5,0.0,1.5,2025-02-24 10:00:00
22.1,34,960.5,0.0,4.3,2025-02-24 11:00:00
23.5,25,959.9,0.0,8.8,2025-02-24 12:00:00
23.6,25,958.9,0.0,12.1,2025-02-24 13:00:00
23.5,26,957.7,0.0,12.8,2025-02-24 14:00:00
23.3,26,957.2,0.0,12.8,2025-02-24 15:00:00
22.6,27,956.9,0.0,10.1,2025-02-24 16:00:00
21.1,36,956.6,0.0,6.0,2025-02-24 17:00:00
19.2,41,957.5,0.0,7.4,2025-02-24 18:00:00
17.3,48,957.4,0.0,6.9,2025-02-24 19:00:00
15.9,54,957.2,0.0,7.5,2025-02-24 20:00:00
15.8,56,957.6,0.0,7.6,2025-02-24 21:00:00
15.5,59,957.6,0.0,5.1,2025-02-24 22:00:00
15.2,61,957.6,0.0,3.6,2025-02-24 23:00:00
15.1,61,957.7,0.0,1.0,2025-02-25 00:00:00
14.5,59,957.4,0.0,4.0,2025-02-25 01:00:00
14.0,56,957.0,0.0,8.4,2025-02-25 02:00:00
14.0,58,956.9,0.0,9.6,2025-02-25 03:00:00
14.0,59,956.0,0.0,8.0,2025-02-25 04:00:00
13.8,61,956.0,0.0,5.5,2025-02-25 05:00:00
14.0,66,956.5,0.0,8.3,2025-02-25 06:00:00
14.3,63,957.2,0.0,8.3,2025-02-25 07:00:00
14.3,70,957.9,0.0,2.9,2025-02-25 08:00:00
16.1,62,959.8,0.0,7.6,2025-02-25 09:00:00
15.4,68,960.6,0.3,12.7,2025-02-25 10:00:00
15.4,70,960.4,0.2,8.0,2025-02-25 11:00:00
16.1,67,959.9,0.1,6.7,2025-02-25 12:00:00
16.5,62,959.2,0.1,5.7,2025-02-25 13:00:00
16.8,61,958.8,0.0,3.7,2025-02-25 14:00:00
16.3,66,958.9,0.2,5.5,2025-02-25 15:00:00
14.8,80,958.9,0.8,6.0,2025-02-25 16:00:00
14.2,79,958.7,0.2,7.7,2025-02-25 17:00:00
13.8,90,959.0,0.1,6.0,2025-02-25 18:00:00
13.8,92,958.9,0.0,1.7,2025-02-25 19:00:00
14.0,87,959.0,0.4,0.6,2025-02-25 20:00:00
13.7,83,958.9,1.3,10.3,2025-02-25 21:00:00
13.3,80,958.9,0.4,9.3,2025-02-25 22:00:00
12.8,89,958.5,0.7,4.3,2025-02-25 23:00:00
12.8,90,958.0,1.9,6.6,2025-02-26 00:00:00
12.6,90,957.0,0.1,14.3,2025-02-26 01:00:00
13.0,89,956.3,0.0,17.1,2025-02-26 02:00:00
12.8,90,956.1,0.3,14.2,2025-02-26 03:00:00
12.9,90,955.8,1.4,14.3,2025-02-26 04:00:00
12.9,89,955.9,0.2,11.8,2025-02-26 05:00:00
13.2,91,956.0,0.2,15.4,2025-02-26 06:00:00
12.9,92,956.8,0.1,11.6,2025-02-26 07:00:00
13.5,92,957.5,0.2,12.7,2025-02-26 08:00:00
15.1,85,958.7,0.1,11.4,2025-02-26 09:00:00
15.7,81,959.5,0.4,11.4,2025-02-26 10:00:00
16.0,78,959.8,0.6,13.0,2025-02-26 11:00:00
17.1,77,959.3,0.3,16.6,2025-02-26 12:00:00
18.1,68,958.5,0.0,18.8,2025-02-26 13:00:00
16.5,77,957.8,0.2,15.4,2025-02-26 14:00:00
17.2,73,957.0,0.1,15.8,2025-02-26 15:00:00
17.3,71,956.7,0.6,12.9,2025-02-26 16:00:00
17.3,70,956.4,0.0,12.8,2025-02-26 17:00:00
16.7,73,956.9,0.0,6.7,2025-02-26 18:00:00
15.9,78,956.8,0.0,4.4,2025-02-26 19:00:00
15.0,77,956.9,0.0,2.2,2025-02-26 20:00:00
14.6,75,957.0,0.0,1.8,2025-02-26 21:00:00
14.1,77,957.5,0.0,3.2,2025-02-26 22:00:00
14.0,74,957.1,0.3,9.6,2025-02-26 23:00:00
13.2,80,956.6,0.0,6.1,2025-02-27 00:00:00
12.4,88,957.3,0.1,3.0,2025-02-27 01:00:00
12.7,86,956.0,0.1,7.7,2025-02-27 02:00:00
12.3,88,955.5,0.0,5.4,2025-02-27 03:00:00
12.4,84,954.8,0.0,5.1,2025-02-27 04:00:00
12.3,81,954.8,0.0,1.8,2025-02-27 05:00:00
13.2,89,953.9,0.0,8.0,2025-02-27 06:00:00
12.7,88,954.0,0.0,7.0,2025-02-27 07:00:00
13.7,78,955.0,0.0,3.5,2025-02-27 08:00:00
14.4,74,955.4,0.0,2.7,2025-02-27 09:00:00
16.0,66,956.2,0.0,8.0,2025-02-27 10:00:00
15.5,73,956.0,0.0,8.6,2025-02-27 11:00:00
15.2,75,955.4,0.1,10.9,2025-02-27 12:00:00
15.3,74,954.4,0.1,8.9,2025-02-27 13:00:00
14.9,80,953.0,0.4,9.5,2025-02-27 14:00:00
14.4,82,952.3,0.8,11.7,2025-02-27 15:00:00
13.0,92,951.8,1.0,11.5,2025-02-27 16:00:00
12.7,92,951.5,1.1,10.4,2025-02-27 17:00:00
12.8,95,951.2,2.8,10.0,2025-02-27 18:00:00
12.5,93,951.7,1.4,12.4,2025-02-27 19:00:00
12.3,88,951.7,0.3,10.7,2025-02-27 20:00:00
12.5,86,951.8,0.5,7.4,2025-02-27 21:00:00
12.4,88,952.2,0.1,6.3,2025-02-27 22:00:00
11.7,91,952.0,1.5,9.2,2025-02-27 23:00:00
11.5,93,951.3,0.2,6.6,2025-02-28 00:00:00
11.8,93,950.7,0.0,5.5,2025-02-28 01:00:00
11.8,93,949.9,0.0,4.6,2025-02-28 02:00:00
11.7,91,949.3,0.0,5.6,2025-02-28 03:00:00
11.6,91,948.8,0.1,5.2,2025-02-28 04:00:00
11.5,91,948.6,0.1,3.8,2025-02-28 05:00:00
10.9,94,948.6,2.0,7.4,2025-02-28 06:00:00
10.9,94,949.0,2.7,7.5,2025-02-28 07:00:00
11.2,94,949.7,3.0,2.3,2025-02-28 08:00:00
12.0,85,951.2,4.8,2.3,2025-02-28 09:00:00
13.3,82,951.8,0.4,5.0,2025-02-28 10:00:00
14.3,79,951.8,0.2,6.2,2025-02-28 11:00:00
15.3,77,951.4,0.1,6.6,2025-02-28 12:00:00
16.6,72,950.7,0.0,5.9,2025-02-28 13:00:00
17.0,66,949.6,0.1,7.6,2025-02-28 14:00:00
15.7,73,949.4,1.1,8.2,2025-02-28 15:00:00
14.0,80,949.9,0.3,8.4,2025-02-28 16:00:00
13.5,82,950.1,0.2,9.9,2025-02-28 17:00:00
12.2,88,950.9,0.0,8.7,2025-02-28 18:00:00
11.4,87,952.0,0.1,9.1,2025-02-28 19:00:00
10.6,89,952.0,0.2,8.2,2025-02-28 20:00:00
10.2,90,952.0,0.0,6.6,2025-02-28 21:00:00
10.3,87,952.4,0.0,6.9,2025-02-28 22:00:00
9.9,86,952.7,0.0,7.3,2025-02-28 23:00:00
9.6,85,952.7,0.0,6.1,2025-03-01 00:00:00
9.3,84,952.8,0.0,4.0,2025-03-01 01:00:00
9.3,80,952.7,0.0,4.3,2025-03-01 02:00:00
9.3,78,952.7,0.0,4.5,2025-03-01 03:00:00
9.6,76,952.9,0.0,5.9,2025-03-01 04:00:00
9.5,76,953.0,0.0,6.8,2025-03-01 05:00:00
10.3,78,953.7,0.0,3.4,2025-03-01 06:00:00
10.2,79,954.3,0.0,2.4,2025-03-01 07:00:00
11.5,81,955.4,0.0,4.4,2025-03-01 08:00:00
14.1,70,956.9,0.0,2.8,2025-03-01 09:00:00
16.5,61,957.7,0.0,2.7,2025-03-01 10:00:00
18.0,55,957.7,0.0,4.0,2025-03-01 11:00:00
18.8,51,957.1,0.1,3.9,2025-03-01 12:00:00
19.3,46,956.1,0.0,3.8,2025-03-01 13:00:00
19.7,42,955.1,0.0,4.4,2025-03-01 14:00:00
19.4,41,954.7,0.0,6.8,2025-03-01 15:00:00
19.0,43,954.4,0.0,8.5,2025-03-01 16:00:00
17.8,51,954.2,0.0,7.5,2025-03-01 17:00:00
15.4,61,954.6,0.0,8.9,2025-03-01 18:00:00
13.6,68,954.9,0.0,9.6,2025-03-01 19:00:00
12.7,72,955.2,0.0,11.1,2025-03-01 20:00:00
11.9,74,955.2,0.0,10.0,2025-03-01 21:00:00
10.9,77,955.0,0.0,8.6,2025-03-01 22:00:00
10.2,79,954.8,0.0,7.3,2025-03-01 23:00:00
9.9,79,954.5,0.0,6.3,2025-03-02 00:00:00
9.7,77,954.0,0.0,6.3,2025-03-02 01:00:00
9.5,77,953.4,0.0,6.0,2025-03-02 02:00:00
9.4,77,953.1,0.0,5.5,2025-03-02 03:00:00
9.4,76,952.7,0.0,5.9,2025-03-02 04:00:00
9.2,76,952.6,0.0,6.4,2025-03-02 05:00:00
10.0,77,953.0,0.0,7.5,2025-03-02 06:00:00
9.9,77,953.5,0.0,6.6,2025-03-02 07:00:00
11.9,73,954.4,0.0,6.6,2025-03-02 08:00:00
15.1,63,955.1,0.0,3.1,2025-03-02 09:00:00
17.5,53,955.6,0.0,3.5,2025-03-02 10:00:00
19.4,43,955.4,0.0,5.2,2025-03-02 11:00:00
20.6,38,954.6,0.0,5.4,2025-03-02 12:00:00
21.0,38,953.7,0.0,6.4,2025-03-02 13:00:00
21.0,40,952.4,0.0,9.3,2025-03-02 14:00:00
20.8,40,951.4,0.0,8.4,2025-03-02 15:00:00
20.5,40,950.5,0.0,6.1,2025-03-02 16:00:00
19.0,48,949.9,0.0,6.0,2025-03-02 17:00:00
16.5,54,950.0,0.0,6.6,2025-03-02 18:00:00
14.8,61,949.9,0.0,6.4,2025-03-02 19:00:00
13.5,68,949.6,0.0,6.3,2025-03-02 20:00:00
12.8,73,949.9,0.0,5.4,2025-03-02 21:00:00
12.4,77,950.2,0.0,0.4,2025-03-02 22:00:00
12.9,72,951.0,0.0,7.5,2025-03-02 23:00:00
11.6,76,950.9,0.3,10.8,2025-03-03 00:00:00
10.4,91,951.5,3.3,13.3,2025-03-03 01:00:00
10.1,87,950.3,3.0,14.5,2025-03-03 02:00:00
10.6,82,949.8,3.4,16.3,2025-03-03 03:00:00
10.8,79,949.6,0.1,15.7,2025-03-03 04:00:00
10.2,91,950.0,2.4,15.3,2025-03-03 05:00:00
10.7,90,951.0,3.5,11.8,2025-03-03 06:00:00
10.4,91,951.5,5.7,10.6,2025-03-03 07:00:00
10.4,93,951.7,2.1,14.7,2025-03-03 08:00:00
12.6,76,952.4,0.1,18.0,2025-03-03 09:00:00
12.3,79,953.0,0.4,15.7,2025-03-03 10:00:00
12.5,83,952.8,0.5,12.8,2025-03-03 11:00:00
12.7,86,952.2,0.4,11.9,2025-03-03 12:00:00
13.1,85,951.2,0.8,14.4,2025-03-03 13:00:00
12.5,88,950.3,4.8,10.1,2025-03-03 14:00:00
12.9,82,949.7,3.5,13.0,2025-03-03 15:00:00
12.1,90,949.9,1.8,12.3,2025-03-03 16:00:00
11.5,94,950.0,7.9,2.5,2025-03-03 17:00:00
10.7,94,951.2,0.3,6.7,2025-03-03 18:00:00
9.6,97,951.7,1.5,7.2,2025-03-03 19:00:00
9.4,90,951.9,0.0,10.2,2025-03-03 20:00:00
9.8,90,951.1,0.0,8.7,2025-03-03 21:00:00
8.9,93,951.7,0.1,7.4,2025-03-03 22:00:00
8.8,97,952.5,0.9,7.4,2025-03-03 23:00:00
8.7,95,951.3,0.1,9.7,2025-03-04 00:00:00
7.9,94,950.8,0.0,4.4,2025-03-04 01:00:00
7.5,93,950.4,0.0,4.0,2025-03-04 02:00:00
7.7,88,950.6,0.0,0.8,2025-03-04 03:00:00
7.4,88,950.5,0.0,3.5,2025-03-04 04:00:00
7.1,85,950.6,0.0,1.7,2025-03-04 05:00:00
7.7,94,951.4,0.0,3.4,2025-03-04 06:00:00
7.6,95,952.3,0.0,5.2,2025-03-04 07:00:00
9.4,93,953.6,0.1,8.3,2025-03-04 08:00:00
11.3,87,955.7,0.0,5.2,2025-03-04 09:00:00
13.0,72,956.5,0.0,4.8,2025-03-04 10:00:00
14.5,60,956.7,0.0,3.4,2025-03-04 11:00:00
15.1,55,957.0,0.0,5.9,2025-03-04 12:00:00
15.9,45,956.7,0.0,10.1,2025-03-04 13:00:00
16.0,33,956.3,0.0,17.0,2025-03-04 14:00:00
16.1,32,956.1,0.0,16.0,2025-03-04 15:00:00
15.8,32,955.9,0.0,15.2,2025-03-04 16:00:00
14.9,39,955.7,0.0,9.9,2025-03-04 17:00:00
13.4,49,956.3,0.0,7.3,2025-03-04 18:00:00
11.8,57,956.4,0.0,8.7,2025-03-04 19:00:00
10.0,69,956.3,0.0,8.7,2025-03-04 20:00:00
8.8,73,956.3,0.0,8.9,2025-03-04 21:00:00
9.1,68,956.6,0.0,9.5,2025-03-04 22:00:00
9.8,61,956.8,0.0,10.0,2025-03-04 23:00:00
10.0,61,956.8,0.0,9.8,2025-03-05 00:00:00
9.8,63,956.6,0.0,9.4,2025-03-05 01:00:00
9.2,67,955.9,0.0,9.0,2025-03-05 02:00:00
8.6,71,955.3,0.0,10.3,2025-03-05 03:00:00
8.4,71,954.7,0.0,11.9,2025-03-05 04:00:00
8.1,71,955.0,0.0,13.1,2025-03-05 05:00:00
9.8,63,955.2,0.0,15.8,2025-03-05 06:00:00
10.0,60,955.5,0.0,16.2,2025-03-05 07:00:00
11.6,59,956.3,0.0,15.5,2025-03-05 08:00:00
14.2,56,956.8,0.0,15.2,2025-03-05 09:00:00
16.2,46,956.8,0.0,17.5,2025-03-05 10:00:00
17.7,41,956.6,0.0,19.7,2025-03-05 11:00:00
18.5,40,955.8,0.0,21.1,2025-03-05 12:00:00
19.1,38,954.9,0.0,21.3,2025-03-05 13:00:00
19.7,32,953.9,0.0,20.2,2025-03-05 14:00:00
19.7,31,953.2,0.0,20.3,2025-03-05 15:00:00
19.0,34,952.7,0.0,18.4,2025-03-05 16:00:00
17.4,41,952.4,0.0,16.9,2025-03-05 17:00:00
15.5,48,952.9,0.0,16.0,2025-03-05 18:00:00
14.3,51,952.5,0.0,15.0,2025-03-05 19:00:00
13.8,49,952.3,0.0,13.5,2025-03-05 20:00:00
13.0,47,952.2,0.0,10.4,2025-03-05 21:00:00
12.1,50,951.9,0.0,9.7,2025-03-05 22:00:00
11.8,51,951.8,0.0,9.7,2025-03-05 23:00:00
11.9,53,951.1,0.0,9.0,2025-03-06 00:00:00
11.6,57,950.5,0.0,7.5,2025-03-06 01:00:00
10.6,61,949.9,0.0,5.8,2025-03-06 02:00:00
10.2,63,949.5,0.0,6.6,2025-03-06 03:00:00
9.3,68,949.5,0.0,4.3,2025-03-06 04:00:00
8.9,68,949.6,0.0,3.5,2025-03-06 05:00:00
10.8,61,950.0,0.0,2.3,2025-03-06 06:00:00
10.1,64,950.3,0.0,3.1,2025-03-06 07:00:00
12.5,63,951.3,0.0,3.5,2025-03-06 08:00:00
15.6,58,952.1,0.0,1.5,2025-03-06 09:00:00
18.0,53,952.5,0.0,2.9,2025-03-06 10:00:00
19.7,49,952.6,0.0,4.1,2025-03-06 11:00:00
21.0,43,952.2,0.0,6.0,2025-03-06 12:00:00
21.8,37,951.6,0.0,7.0,2025-03-06 13:00:00
22.3,34,951.2,0.0,7.7,2025-03-06 14:00:00
22.3,33,951.0,0.0,8.3,2025-03-06 15:00:00
21.9,37,950.6,0.0,5.6,2025-03-06 16:00:00
20.4,54,950.5,0.0,3.1,2025-03-06 17:00:00
16.9,64,951.2,0.0,3.6,2025-03-06 18:00:00
15.3,63,951.5,0.0,3.5,2025-03-06 19:00:00
14.0,60,951.8,0.0,4.7,2025-03-06 20:00:00
13.3,56,952.0,0.0,4.1,2025-03-06 21:00:00
12.5,54,952.0,0.0,3.8,2025-03-06 22:00:00
12.4,49,951.8,0.0,4.0,2025-03-06 23:00:00
12.4,47,951.6,0.0,3.0,2025-03-07 00:00:00
11.6,48,951.1,0.0,2.8,2025-03-07 01:00:00
11.4,50,951.0,0.0,2.9,2025-03-07 02:00:00
11.3,52,950.5,0.0,3.5,2025-03-07 03:00:00
11.5,56,950.3,0.0,3.2,2025-03-07 04:00:00
11.5,52,950.1,0.0,3.5,2025-03-07 05:00:00
13.3,47,951.0,0.0,2.0,2025-03-07 06:00:00
13.8,46,951.2,0.0,1.8,2025-03-07 07:00:00
15.7,45,951.9,0.0,3.0,2025-03-07 08:00:00
17.7,43,952.3,0.0,2.7,2025-03-07 09:00:00
20.0,38,952.7,0.0,2.5,2025-03-07 10:00:00
21.5,39,952.7,0.0,6.5,2025-03-07 11:00:00
22.4,37,952.5,0.0,8.7,2025-03-07 12:00:00
22.9,34,951.5,0.0,8.8,2025-03-07 13:00:00
23.2,31,950.5,0.0,9.4,2025-03-07 14:00:00
22.8,33,950.2,0.0,10.1,2025-03-07 15:00:00
22.2,37,949.5,0.0,8.0,2025-03-07 16:00:00
20.7,51,948.9,0.0,4.9,2025-03-07 17:00:00
18.5,61,949.4,0.0,5.1,2025-03-07 18:00:00
16.5,66,949.1,0.0,6.1,2025-03-07 19:00:00
14.8,70,949.1,0.0,6.1,2025-03-07 20:00:00
14.1,66,949.6,0.0,7.2,2025-03-07 21:00:00
14.2,62,950.0,0.0,6.5,2025-03-07 22:00:00
13.8,63,949.6,0.0,4.4,2025-03-07 23:00:00
13.5,60,950.0,0.0,5.0,2025-03-08 00:00:00
13.1,60,950.1,0.0,8.5,2025-03-08 01:00:00
14.2,51,949.8,0.0,12.9,2025-03-08 02:00:00
13.3,54,948.8,0.0,11.7,2025-03-08 03:00:00
12.3,61,948.2,0.0,10.2,2025-03-08 04:00:00
11.9,63,948.1,0.0,10.3,2025-03-08 05:00:00
13.4,54,948.2,0.0,10.8,2025-03-08 06:00:00
12.9,54,948.5,0.0,11.1,2025-03-08 07:00:00
14.7,54,949.3,0.0,11.9,2025-03-08 08:00:00
18.0,52,950.4,0.0,11.0,2025-03-08 09:00:00
20.3,43,951.1,0.0,12.3,2025-03-08 10:00:00
21.7,37,950.7,0.0,16.2,2025-03-08 11:00:00
22.4,36,950.4,0.0,17.5,2025-03-08 12:00:00
23.0,35,949.2,0.0,16.8,2025-03-08 13:00:00
23.4,33,948.2,0.0,15.5,2025-03-08 14:00:00
23.2,32,947.8,0.0,14.8,2025-03-08 15:00:00
22.6,34,947.5,0.0,12.4,2025-03-08 16:00:00
21.0,42,947.4,0.0,10.4,2025-03-08 17:00:00
18.6,50,947.7,0.0,7.7,2025-03-08 18:00:00
16.3,61,947.2,0.0,5.5,2025-03-08 19:00:00
14.4,72,947.6,0.0,6.0,2025-03-08 20:00:00
13.1,74,948.1,0.0,5.2,2025-03-08 21:00:00
13.3,66,948.8,0.0,4.0,2025-03-08 22:00:00
13.6,55,949.3,0.0,3.8,2025-03-08 23:00:00
13.3,51,949.3,0.0,4.8,2025-03-09 00:00:00
12.5,52,949.0,0.0,6.5,2025-03-09 01:00:00
11.5,56,949.2,0.0,8.2,2025-03-09 02:00:00
11.5,58,949.0,0.0,8.8,2025-03-09 03:00:00
11.9,58,949.1,0.0,9.7,2025-03-09 04:00:00
11.7,62,949.5,0.0,6.1,2025-03-09 05:00:00
13.0,58,950.3,0.0,6.1,2025-03-09 06:00:00
13.1,57,950.7,0.0,7.3,2025-03-09 07:00:00
15.4,54,951.9,0.0,5.9,2025-03-09 08:00:00
18.2,54,953.1,0.0,3.1,2025-03-09 09:00:00
20.6,50,954.0,0.0,3.3,2025-03-09 10:00:00
22.8,42,954.8,0.0,4.2,2025-03-09 11:00:00
23.2,41,954.4,0.0,4.5,2025-03-09 12:00:00
24.6,37,953.7,0.0,5.0,2025-03-09 13:00:00
24.3,38,953.0,0.0,5.5,2025-03-09 14:00:00
23.9,40,952.3,0.0,4.6,2025-03-09 15:00:00
24.1,42,952.5,0.0,1.6,2025-03-09 16:00:00
22.3,52,952.1,0.0,3.8,2025-03-09 17:00:00
20.1,60,953.0,0.0,5.6,2025-03-09 18:00:00
19.2,61,953.4,0.0,4.7,2025-03-09 19:00:00
18.8,59,954.1,0.0,4.0,2025-03-09 20:00:00
18.6,53,954.8,0.0,4.9,2025-03-09 21:00:00
17.5,50,954.6,0.0,7.0,2025-03-09 22:00:00
16.6,52,954.7,0.0,6.5,2025-03-09 23:00:00
16.7,53,954.8,0.0,6.5,2025-03-10 00:00:00
17.1,48,954.9,0.5,8.4,2025-03-10 01:00:00
15.7,55,954.6,0.0,4.0,2025-03-10 02:00:00
16.4,50,954.9,0.0,2.3,2025-03-10 03:00:00
15.6,70,954.7,0.4,12.1,2025-03-10 04:00:00
15.5,72,954.6,0.1,8.8,2025-03-10 05:00:00
16.1,64,955.9,0.0,7.3,2025-03-10 06:00:00
16.1,64,956.4,0.0,5.8,2025-03-10 07:00:00
16.3,66,957.3,0.0,7.1,2025-03-10 08:00:00
17.7,64,958.4,0.0,5.2,2025-03-10 09:00:00
20.5,55,959.6,0.0,0.8,2025-03-10 10:00:00
19.9,56,960.4,0.0,6.1,2025-03-10 11:00:00
18.0,67,960.4,1.7,11.2,2025-03-10 12:00:00
17.0,78,959.7,4.1,11.4,2025-03-10 13:00:00
18.2,69,959.2,3.5,12.2,2025-03-10 14:00:00
19.2,62,958.6,0.1,13.2,2025-03-10 15:00:00
18.2,66,957.8,0.5,12.3,2025-03-10 16:00:00
18.0,72,957.4,0.0,2.0,2025-03-10 17:00:00
17.3,74,958.0,0.0,4.5,2025-03-10 18:00:00
15.6,85,957.4,0.0,6.3,2025-03-10 19:00:00
14.6,90,957.6,0.0,6.2,2025-03-10 20:00:00
14.6,87,958.5,0.7,11.1,2025-03-10 21:00:00
14.8,77,958.6,0.0,10.4,2025-03-10 22:00:00
15.0,73,958.4,0.0,10.2,2025-03-10 23:00:00
14.9,68,958.2,0.0,9.7,2025-03-11 00:00:00
14.1,73,957.3,0.0,4.5,2025-03-11 01:00:00
12.7,82,956.7,0.1,6.6,2025-03-11 02:00:00
11.9,88,955.7,0.0,4.6,2025-03-11 03:00:00
11.0,94,955.3,0.0,3.9,2025-03-11 04:00:00
10.8,91,955.5,0.0,5.2,2025-03-11 05:00:00
12.2,88,955.6,0.0,8.8,2025-03-11 06:00:00
12.6,87,956.2,0.0,9.2,2025-03-11 07:00:00
14.8,81,957.5,0.0,9.1,2025-03-11 08:00:00
17.3,74,958.2,0.0,5.0,2025-03-11 09:00:00
20.0,66,958.7,0.0,2.2,2025-03-11 10:00:00
20.8,61,958.8,0.0,4.0,2025-03-11 11:00:00
22.0,55,958.3,0.0,4.1,2025-03-11 12:00:00
22.8,50,957.4,0.0,5.3,2025-03-11 13:00:00
23.1,48,956.2,0.0,5.8,2025-03-11 14:00:00
23.0,48,955.7,0.0,5.1,2025-03-11 15:00:00
22.8,49,955.1,0.0,4.2,2025-03-11 16:00:00
22.2,58,954.8,0.0,3.0,2025-03-11 17:00:00
19.8,72,954.7,0.0,3.8,2025-03-11 18:00:00
18.7,71,954.2,0.0,3.1,2025-03-11 19:00:00
17.2,78,953.9,0.0,4.0,2025-03-11 20:00:00
16.1,82,953.8,0.0,5.1,2025-03-11 21:00:00
15.8,80,953.8,0.0,4.5,2025-03-11 22:00:00
15.9,78,953.5,0.0,3.1,2025-03-11 23:00:00
16.1,78,953.4,0.0,4.7,2025-03-12 00:00:00
16.1,76,953.6,0.0,8.1,2025-03-12 01:00:00
15.5,79,953.1,0.0,7.4,2025-03-12 02:00:00
14.9,83,952.9,0.0,7.6,2025-03-12 03:00:00
14.5,87,952.1,2.1,7.9,2025-03-12 04:00:00
14.2,89,951.6,0.4,3.4,2025-03-12 05:00:00
14.5,94,952.4,0.9,7.6,2025-03-12 06:00:00
14.6,95,952.7,0.0,5.1,2025-03-12 07:00:00
15.8,92,953.0,0.0,3.9,2025-03-12 08:00:00
17.4,84,953.7,0.0,1.0,2025-03-12 09:00:00
19.2,68,954.0,0.0,3.6,2025-03-12 10:00:00
20.7,61,953.7,0.0,4.5,2025-03-12 11:00:00
21.5,59,953.0,0.0,4.8,2025-03-12 12:00:00
22.0,57,952.2,0.0,4.7,2025-03-12 13:00:00
22.3,57,951.2,0.0,2.2,2025-03-12 14:00:00
22.3,57,950.6,0.0,3.4,2025-03-12 15:00:00
21.4,62,950.3,2.1,6.2,2025-03-12 16:00:00
21.0,63,949.8,0.0,5.2,2025-03-12 17:00:00
20.4,71,949.8,0.0,0.4,2025-03-12 18:00:00
18.3,77,949.5,0.0,4.0,2025-03-12 19:00:00
17.4,81,949.7,0.0,6.0,2025-03-12 20:00:00
16.7,83,950.0,0.0,5.7,2025-03-12 21:00:00
16.1,85,950.0,0.0,5.2,2025-03-12 22:00:00
15.6,86,949.7,0.0,4.3,2025-03-12 23:00:00
15.0,87,949.5,0.0,3.2,2025-03-13 00:00:00
14.8,87,948.9,0.0,3.6,2025-03-13 01:00:00
13.5,89,949.1,1.1,7.4,2025-03-13 02:00:00
13.0,90,948.4,0.5,7.8,2025-03-13 03:00:00
12.4,96,948.6,1.0,4.6,2025-03-13 04:00:00
12.0,94,948.4,0.0,4.6,2025-03-13 05:00:00
14.3,87,948.4,0.0,1.0,2025-03-13 06:00:00
14.3,87,948.8,0.0,6.0,2025-03-13 07:00:00
16.1,76,950.0,0.0,4.1,2025-03-13 08:00:00
17.4,71,950.5,0.0,4.1,2025-03-13 09:00:00
19.0,63,951.0,0.0,4.9,2025-03-13 10:00:00
20.5,59,950.9,0.0,5.8,2025-03-13 11:00:00
21.3,55,950.4,0.0,4.4,2025-03-13 12:00:00
20.9,55,950.2,0.3,3.0,2025-03-13 13:00:00
18.8,66,949.4,0.3,10.0,2025-03-13 14:00:00
20.0,60,948.9,0.0,5.3,2025-03-13 15:00:00
19.7,60,948.7,0.0,5.8,2025-03-13 16:00:00
19.3,61,948.7,0.0,6.1,2025-03-13 17:00:00
18.3,65,948.8,0.0,10.6,2025-03-13 18:00:00
16.7,70,948.8,0.0,6.8,2025-03-13 19:00:00
15.7,70,949.2,0.0,8.4,2025-03-13 20:00:00
15.0,69,949.4,0.0,7.6,2025-03-13 21:00:00
14.5,68,949.5,0.0,7.9,2025-03-13 22:00:00
13.9,71,949.2,0.0,7.0,2025-03-13 23:00:00
12.9,78,948.9,0.0,4.2,2025-03-14 00:00:00
12.6,80,948.8,0.0,1.1,2025-03-14 01:00:00
13.5,71,948.8,0.0,2.6,2025-03-14 02:00:00
14.2,67,948.5,0.0,4.0,2025-03-14 03:00:00
14.1,68,948.3,0.0,4.1,2025-03-14 04:00:00
13.9,69,949.0,0.0,6.0,2025-03-14 05:00:00
13.0,85,951.3,0.0,14.9,2025-03-14 06:00:00
13.8,81,950.5,0.2,15.7,2025-03-14 07:00:00
15.1,77,951.1,0.0,11.3,2025-03-14 08:00:00
17.2,72,952.2,0.0,1.4,2025-03-14 09:00:00
16.8,76,953.2,0.4,12.8,2025-03-14 10:00:00
17.6,72,953.2,0.5,6.0,2025-03-14 11:00:00
18.0,67,952.9,0.4,8.6,2025-03-14 12:00:00
18.8,58,952.3,0.0,9.2,2025-03-14 13:00:00
18.5,62,951.9,1.1,11.0,2025-03-14 14:00:00
17.5,66,951.3,0.0,10.8,2025-03-14 15:00:00
16.5,75,951.4,2.6,12.6,2025-03-14 16:00:00
16.3,74,950.9,1.3,15.1,2025-03-14 17:00:00
16.1,70,951.5,0.0,9.8,2025-03-14 18:00:00
15.3,67,951.8,0.0,10.1,2025-03-14 19:00:00
14.4,65,952.1,0.0,11.8,2025-03-14 20:00:00
13.6,65,952.3,0.0,10.3,2025-03-14 21:00:00
12.8,67,952.6,0.0,12.5,2025-03-14 22:00:00
12.4,69,952.4,0.0,7.7,2025-03-14 23:00:00
12.2,76,952.4,0.4,14.0,2025-03-15 00:00:00
12.2,86,952.0,0.2,11.7,2025-03-15 01:00:00
11.9,88,951.5,0.0,12.7,2025-03-15 02:00:00
11.8,88,951.0,0.2,7.3,2025-03-15 03:00:00
11.2,92,951.0,0.1,2.3,2025-03-15 04:00:00
11.8,90,950.9,0.0,4.1,2025-03-15 05:00:00
12.5,94,951.8,0.0,1.8,2025-03-15 06:00:00
12.7,91,952.6,0.0,0.9,2025-03-15 07:00:00
14.2,81,953.3,0.0,4.5,2025-03-15 08:00:00
15.8,70,954.4,0.8,4.0,2025-03-15 09:00:00
15.7,70,954.8,2.7,2.3,2025-03-15 10:00:00
15.9,70,954.6,1.4,6.8,2025-03-15 11:00:00
17.2,64,954.5,0.1,7.7,2025-03-15 12:00:00
18.3,60,954.1,0.0,7.0,2025-03-15 13:00:00
18.9,57,953.3,0.1,5.2,2025-03-15 14:00:00
19.1,54,952.9,0.0,3.7,2025-03-15 15:00:00
19.3,52,952.5,0.0,2.0,2025-03-15 16:00:00
19.0,53,952.5,0.0,2.4,2025-03-15 17:00:00
16.1,75,953.5,0.0,4.5,2025-03-15 18:00:00
14.7,80,953.6,0.0,4.8,2025-03-15 19:00:00
14.2,81,953.9,0.0,2.8,2025-03-15 20:00:00
13.5,84,954.5,0.0,3.8,2025-03-15 21:00:00
12.4,88,954.9,0.0,6.5,2025-03-15 22:00:00
12.9,79,954.8,0.0,6.5,2025-03-15 23:00:00
12.5,82,954.5,0.0,6.9,2025-03-16 00:00:00
12.3,85,954.1,0.0,4.4,2025-03-16 01:00:00
12.2,83,953.9,0.0,8.3,2025-03-16 02:00:00
11.9,86,953.5,0.0,6.2,2025-03-16 03:00:00
11.8,85,953.5,0.0,7.7,2025-03-16 04:00:00
11.7,86,953.5,0.0,5.1,2025-03-16 05:00:00
11.1,93,953.8,0.0,8.5,2025-03-16 06:00:00
11.5,91,954.3,0.0,5.2,2025-03-16 07:00:00
13.9,87,954.9,0.0,5.2,2025-03-16 08:00:00
16.4,71,955.9,0.0,4.4,2025-03-16 09:00:00
19.0,61,956.3,0.0,3.8,2025-03-16 10:00:00
20.7,50,956.1,0.0,2.8,2025-03-16 11:00:00
21.6,47,955.6,0.0,1.5,2025-03-16 12:00:00
22.3,42,954.5,0.0,1.2,2025-03-16 13:00:00
22.6,38,953.7,0.0,1.7,2025-03-16 14:00:00
22.4,38,953.0,0.0,2.1,2025-03-16 15:00:00
21.8,40,952.5,0.0,3.3,2025-03-16 16:00:00
20.8,50,951.9,0.0,5.3,2025-03-16 17:00:00
19.1,58,951.8,0.0,10.1,2025-03-16 18:00:00
17.7,60,951.4,0.0,11.4,2025-03-16 19:00:00
16.2,68,951.4,0.0,9.5,2025-03-16 20:00:00
14.9,74,951.4,0.0,7.8,2025-03-16 21:00:00
14.3,75,951.6,0.0,6.6,2025-03-16 22:00:00
14.1,74,951.5,0.0,4.8,2025-03-16 23:00:00
13.4,74,951.5,0.0,2.9,2025-03-17 00:00:00
13.0,73,951.6,0.0,2.9,2025-03-17 01:00:00
12.7,71,951.5,0.0,4.0,2025-03-17 02:00:00
12.2,70,951.3,0.0,4.2,2025-03-17 03:00:00
12.3,68,951.5,0.0,4.7,2025-03-17 04:00:00
12.1,68,951.7,0.0,4.7,2025-03-17 05:00:00
14.4,64,952.8,0.0,4.6,2025-03-17 06:00:00
14.5,66,953.1,0.0,5.8,2025-03-17 07:00:00
15.8,65,954.1,0.0,6.1,2025-03-17 08:00:00
18.1,61,955.4,0.0,4.7,2025-03-17 09:00:00
20.2,52,955.9,0.0,4.0,2025-03-17 10:00:00
21.8,48,956.0,0.0,3.7,2025-03-17 11:00:00
23.0,44,955.7,0.0,3.1,2025-03-17 12:00:00
23.7,39,954.6,0.0,3.1,2025-03-17 13:00:00
24.2,36,953.9,0.0,5.1,2025-03-17 14:00:00
24.2,35,953.2,0.0,6.8,2025-03-17 15:00:00
23.8,36,953.0,0.0,7.2,2025-03-17 16:00:00
22.7,50,952.8,0.0,4.2,2025-03-17 17:00:00
20.4,57,953.6,0.0,4.9,2025-03-17 18:00:00
18.6,64,953.2,0.0,5.4,2025-03-17 19:00:00
16.5,73,953.1,0.0,6.0,2025-03-17 20:00:00
15.2,77,953.5,0.0,5.8,2025-03-17 21:00:00
14.3,77,953.4,0.0,4.5,2025-03-17 22:00:00
14.2,75,953.3,0.0,4.0,2025-03-17 23:00:00
14.3,70,953.1,0.0,3.8,2025-03-18 00:00:00
13.8,69,952.7,0.0,2.9,2025-03-18 01:00:00
13.6,65,952.5,0.0,2.2,2025-03-18 02:00:00
13.8,63,952.2,0.0,4.8,2025-03-18 03:00:00
13.4,65,951.9,0.0,6.5,2025-03-18 04:00:00
12.7,70,951.9,0.0,4.5,2025-03-18 05:00:00
13.3,72,952.9,0.0,3.1,2025-03-18 06:00:00
14.3,69,953.6,0.0,3.3,2025-03-18 07:00:00
17.0,64,954.3,0.0,3.4,2025-03-18 08:00:00
19.6,56,955.3,0.0,1.4,2025-03-18 09:00:00
21.8,51,955.4,0.0,1.3,2025-03-18 10:00:00
23.7,47,955.1,0.0,4.5,2025-03-18 11:00:00
24.8,37,954.4,0.0,7.7,2025-03-18 12:00:00
25.1,34,953.6,0.0,9.0,2025-03-18 13:00:00
25.2,34,952.9,0.0,9.5,2025-03-18 14:00:00
24.9,35,952.4,0.0,9.5,2025-03-18 15:00:00
24.4,37,952.1,0.0,8.1,2025-03-18 16:00:00
23.1,48,951.9,0.0,6.2,2025-03-18 17:00:00
20.8,53,952.4,0.0,7.7,2025-03-18 18:00:00
18.8,59,952.3,0.0,8.1,2025-03-18 19:00:00
16.7,70,952.0,0.0,7.3,2025-03-18 20:00:00
15.4,74,952.2,0.0,7.8,2025-03-18 21:00:00
15.2,72,952.2,0.0,8.4,2025-03-18 22:00:00
15.3,72,952.3,0.0,6.6,2025-03-18 23:00:00
15.2,72,952.1,0.0,5.2,2025-03-19 00:00:00
14.7,73,951.9,0.0,1.7,2025-03-19 01:00:00
15.0,68,952.1,0.0,0.3,2025-03-19 02:00:00
13.9,69,951.8,0.0,2.2,2025-03-19 03:00:00
13.7,70,951.6,0.0,3.0,2025-03-19 04:00:00
13.4,71,951.8,0.0,2.5,2025-03-19 05:00:00
15.3,72,952.4,0.0,4.0,2025-03-19 06:00:00
16.0,69,953.2,0.0,4.2,2025-03-19 07:00:00
17.7,68,954.0,0.0,5.9,2025-03-19 08:00:00
20.8,58,955.2,0.0,1.6,2025-03-19 09:00:00
23.2,48,955.8,0.0,1.5,2025-03-19 10:00:00
24.4,35,956.0,0.0,6.0,2025-03-19 11:00:00
25.2,33,955.5,0.0,7.6,2025-03-19 12:00:00
23.7,39,955.4,0.5,0.5,2025-03-19 13:00:00
22.9,41,954.9,0.0,12.2,2025-03-19 14:00:00
22.6,46,954.5,0.0,7.1,2025-03-19 15:00:00
22.8,44,954.1,0.0,6.8,2025-03-19 16:00:00
22.3,52,954.2,0.0,2.7,2025-03-19 17:00:00
20.7,56,954.1,0.0,4.9,2025-03-19 18:00:00
18.8,59,954.5,0.0,7.9,2025-03-19 19:00:00
17.0,64,954.8,0.0,4.4,2025-03-19 20:00:00
15.8,70,955.3,0.0,3.8,2025-03-19 21:00:00
14.9,72,955.4,0.0,3.2,2025-03-19 22:00:00
15.3,65,955.5,0.0,5.3,2025-03-19 23:00:00
15.2,63,955.6,0.0,5.7,2025-03-20 00:00:00
14.9,62,955.6,0.0,2.4,2025-03-20 01:00:00
15.0,58,955.5,0.0,1.5,2025-03-20 02:00:00
14.9,57,955.3,0.0,4.4,2025-03-20 03:00:00
15.4,54,955.5,0.0,5.9,2025-03-20 04:00:00
14.5,60,955.5,0.0,4.8,2025-03-20 05:00:00
14.1,67,956.3,0.0,6.7,2025-03-20 06:00:00
13.8,70,957.0,0.0,8.0,2025-03-20 07:00:00
17.0,64,957.9,0.0,6.7,2025-03-20 08:00:00
20.5,53,959.0,0.0,2.6,2025-03-20 09:00:00
22.9,42,959.5,0.0,5.1,2025-03-20 10:00:00
24.3,31,959.4,0.0,9.7,2025-03-20 11:00:00
24.8,31,958.8,0.0,11.0,2025-03-20 12:00:00
25.0,32,957.9,0.0,10.5,2025-03-20 13:00:00
25.1,32,956.9,0.0,10.1,2025-03-20 14:00:00
24.9,33,956.2,0.0,10.5,2025-03-20 15:00:00
24.3,34,955.5,0.0,10.2,2025-03-20 16:00:00
22.9,43,955.2,0.0,8.1,2025-03-20 17:00:00
20.8,49,955.2,0.0,8.9,2025-03-20 18:00:00
18.9,53,955.0,0.0,8.2,2025-03-20 19:00:00
17.1,60,955.2,0.0,8.7,2025-03-20 20:00:00
15.7,65,955.3,0.0,8.7,2025-03-20 21:00:00
15.4,64,955.5,0.0,7.3,2025-03-20 22:00:00
14.9,66,955.4,0.0,7.4,2025-03-20 23:00:00
14.6,65,955.0,0.0,7.3,2025-03-21 00:00:00
14.4,64,954.8,0.0,6.7,2025-03-21 01:00:00
14.0,66,954.3,0.0,5.5,2025-03-21 02:00:00
13.8,65,954.0,0.0,4.1,2025-03-21 03:00:00
14.0,62,954.0,0.0,5.2,2025-03-21 04:00:00
13.4,64,954.0,0.0,4.6,2025-03-21 05:00:00
14.5,63,954.5,0.0,6.4,2025-03-21 06:00:00
14.7,65,955.1,0.0,6.8,2025-03-21 07:00:00
18.2,60,956.3,0.0,6.3,2025-03-21 08:00:00
21.6,52,957.4,0.0,2.9,2025-03-21 09:00:00
23.7,41,957.8,0.0,6.3,2025-03-21 10:00:00
25.2,26,957.5,0.0,10.2,2025-03-21 11:00:00
25.9,23,957.1,0.0,11.3,2025-03-21 12:00:00
26.2,24,956.2,0.0,11.3,2025-03-21 13:00:00
26.3,25,955.2,0.0,11.8,2025-03-21 14:00:00
25.9,26,954.4,0.0,12.8,2025-03-21 15:00:00
25.4,27,953.7,0.0,11.4,2025-03-21 16:00:00
24.2,34,953.2,0.0,10.7,2025-03-21 17:00:00
22.1,40,953.2,0.0,10.4,2025-03-21 18:00:00
20.2,44,953.0,0.0,11.5,2025-03-21 19:00:00
17.9,53,953.2,0.0,10.8,2025-03-21 20:00:00
16.1,63,953.2,0.0,8.7,2025-03-21 21:00:00
15.4,63,953.0,0.0,8.8,2025-03-21 22:00:00
15.0,63,952.7,0.0,7.3,2025-03-21 23:00:00
13.7,68,952.1,0.0,6.5,2025-03-22 00:00:00
12.6,69,951.3,0.0,6.2,2025-03-22 01:00:00
12.2,59,950.7,0.0,5.9,2025-03-22 02:00:00
12.0,47,950.3,0.0,7.5,2025-03-22 03:00:00
12.7,34,950.5,0.0,10.3,2025-03-22 04:00:00
13.4,29,950.6,0.0,10.8,2025-03-22 05:00:00
12.2,50,950.7,0.0,4.7,2025-03-22 06:00:00
12.7,50,951.9,0.0,2.1,2025-03-22 07:00:00
15.6,58,953.3,0.0,3.3,2025-03-22 08:00:00
19.4,40,954.8,0.0,1.0,2025-03-22 09:00:00
22.3,34,955.6,0.0,0.9,2025-03-22 10:00:00
25.0,29,955.4,0.0,2.3,2025-03-22 11:00:00
26.7,26,954.9,0.0,4.0,2025-03-22 12:00:00
28.0,25,954.3,0.0,3.8,2025-03-22 13:00:00
28.9,23,953.8,0.0,3.6,2025-03-22 14:00:00
29.1,19,953.3,0.0,5.3,2025-03-22 15:00:00
28.6,22,953.3,0.0,4.3,2025-03-22 16:00:00
26.3,34,953.1,0.0,5.9,2025-03-22 17:00:00
23.0,45,953.6,0.0,6.7,2025-03-22 18:00:00
20.6,53,953.6,0.0,4.2,2025-03-22 19:00:00
19.1,57,953.6,0.0,5.8,2025-03-22 20:00:00
18.2,54,953.8,0.0,7.3,2025-03-22 21:00:00
18.1,50,953.8,0.0,5.4,2025-03-22 22:00:00
17.4,51,953.6,0.0,4.6,2025-03-22 23:00:00
17.1,48,953.6,0.0,3.8,2025-03-23 00:00:00
16.1,48,953.0,0.0,4.1,2025-03-23 01:00:00
15.2,50,952.4,0.0,3.7,2025-03-23 02:00:00
15.1,45,952.2,0.0,2.4,2025-03-23 03:00:00
14.7,45,952.1,0.0,2.8,2025-03-23 04:00:00
14.7,43,952.3,0.0,2.0,2025-03-23 05:00:00
16.5,43,953.3,0.0,0.9,2025-03-23 06:00:00
16.6,48,954.0,0.0,2.3,2025-03-23 07:00:00
19.1,46,955.4,0.0,3.4,2025-03-23 08:00:00
21.9,40,956.4,0.0,3.1,2025-03-23 09:00:00
24.1,31,957.1,0.0,3.7,2025-03-23 10:00:00
26.1,27,956.8,0.0,2.9,2025-03-23 11:00:00
27.7,24,956.4,0.0,1.5,2025-03-23 12:00:00
28.9,23,955.7,0.0,1.3,2025-03-23 13:00:00
29.7,22,955.1,0.0,3.5,2025-03-23 14:00:00
29.9,21,954.6,0.0,3.0,2025-03-23 15:00:00
29.8,23,954.4,0.0,1.9,2025-03-23 16:00:00
29.3,24,954.4,0.0,2.4,2025-03-23 17:00:00
26.7,35,954.9,0.0,0.6,2025-03-23 18:00:00
22.9,45,954.4,0.0,3.3,2025-03-23 19:00:00
20.3,56,954.7,0.0,4.3,2025-03-23 20:00:00
20.3,49,955.5,0.0,5.7,2025-03-23 21:00:00
19.2,47,955.3,0.0,6.5,2025-03-23 22:00:00
18.2,48,955.2,0.0,6.2,2025-03-23 23:00:00
17.3,50,954.7,0.0,6.6,2025-03-24 00:00:00
16.7,53,954.3,0.0,4.9,2025-03-24 01:00:00
16.7,53,953.8,0.0,4.5,2025-03-24 02:00:00
16.3,56,953.0,0.0,4.3,2025-03-24 03:00:00
16.6,55,952.9,0.0,1.9,2025-03-24 04:00:00
16.7,52,953.0,0.0,1.1,2025-03-24 05:00:00
17.9,53,954.0,0.0,0.6,2025-03-24 06:00:00
17.8,59,954.5,0.0,2.1,2025-03-24 07:00:00
20.1,54,955.3,0.0,3.0,2025-03-24 08:00:00
23.2,46,956.4,0.0,1.4,2025-03-24 09:00:00
25.5,37,956.6,0.0,3.3,2025-03-24 10:00:00
26.7,35,956.6,0.0,3.4,2025-03-24 11:00:00
27.0,35,956.0,0.0,5.8,2025-03-24 12:00:00
27.2,36,955.3,0.0,7.3,2025-03-24 13:00:00
28.2,31,954.6,0.0,6.7,2025-03-24 14:00:00
28.8,28,954.2,0.0,6.6,2025-03-24 15:00:00
28.5,29,953.5,0.0,5.7,2025-03-24 16:00:00
26.8,44,953.2,0.0,4.4,2025-03-24 17:00:00
24.8,53,953.3,0.0,4.0,2025-03-24 18:00:00
22.2,58,953.0,0.0,4.3,2025-03-24 19:00:00
20.7,63,953.0,0.0,3.6,2025-03-24 20:00:00
20.6,63,953.2,0.0,3.8,2025-03-24 21:00:00
19.5,65,953.4,0.0,0.9,2025-03-24 22:00:00
19.2,60,953.4,0.0,2.0,2025-03-24 23:00:00
18.0,60,953.1,0.0,8.0,2025-03-25 00:00:00
17.4,55,952.3,0.0,10.2,2025-03-25 01:00:00
17.5,52,951.6,0.0,10.1,2025-03-25 02:00:00
17.8,55,950.8,0.0,7.6,2025-03-25 03:00:00
18.0,55,950.6,0.0,4.3,2025-03-25 04:00:00
17.6,58,950.7,0.0,6.9,2025-03-25 05:00:00
18.4,62,951.3,0.0,5.8,2025-03-25 06:00:00
18.6,65,951.9,0.0,3.5,2025-03-25 07:00:00
20.3,69,952.6,0.0,4.8,2025-03-25 08:00:00
23.3,50,953.3,0.0,4.6,2025-03-25 09:00:00
25.6,41,953.5,0.0,6.7,2025-03-25 10:00:00
27.3,37,953.2,0.0,5.9,2025-03-25 11:00:00
28.4,33,952.3,0.0,5.9,2025-03-25 12:00:00
28.5,32,951.3,0.0,7.8,2025-03-25 13:00:00
27.9,33,950.8,0.1,12.2,2025-03-25 14:00:00
27.9,34,949.7,0.0,8.2,2025-03-25 15:00:00
27.4,37,949.1,0.0,10.0,2025-03-25 16:00:00
26.6,41,948.8,0.0,8.5,2025-03-25 17:00:00
23.3,50,950.1,0.0,7.0,2025-03-25 18:00:00
21.8,58,949.9,0.0,5.9,2025-03-25 19:00:00
20.4,61,950.0,0.0,3.9,2025-03-25 20:00:00
19.1,65,950.0,0.0,6.8,2025-03-25 21:00:00
18.9,63,949.7,0.0,5.9,2025-03-25 22:00:00
19.0,58,949.2,0.0,4.4,2025-03-25 23:00:00
17.8,64,949.0,0.0,14.4,2025-03-26 00:00:00
16.6,68,948.0,0.0,12.1,2025-03-26 01:00:00
16.4,63,947.2,0.0,11.2,2025-03-26 02:00:00
15.6,65,946.3,0.0,7.3,2025-03-26 03:00:00
15.4,71,946.1,0.0,3.8,2025-03-26 04:00:00
15.1,72,946.6,0.0,3.3,2025-03-26 05:00:00
16.5,76,947.1,0.0,2.9,2025-03-26 06:00:00
17.3,69,948.8,0.3,14.4,2025-03-26 07:00:00
17.4,75,949.0,0.0,12.8,2025-03-26 08:00:00
20.8,58,949.3,0.0,16.3,2025-03-26 09:00:00
24.0,42,949.3,0.0,15.9,2025-03-26 10:00:00
25.8,35,949.9,0.2,14.6,2025-03-26 11:00:00
23.3,50,948.7,0.9,12.8,2025-03-26 12:00:00
25.8,43,948.9,0.0,10.1,2025-03-26 13:00:00
26.2,37,948.2,0.0,18.4,2025-03-26 14:00:00
23.5,53,947.8,0.2,10.8,2025-03-26 15:00:00
22.0,59,947.6,0.0,17.0,2025-03-26 16:00:00
23.0,51,946.8,0.0,17.5,2025-03-26 17:00:00
20.9,62,946.4,0.0,5.3,2025-03-26 18:00:00
19.3,63,945.6,0.0,16.4,2025-03-26 19:00:00
20.2,54,945.4,0.0,17.7,2025-03-26 20:00:00
21.4,43,945.7,0.0,19.6,2025-03-26 21:00:00
20.8,45,946.6,0.0,15.3,2025-03-26 22:00:00
17.9,64,946.7,0.3,5.6,2025-03-26 23:00:00
17.5,67,947.2,0.0,2.9,2025-03-27 00:00:00
17.6,67,947.0,0.0,7.7,2025-03-27 01:00:00
15.8,77,948.1,0.0,16.6,2025-03-27 02:00:00
15.6,75,946.5,0.0,13.5,2025-03-27 03:00:00
15.3,75,946.4,0.0,6.9,2025-03-27 04:00:00
14.8,77,946.0,0.0,1.9,2025-03-27 05:00:00
15.6,85,947.1,0.0,7.3,2025-03-27 06:00:00
16.1,85,948.0,0.0,3.6,2025-03-27 07:00:00
19.7,69,949.0,0.0,6.0,2025-03-27 08:00:00
21.3,56,949.5,0.0,6.2,2025-03-27 09:00:00
23.3,49,949.3,0.0,3.6,2025-03-27 10:00:00
25.5,43,948.9,0.0,6.3,2025-03-27 11:00:00
27.1,35,947.8,0.0,13.0,2025-03-27 12:00:00
27.0,33,947.1,0.0,14.2,2025-03-27 13:00:00
23.6,53,946.0,0.0,12.6,2025-03-27 14:00:00
22.2,57,945.1,0.0,18.3,2025-03-27 15:00:00
22.1,57,944.5,0.0,11.7,2025-03-27 16:00:00
21.1,62,944.2,0.0,9.5,2025-03-27 17:00:00
20.2,68,943.7,0.0,4.5,2025-03-27 18:00:00
18.6,73,944.2,0.0,7.8,2025-03-27 19:00:00
17.3,67,945.6,0.0,11.0,2025-03-27 20:00:00
16.6,65,946.1,0.0,8.1,2025-03-27 21:00:00
15.3,71,946.5,0.0,8.9,2025-03-27 22:00:00
14.7,71,946.8,0.0,11.6,2025-03-27 23:00:00
13.9,72,946.8,0.0,7.3,2025-03-28 00:00:00
13.0,75,946.2,0.0,7.6,2025-03-28 01:00:00
11.7,80,945.7,0.0,4.0,2025-03-28 02:00:00
11.4,74,944.9,0.4,6.9,2025-03-28 03:00:00
11.6,72,944.5,0.0,8.2,2025-03-28 04:00:00
11.1,73,945.6,0.0,10.8,2025-03-28 05:00:00
11.7,75,947.9,0.0,16.8,2025-03-28 06:00:00
12.8,71,948.8,0.0,9.5,2025-03-28 07:00:00
14.4,64,950.2,0.0,9.4,2025-03-28 08:00:00
16.0,53,951.3,0.0,8.2,2025-03-28 09:00:00
17.9,45,952.2,0.0,4.5,2025-03-28 10:00:00
19.0,39,953.1,0.0,0.9,2025-03-28 11:00:00
20.1,35,953.2,0.0,0.8,2025-03-28 12:00:00
20.7,33,953.0,0.0,2.9,2025-03-28 13:00:00
21.1,30,952.5,0.0,5.2,2025-03-28 14:00:00
21.4,28,951.9,0.0,8.2,2025-03-28 15:00:00
21.0,28,952.1,0.0,10.4,2025-03-28 16:00:00
20.1,31,952.2,0.0,10.6,2025-03-28 17:00:00
18.6,36,953.0,0.0,10.7,2025-03-28 18:00:00
16.7,40,952.9,0.0,10.9,2025-03-28 19:00:00
15.5,44,953.3,0.0,10.4,2025-03-28 20:00:00
14.5,48,953.9,0.0,9.9,2025-03-28 21:00:00
13.8,51,953.6,0.0,9.6,2025-03-28 22:00:00
13.5,53,953.6,0.0,8.0,2025-03-28 23:00:00
13.0,56,953.2,0.0,6.9,2025-03-29 00:00:00
12.4,55,952.6,0.0,8.5,2025-03-29 01:00:00
11.9,53,952.5,0.0,9.4,2025-03-29 02:00:00
11.7,51,952.3,0.0,10.4,2025-03-29 03:00:00
11.9,51,952.2,0.0,10.9,2025-03-29 04:00:00
12.2,51,952.3,0.0,11.7,2025-03-29 05:00:00
12.8,45,952.2,0.0,12.4,2025-03-29 06:00:00
13.8,45,952.7,0.0,12.6,2025-03-29 07:00:00
16.6,42,953.5,0.0,13.1,2025-03-29 08:00:00
19.1,34,954.3,0.0,16.2,2025-03-29 09:00:00
20.7,28,954.2,0.0,18.7,2025-03-29 10:00:00
22.0,28,954.0,0.0,17.8,2025-03-29 11:00:00
22.9,27,953.4,0.0,17.4,2025-03-29 12:00:00
23.7,24,952.6,0.0,16.7,2025-03-29 13:00:00
24.2,22,951.7,0.0,16.3,2025-03-29 14:00:00
24.3,21,950.8,0.0,15.9,2025-03-29 15:00:00
24.0,22,950.2,0.0,15.2,2025-03-29 16:00:00
22.9,25,949.8,0.0,14.0,2025-03-29 17:00:00
21.0,29,950.6,0.0,12.7,2025-03-29 18:00:00
18.7,36,950.2,0.0,11.3,2025-03-29 19:00:00
17.2,42,950.4,0.0,10.4,2025-03-29 20:00:00
16.2,45,950.5,0.0,10.3,2025-03-29 21:00:00
15.6,46,950.3,0.0,9.7,2025-03-29 22:00:00
15.2,47,950.3,0.0,9.3,2025-03-29 23:00:00
15.1,47,950.0,0.0,8.8,2025-03-30 00:00:00
14.4,51,949.7,0.0,6.5,2025-03-30 01:00:00
13.6,54,949.1,0.0,6.0,2025-03-30 02:00:00
13.0,55,948.8,0.0,6.5,2025-03-30 03:00:00
12.5,56,948.7,0.0,6.0,2025-03-30 04:00:00
12.2,57,949.2,0.0,5.7,2025-03-30 05:00:00
13.4,54,949.9,0.0,5.9,2025-03-30 06:00:00
14.3,54,950.9,0.0,6.2,2025-03-30 07:00:00
17.6,51,951.9,0.0,4.8,2025-03-30 08:00:00
21.1,41,953.0,0.0,2.8,2025-03-30 09:00:00
23.8,28,953.6,0.0,6.6,2025-03-30 10:00:00
25.5,19,953.6,0.0,9.8,2025-03-30 11:00:00
26.3,16,953.5,0.0,13.6,2025-03-30 12:00:00
26.7,16,953.0,0.0,17.2,2025-03-30 13:00:00
26.9,14,952.4,0.0,19.3,2025-03-30 14:00:00
26.8,14,952.0,0.0,18.1,2025-03-30 15:00:00
26.3,15,951.5,0.0,17.2,2025-03-30 16:00:00
25.3,18,951.4,0.0,14.4,2025-03-30 17:00:00
23.2,24,951.9,0.0,8.4,2025-03-30 18:00:00
20.8,28,951.7,0.0,8.9,2025-03-30 19:00:00
18.5,33,952.0,0.0,10.0,2025-03-30 20:00:00
17.7,33,952.2,0.0,9.5,2025-03-30 21:00:00
17.9,28,952.6,0.0,8.9,2025-03-30 22:00:00
17.3,29,952.3,0.0,6.9,2025-03-30 23:00:00
16.8,31,952.1,0.0,6.3,2025-03-31 00:00:00
16.4,32,951.7,0.0,6.0,2025-03-31 01:00:00
16.1,30,951.6,0.0,8.4,2025-03-31 02:00:00
15.3,33,951.1,0.0,8.8,2025-03-31 03:00:00
15.5,32,951.1,0.0,9.8,2025-03-31 04:00:00
16.0,31,951.2,0.0,9.2,2025-03-31 05:00:00
16.1,37,951.6,0.0,8.8,2025-03-31 06:00:00
16.6,40,952.3,0.0,8.2,2025-03-31 07:00:00
20.0,37,953.1,0.0,6.8,2025-03-31 08:00:00
23.5,30,954.2,0.0,4.0,2025-03-31 09:00:00
25.9,23,954.8,0.0,5.6,2025-03-31 10:00:00
27.5,17,954.9,0.0,9.0,2025-03-31 11:00:00
28.3,14,954.4,0.0,13.2,2025-03-31 12:00:00
28.7,14,954.1,0.0,14.7,2025-03-31 13:00:00
28.8,14,953.4,0.0,14.9,2025-03-31 14:00:00
28.6,14,952.8,0.0,14.9,2025-03-31 15:00:00
28.0,14,952.1,0.0,13.9,2025-03-31 16:00:00
26.8,15,951.8,0.0,11.8,2025-03-31 17:00:00
25.0,18,952.1,0.0,10.1,2025-03-31 18:00:00
22.9,21,951.9,0.0,11.3,2025-03-31 19:00:00
21.0,25,951.8,0.0,11.1,2025-03-31 20:00:00
19.8,28,952.0,0.0,12.0,2025-03-31 21:00:00
19.5,25,951.7,0.0,10.8,2025-03-31 22:00:00
19.1,23,951.5,0.0,9.8,2025-03-31 23:00:00
18.9,22,951.0,0.0,10.0,2025-04-01 00:00:00
18.5,23,950.4,0.0,9.1,2025-04-01 01:00:00
17.6,26,949.9,0.0,8.0,2025-04-01 02:00:00
17.2,28,949.4,0.0,8.7,2025-04-01 03:00:00
17.1,29,949.4,0.0,8.8,2025-04-01 04:00:00
16.6,31,949.3,0.0,6.9,2025-04-01 05:00:00
17.1,36,950.1,0.0,7.3,2025-04-01 06:00:00
18.2,33,950.6,0.0,7.8,2025-04-01 07:00:00
21.3,30,951.6,0.0,5.8,2025-04-01 08:00:00
24.2,23,952.5,0.0,5.6,2025-04-01 09:00:00
26.8,15,953.2,0.0,9.0,2025-04-01 10:00:00
28.1,13,953.1,0.0,11.6,2025-04-01 11:00:00
28.9,14,952.9,0.0,12.4,2025-04-01 12:00:00
29.5,13,952.4,0.0,13.1,2025-04-01 13:00:00
29.8,12,951.8,0.0,13.0,2025-04-01 14:00:00
29.7,11,951.1,0.0,12.4,2025-04-01 15:00:00
29.2,11,950.5,0.0,12.2,2025-04-01 16:00:00
28.1,12,950.4,0.0,11.9,2025-04-01 17:00:00
26.0,15,950.7,0.0,11.9,2025-04-01 18:00:00
23.8,17,950.4,0.0,11.4,2025-04-01 19:00:00
22.3,20,950.6,0.0,11.0,2025-04-01 20:00:00
21.1,24,950.8,0.0,10.2,2025-04-01 21:00:00
19.9,25,950.4,0.0,7.6,2025-04-01 22:00:00
19.1,23,950.0,0.0,6.2,2025-04-01 23:00:00
18.5,23,949.9,0.0,5.0,2025-04-02 00:00:00
17.9,25,949.6,0.0,3.7,2025-04-02 01:00:00
17.8,28,949.6,0.0,1.0,2025-04-02 02:00:00
17.1,32,949.6,0.0,0.4,2025-04-02 03:00:00
15.4,35,949.6,0.0,1.8,2025-04-02 04:00:00
15.3,34,949.6,0.0,4.3,2025-04-02 05:00:00
16.4,43,950.4,0.0,3.6,2025-04-02 06:00:00
17.6,39,951.3,0.0,3.6,2025-04-02 07:00:00
20.2,37,952.4,0.0,2.3,2025-04-02 08:00:00
23.8,28,953.5,0.0,2.0,2025-04-02 09:00:00
26.4,20,953.9,0.0,3.2,2025-04-02 10:00:00
28.4,17,953.9,0.0,1.0,2025-04-02 11:00:00
30.0,14,953.5,0.0,3.4,2025-04-02 12:00:00
30.9,12,953.0,0.0,5.4,2025-04-02 13:00:00
31.2,10,952.5,0.0,6.4,2025-04-02 14:00:00
31.2,10,951.9,0.0,7.2,2025-04-02 15:00:00
30.8,10,951.8,0.0,7.6,2025-04-02 16:00:00
30.1,10,951.6,0.0,8.1,2025-04-02 17:00:00
27.1,19,951.8,0.0,7.2,2025-04-02 18:00:00
25.1,18,951.8,0.0,13.0,2025-04-02 19:00:00
23.9,19,951.9,0.0,11.0,2025-04-02 20:00:00
22.1,22,951.9,0.0,9.9,2025-04-02 21:00:00
20.5,31,952.0,0.0,5.1,2025-04-02 22:00:00
19.1,41,952.4,0.0,3.9,2025-04-02 23:00:00
19.2,33,952.4,0.0,8.9,2025-04-03 00:00:00
18.6,31,951.8,0.0,7.4,2025-04-03 01:00:00
18.0,31,951.3,0.0,5.9,2025-04-03 02:00:00
17.7,30,950.9,0.0,7.0,2025-04-03 03:00:00
17.8,27,950.7,0.0,6.4,2025-04-03 04:00:00
18.0,36,950.9,0.0,3.6,2025-04-03 05:00:00
18.7,40,952.5,0.0,1.2,2025-04-03 06:00:00
18.6,35,953.7,0.0,8.1,2025-04-03 07:00:00
20.9,30,955.2,0.0,14.2,2025-04-03 08:00:00
21.9,35,955.9,0.0,20.5,2025-04-03 09:00:00
22.8,33,956.7,0.0,23.1,2025-04-03 10:00:00
22.5,32,956.7,0.0,23.5,2025-04-03 11:00:00
21.9,33,956.7,0.0,19.7,2025-04-03 12:00:00
21.9,39,956.6,0.0,21.8,2025-04-03 13:00:00
21.5,41,955.8,0.2,25.4,2025-04-03 14:00:00
22.6,32,954.6,0.0,21.3,2025-04-03 15:00:00
24.1,29,954.1,0.0,15.0,2025-04-03 16:00:00
24.2,34,954.0,0.0,8.3,2025-04-03 17:00:00
21.5,43,955.3,0.0,8.3,2025-04-03 18:00:00
19.5,51,955.3,0.0,9.4,2025-04-03 19:00:00
18.0,55,955.4,0.0,10.8,2025-04-03 20:00:00
16.8,60,955.6,0.0,12.3,2025-04-03 21:00:00
15.9,62,955.8,0.0,13.5,2025-04-03 22:00:00
15.6,61,955.5,0.0,12.2,2025-04-03 23:00:00
15.2,58,955.5,0.0,13.8,2025-04-04 00:00:00
15.7,53,955.2,0.0,14.4,2025-04-04 01:00:00
15.6,50,954.8,0.0,13.8,2025-04-04 02:00:00
15.6,49,954.5,0.0,12.5,2025-04-04 03:00:00
15.1,51,954.0,0.0,11.0,2025-04-04 04:00:00
14.6,52,953.8,0.0,10.2,2025-04-04 05:00:00
15.4,53,954.2,0.0,13.4,2025-04-04 06:00:00
16.9,48,955.0,0.0,11.2,2025-04-04 07:00:00
20.3,41,955.6,0.0,7.1,2025-04-04 08:00:00
23.0,33,956.3,0.0,8.0,2025-04-04 09:00:00
25.2,29,956.6,0.0,10.5,2025-04-04 10:00:00
26.6,28,956.5,0.0,11.9,2025-04-04 11:00:00
28.0,26,956.1,0.0,12.4,2025-04-04 12:00:00
29.1,21,955.3,0.0,10.2,2025-04-04 13:00:00
29.6,20,954.5,0.0,10.1,2025-04-04 14:00:00
29.6,20,953.4,0.0,11.0,2025-04-04 15:00:00
29.2,20,952.9,0.0,11.9,2025-04-04 16:00:00
28.2,21,952.4,0.0,12.2,2025-04-04 17:00:00
26.1,27,952.9,0.0,13.1,2025-04-04 18:00:00
23.8,34,952.8,0.0,12.6,2025-04-04 19:00:00
22.3,37,952.9,0.0,12.3,2025-04-04 20:00:00
21.2,38,952.9,0.0,10.4,2025-04-04 21:00:00
20.6,36,952.7,0.0,9.3,2025-04-04 22:00:00
20.6,34,952.5,0.0,9.3,2025-04-04 23:00:00
20.2,36,951.9,0.0,10.3,2025-04-05 00:00:00
19.7,39,951.1,0.0,9.7,2025-04-05 01:00:00
19.2,40,950.4,0.0,10.4,2025-04-05 02:00:00
19.6,38,950.2,0.0,11.4,2025-04-05 03:00:00
19.3,38,950.0,0.0,11.1,2025-04-05 04:00:00
18.9,37,949.9,0.0,11.2,2025-04-05 05:00:00
18.8,41,950.2,0.0,10.2,2025-04-05 06:00:00
19.8,41,950.6,0.0,8.4,2025-04-05 07:00:00
23.0,37,951.4,0.0,6.0,2025-04-05 08:00:00
25.9,30,952.0,0.0,7.5,2025-04-05 09:00:00
28.2,22,952.3,0.0,11.8,2025-04-05 10:00:00
29.5,20,952.2,0.0,15.1,2025-04-05 11:00:00
30.4,20,951.6,0.0,15.4,2025-04-05 12:00:00
31.4,18,950.9,0.0,15.5,2025-04-05 13:00:00
31.8,16,950.2,0.0,14.7,2025-04-05 14:00:00
31.9,15,949.6,0.0,13.8,2025-04-05 15:00:00
31.5,15,949.0,0.0,12.2,2025-04-05 16:00:00
30.6,16,948.5,0.0,9.4,2025-04-05 17:00:00
28.7,23,949.2,0.0,3.9,2025-04-05 18:00:00
26.2,27,949.0,0.0,3.6,2025-04-05 19:00:00
24.6,30,949.2,0.0,3.7,2025-04-05 20:00:00
22.9,34,949.4,0.0,4.8,2025-04-05 21:00:00
22.6,35,949.5,0.0,5.5,2025-04-05 22:00:00
22.7,32,949.7,0.0,4.8,2025-04-05 23:00:00
22.4,30,949.3,0.0,4.7,2025-04-06 00:00:00
22.1,32,948.8,0.0,3.8,2025-04-06 01:00:00
21.4,31,948.2,0.0,1.9,2025-04-06 02:00:00
20.4,34,947.7,0.0,2.4,2025-04-06 03:00:00
20.3,29,947.7,0.0,5.5,2025-04-06 04:00:00
19.1,33,947.4,0.0,8.2,2025-04-06 05:00:00
19.5,36,947.6,0.0,7.1,2025-04-06 06:00:00
21.1,36,948.1,0.0,8.3,2025-04-06 07:00:00
25.2,31,948.8,0.0,7.5,2025-04-06 08:00:00
29.1,26,949.7,0.0,6.6,2025-04-06 09:00:00
31.9,18,950.2,0.0,9.8,2025-04-06 10:00:00
33.4,15,950.0,0.0,13.6,2025-04-06 11:00:00
34.0,15,949.6,0.0,15.3,2025-04-06 12:00:00
34.4,15,949.0,0.0,15.5,2025-04-06 13:00:00
34.7,13,948.2,0.0,14.2,2025-04-06 14:00:00
34.7,13,947.7,0.0,12.8,2025-04-06 15:00:00
34.2,14,947.4,0.0,11.1,2025-04-06 16:00:00
33.2,17,947.3,0.0,10.0,2025-04-06 17:00:00
31.3,23,948.1,0.0,7.0,2025-04-06 18:00:00
28.7,27,947.9,0.0,5.4,2025-04-06 19:00:00
26.2,33,948.2,0.0,7.6,2025-04-06 20:00:00
24.7,37,948.5,0.0,7.0,2025-04-06 21:00:00
24.0,39,948.8,0.0,5.6,2025-04-06 22:00:00
23.7,41,949.1,0.0,2.9,2025-04-06 23:00:00
23.1,42,949.2,0.0,3.4,2025-04-07 00:00:00
22.1,43,948.7,0.0,4.3,2025-04-07 01:00:00
22.1,40,948.2,0.0,4.4,2025-04-07 02:00:00
21.9,40,947.8,0.0,3.7,2025-04-07 03:00:00
21.7,42,948.1,0.0,2.5,2025-04-07 04:00:00
21.9,43,948.5,0.0,1.8,2025-04-07 05:00:00
22.8,40,949.2,0.0,1.5,2025-04-07 06:00:00
24.1,35,949.9,0.0,3.4,2025-04-07 07:00:00
26.8,32,950.7,0.0,3.9,2025-04-07 08:00:00
29.9,25,952.0,0.0,0.3,2025-04-07 09:00:00
32.1,21,952.6,0.0,2.7,2025-04-07 10:00:00
33.8,19,952.5,0.0,2.9,2025-04-07 11:00:00
35.2,18,952.3,0.0,2.7,2025-04-07 12:00:00
36.1,18,951.7,0.0,2.3,2025-04-07 13:00:00
36.7,17,950.8,0.0,4.0,2025-04-07 14:00:00
36.5,16,950.5,0.0,7.2,2025-04-07 15:00:00
35.4,16,950.2,0.0,10.9,2025-04-07 16:00:00
34.5,17,950.4,0.0,11.7,2025-04-07 17:00:00
32.4,24,950.3,0.0,11.3,2025-04-07 18:00:00
30.2,29,950.3,0.0,8.7,2025-04-07 19:00:00
27.8,37,950.5,0.0,9.6,2025-04-07 20:00:00
26.2,42,951.0,0.0,9.3,2025-04-07 21:00:00
25.8,42,951.2,0.0,7.6,2025-04-07 22:00:00
25.1,41,951.4,0.0,6.2,2025-04-07 23:00:00
24.3,42,951.2,0.0,6.0,2025-04-08 00:00:00
23.6,43,950.5,0.0,6.7,2025-04-08 01:00:00
23.2,44,950.1,0.0,6.3,2025-04-08 02:00:00
23.3,43,950.0,0.0,5.0,2025-04-08 03:00:00
23.0,47,950.0,0.0,3.7,2025-04-08 04:00:00
23.0,49,950.1,0.0,2.7,2025-04-08 05:00:00
23.8,48,951.4,0.0,2.2,2025-04-08 06:00:00
24.4,42,952.5,0.0,5.7,2025-04-08 07:00:00
26.4,38,953.5,0.0,7.5,2025-04-08 08:00:00
29.3,30,954.7,0.0,7.8,2025-04-08 09:00:00
32.1,26,955.2,0.0,9.2,2025-04-08 10:00:00
27.5,50,957.6,1.6,25.9,2025-04-08 11:00:00
24.3,59,956.7,0.0,13.7,2025-04-08 12:00:00
29.7,38,957.0,0.0,15.2,2025-04-08 13:00:00
29.4,36,956.4,0.0,18.6,2025-04-08 14:00:00
29.8,33,955.2,0.0,17.5,2025-04-08 15:00:00
30.1,31,954.7,0.0,16.4,2025-04-08 16:00:00
29.2,34,954.5,0.0,13.8,2025-04-08 17:00:00
27.4,42,953.4,0.0,14.0,2025-04-08 18:00:00
26.1,45,953.5,0.0,10.6,2025-04-08 19:00:00
25.2,43,953.3,0.0,11.5,2025-04-08 20:00:00
25.3,40,953.4,0.0,10.6,2025-04-08 21:00:00
25.0,41,953.3,0.0,6.7,2025-04-08 22:00:00
23.2,48,952.7,0.0,4.4,2025-04-08 23:00:00
21.6,56,952.4,0.0,5.2,2025-04-09 00:00:00
20.6,61,951.7,0.0,4.0,2025-04-09 01:00:00
20.2,62,951.3,0.0,6.3,2025-04-09 02:00:00
19.9,62,950.9,0.0,5.1,2025-04-09 03:00:00
19.6,62,951.0,0.0,6.8,2025-04-09 04:00:00
19.6,60,951.0,0.0,7.3,2025-04-09 05:00:00
20.5,59,952.3,0.0,8.3,2025-04-09 06:00:00
21.8,56,953.0,0.0,8.0,2025-04-09 07:00:00
25.5,47,954.0,0.0,5.0,2025-04-09 08:00:00
28.5,38,954.5,0.0,2.2,2025-04-09 09:00:00
31.0,32,954.4,0.0,1.0,2025-04-09 10:00:00
32.8,27,954.0,0.0,3.7,2025-04-09 11:00:00
33.9,24,953.4,0.0,4.8,2025-04-09 12:00:00
33.7,24,952.7,0.0,5.6,2025-04-09 13:00:00
34.1,22,951.6,0.0,7.2,2025-04-09 14:00:00
34.5,21,950.9,0.0,7.0,2025-04-09 15:00:00
28.8,43,951.3,0.5,18.9,2025-04-09 16:00:00
26.3,47,950.8,0.5,12.8,2025-04-09 17:00:00
29.1,44,950.0,0.0,1.8,2025-04-09 18:00:00
27.2,46,949.4,0.0,4.1,2025-04-09 19:00:00
25.8,47,949.5,0.0,4.8,2025-04-09 20:00:00
24.3,49,949.3,0.0,5.0,2025-04-09 21:00:00
22.9,57,948.8,0.0,3.2,2025-04-09 22:00:00
21.6,69,948.6,0.0,1.8,2025-04-09 23:00:00
21.9,58,948.7,0.0,2.3,2025-04-10 00:00:00
21.5,57,947.4,0.0,5.2,2025-04-10 01:00:00
21.1,57,946.8,0.0,4.8,2025-04-10 02:00:00
20.7,57,946.2,0.0,4.5,2025-04-10 03:00:00
20.8,56,946.0,0.0,6.1,2025-04-10 04:00:00
20.5,54,945.9,0.0,5.7,2025-04-10 05:00:00
22.6,49,947.0,0.0,5.0,2025-04-10 06:00:00
23.3,50,947.6,0.0,2.7,2025-04-10 07:00:00
26.3,39,948.6,0.0,4.2,2025-04-10 08:00:00
28.3,33,949.1,0.0,2.8,2025-04-10 09:00:00
30.6,27,949.1,0.0,5.5,2025-04-10 10:00:00
31.3,28,948.7,0.0,7.3,2025-04-10 11:00:00
28.8,33,948.9,0.0,17.0,2025-04-10 12:00:00
25.5,49,949.5,0.4,10.9,2025-04-10 13:00:00
23.2,62,948.2,0.7,11.2,2025-04-10 14:00:00
25.4,49,947.4,0.2,9.9,2025-04-10 15:00:00
26.0,44,946.9,0.0,4.1,2025-04-10 16:00:00
25.9,44,945.4,0.0,5.9,2025-04-10 17:00:00
28.3,29,943.9,0.0,7.0,2025-04-10 18:00:00
25.9,36,943.9,0.0,8.6,2025-04-10 19:00:00
24.1,42,943.6,0.0,7.7,2025-04-10 20:00:00
22.4,47,943.8,0.0,4.4,2025-04-10 21:00:00
21.2,50,943.6,0.0,5.2,2025-04-10 22:00:00
21.3,48,943.6,0.0,4.0,2025-04-10 23:00:00
21.3,47,943.7,0.0,0.7,2025-04-11 00:00:00
21.5,44,943.8,0.0,1.5,2025-04-11 01:00:00
21.3,40,943.5,0.0,2.3,2025-04-11 02:00:00
20.7,41,943.0,0.0,2.7,2025-04-11 03:00:00
20.5,45,944.0,0.1,13.7,2025-04-11 04:00:00
21.2,42,943.5,0.0,14.7,2025-04-11 05:00:00
22.8,36,944.3,0.0,2.7,2025-04-11 06:00:00
19.6,63,947.5,1.0,4.0,2025-04-11 07:00:00
20.7,60,947.4,0.0,13.3,2025-04-11 08:00:00
23.8,42,948.2,0.0,13.0,2025-04-11 09:00:00
26.3,34,948.3,0.0,15.2,2025-04-11 10:00:00
27.9,30,948.6,0.1,9.6,2025-04-11 11:00:00
28.1,27,948.5,0.0,13.8,2025-04-11 12:00:00
27.7,28,948.0,0.0,9.5,2025-04-11 13:00:00
29.0,25,947.3,0.0,10.6,2025-04-11 14:00:00
28.5,27,946.0,0.0,12.5,2025-04-11 15:00:00
28.7,26,945.8,0.0,9.4,2025-04-11 16:00:00
28.2,26,945.4,0.0,5.9,2025-04-11 17:00:00
24.0,42,946.9,0.0,13.5,2025-04-11 18:00:00
22.3,46,946.9,0.0,12.7,2025-04-11 19:00:00
21.2,50,947.0,0.0,7.3,2025-04-11 20:00:00
19.7,60,946.9,0.0,3.8,2025-04-11 21:00:00
18.4,70,946.7,0.0,2.9,2025-04-11 22:00:00
17.7,77,946.7,0.0,2.3,2025-04-11 23:00:00
17.5,76,946.5,0.0,3.3,2025-04-12 00:00:00
17.8,70,946.1,0.0,3.9,2025-04-12 01:00:00
17.6,68,945.7,0.0,2.7,2025-04-12 02:00:00
17.3,66,945.8,0.0,1.9,2025-04-12 03:00:00
17.0,66,946.3,0.0,1.6,2025-04-12 04:00:00
17.0,63,946.6,0.0,2.8,2025-04-12 05:00:00
17.4,64,946.9,0.0,4.7,2025-04-12 06:00:00
19.0,62,948.0,0.0,3.9,2025-04-12 07:00:00
22.7,46,949.3,0.0,1.7,2025-04-12 08:00:00
25.4,37,950.1,0.0,2.0,2025-04-12 09:00:00
27.8,30,950.6,0.0,2.9,2025-04-12 10:00:00
29.3,25,950.6,0.0,4.3,2025-04-12 11:00:00
30.3,23,950.1,0.0,3.8,2025-04-12 12:00:00
31.2,21,949.6,0.0,4.0,2025-04-12 13:00:00
31.6,20,948.6,0.0,5.0,2025-04-12 14:00:00
31.9,19,947.7,0.0,4.3,2025-04-12 15:00:00
32.0,19,947.4,0.0,4.2,2025-04-12 16:00:00
31.6,19,947.2,0.0,3.5,2025-04-12 17:00:00
29.9,28,948.1,0.0,2.7,2025-04-12 18:00:00
27.9,26,948.4,0.0,6.3,2025-04-12 19:00:00
25.9,34,948.8,0.0,8.8,2025-04-12 20:00:00
23.9,44,949.0,0.0,9.0,2025-04-12 21:00:00
22.5,49,949.0,0.0,7.8,2025-04-12 22:00:00
22.0,52,949.1,0.0,4.2,2025-04-12 23:00:00
21.3,55,949.2,0.0,3.2,2025-04-13 00:00:00
20.4,54,949.0,0.0,5.1,2025-04-13 01:00:00
19.9,51,948.6,0.0,7.9,2025-04-13 02:00:00
19.8,49,948.6,0.0,7.0,2025-04-13 03:00:00
19.0,52,948.6,0.0,3.8,2025-04-13 04:00:00
18.8,55,948.8,0.0,3.1,2025-04-13 05:00:00
20.1,53,950.0,0.0,6.1,2025-04-13 06:00:00
21.5,50,950.9,0.0,8.1,2025-04-13 07:00:00
23.9,44,951.9,0.0,8.5,2025-04-13 08:00:00
26.3,39,952.9,0.0,9.1,2025-04-13 09:00:00
28.6,33,953.0,0.0,7.3,2025-04-13 10:00:00
30.5,28,953.0,0.0,4.3,2025-04-13 11:00:00
32.1,25,952.6,0.0,3.4,2025-04-13 12:00:00
33.2,23,952.0,0.0,5.3,2025-04-13 13:00:00
33.9,21,951.3,0.0,6.2,2025-04-13 14:00:00
34.2,20,950.4,0.0,6.1,2025-04-13 15:00:00
34.0,21,949.8,0.0,7.2,2025-04-13 16:00:00
33.4,21,949.7,0.0,8.1,2025-04-13 17:00:00
32.2,33,949.6,0.0,1.7,2025-04-13 18:00:00
29.4,31,949.3,0.0,3.0,2025-04-13 19:00:00
27.1,39,949.8,0.0,9.5,2025-04-13 20:00:00
26.1,43,950.0,0.0,9.9,2025-04-13 21:00:00
24.8,48,950.1,0.0,6.9,2025-04-13 22:00:00
23.4,54,949.8,0.0,4.7,2025-04-13 23:00:00
22.9,54,949.5,0.0,5.0,2025-04-14 00:00:00
23.1,48,948.8,0.0,6.0,2025-04-14 01:00:00
23.3,43,948.1,0.0,7.6,2025-04-14 02:00:00
23.5,40,947.7,0.0,8.8,2025-04-14 03:00:00
23.0,40,947.2,0.0,8.6,2025-04-14 04:00:00
22.1,43,947.4,0.0,6.2,2025-04-14 05:00:00
22.5,49,948.1,0.0,5.7,2025-04-14 06:00:00
23.8,50,949.4,0.0,5.2,2025-04-14 07:00:00
26.4,41,950.7,0.0,6.8,2025-04-14 08:00:00
28.3,35,951.6,0.0,8.9,2025-04-14 09:00:00
30.4,30,951.9,0.0,8.9,2025-04-14 10:00:00
32.2,26,951.7,0.0,6.9,2025-04-14 11:00:00
33.6,24,951.4,0.0,4.4,2025-04-14 12:00:00
34.8,22,950.8,0.0,3.3,2025-04-14 13:00:00
35.8,19,949.9,0.0,1.5,2025-04-14 14:00:00
36.4,16,949.1,0.0,3.8,2025-04-14 15:00:00
36.1,15,948.8,0.0,6.4,2025-04-14 16:00:00
35.2,18,948.7,0.0,7.2,2025-04-14 17:00:00
33.0,29,948.8,0.0,3.1,2025-04-14 18:00:00
30.8,32,948.6,0.0,3.6,2025-04-14 19:00:00
28.3,46,949.1,0.0,1.3,2025-04-14 20:00:00
27.2,42,950.0,0.0,4.0,2025-04-14 21:00:00
26.4,43,950.3,0.0,6.4,2025-04-14 22:00:00
26.1,39,950.8,0.0,9.4,2025-04-14 23:00:00
25.0,42,950.8,0.0,10.1,2025-04-15 00:00:00
24.3,45,950.1,0.0,9.5,2025-04-15 01:00:00
24.1,47,949.6,0.0,7.8,2025-04-15 02:00:00
23.7,49,949.3,0.0,5.9,2025-04-15 03:00:00
23.2,51,948.9,0.0,5.5,2025-04-15 04:00:00
22.6,54,948.9,0.0,5.0,2025-04-15 05:00:00
23.4,52,949.4,0.0,5.0,2025-04-15 06:00:00
24.8,48,950.4,0.0,6.6,2025-04-15 07:00:00
27.3,42,951.5,0.0,6.1,2025-04-15 08:00:00
29.7,38,952.0,0.0,8.4,2025-04-15 09:00:00
31.9,34,952.5,0.0,9.4,2025-04-15 10:00:00
33.4,30,952.2,0.0,10.6,2025-04-15 11:00:00
34.5,28,951.9,0.0,10.9,2025-04-15 12:00:00
35.3,26,951.4,0.0,9.9,2025-04-15 13:00:00
36.0,21,951.0,0.0,10.0,2025-04-15 14:00:00
36.3,18,949.8,0.0,8.0,2025-04-15 15:00:00
36.2,18,949.3,0.0,7.7,2025-04-15 16:00:00
35.7,18,949.0,0.0,6.5,2025-04-15 17:00:00
34.8,17,949.0,0.0,4.6,2025-04-15 18:00:00
31.8,24,948.8,0.0,2.2,2025-04-15 19:00:00
30.0,24,949.2,0.0,3.5,2025-04-15 20:00:00
28.9,26,949.8,0.0,6.0,2025-04-15 21:00:00
27.4,28,949.8,0.0,8.1,2025-04-15 22:00:00
26.4,30,949.8,0.0,6.9,2025-04-15 23:00:00
25.3,32,949.5,0.0,6.2,2025-04-16 00:00:00
24.3,35,948.9,0.0,6.6,2025-04-16 01:00:00
23.5,37,948.4,0.0,7.5,2025-04-16 02:00:00
23.0,39,948.5,0.0,8.0,2025-04-16 03:00:00
22.6,41,948.0,0.0,9.8,2025-04-16 04:00:00
22.5,42,948.2,0.0,8.7,2025-04-16 05:00:00
24.0,48,949.6,0.0,11.0,2025-04-16 06:00:00
25.5,45,950.1,0.0,10.9,2025-04-16 07:00:00
28.4,39,950.6,0.0,10.6,2025-04-16 08:00:00
31.2,34,951.3,0.0,12.3,2025-04-16 09:00:00
33.2,30,951.6,0.0,12.2,2025-04-16 10:00:00
34.4,26,951.5,0.0,10.0,2025-04-16 11:00:00
33.6,27,951.3,0.1,5.1,2025-04-16 12:00:00
31.7,28,951.1,0.2,8.8,2025-04-16 13:00:00
28.2,44,950.7,0.1,20.4,2025-04-16 14:00:00
28.7,41,951.0,0.2,16.5,2025-04-16 15:00:00
28.5,40,950.4,0.3,13.7,2025-04-16 16:00:00
27.6,42,950.3,0.0,16.9,2025-04-16 17:00:00
26.9,55,949.0,0.0,10.7,2025-04-16 18:00:00
26.2,48,948.6,0.0,13.5,2025-04-16 19:00:00
25.2,48,949.1,0.0,11.2,2025-04-16 20:00:00
24.3,51,949.6,0.0,9.0,2025-04-16 21:00:00
23.6,52,949.4,0.0,7.3,2025-04-16 22:00:00
22.4,57,948.7,0.0,5.6,2025-04-16 23:00:00
21.6,62,948.7,0.0,8.4,2025-04-17 00:00:00
21.0,64,948.1,0.0,4.9,2025-04-17 01:00:00
20.4,69,947.8,0.0,0.7,2025-04-17 02:00:00
20.3,69,947.9,0.0,0.9,2025-04-17 03:00:00
21.0,63,948.1,0.0,3.1,2025-04-17 04:00:00
21.3,57,948.3,0.0,6.3,2025-04-17 05:00:00
20.4,64,949.1,0.0,6.4,2025-04-17 06:00:00
22.0,59,949.8,0.0,6.5,2025-04-17 07:00:00
25.2,48,950.3,0.0,2.5,2025-04-17 08:00:00
28.0,39,950.8,0.0,1.0,2025-04-17 09:00:00
30.5,32,951.0,0.0,3.5,2025-04-17 10:00:00
32.4,27,950.7,0.0,6.5,2025-04-17 11:00:00
33.5,25,950.1,0.0,7.9,2025-04-17 12:00:00
34.1,24,949.2,0.0,8.1,2025-04-17 13:00:00
34.6,24,948.3,0.0,6.9,2025-04-17 14:00:00
34.7,24,947.5,0.0,6.2,2025-04-17 15:00:00
34.4,25,947.0,0.0,8.8,2025-04-17 16:00:00
33.0,27,946.7,0.0,10.5,2025-04-17 17:00:00
31.3,35,946.2,0.0,8.0,2025-04-17 18:00:00
28.9,40,945.7,0.0,10.2,2025-04-17 19:00:00
26.7,46,945.7,0.0,9.7,2025-04-17 20:00:00
25.4,50,945.9,0.0,9.0,2025-04-17 21:00:00
24.7,54,946.1,0.0,8.1,2025-04-17 22:00:00
24.3,55,945.9,0.0,7.4,2025-04-17 23:00:00
23.8,55,945.6,0.0,6.3,2025-04-18 00:00:00
23.4,55,945.1,0.0,4.6,2025-04-18 01:00:00
23.0,56,944.6,0.0,3.9,2025-04-18 02:00:00
23.6,51,944.7,0.0,5.0,2025-04-18 03:00:00
23.2,52,944.3,0.0,4.2,2025-04-18 04:00:00
22.9,52,944.9,0.0,7.2,2025-04-18 05:00:00
21.0,76,947.2,2.0,28.9,2025-04-18 06:00:00
22.1,67,947.0,0.0,14.7,2025-04-18 07:00:00
25.9,55,947.1,0.0,8.4,2025-04-18 08:00:00
29.8,38,947.4,0.0,10.1,2025-04-18 09:00:00
32.8,28,947.4,0.0,9.5,2025-04-18 10:00:00
34.1,25,947.3,0.0,9.4,2025-04-18 11:00:00
35.1,23,946.7,0.0,12.9,2025-04-18 12:00:00
34.2,24,945.5,0.0,6.4,2025-04-18 13:00:00
31.7,31,946.0,0.0,1.5,2025-04-18 14:00:00
27.1,52,945.4,1.1,7.9,2025-04-18 15:00:00
29.5,39,945.0,0.0,10.2,2025-04-18 16:00:00
29.7,33,944.7,0.0,17.0,2025-04-18 17:00:00
31.4,33,942.8,0.0,6.4,2025-04-18 18:00:00
29.9,34,942.4,0.0,13.9,2025-04-18 19:00:00
28.5,34,942.9,0.0,15.6,2025-04-18 20:00:00
26.9,36,943.0,0.0,10.9,2025-04-18 21:00:00
26.3,48,943.8,0.0,1.7,2025-04-18 22:00:00
20.9,64,944.2,0.0,22.9,2025-04-18 23:00:00
20.4,74,945.9,1.5,17.1,2025-04-19 00:00:00
19.4,78,945.2,2.7,18.5,2025-04-19 01:00:00
19.5,79,944.2,0.2,10.7,2025-04-19 02:00:00
20.1,74,944.5,0.0,5.9,2025-04-19 03:00:00
20.7,63,944.5,0.1,8.8,2025-04-19 04:00:00
21.0,60,944.4,0.1,10.7,2025-04-19 05:00:00
20.2,69,944.5,0.7,10.1,2025-04-19 06:00:00
21.0,69,944.8,0.0,6.3,2025-04-19 07:00:00
23.1,64,945.4,0.0,4.0,2025-04-19 08:00:00
25.0,56,945.6,0.0,5.1,2025-04-19 09:00:00
27.8,45,945.5,0.0,3.5,2025-04-19 10:00:00
29.9,35,945.6,0.0,14.8,2025-04-19 11:00:00
29.5,38,945.4,0.5,13.9,2025-04-19 12:00:00
28.5,41,945.6,0.6,6.8,2025-04-19 13:00:00
27.3,44,944.8,0.0,12.3,2025-04-19 14:00:00
28.6,37,943.9,0.0,14.4,2025-04-19 15:00:00
25.7,50,943.6,0.0,21.4,2025-04-19 16:00:00
25.3,49,943.6,0.0,14.4,2025-04-19 17:00:00
24.8,52,943.1,0.0,12.5,2025-04-19 18:00:00
23.4,57,943.3,0.0,11.7,2025-04-19 19:00:00
22.7,56,943.4,0.0,6.3,2025-04-19 20:00:00
21.9,56,944.2,0.0,6.7,2025-04-19 21:00:00
21.4,52,944.1,0.0,9.7,2025-04-19 22:00:00
21.6,46,944.1,0.0,13.0,2025-04-19 23:00:00
21.6,44,943.6,0.0,12.8,2025-04-20 00:00:00
21.2,45,943.8,0.0,4.2,2025-04-20 01:00:00
19.2,58,943.9,0.0,15.7,2025-04-20 02:00:00
18.4,62,943.2,0.0,8.6,2025-04-20 03:00:00
17.4,67,943.3,0.0,7.3,2025-04-20 04:00:00
17.2,69,943.1,0.0,4.4,2025-04-20 05:00:00
20.0,67,943.6,0.0,4.0,2025-04-20 06:00:00
22.0,58,945.2,0.0,6.6,2025-04-20 07:00:00
24.4,44,946.0,0.0,3.3,2025-04-20 08:00:00
26.3,39,947.0,0.0,4.6,2025-04-20 09:00:00
28.8,36,947.5,0.0,10.9,2025-04-20 10:00:00
26.0,49,947.5,1.6,6.0,2025-04-20 11:00:00
29.2,37,947.1,0.1,8.5,2025-04-20 12:00:00
27.8,38,946.9,0.0,7.2,2025-04-20 13:00:00
20.8,73,947.3,5.1,4.6,2025-04-20 14:00:00
23.6,57,946.2,0.0,12.2,2025-04-20 15:00:00
24.6,51,946.1,0.0,17.3,2025-04-20 16:00:00
24.4,50,945.8,0.0,14.8,2025-04-20 17:00:00
24.8,47,945.0,0.0,11.8,2025-04-20 18:00:00
23.4,57,945.5,0.0,4.7,2025-04-20 19:00:00
22.5,59,946.5,0.0,5.1,2025-04-20 20:00:00
21.4,61,947.3,0.0,5.2,2025-04-20 21:00:00
20.7,59,947.7,0.0,5.6,2025-04-20 22:00:00
19.8,63,947.8,0.0,4.0,2025-04-20 23:00:00
19.9,54,947.6,0.0,10.1,2025-04-21 00:00:00
20.0,50,947.7,0.0,11.1,2025-04-21 01:00:00
20.0,50,947.8,0.0,7.9,2025-04-21 02:00:00
18.8,56,947.8,0.0,5.2,2025-04-21 03:00:00
17.2,67,947.9,0.0,4.6,2025-04-21 04:00:00
16.4,72,948.0,0.0,6.0,2025-04-21 05:00:00
19.8,55,948.7,0.0,3.2,2025-04-21 06:00:00
21.0,55,949.9,0.0,5.1,2025-04-21 07:00:00
24.6,43,951.0,0.0,3.9,2025-04-21 08:00:00
28.0,33,951.4,0.0,0.5,2025-04-21 09:00:00
30.9,22,951.9,0.0,4.3,2025-04-21 10:00:00
33.1,12,951.6,0.0,5.3,2025-04-21 11:00:00
34.4,9,951.2,0.0,5.4,2025-04-21 12:00:00
34.4,10,950.7,0.0,10.1,2025-04-21 13:00:00
33.4,12,950.3,0.0,13.6,2025-04-21 14:00:00
33.1,13,949.4,0.0,15.6,2025-04-21 15:00:00
32.8,15,949.1,0.0,14.1,2025-04-21 16:00:00
32.3,15,949.7,0.0,13.4,2025-04-21 17:00:00
28.7,26,950.2,0.0,16.6,2025-04-21 18:00:00
26.5,33,950.1,0.0,16.0,2025-04-21 19:00:00
25.1,36,950.3,0.0,13.0,2025-04-21 20:00:00
24.1,37,951.2,0.0,9.5,2025-04-21 21:00:00
22.4,40,951.2,0.0,8.9,2025-04-21 22:00:00
21.3,42,951.0,0.0,9.2,2025-04-21 23:00:00
20.5,41,950.8,0.0,8.9,2025-04-22 00:00:00
19.8,41,950.2,0.0,7.1,2025-04-22 01:00:00
19.5,44,950.0,0.0,5.0,2025-04-22 02:00:00
19.5,48,950.3,0.0,3.1,2025-04-22 03:00:00
19.8,43,950.4,0.0,2.0,2025-04-22 04:00:00
19.5,42,950.5,0.0,4.9,2025-04-22 05:00:00
21.1,47,950.9,0.0,4.0,2025-04-22 06:00:00
22.5,48,952.0,0.0,1.0,2025-04-22 07:00:00
25.3,38,952.8,0.0,1.5,2025-04-22 08:00:00
28.3,27,953.7,0.0,2.9,2025-04-22 09:00:00
30.5,23,953.8,0.0,0.4,2025-04-22 10:00:00
32.1,20,953.7,0.0,3.1,2025-04-22 11:00:00
33.2,15,953.2,0.0,4.7,2025-04-22 12:00:00
33.8,13,952.5,0.0,5.7,2025-04-22 13:00:00
34.0,13,951.9,0.0,7.7,2025-04-22 14:00:00
33.9,12,951.1,0.0,8.2,2025-04-22 15:00:00
33.5,12,950.5,0.0,9.4,2025-04-22 16:00:00
32.8,12,950.4,0.0,11.0,2025-04-22 17:00:00
30.7,12,951.1,0.0,11.8,2025-04-22 18:00:00
27.9,17,950.8,0.0,14.2,2025-04-22 19:00:00
26.4,19,950.9,0.0,13.8,2025-04-22 20:00:00
25.2,22,951.3,0.0,12.5,2025-04-22 21:00:00
23.7,25,950.9,0.0,11.0,2025-04-22 22:00:00
22.9,26,950.3,0.0,9.6,2025-04-22 23:00:00
21.8,29,949.8,0.0,7.1,2025-04-23 00:00:00
20.2,35,948.9,0.0,4.9,2025-04-23 01:00:00
18.8,42,948.1,0.0,4.2,2025-04-23 02:00:00
17.9,47,947.8,0.0,2.0,2025-04-23 03:00:00
17.7,44,948.2,0.0,5.7,2025-04-23 04:00:00
18.5,38,948.4,0.0,3.2,2025-04-23 05:00:00
20.2,45,949.1,0.0,1.9,2025-04-23 06:00:00
22.3,38,950.0,0.0,2.6,2025-04-23 07:00:00
25.7,33,950.5,0.0,1.8,2025-04-23 08:00:00
29.0,24,951.0,0.0,2.4,2025-04-23 09:00:00
31.4,19,951.1,0.0,5.6,2025-04-23 10:00:00
32.9,14,950.8,0.0,8.4,2025-04-23 11:00:00
33.7,12,950.1,0.0,9.5,2025-04-23 12:00:00
34.4,11,949.4,0.0,10.3,2025-04-23 13:00:00
34.5,10,948.7,0.0,12.2,2025-04-23 14:00:00
34.2,11,947.9,0.0,13.6,2025-04-23 15:00:00
33.5,11,947.6,0.0,14.3,2025-04-23 16:00:00
32.6,11,947.5,0.0,14.0,2025-04-23 17:00:00
31.0,13,947.8,0.0,12.7,2025-04-23 18:00:00
28.4,17,947.4,0.0,11.6,2025-04-23 19:00:00
25.7,21,947.1,0.0,9.4,2025-04-23 20:00:00
23.6,26,947.1,0.0,10.7,2025-04-23 21:00:00
23.0,27,946.8,0.0,9.7,2025-04-23 22:00:00
21.2,33,946.1,0.0,6.3,2025-04-23 23:00:00
19.7,38,945.6,0.0,6.9,2025-04-24 00:00:00
18.5,42,944.7,0.0,5.1,2025-04-24 01:00:00
18.0,43,944.3,0.0,3.8,2025-04-24 02:00:00
18.5,39,944.2,0.0,3.2,2025-04-24 03:00:00
19.2,33,944.5,0.0,4.8,2025-04-24 04:00:00
19.2,30,944.8,0.0,3.3,2025-04-24 05:00:00
18.8,42,945.1,0.0,2.8,2025-04-24 06:00:00
20.5,45,946.1,0.0,0.7,2025-04-24 07:00:00
25.4,33,947.4,0.0,3.6,2025-04-24 08:00:00
28.6,23,948.1,0.0,4.5,2025-04-24 09:00:00
31.1,18,948.7,0.0,5.2,2025-04-24 10:00:00
32.7,14,948.5,0.0,3.7,2025-04-24 11:00:00
34.1,12,948.1,0.0,3.8,2025-04-24 12:00:00
35.0,12,947.5,0.0,8.2,2025-04-24 13:00:00
33.6,12,947.0,0.0,12.3,2025-04-24 14:00:00
34.2,10,946.6,0.0,9.8,2025-04-24 15:00:00
33.6,10,946.2,0.0,11.3,2025-04-24 16:00:00
33.0,10,946.3,0.0,11.1,2025-04-24 17:00:00
30.4,16,946.2,0.0,13.9,2025-04-24 18:00:00
28.1,19,945.9,0.0,10.8,2025-04-24 19:00:00
26.6,23,946.2,0.0,7.3,2025-04-24 20:00:00
24.3,28,946.3,0.0,4.5,2025-04-24 21:00:00
22.7,29,946.3,0.0,5.0,2025-04-24 22:00:00
21.0,36,945.9,0.0,4.0,2025-04-24 23:00:00
20.2,38,945.9,0.0,1.2,2025-04-25 00:00:00
19.8,37,945.7,0.0,2.8,2025-04-25 01:00:00
20.1,34,945.7,0.0,1.8,2025-04-25 02:00:00
20.5,30,946.2,0.0,4.6,2025-04-25 03:00:00
20.0,32,946.4,0.0,3.8,2025-04-25 04:00:00
19.9,36,946.9,0.0,1.3,2025-04-25 05:00:00
20.4,38,947.6,0.0,1.9,2025-04-25 06:00:00
22.0,37,948.4,0.0,1.9,2025-04-25 07:00:00
26.0,29,949.6,0.0,3.3,2025-04-25 08:00:00
29.6,20,950.9,0.0,4.0,2025-04-25 09:00:00
32.2,14,951.3,0.0,3.6,2025-04-25 10:00:00
33.9,11,951.4,0.0,2.2,2025-04-25 11:00:00
35.1,9,950.7,0.0,1.0,2025-04-25 12:00:00
36.0,8,949.9,0.0,3.1,2025-04-25 13:00:00
36.5,8,949.0,0.0,6.7,2025-04-25 14:00:00
36.3,7,948.3,0.0,11.7,2025-04-25 15:00:00
35.5,8,947.9,0.0,14.2,2025-04-25 16:00:00
34.6,8,948.0,0.0,13.5,2025-04-25 17:00:00
33.2,10,948.3,0.0,11.2,2025-04-25 18:00:00
30.8,12,948.1,0.0,11.6,2025-04-25 19:00:00
28.0,15,947.9,0.0,10.2,2025-04-25 20:00:00
26.0,18,947.9,0.0,9.9,2025-04-25 21:00:00
25.4,19,947.8,0.0,9.9,2025-04-25 22:00:00
24.9,19,947.6,0.0,8.8,2025-04-25 23:00:00
23.1,22,946.9,0.0,6.1,2025-04-26 00:00:00
20.8,28,945.9,0.0,5.8,2025-04-26 01:00:00
19.8,31,945.6,0.0,2.7,2025-04-26 02:00:00
20.1,29,945.6,0.0,1.8,2025-04-26 03:00:00
21.6,24,946.1,0.0,9.2,2025-04-26 04:00:00
22.4,20,946.5,0.0,15.4,2025-04-26 05:00:00
25.0,23,947.2,0.0,12.3,2025-04-26 06:00:00
26.8,19,948.3,0.0,14.3,2025-04-26 07:00:00
29.6,17,949.3,0.0,10.8,2025-04-26 08:00:00
32.1,14,949.9,0.0,5.6,2025-04-26 09:00:00
33.7,12,950.4,0.0,5.9,2025-04-26 10:00:00
34.4,11,950.6,0.0,10.3,2025-04-26 11:00:00
35.0,11,950.3,0.0,10.9,2025-04-26 12:00:00
35.3,10,949.8,0.0,11.2,2025-04-26 13:00:00
35.1,10,949.2,0.0,10.1,2025-04-26 14:00:00
35.0,10,948.7,0.0,11.2,2025-04-26 15:00:00
34.6,9,948.4,0.0,14.1,2025-04-26 16:00:00
33.7,9,948.4,0.0,14.4,2025-04-26 17:00:00
33.2,11,948.2,0.0,14.0,2025-04-26 18:00:00
30.5,16,948.8,0.0,8.1,2025-04-26 19:00:00
28.5,19,948.7,0.0,7.5,2025-04-26 20:00:00
26.6,23,948.9,0.0,7.3,2025-04-26 21:00:00
24.7,29,948.7,0.0,6.8,2025-04-26 22:00:00
23.1,34,948.5,0.0,4.9,2025-04-26 23:00:00
21.7,38,948.1,0.0,3.3,2025-04-27 00:00:00
20.5,41,947.4,0.0,1.3,2025-04-27 01:00:00
19.6,44,946.8,0.0,0.6,2025-04-27 02:00:00
19.5,42,947.1,0.0,2.3,2025-04-27 03:00:00
20.5,35,947.4,0.0,4.7,2025-04-27 04:00:00
20.2,33,947.8,0.0,3.3,2025-04-27 05:00:00
22.1,40,948.3,0.0,1.1,2025-04-27 06:00:00
24.1,31,949.4,0.0,2.8,2025-04-27 07:00:00
26.9,27,950.0,0.0,1.3,2025-04-27 08:00:00
30.5,20,950.7,0.0,1.8,2025-04-27 09:00:00
33.6,13,951.2,0.0,3.6,2025-04-27 10:00:00
35.4,9,951.1,0.0,3.6,2025-04-27 11:00:00
36.3,9,950.8,0.0,4.0,2025-04-27 12:00:00
36.8,9,950.3,0.0,5.2,2025-04-27 13:00:00
36.9,9,949.6,0.0,6.0,2025-04-27 14:00:00
36.8,10,949.1,0.0,6.6,2025-04-27 15:00:00
36.5,10,948.6,0.0,7.8,2025-04-27 16:00:00
35.8,10,948.1,0.0,10.3,2025-04-27 17:00:00
34.6,12,947.9,0.0,14.8,2025-04-27 18:00:00
31.9,15,948.1,0.0,14.2,2025-04-27 19:00:00
30.4,17,948.5,0.0,13.4,2025-04-27 20:00:00
29.3,18,948.6,0.0,11.2,2025-04-27 21:00:00
27.7,21,948.5,0.0,10.9,2025-04-27 22:00:00
27.3,21,948.2,0.0,10.3,2025-04-27 23:00:00
27.2,20,948.0,0.0,10.2,2025-04-28 00:00:00
27.0,20,947.2,0.0,11.0,2025-04-28 01:00:00
26.7,21,946.7,0.0,7.7,2025-04-28 02:00:00
24.8,28,946.3,0.0,4.0,2025-04-28 03:00:00
23.3,29,946.1,0.0,2.7,2025-04-28 04:00:00
22.3,29,945.9,0.0,3.6,2025-04-28 05:00:00
22.2,34,946.6,0.0,5.9,2025-04-28 06:00:00
25.0,29,947.5,0.0,4.0,2025-04-28 07:00:00
29.0,23,948.3,0.0,3.1,2025-04-28 08:00:00
31.2,20,949.1,0.0,5.8,2025-04-28 09:00:00
33.4,16,949.4,0.0,4.7,2025-04-28 10:00:00
35.6,13,949.4,0.0,2.2,2025-04-28 11:00:00
37.2,11,948.9,0.0,0.9,2025-04-28 12:00:00
38.4,9,948.4,0.0,0.5,2025-04-28 13:00:00
39.1,8,947.7,0.0,0.4,2025-04-28 14:00:00
39.3,8,946.9,0.0,2.5,2025-04-28 15:00:00
39.0,8,946.2,0.0,7.9,2025-04-28 16:00:00
37.8,8,945.9,0.0,12.1,2025-04-28 17:00:00
36.1,11,945.7,0.0,13.0,2025-04-28 18:00:00
33.7,12,945.4,0.0,9.4,2025-04-28 19:00:00
31.1,14,945.6,0.0,10.7,2025-04-28 20:00:00
29.2,18,945.6,0.0,10.2,2025-04-28 21:00:00
28.5,20,945.6,0.0,9.4,2025-04-28 22:00:00
28.7,16,945.9,0.0,8.3,2025-04-28 23:00:00
27.5,15,945.7,0.0,5.4,2025-04-29 00:00:00
26.1,18,945.0,0.0,4.2,2025-04-29 01:00:00
25.3,20,944.4,0.0,3.6,2025-04-29 02:00:00
25.0,23,944.3,0.0,2.9,2025-04-29 03:00:00
25.1,23,944.4,0.0,0.9,2025-04-29 04:00:00
24.4,29,944.7,0.0,0.6,2025-04-29 05:00:00
23.6,28,945.8,0.0,4.2,2025-04-29 06:00:00
25.2,27,947.1,0.0,9.1,2025-04-29 07:00:00
28.5,22,948.5,0.0,8.5,2025-04-29 08:00:00
31.8,19,949.4,0.0,8.9,2025-04-29 09:00:00
33.7,19,949.7,0.0,15.0,2025-04-29 10:00:00
35.0,19,949.6,0.0,15.1,2025-04-29 11:00:00
36.2,18,949.1,0.0,12.5,2025-04-29 12:00:00
37.2,16,948.3,0.0,10.2,2025-04-29 13:00:00
37.8,15,947.5,0.0,7.8,2025-04-29 14:00:00
38.1,14,946.6,0.0,6.2,2025-04-29 15:00:00
38.1,13,945.8,0.0,6.1,2025-04-29 16:00:00
37.6,14,945.4,0.0,6.2,2025-04-29 17:00:00
36.5,13,945.5,0.0,5.6,2025-04-29 18:00:00
34.2,23,945.8,0.0,0.6,2025-04-29 19:00:00
32.0,19,946.2,0.0,2.2,2025-04-29 20:00:00
30.4,21,946.9,0.0,7.3,2025-04-29 21:00:00
28.9,23,947.2,0.0,7.7,2025-04-29 22:00:00
27.5,26,947.7,0.0,5.4,2025-04-29 23:00:00
26.4,29,947.6,0.0,4.9,2025-04-30 00:00:00
25.7,32,947.2,0.0,6.5,2025-04-30 01:00:00
24.9,35,946.7,0.0,7.8,2025-04-30 02:00:00
24.4,37,946.5,0.0,6.5,2025-04-30 03:00:00
24.1,39,946.5,0.0,6.0,2025-04-30 04:00:00
23.9,39,946.9,0.0,6.6,2025-04-30 05:00:00
25.1,44,948.2,0.0,9.2,2025-04-30 06:00:00
26.7,41,949.2,0.0,8.5,2025-04-30 07:00:00
29.8,34,950.4,0.0,8.7,2025-04-30 08:00:00
32.2,30,951.0,0.0,13.5,2025-04-30 09:00:00
33.8,27,951.1,0.0,15.7,2025-04-30 10:00:00
35.1,24,951.0,0.0,15.5,2025-04-30 11:00:00
36.3,22,950.5,0.0,13.8,2025-04-30 12:00:00
37.4,18,950.1,0.0,11.3,2025-04-30 13:00:00
36.8,15,949.4,0.0,10.4,2025-04-30 14:00:00
37.3,14,948.3,0.0,3.1,2025-04-30 15:00:00
37.4,14,947.8,0.0,8.2,2025-04-30 16:00:00
36.7,15,947.5,0.0,10.7,2025-04-30 17:00:00
34.9,18,947.3,0.0,8.3,2025-04-30 18:00:00
32.4,23,947.3,0.0,7.7,2025-04-30 19:00:00
30.0,28,947.4,0.0,9.5,2025-04-30 20:00:00
28.3,32,947.5,0.0,4.8,2025-04-30 21:00:00
26.9,36,947.8,0.0,5.5,2025-04-30 22:00:00
26.1,37,947.5,0.0,5.9,2025-04-30 23:00:00
25.8,37,947.2,0.0,4.6,2025-05-01 00:00:00
25.4,34,947.1,0.0,5.7,2025-05-01 01:00:00
24.7,35,947.0,0.0,6.0,2025-05-01 02:00:00
24.0,35,947.1,0.0,9.8,2025-05-01 03:00:00
23.4,36,947.3,0.0,9.5,2025-05-01 04:00:00
23.3,37,947.6,0.0,10.1,2025-05-01 05:00:00
25.9,45,949.2,0.0,11.2,2025-05-01 06:00:00
27.8,42,950.2,0.0,10.2,2025-05-01 07:00:00
30.8,37,951.2,0.0,12.5,2025-05-01 08:00:00
32.1,36,951.7,0.0,16.0,2025-05-01 09:00:00
33.4,33,951.9,0.0,15.3,2025-05-01 10:00:00
31.9,38,952.8,1.1,8.9,2025-05-01 11:00:00
30.3,38,952.0,0.0,26.0,2025-05-01 12:00:00
30.8,37,951.8,0.0,10.7,2025-05-01 13:00:00
31.9,33,951.1,0.0,10.1,2025-05-01 14:00:00
32.2,32,951.1,0.0,2.9,2025-05-01 15:00:00
32.1,31,950.6,0.0,3.8,2025-05-01 16:00:00
31.8,33,950.1,0.0,2.6,2025-05-01 17:00:00
27.3,49,949.1,0.0,8.2,2025-05-01 18:00:00
27.4,51,949.4,0.0,4.7,2025-05-01 19:00:00
26.5,53,949.7,0.0,4.4,2025-05-01 20:00:00
26.1,54,949.9,0.0,8.6,2025-05-01 21:00:00
26.0,53,949.5,0.0,9.4,2025-05-01 22:00:00
24.8,59,948.8,0.0,3.6,2025-05-01 23:00:00
23.9,63,948.4,0.0,2.9,2025-05-02 00:00:00
23.3,69,948.4,0.0,2.3,2025-05-02 01:00:00
23.4,65,949.0,0.0,4.9,2025-05-02 02:00:00
22.4,71,949.3,0.0,2.4,2025-05-02 03:00:00
22.6,67,949.8,0.0,5.7,2025-05-02 04:00:00
22.1,64,950.3,0.0,8.5,2025-05-02 05:00:00
22.5,62,949.5,0.0,6.9,2025-05-02 06:00:00
24.5,58,950.7,0.0,6.6,2025-05-02 07:00:00
27.1,50,952.0,0.0,5.9,2025-05-02 08:00:00
29.1,45,952.7,0.0,9.5,2025-05-02 09:00:00
30.7,41,952.5,0.0,9.7,2025-05-02 10:00:00
31.5,40,952.4,0.0,12.4,2025-05-02 11:00:00
23.3,78,953.5,7.2,11.8,2025-05-02 12:00:00
23.8,70,952.5,0.0,11.6,2025-05-02 13:00:00
24.0,68,952.1,0.2,11.5,2025-05-02 14:00:00
25.8,62,951.9,0.0,11.2,2025-05-02 15:00:00
26.1,60,950.9,0.0,12.4,2025-05-02 16:00:00
26.3,60,951.0,0.0,10.3,2025-05-02 17:00:00
25.7,59,951.1,0.0,12.3,2025-05-02 18:00:00
24.8,62,950.9,0.0,11.0,2025-05-02 19:00:00
23.9,66,950.8,0.0,6.5,2025-05-02 20:00:00
23.3,72,950.6,0.0,3.6,2025-05-02 21:00:00
22.9,77,950.5,0.0,1.0,2025-05-02 22:00:00
21.7,80,949.9,0.0,1.2,2025-05-02 23:00:00
21.1,83,949.4,0.0,0.6,2025-05-03 00:00:00
21.0,83,948.5,0.0,2.2,2025-05-03 01:00:00
21.0,81,947.9,0.0,3.6,2025-05-03 02:00:00
20.8,80,947.7,0.0,4.0,2025-05-03 03:00:00
20.4,81,947.6,0.0,3.4,2025-05-03 04:00:00
20.1,83,947.8,0.0,2.3,2025-05-03 05:00:00
20.8,80,948.4,0.0,3.7,2025-05-03 06:00:00
23.2,71,949.4,0.0,2.3,2025-05-03 07:00:00
25.3,59,950.2,0.0,3.2,2025-05-03 08:00:00
27.6,47,950.5,0.0,5.2,2025-05-03 09:00:00
29.4,38,950.6,0.0,4.2,2025-05-03 10:00:00
28.7,40,950.9,0.2,11.9,2025-05-03 11:00:00
27.8,44,950.7,0.6,11.4,2025-05-03 12:00:00
28.3,41,949.8,0.0,9.0,2025-05-03 13:00:00
28.9,40,948.5,0.0,5.9,2025-05-03 14:00:00
29.3,38,947.8,0.0,4.5,2025-05-03 15:00:00
29.4,36,947.4,0.4,4.9,2025-05-03 16:00:00
27.9,43,946.9,0.1,3.9,2025-05-03 17:00:00
27.4,40,947.3,0.0,11.0,2025-05-03 18:00:00
26.2,42,946.4,0.0,9.9,2025-05-03 19:00:00
25.2,56,946.6,0.0,3.2,2025-05-03 20:00:00
24.5,60,947.2,0.0,0.4,2025-05-03 21:00:00
24.0,57,947.6,0.0,2.2,2025-05-03 22:00:00
23.5,55,947.4,0.0,5.0,2025-05-03 23:00:00
22.7,58,947.0,0.0,4.9,2025-05-04 00:00:00
22.3,58,946.4,0.0,6.1,2025-05-04 01:00:00
22.0,60,946.1,0.0,4.6,2025-05-04 02:00:00
21.7,62,945.7,0.0,3.2,2025-05-04 03:00:00
21.3,66,945.9,0.0,2.0,2025-05-04 04:00:00
21.4,64,946.3,0.0,2.7,2025-05-04 05:00:00
23.9,55,946.5,0.0,2.7,2025-05-04 06:00:00
25.6,50,947.6,0.0,2.5,2025-05-04 07:00:00
27.8,43,948.4,0.0,4.0,2025-05-04 08:00:00
25.3,60,949.5,1.9,11.9,2025-05-04 09:00:00
25.2,55,949.5,0.2,10.1,2025-05-04 10:00:00
29.0,39,949.2,0.0,5.6,2025-05-04 11:00:00
28.7,40,948.7,0.3,2.1,2025-05-04 12:00:00
29.1,40,948.2,0.3,10.5,2025-05-04 13:00:00
29.6,37,947.2,0.6,8.2,2025-05-04 14:00:00
29.7,37,946.8,0.0,2.4,2025-05-04 15:00:00
29.6,37,946.5,0.0,4.2,2025-05-04 16:00:00
28.7,39,946.8,0.0,3.7,2025-05-04 17:00:00
25.2,62,947.1,0.0,3.9,2025-05-04 18:00:00
24.2,69,946.8,0.0,3.4,2025-05-04 19:00:00
23.6,72,946.8,0.0,5.4,2025-05-04 20:00:00
22.8,76,947.0,0.0,7.0,2025-05-04 21:00:00
22.2,79,946.7,0.0,6.3,2025-05-04 22:00:00
21.6,81,946.7,0.0,5.2,2025-05-04 23:00:00
20.9,83,946.8,0.0,4.4,2025-05-05 00:00:00
20.3,85,946.5,0.0,3.5,2025-05-05 01:00:00
20.2,85,946.3,0.0,2.2,2025-05-05 02:00:00
20.6,80,946.4,0.0,2.3,2025-05-05 03:00:00
20.7,77,946.8,0.0,2.4,2025-05-05 04:00:00
20.8,74,947.2,0.0,2.6,2025-05-05 05:00:00
20.8,73,947.9,0.0,6.2,2025-05-05 06:00:00
22.3,67,948.8,0.0,6.7,2025-05-05 07:00:00
24.4,58,950.1,0.0,8.4,2025-05-05 08:00:00
25.6,57,950.4,0.0,10.2,2025-05-05 09:00:00
27.1,53,950.3,0.0,8.3,2025-05-05 10:00:00
28.1,49,949.9,0.0,7.5,2025-05-05 11:00:00
29.2,44,949.7,0.0,6.6,2025-05-05 12:00:00
29.6,42,948.8,0.0,4.9,2025-05-05 13:00:00
30.3,39,948.4,0.0,9.6,2025-05-05 14:00:00
27.0,54,949.0,0.0,13.8,2025-05-05 15:00:00
26.1,58,948.2,0.0,15.1,2025-05-05 16:00:00
26.3,57,947.7,0.0,9.7,2025-05-05 17:00:00
26.8,54,948.3,0.0,8.3,2025-05-05 18:00:00
25.4,61,948.4,0.0,8.0,2025-05-05 19:00:00
24.5,63,948.7,0.0,7.3,2025-05-05 20:00:00
23.8,67,949.2,0.0,5.9,2025-05-05 21:00:00
22.7,72,948.9,0.0,4.7,2025-05-05 22:00:00
21.8,79,948.4,0.0,2.9,2025-05-05 23:00:00
21.6,82,948.0,0.0,1.3,2025-05-06 00:00:00
21.5,82,947.6,0.0,1.3,2025-05-06 01:00:00
21.4,81,947.4,0.0,1.3,2025-05-06 02:00:00
20.9,81,947.6,0.0,2.8,2025-05-06 03:00:00
20.4,79,947.9,0.0,4.2,2025-05-06 04:00:00
19.9,79,948.3,0.0,5.9,2025-05-06 05:00:00
21.7,73,948.3,0.0,4.8,2025-05-06 06:00:00
23.3,64,949.4,0.0,7.1,2025-05-06 07:00:00
25.6,54,950.2,0.0,9.0,2025-05-06 08:00:00
27.5,49,950.8,0.0,8.3,2025-05-06 09:00:00
29.1,43,950.9,0.0,6.9,2025-05-06 10:00:00
30.0,40,950.7,0.0,6.7,2025-05-06 11:00:00
30.7,37,950.1,0.1,5.4,2025-05-06 12:00:00
31.5,35,949.4,0.0,4.4,2025-05-06 13:00:00
31.5,34,948.6,0.0,4.1,2025-05-06 14:00:00
31.8,33,947.5,0.0,3.3,2025-05-06 15:00:00
32.0,32,946.6,0.0,2.7,2025-05-06 16:00:00
31.6,33,946.0,0.0,2.6,2025-05-06 17:00:00
30.5,37,946.5,0.0,5.1,2025-05-06 18:00:00
28.8,43,946.5,0.0,6.4,2025-05-06 19:00:00
27.6,48,946.7,0.0,5.0,2025-05-06 20:00:00
27.0,56,947.6,0.0,0.6,2025-05-06 21:00:00
25.7,54,947.8,0.0,3.0,2025-05-06 22:00:00
24.8,55,948.0,0.0,6.9,2025-05-06 23:00:00
23.9,57,947.8,0.0,6.9,2025-05-07 00:00:00
23.4,59,947.3,0.0,6.2,2025-05-07 01:00:00
23.0,60,947.3,0.0,5.6,2025-05-07 02:00:00
22.7,61,947.2,0.0,4.7,2025-05-07 03:00:00
22.6,61,947.3,0.0,5.2,2025-05-07 04:00:00
22.4,61,947.4,0.0,5.3,2025-05-07 05:00:00
23.7,60,948.1,0.0,6.2,2025-05-07 06:00:00
25.6,54,948.5,0.0,6.2,2025-05-07 07:00:00
28.1,46,949.2,0.0,7.4,2025-05-07 08:00:00
29.9,40,949.8,0.0,7.3,2025-05-07 09:00:00
31.0,36,950.0,0.0,7.6,2025-05-07 10:00:00
32.2,33,949.6,0.0,8.2,2025-05-07 11:00:00
31.1,36,949.2,0.1,10.6,2025-05-07 12:00:00
30.5,39,948.5,0.2,11.3,2025-05-07 13:00:00
31.8,35,947.6,0.0,6.7,2025-05-07 14:00:00
31.8,35,946.8,0.0,5.8,2025-05-07 15:00:00
32.1,34,946.2,0.0,5.4,2025-05-07 16:00:00
31.6,35,946.1,0.0,5.4,2025-05-07 17:00:00
31.9,32,945.4,0.0,1.5,2025-05-07 18:00:00
31.0,34,945.4,0.0,4.5,2025-05-07 19:00:00
29.5,37,945.8,0.0,3.8,2025-05-07 20:00:00
28.6,39,946.5,0.0,3.2,2025-05-07 21:00:00
27.2,45,946.9,0.0,2.8,2025-05-07 22:00:00
26.4,48,947.1,0.0,4.5,2025-05-07 23:00:00
25.4,52,947.0,0.0,7.7,2025-05-08 00:00:00
24.6,55,946.7,0.0,9.5,2025-05-08 01:00:00
24.3,57,946.7,0.0,10.3,2025-05-08 02:00:00
24.0,58,946.8,0.0,10.1,2025-05-08 03:00:00
23.8,60,947.0,0.0,10.1,2025-05-08 04:00:00
23.5,61,947.3,0.0,10.8,2025-05-08 05:00:00
24.2,65,946.9,0.0,9.0,2025-05-08 06:00:00
26.3,56,947.7,0.0,8.2,2025-05-08 07:00:00
23.7,71,949.9,2.9,22.7,2025-05-08 08:00:00
25.3,58,950.1,0.0,11.6,2025-05-08 09:00:00
27.7,52,950.7,0.0,11.5,2025-05-08 10:00:00
29.3,48,950.2,0.0,11.5,2025-05-08 11:00:00
29.9,46,950.1,0.1,10.3,2025-05-08 12:00:00
30.2,46,949.7,0.0,5.5,2025-05-08 13:00:00
30.6,43,948.8,0.0,3.0,2025-05-08 14:00:00
31.5,41,948.7,0.0,1.0,2025-05-08 15:00:00
28.1,57,948.4,2.1,4.1,2025-05-08 16:00:00
27.8,56,948.7,0.0,2.9,2025-05-08 17:00:00
25.1,68,948.7,0.1,3.5,2025-05-08 18:00:00
24.1,75,948.5,0.0,4.6,2025-05-08 19:00:00
23.5,80,948.5,0.0,2.1,2025-05-08 20:00:00
23.0,86,949.1,0.0,3.1,2025-05-08 21:00:00
22.5,90,949.2,0.0,3.0,2025-05-08 22:00:00
22.1,92,949.2,0.0,2.9,2025-05-08 23:00:00
22.3,88,949.1,0.0,3.2,2025-05-09 00:00:00
22.2,85,948.7,0.0,3.3,2025-05-09 01:00:00
21.8,84,948.5,0.0,2.7,2025-05-09 02:00:00
21.2,85,948.6,0.0,2.3,2025-05-09 03:00:00
21.0,84,949.0,0.0,3.5,2025-05-09 04:00:00
20.8,83,949.1,0.0,3.3,2025-05-09 05:00:00
21.7,76,950.1,0.0,5.6,2025-05-09 06:00:00
23.7,68,951.0,0.0,3.6,2025-05-09 07:00:00
25.3,60,951.7,0.0,8.7,2025-05-09 08:00:00
26.5,56,952.6,0.0,12.7,2025-05-09 09:00:00
27.3,54,953.2,0.0,13.0,2025-05-09 10:00:00
27.2,56,953.3,0.1,9.7,2025-05-09 11:00:00
22.5,79,953.2,1.7,16.5,2025-05-09 12:00:00
25.0,68,952.6,0.0,10.4,2025-05-09 13:00:00
27.2,59,951.8,0.0,10.9,2025-05-09 14:00:00
27.7,56,951.1,0.0,8.8,2025-05-09 15:00:00
28.1,53,950.6,0.0,4.0,2025-05-09 16:00:00
28.5,51,950.2,0.0,1.6,2025-05-09 17:00:00
28.1,58,949.5,0.0,2.7,2025-05-09 18:00:00
26.1,68,949.3,0.0,3.3,2025-05-09 19:00:00
24.5,73,949.3,0.0,3.3,2025-05-09 20:00:00
23.2,82,949.3,0.0,3.3,2025-05-09 21:00:00
22.2,88,949.2,0.0,0.6,2025-05-09 22:00:00
21.8,88,949.2,0.0,3.8,2025-05-09 23:00:00
21.6,84,949.0,0.0,5.0,2025-05-10 00:00:00
21.4,81,948.4,0.0,4.3,2025-05-10 01:00:00
21.2,78,947.8,0.0,5.5,2025-05-10 02:00:00
21.0,75,947.5,0.0,4.8,2025-05-10 03:00:00
20.8,73,947.7,0.0,3.9,2025-05-10 04:00:00
20.6,73,948.0,0.0,3.6,2025-05-10 05:00:00
21.6,74,948.6,0.0,4.5,2025-05-10 06:00:00
24.3,65,950.0,0.0,2.9,2025-05-10 07:00:00
26.8,53,950.5,0.0,1.4,2025-05-10 08:00:00
29.1,44,951.0,0.0,0.5,2025-05-10 09:00:00
30.7,40,951.1,0.0,3.3,2025-05-10 10:00:00
31.9,37,950.8,0.0,4.6,2025-05-10 11:00:00
33.3,33,950.1,0.0,2.3,2025-05-10 12:00:00
33.7,31,949.6,0.0,10.0,2025-05-10 13:00:00
33.3,29,949.1,0.0,10.6,2025-05-10 14:00:00
33.3,29,948.3,0.0,8.9,2025-05-10 15:00:00
26.7,61,948.9,4.1,7.2,2025-05-10 16:00:00
27.7,51,947.8,0.3,1.3,2025-05-10 17:00:00
31.6,37,946.9,0.0,4.0,2025-05-10 18:00:00
29.1,40,947.1,0.0,8.5,2025-05-10 19:00:00
27.1,47,947.0,0.0,7.8,2025-05-10 20:00:00
25.7,54,947.5,0.0,8.1,2025-05-10 21:00:00
24.5,59,947.9,0.0,7.4,2025-05-10 22:00:00
24.2,60,948.0,0.0,4.1,2025-05-10 23:00:00
23.5,60,947.6,0.0,3.9,2025-05-11 00:00:00
22.9,57,947.0,0.0,4.6,2025-05-11 01:00:00
22.4,57,946.4,0.0,5.3,2025-05-11 02:00:00
22.2,58,946.3,0.0,5.0,2025-05-11 03:00:00
22.1,59,946.6,0.0,4.7,2025-05-11 04:00:00
22.0,59,946.7,0.0,4.9,2025-05-11 05:00:00
24.5,55,947.8,0.0,2.7,2025-05-11 06:00:00
26.4,45,948.5,0.0,2.9,2025-05-11 07:00:00
28.8,39,949.0,0.0,4.2,2025-05-11 08:00:00
31.3,33,949.5,0.0,4.2,2025-05-11 09:00:00
32.7,30,949.6,0.1,2.7,2025-05-11 10:00:00
33.0,27,949.7,0.0,11.3,2025-05-11 11:00:00
30.9,33,949.7,0.4,6.5,2025-05-11 12:00:00
32.8,26,948.8,0.0,6.0,2025-05-11 13:00:00
31.8,29,948.7,0.0,2.4,2025-05-11 14:00:00
32.0,28,947.9,0.0,8.5,2025-05-11 15:00:00
32.4,28,947.2,0.0,3.4,2025-05-11 16:00:00
31.7,29,946.5,0.0,4.0,2025-05-11 17:00:00
30.3,42,946.0,0.0,2.1,2025-05-11 18:00:00
28.4,54,945.8,0.0,2.4,2025-05-11 19:00:00
27.5,56,946.0,0.0,2.4,2025-05-11 20:00:00
26.5,56,946.3,0.0,3.8,2025-05-11 21:00:00
24.8,62,946.1,0.0,4.8,2025-05-11 22:00:00
23.6,67,945.7,0.0,3.6,2025-05-11 23:00:00
23.1,68,945.5,0.0,1.7,2025-05-12 00:00:00
23.1,69,945.2,0.0,0.6,2025-05-12 01:00:00
22.7,65,945.0,0.0,2.0,2025-05-12 02:00:00
22.4,60,944.9,0.0,2.9,2025-05-12 03:00:00
22.0,58,944.7,0.0,4.2,2025-05-12 04:00:00
21.7,59,944.9,0.0,4.1,2025-05-12 05:00:00
22.5,60,946.2,0.0,3.1,2025-05-12 06:00:00
25.1,50,947.2,0.0,0.9,2025-05-12 07:00:00
27.7,41,948.1,0.0,3.3,2025-05-12 08:00:00
30.0,34,948.4,0.0,4.8,2025-05-12 09:00:00
32.1,28,948.6,0.0,4.4,2025-05-12 10:00:00
33.1,25,948.5,0.0,5.6,2025-05-12 11:00:00
34.2,23,948.2,0.0,8.3,2025-05-12 12:00:00
31.6,28,948.0,0.2,10.8,2025-05-12 13:00:00
32.2,27,947.9,0.0,1.7,2025-05-12 14:00:00
30.2,34,948.1,0.3,13.0,2025-05-12 15:00:00
30.3,34,947.4,0.1,4.0,2025-05-12 16:00:00
30.7,31,947.0,0.0,6.8,2025-05-12 17:00:00
31.8,25,945.5,0.0,7.0,2025-05-12 18:00:00
29.3,32,945.5,0.0,10.9,2025-05-12 19:00:00
27.8,36,945.3,0.0,8.7,2025-05-12 20:00:00
26.3,42,945.6,0.0,8.6,2025-05-12 21:00:00
25.1,47,945.8,0.0,7.6,2025-05-12 22:00:00
23.5,55,945.5,0.0,3.9,2025-05-12 23:00:00
22.9,58,945.4,0.0,3.1,2025-05-13 00:00:00
22.9,58,945.0,0.0,2.2,2025-05-13 01:00:00
22.9,53,945.0,0.0,3.5,2025-05-13 02:00:00
22.9,49,945.0,0.0,4.3,2025-05-13 03:00:00
22.5,50,944.8,0.0,3.4,2025-05-13 04:00:00
22.1,54,945.1,0.0,2.7,2025-05-13 05:00:00
24.2,54,946.4,0.0,3.5,2025-05-13 06:00:00
26.1,49,947.2,0.0,1.4,2025-05-13 07:00:00
29.0,38,948.1,0.0,1.7,2025-05-13 08:00:00
31.5,31,948.7,0.0,1.5,2025-05-13 09:00:00
33.4,24,949.0,0.0,1.6,2025-05-13 10:00:00
34.8,20,948.9,0.0,1.7,2025-05-13 11:00:00
35.9,18,948.3,0.0,2.8,2025-05-13 12:00:00
36.1,18,947.8,0.0,9.6,2025-05-13 13:00:00
35.9,18,947.2,0.0,8.0,2025-05-13 14:00:00
36.5,15,946.5,0.0,9.4,2025-05-13 15:00:00
35.8,14,946.0,0.0,11.1,2025-05-13 16:00:00
35.4,14,945.9,0.0,11.2,2025-05-13 17:00:00
34.5,16,945.5,0.0,9.9,2025-05-13 18:00:00
32.5,18,945.5,0.0,6.9,2025-05-13 19:00:00
30.7,20,945.7,0.0,9.4,2025-05-13 20:00:00
28.7,26,946.1,0.0,4.4,2025-05-13 21:00:00
26.4,32,946.1,0.0,3.0,2025-05-13 22:00:00
25.1,37,945.8,0.0,5.1,2025-05-13 23:00:00
24.9,39,945.6,0.0,4.9,2025-05-14 00:00:00
24.3,41,945.1,0.0,2.2,2025-05-14 01:00:00
24.0,45,945.2,0.0,1.4,2025-05-14 02:00:00
23.4,42,945.4,0.0,2.2,2025-05-14 03:00:00
23.3,40,945.4,0.0,3.4,2025-05-14 04:00:00
22.8,43,945.4,0.0,2.2,2025-05-14 05:00:00
25.1,38,946.4,0.0,3.1,2025-05-14 06:00:00
27.0,34,947.0,0.0,3.2,2025-05-14 07:00:00
30.4,27,948.1,0.0,2.6,2025-05-14 08:00:00
33.2,21,948.7,0.0,3.7,2025-05-14 09:00:00
35.4,17,948.8,0.0,5.1,2025-05-14 10:00:00
36.9,16,948.8,0.0,7.0,2025-05-14 11:00:00
37.8,15,948.4,0.0,9.8,2025-05-14 12:00:00
38.3,14,947.7,0.0,12.4,2025-05-14 13:00:00
38.2,13,947.2,0.0,15.5,2025-05-14 14:00:00
37.7,12,946.8,0.0,16.4,2025-05-14 15:00:00
37.5,13,946.6,0.0,17.9,2025-05-14 16:00:00
36.7,13,946.1,0.0,13.6,2025-05-14 17:00:00
36.1,12,945.8,0.0,9.3,2025-05-14 18:00:00
33.3,17,945.8,0.0,6.8,2025-05-14 19:00:00
31.0,22,946.0,0.0,9.3,2025-05-14 20:00:00
29.4,26,946.2,0.0,9.7,2025-05-14 21:00:00
28.0,29,946.2,0.0,8.1,2025-05-14 22:00:00
26.4,33,945.9,0.0,7.0,2025-05-14 23:00:00
26.3,32,945.6,0.0,8.6,2025-05-15 00:00:00
26.3,28,945.0,0.0,7.4,2025-05-15 01:00:00
25.1,28,944.6,0.0,3.6,2025-05-15 02:00:00
24.0,31,944.5,0.0,1.5,2025-05-15 03:00:00
23.7,30,944.7,0.0,1.5,2025-05-15 04:00:00
23.6,30,944.9,0.0,2.4,2025-05-15 05:00:00
26.2,28,945.9,0.0,3.1,2025-05-15 06:00:00
28.7,26,946.6,0.0,1.9,2025-05-15 07:00:00
31.9,20,947.4,0.0,2.6,2025-05-15 08:00:00
35.0,16,947.8,0.0,3.0,2025-05-15 09:00:00
37.5,14,948.0,0.0,6.0,2025-05-15 10:00:00
38.8,14,947.7,0.0,9.2,2025-05-15 11:00:00
39.5,13,947.3,0.0,11.8,2025-05-15 12:00:00
39.9,12,946.7,0.0,13.0,2025-05-15 13:00:00
40.1,11,946.1,0.0,13.4,2025-05-15 14:00:00
40.1,10,945.6,0.0,12.7,2025-05-15 15:00:00
39.6,11,945.1,0.0,12.7,2025-05-15 16:00:00
38.8,13,944.8,0.0,12.1,2025-05-15 17:00:00
38.0,11,945.0,0.0,9.5,2025-05-15 18:00:00
35.2,17,944.8,0.0,11.0,2025-05-15 19:00:00
33.2,20,944.7,0.0,7.4,2025-05-15 20:00:00
31.1,24,944.7,0.0,5.8,2025-05-15 21:00:00
29.6,28,944.7,0.0,7.0,2025-05-15 22:00:00
28.2,33,944.9,0.0,3.9,2025-05-15 23:00:00
27.9,32,944.8,0.0,5.0,2025-05-16 00:00:00
27.4,32,944.3,0.0,3.1,2025-05-16 01:00:00
26.8,30,943.6,0.0,3.9,2025-05-16 02:00:00
26.8,27,943.3,0.0,3.3,2025-05-16 03:00:00
26.6,26,943.3,0.0,3.6,2025-05-16 04:00:00
26.3,27,943.4,0.0,2.5,2025-05-16 05:00:00
28.4,29,944.9,0.0,2.8,2025-05-16 06:00:00
30.1,26,945.4,0.0,5.4,2025-05-16 07:00:00
33.6,21,946.3,0.0,4.7,2025-05-16 08:00:00
36.0,17,946.9,0.0,6.2,2025-05-16 09:00:00
37.6,17,947.2,0.0,8.4,2025-05-16 10:00:00
38.6,16,947.0,0.0,9.9,2025-05-16 11:00:00
39.8,14,946.7,0.0,8.6,2025-05-16 12:00:00
40.6,12,946.0,0.0,10.2,2025-05-16 13:00:00
40.6,12,945.6,0.0,13.6,2025-05-16 14:00:00
40.5,12,945.0,0.0,14.5,2025-05-16 15:00:00
40.0,12,944.5,0.0,13.5,2025-05-16 16:00:00
39.1,13,944.4,0.0,10.6,2025-05-16 17:00:00
38.8,11,944.1,0.0,4.9,2025-05-16 18:00:00
35.7,14,944.2,0.0,4.2,2025-05-16 19:00:00
33.5,18,944.4,0.0,2.9,2025-05-16 20:00:00
31.7,21,944.5,0.0,6.0,2025-05-16 21:00:00
30.1,26,944.6,0.0,8.0,2025-05-16 22:00:00
29.4,25,944.3,0.0,5.1,2025-05-16 23:00:00
28.7,25,944.0,0.0,5.2,2025-05-17 00:00:00
28.0,24,943.2,0.0,5.3,2025-05-17 01:00:00
27.2,26,942.9,0.0,3.6,2025-05-17 02:00:00
26.9,29,942.8,0.0,2.9,2025-05-17 03:00:00
26.5,26,942.9,0.0,4.3,2025-05-17 04:00:00
25.9,27,942.9,0.0,5.0,2025-05-17 05:00:00
27.8,27,944.1,0.0,5.5,2025-05-17 06:00:00
29.7,25,944.8,0.0,5.2,2025-05-17 07:00:00
32.7,20,945.8,0.0,5.8,2025-05-17 08:00:00
35.1,19,946.3,0.0,7.9,2025-05-17 09:00:00
36.9,19,946.5,0.0,6.3,2025-05-17 10:00:00
38.7,16,946.6,0.0,5.0,2025-05-17 11:00:00
40.2,13,946.3,0.0,3.9,2025-05-17 12:00:00
41.0,11,945.6,0.0,4.1,2025-05-17 13:00:00
41.5,10,945.0,0.0,5.1,2025-05-17 14:00:00
41.7,10,944.0,0.0,6.5,2025-05-17 15:00:00
41.5,10,943.5,0.0,8.2,2025-05-17 16:00:00
40.7,10,943.3,0.0,10.4,2025-05-17 17:00:00
39.5,10,943.6,0.0,8.1,2025-05-17 18:00:00
36.2,16,943.4,0.0,10.1,2025-05-17 19:00:00
34.1,19,943.4,0.0,6.0,2025-05-17 20:00:00
32.3,23,943.6,0.0,7.2,2025-05-17 21:00:00
30.9,26,943.8,0.0,5.9,2025-05-17 22:00:00
29.6,29,943.4,0.0,4.4,2025-05-17 23:00:00
28.9,30,943.4,0.0,2.5,2025-05-18 00:00:00
28.1,33,943.0,0.0,1.9,2025-05-18 01:00:00
27.6,28,942.7,0.0,4.8,2025-05-18 02:00:00
27.5,26,942.7,0.0,4.2,2025-05-18 03:00:00
27.1,26,942.9,0.0,3.8,2025-05-18 04:00:00
26.6,29,943.1,0.0,3.5,2025-05-18 05:00:00
28.5,27,944.1,0.0,5.6,2025-05-18 06:00:00
30.1,25,944.7,0.0,7.2,2025-05-18 07:00:00
33.4,21,945.7,0.0,9.1,2025-05-18 08:00:00
36.0,21,946.3,0.0,10.5,2025-05-18 09:00:00
38.0,19,946.4,0.0,9.8,2025-05-18 10:00:00
39.6,17,946.3,0.0,10.0,2025-05-18 11:00:00
40.6,16,945.9,0.0,9.4,2025-05-18 12:00:00
41.3,14,945.1,0.0,8.0,2025-05-18 13:00:00
41.5,13,944.2,0.0,9.8,2025-05-18 14:00:00
41.8,13,943.7,0.0,10.4,2025-05-18 15:00:00
41.5,13,943.1,0.0,10.3,2025-05-18 16:00:00
40.9,13,942.6,0.0,7.5,2025-05-18 17:00:00
40.7,10,942.5,0.0,10.8,2025-05-18 18:00:00
37.3,15,942.8,0.0,7.3,2025-05-18 19:00:00
35.6,20,942.7,0.0,4.0,2025-05-18 20:00:00
34.2,21,943.3,0.0,5.6,2025-05-18 21:00:00
33.5,20,943.8,0.0,8.1,2025-05-18 22:00:00
32.5,21,944.2,0.0,9.4,2025-05-18 23:00:00
31.2,27,943.7,0.0,10.3,2025-05-19 00:00:00
29.7,29,942.9,0.0,8.4,2025-05-19 01:00:00
29.5,28,942.9,0.0,11.4,2025-05-19 02:00:00
29.5,29,942.7,0.0,8.9,2025-05-19 03:00:00
28.2,31,943.0,0.0,11.0,2025-05-19 04:00:00
28.0,32,942.7,0.0,5.7,2025-05-19 05:00:00
28.2,35,944.2,0.0,6.7,2025-05-19 06:00:00
30.6,31,945.0,0.0,1.4,2025-05-19 07:00:00
33.4,26,945.9,0.0,4.2,2025-05-19 08:00:00
35.5,22,946.9,0.0,8.5,2025-05-19 09:00:00
36.6,20,947.2,0.0,11.7,2025-05-19 10:00:00
37.8,18,947.4,0.0,11.8,2025-05-19 11:00:00
38.7,16,947.2,0.0,9.4,2025-05-19 12:00:00
39.8,15,946.2,0.0,8.0,2025-05-19 13:00:00
39.9,15,945.3,0.0,8.0,2025-05-19 14:00:00
40.3,14,944.5,0.0,9.1,2025-05-19 15:00:00
39.6,14,943.7,0.0,11.4,2025-05-19 16:00:00
39.1,14,943.4,0.0,9.3,2025-05-19 17:00:00
38.5,11,943.6,0.0,6.6,2025-05-19 18:00:00
35.6,15,943.7,0.0,3.1,2025-05-19 19:00:00
33.9,17,943.9,0.0,3.9,2025-05-19 20:00:00
32.6,20,944.4,0.0,6.4,2025-05-19 21:00:00
31.6,21,944.5,0.0,6.4,2025-05-19 22:00:00
30.6,23,944.5,0.0,6.5,2025-05-19 23:00:00
29.2,25,944.5,0.0,8.6,2025-05-20 00:00:00
28.4,26,943.9,0.0,9.3,2025-05-20 01:00:00
27.9,25,943.5,0.0,6.7,2025-05-20 02:00:00
27.4,25,943.3,0.0,4.9,2025-05-20 03:00:00
27.1,26,943.3,0.0,4.3,2025-05-20 04:00:00
26.6,27,943.3,0.0,3.9,2025-05-20 05:00:00
29.3,29,944.0,0.0,3.3,2025-05-20 06:00:00
31.3,26,944.7,0.0,4.2,2025-05-20 07:00:00
34.5,21,945.6,0.0,3.3,2025-05-20 08:00:00
36.8,17,945.9,0.0,5.0,2025-05-20 09:00:00
38.6,15,946.2,0.0,5.4,2025-05-20 10:00:00
39.9,14,945.8,0.0,7.0,2025-05-20 11:00:00
40.8,12,945.2,0.0,9.1,2025-05-20 12:00:00
41.3,11,944.5,0.0,11.9,2025-05-20 13:00:00
41.0,10,943.7,0.0,17.4,2025-05-20 14:00:00
40.6,10,942.9,0.0,15.2,2025-05-20 15:00:00
40.7,11,942.3,0.0,10.2,2025-05-20 16:00:00
40.0,12,941.8,0.0,10.7,2025-05-20 17:00:00
38.7,15,941.6,0.0,11.7,2025-05-20 18:00:00
36.4,19,941.7,0.0,11.4,2025-05-20 19:00:00
34.8,21,941.5,0.0,9.7,2025-05-20 20:00:00
32.8,23,941.7,0.0,9.5,2025-05-20 21:00:00
31.9,24,941.7,0.0,8.3,2025-05-20 22:00:00
31.9,22,941.6,0.0,8.7,2025-05-20 23:00:00
31.6,21,941.5,0.0,7.2,2025-05-21 00:00:00
30.1,24,941.1,0.0,3.8,2025-05-21 01:00:00
29.7,30,940.9,0.0,0.0,2025-05-21 02:00:00
29.0,28,941.2,0.0,0.3,2025-05-21 03:00:00
28.3,30,941.2,0.0,1.0,2025-05-21 04:00:00
27.1,30,941.6,0.0,2.3,2025-05-21 05:00:00
29.8,30,942.9,0.0,4.4,2025-05-21 06:00:00
31.4,28,943.7,0.0,4.1,2025-05-21 07:00:00
34.4,21,945.0,0.0,3.6,2025-05-21 08:00:00
36.3,20,945.7,0.0,6.3,2025-05-21 09:00:00
38.1,19,946.1,0.0,7.1,2025-05-21 10:00:00
39.5,19,945.8,0.0,7.8,2025-05-21 11:00:00
40.9,16,945.5,0.0,8.7,2025-05-21 12:00:00
41.6,15,944.8,0.0,8.9,2025-05-21 13:00:00
42.5,12,944.0,0.0,7.7,2025-05-21 14:00:00
42.9,11,943.3,0.0,9.1,2025-05-21 15:00:00
42.0,11,942.6,0.0,9.2,2025-05-21 16:00:00
41.5,11,942.7,0.0,15.3,2025-05-21 17:00:00
40.3,11,942.3,0.0,11.4,2025-05-21 18:00:00
37.9,15,942.2,0.0,9.8,2025-05-21 19:00:00
36.2,18,942.1,0.0,7.9,2025-05-21 20:00:00
34.5,20,942.0,0.0,4.9,2025-05-21 21:00:00
32.5,24,942.2,0.0,3.3,2025-05-21 22:00:00
31.2,26,942.2,0.0,6.5,2025-05-21 23:00:00
30.9,25,942.2,0.0,5.8,2025-05-22 00:00:00
29.5,28,941.7,0.0,2.7,2025-05-22 01:00:00
28.8,26,941.7,0.0,5.9,2025-05-22 02:00:00
28.3,26,941.4,0.0,6.5,2025-05-22 03:00:00
28.4,25,941.4,0.0,5.1,2025-05-22 04:00:00
27.9,28,941.6,0.0,2.9,2025-05-22 05:00:00
28.1,32,943.2,0.0,10.2,2025-05-22 06:00:00
29.9,33,944.4,0.0,12.7,2025-05-22 07:00:00
31.8,34,945.3,0.0,14.2,2025-05-22 08:00:00
33.5,34,945.6,0.0,15.7,2025-05-22 09:00:00
35.2,31,945.8,0.0,16.2,2025-05-22 10:00:00
36.6,28,945.7,0.0,16.4,2025-05-22 11:00:00
37.9,25,945.2,0.0,15.1,2025-05-22 12:00:00
39.0,22,944.6,0.0,12.8,2025-05-22 13:00:00
39.7,21,943.8,0.0,10.7,2025-05-22 14:00:00
40.2,20,943.1,0.0,9.1,2025-05-22 15:00:00
40.3,19,942.4,0.0,7.4,2025-05-22 16:00:00
39.9,19,941.9,0.0,7.1,2025-05-22 17:00:00
37.7,20,942.8,0.0,10.7,2025-05-22 18:00:00
36.2,23,942.5,0.0,9.3,2025-05-22 19:00:00
34.7,26,943.0,0.0,8.3,2025-05-22 20:00:00
33.0,30,943.4,0.0,6.9,2025-05-22 21:00:00
31.7,32,943.7,0.0,8.1,2025-05-22 22:00:00
30.8,34,943.3,0.0,8.2,2025-05-22 23:00:00
29.9,36,942.8,0.0,6.9,2025-05-23 00:00:00
29.3,38,942.3,0.0,5.2,2025-05-23 01:00:00
28.5,40,942.3,0.0,4.7,2025-05-23 02:00:00
27.8,43,942.3,0.0,6.9,2025-05-23 03:00:00
27.1,45,942.8,0.0,9.7,2025-05-23 04:00:00
26.9,47,943.5,0.0,11.5,2025-05-23 05:00:00
28.4,49,945.1,0.0,14.1,2025-05-23 06:00:00
29.6,48,945.9,0.0,14.7,2025-05-23 07:00:00
30.6,48,946.3,0.0,18.1,2025-05-23 08:00:00
32.0,45,946.5,0.0,17.9,2025-05-23 09:00:00
33.4,41,946.3,0.0,17.2,2025-05-23 10:00:00
34.9,37,945.7,0.0,14.6,2025-05-23 11:00:00
36.3,33,944.8,0.0,9.9,2025-05-23 12:00:00
37.4,29,943.7,0.0,6.2,2025-05-23 13:00:00
38.3,21,943.3,0.0,4.0,2025-05-23 14:00:00
38.0,22,942.3,0.0,7.0,2025-05-23 15:00:00
36.7,25,941.9,0.0,18.2,2025-05-23 16:00:00
35.5,29,941.0,0.0,4.7,2025-05-23 17:00:00
35.6,28,940.9,0.0,16.7,2025-05-23 18:00:00
32.9,36,940.6,0.0,4.7,2025-05-23 19:00:00
31.9,44,941.2,0.0,0.6,2025-05-23 20:00:00
31.3,40,942.2,0.0,2.1,2025-05-23 21:00:00
30.7,40,942.3,0.0,3.8,2025-05-23 22:00:00
30.1,40,942.3,0.0,3.2,2025-05-23 23:00:00
29.6,40,942.0,0.0,5.5,2025-05-24 00:00:00
29.2,40,941.6,0.0,6.0,2025-05-24 01:00:00
28.4,42,941.4,0.0,5.4,2025-05-24 02:00:00
27.7,44,941.8,0.0,6.6,2025-05-24 03:00:00
27.0,45,942.4,0.0,6.9,2025-05-24 04:00:00
26.7,45,943.0,0.0,8.8,2025-05-24 05:00:00
29.6,45,943.1,0.0,9.2,2025-05-24 06:00:00
25.5,56,945.4,0.0,27.6,2025-05-24 07:00:00
26.8,53,945.6,0.0,20.6,2025-05-24 08:00:00
25.6,67,946.6,4.4,11.6,2025-05-24 09:00:00
24.6,69,946.7,0.2,13.8,2025-05-24 10:00:00
27.6,58,946.8,0.0,10.1,2025-05-24 11:00:00
29.9,53,946.3,0.0,8.0,2025-05-24 12:00:00
30.6,51,945.9,0.0,1.8,2025-05-24 13:00:00
30.9,49,944.6,0.0,7.2,2025-05-24 14:00:00
32.0,47,944.4,1.0,4.3,2025-05-24 15:00:00
32.2,45,944.0,0.0,4.5,2025-05-24 16:00:00
31.9,44,943.7,0.0,7.8,2025-05-24 17:00:00
27.8,55,943.7,0.0,11.7,2025-05-24 18:00:00
26.7,60,943.9,0.0,7.7,2025-05-24 19:00:00
26.1,63,944.4,0.0,10.0,2025-05-24 20:00:00
25.4,63,944.7,0.0,9.2,2025-05-24 21:00:00
24.9,65,944.8,0.0,6.4,2025-05-24 22:00:00
24.3,70,944.8,0.0,3.8,2025-05-24 23:00:00
24.0,71,944.9,0.0,1.8,2025-05-25 00:00:00
23.2,77,945.0,0.0,2.7,2025-05-25 01:00:00
23.0,78,945.3,0.0,1.8,2025-05-25 02:00:00
22.9,78,946.0,0.0,1.9,2025-05-25 03:00:00
22.8,75,946.8,0.0,5.6,2025-05-25 04:00:00
22.6,68,947.2,0.0,7.2,2025-05-25 05:00:00
21.7,68,946.8,0.0,4.9,2025-05-25 06:00:00
24.5,59,948.0,0.0,4.9,2025-05-25 07:00:00
26.6,50,948.9,0.0,4.2,2025-05-25 08:00:00
28.5,46,949.3,0.0,5.2,2025-05-25 09:00:00
29.7,44,949.4,0.0,5.6,2025-05-25 10:00:00
31.0,41,949.3,0.0,6.0,2025-05-25 11:00:00
32.4,38,948.8,0.0,6.8,2025-05-25 12:00:00
33.5,35,948.1,0.0,7.3,2025-05-25 13:00:00
34.2,33,947.2,0.0,7.9,2025-05-25 14:00:00
34.7,32,946.5,0.0,8.8,2025-05-25 15:00:00
34.5,32,945.9,0.0,8.8,2025-05-25 16:00:00
34.0,33,945.4,0.0,8.8,2025-05-25 17:00:00
31.9,39,946.3,0.0,7.1,2025-05-25 18:00:00
29.7,54,946.0,0.0,5.0,2025-05-25 19:00:00
28.8,60,946.0,0.0,3.4,2025-05-25 20:00:00
27.8,62,946.5,0.0,2.9,2025-05-25 21:00:00
26.9,65,946.9,0.0,1.3,2025-05-25 22:00:00
26.0,66,947.0,0.0,3.6,2025-05-25 23:00:00
25.3,68,947.1,0.0,3.4,2025-05-26 00:00:00
24.8,72,946.8,0.0,2.5,2025-05-26 01:00:00
24.5,70,946.6,0.0,4.0,2025-05-26 02:00:00
24.2,67,946.7,0.0,5.9,2025-05-26 03:00:00
23.7,68,946.9,0.0,5.9,2025-05-26 04:00:00
23.4,69,947.1,0.0,6.9,2025-05-26 05:00:00
25.3,64,948.0,0.0,5.2,2025-05-26 06:00:00
27.1,57,948.6,0.0,5.2,2025-05-26 07:00:00
29.4,48,948.9,0.0,6.0,2025-05-26 08:00:00
31.1,42,949.1,0.0,5.4,2025-05-26 09:00:00
32.8,37,948.5,0.0,4.3,2025-05-26 10:00:00
34.3,34,947.9,0.0,7.2,2025-05-26 11:00:00
35.6,30,946.8,0.0,10.2,2025-05-26 12:00:00
36.5,27,945.5,0.0,10.0,2025-05-26 13:00:00
37.1,26,944.4,0.0,10.2,2025-05-26 14:00:00
37.3,26,943.6,0.0,10.8,2025-05-26 15:00:00
36.9,26,943.2,0.0,13.7,2025-05-26 16:00:00
35.6,29,942.6,0.0,15.5,2025-05-26 17:00:00
35.3,29,942.8,0.0,8.8,2025-05-26 18:00:00
33.3,35,942.2,0.0,6.1,2025-05-26 19:00:00
31.4,40,941.9,0.0,7.1,2025-05-26 20:00:00
29.6,45,941.9,0.0,6.7,2025-05-26 21:00:00
28.3,51,941.9,0.0,6.0,2025-05-26 22:00:00
27.9,53,941.9,0.0,4.5,2025-05-26 23:00:00
27.3,59,942.1,0.0,2.3,2025-05-27 00:00:00
27.0,59,941.8,0.0,3.9,2025-05-27 01:00:00
26.2,64,941.6,0.0,2.8,2025-05-27 02:00:00
25.5,64,942.1,0.0,4.5,2025-05-27 03:00:00
25.4,61,942.9,0.0,8.1,2025-05-27 04:00:00
25.3,58,943.3,0.0,10.0,2025-05-27 05:00:00
27.4,52,943.8,0.0,9.6,2025-05-27 06:00:00
29.4,46,944.5,0.0,9.6,2025-05-27 07:00:00
31.7,41,945.1,0.0,11.1,2025-05-27 08:00:00
33.9,36,945.0,0.0,11.1,2025-05-27 09:00:00
34.6,34,945.2,0.0,11.6,2025-05-27 10:00:00
30.8,45,946.4,0.5,16.0,2025-05-27 11:00:00
29.6,49,945.9,0.9,12.6,2025-05-27 12:00:00
30.7,45,945.2,0.0,7.2,2025-05-27 13:00:00
33.9,36,944.3,0.0,3.1,2025-05-27 14:00:00
34.6,33,944.2,0.0,8.6,2025-05-27 15:00:00
33.4,36,944.0,0.0,6.1,2025-05-27 16:00:00
33.6,35,943.1,0.0,7.8,2025-05-27 17:00:00
27.1,59,943.1,0.0,23.2,2025-05-27 18:00:00
27.6,58,942.3,0.0,9.7,2025-05-27 19:00:00
28.1,61,942.3,0.0,3.9,2025-05-27 20:00:00
27.3,67,942.3,0.0,3.3,2025-05-27 21:00:00
26.9,67,942.0,0.0,3.6,2025-05-27 22:00:00
26.3,64,941.9,0.0,9.8,2025-05-27 23:00:00
26.0,62,941.5,0.0,9.4,2025-05-28 00:00:00
25.6,60,940.9,0.0,9.4,2025-05-28 01:00:00
25.2,60,940.8,0.0,9.3,2025-05-28 02:00:00
24.9,61,940.9,0.0,9.3,2025-05-28 03:00:00
24.7,60,941.1,0.0,8.9,2025-05-28 04:00:00
24.2,62,941.1,0.0,7.4,2025-05-28 05:00:00
23.6,62,942.2,0.0,9.3,2025-05-28 06:00:00
26.2,52,943.2,0.0,7.6,2025-05-28 07:00:00
29.3,40,943.8,0.0,5.5,2025-05-28 08:00:00
31.9,31,944.3,0.0,2.4,2025-05-28 09:00:00
33.6,27,944.3,0.0,2.3,2025-05-28 10:00:00
35.1,25,943.9,0.0,3.4,2025-05-28 11:00:00
36.1,24,943.3,0.0,5.1,2025-05-28 12:00:00
37.0,22,942.3,0.0,6.9,2025-05-28 13:00:00
37.4,21,941.6,0.0,11.4,2025-05-28 14:00:00
36.6,23,941.0,0.0,15.0,2025-05-28 15:00:00
36.5,22,940.5,0.0,14.2,2025-05-28 16:00:00
35.7,23,940.0,0.0,13.3,2025-05-28 17:00:00
34.0,24,940.0,0.0,11.6,2025-05-28 18:00:00
32.0,30,939.6,0.0,7.2,2025-05-28 19:00:00
30.4,34,939.2,0.0,8.1,2025-05-28 20:00:00
29.1,38,939.3,0.0,8.8,2025-05-28 21:00:00
27.7,43,939.3,0.0,6.8,2025-05-28 22:00:00
27.1,44,939.3,0.0,6.3,2025-05-28 23:00:00
27.2,41,939.1,0.0,6.3,2025-05-29 00:00:00
26.7,39,938.6,0.0,5.7,2025-05-29 01:00:00
25.5,44,938.2,0.0,4.1,2025-05-29 02:00:00
25.5,48,938.3,0.0,0.2,2025-05-29 03:00:00
24.9,48,938.4,0.0,0.7,2025-05-29 04:00:00
24.2,45,938.5,0.0,4.0,2025-05-29 05:00:00
25.9,43,939.4,0.0,6.6,2025-05-29 06:00:00
28.1,39,940.5,0.0,6.8,2025-05-29 07:00:00
31.0,32,941.6,0.0,6.3,2025-05-29 08:00:00
33.6,27,942.0,0.0,9.4,2025-05-29 09:00:00
35.8,24,941.9,0.0,9.9,2025-05-29 10:00:00
37.6,21,941.4,0.0,9.7,2025-05-29 11:00:00
27.8,57,942.1,2.1,2.0,2025-05-29 12:00:00
30.0,44,941.0,0.0,5.5,2025-05-29 13:00:00
25.1,67,943.2,5.3,15.0,2025-05-29 14:00:00
26.7,59,940.2,0.0,12.7,2025-05-29 15:00:00
28.0,51,940.3,0.1,10.3,2025-05-29 16:00:00
29.5,45,939.2,0.0,9.0,2025-05-29 17:00:00
32.4,27,938.8,0.0,13.9,2025-05-29 18:00:00
30.7,31,937.7,0.0,12.5,2025-05-29 19:00:00
30.3,31,937.7,0.0,10.7,2025-05-29 20:00:00
29.9,30,937.6,0.0,8.9,2025-05-29 21:00:00
28.9,31,937.4,0.0,5.7,2025-05-29 22:00:00
27.9,31,937.6,0.0,9.7,2025-05-29 23:00:00
27.7,37,937.1,0.0,3.2,2025-05-30 00:00:00
26.8,33,937.2,0.0,9.3,2025-05-30 01:00:00
28.9,28,937.2,0.0,18.6,2025-05-30 02:00:00
26.9,33,937.3,0.0,6.2,2025-05-30 03:00:00
25.8,42,937.3,0.0,2.4,2025-05-30 04:00:00
25.1,38,937.5,0.0,4.5,2025-05-30 05:00:00
22.2,71,938.7,0.0,11.1,2025-05-30 06:00:00
24.7,59,939.6,0.0,10.9,2025-05-30 07:00:00
27.4,46,940.3,0.0,11.0,2025-05-30 08:00:00
30.4,36,941.1,0.0,5.7,2025-05-30 09:00:00
32.2,33,941.6,0.0,4.7,2025-05-30 10:00:00
33.4,24,941.6,0.1,13.7,2025-05-30 11:00:00
31.5,32,941.6,0.6,20.9,2025-05-30 12:00:00
32.9,28,940.7,0.0,14.7,2025-05-30 13:00:00
32.6,29,940.5,0.4,7.8,2025-05-30 14:00:00
33.7,26,939.6,0.0,3.9,2025-05-30 15:00:00
33.0,26,939.0,0.0,10.5,2025-05-30 16:00:00
32.9,26,938.8,0.0,9.7,2025-05-30 17:00:00
32.0,27,938.6,0.0,11.6,2025-05-30 18:00:00
30.0,34,938.1,0.0,7.2,2025-05-30 19:00:00
28.8,39,938.1,0.0,9.2,2025-05-30 20:00:00
28.4,36,938.6,0.0,12.9,2025-05-30 21:00:00
27.1,40,938.9,0.0,8.8,2025-05-30 22:00:00
26.7,42,938.7,0.0,6.9,2025-05-30 23:00:00
25.5,46,939.5,0.0,16.5,2025-05-31 00:00:00
24.2,51,938.8,0.0,21.1,2025-05-31 01:00:00
23.1,55,939.9,0.7,13.9,2025-05-31 02:00:00
21.4,66,940.4,0.4,12.0,2025-05-31 03:00:00
22.3,62,940.3,0.1,11.9,2025-05-31 04:00:00
20.0,79,940.8,2.4,13.3,2025-05-31 05:00:00
21.9,73,941.3,0.0,7.4,2025-05-31 06:00:00
22.7,72,941.4,0.0,8.6,2025-05-31 07:00:00
25.4,49,942.4,0.0,11.4,2025-05-31 08:00:00
26.5,45,943.5,0.2,4.8,2025-05-31 09:00:00
25.4,51,943.2,0.0,11.6,2025-05-31 10:00:00
26.9,49,944.2,0.8,4.0,2025-05-31 11:00:00
27.6,42,943.3,0.1,8.6,2025-05-31 12:00:00
28.7,38,943.5,0.0,8.9,2025-05-31 13:00:00
28.7,38,943.3,0.0,13.8,2025-05-31 14:00:00
27.7,44,942.9,0.0,13.9,2025-05-31 15:00:00
28.5,41,942.7,0.0,12.5,2025-05-31 16:00:00
28.3,40,942.3,0.0,10.2,2025-05-31 17:00:00
26.0,54,942.7,0.0,7.6,2025-05-31 18:00:00
24.8,60,942.3,0.0,5.5,2025-05-31 19:00:00
23.9,62,942.0,0.0,5.9,2025-05-31 20:00:00
23.0,67,942.1,0.0,6.3,2025-05-31 21:00:00
22.1,69,942.3,0.0,6.9,2025-05-31 22:00:00
21.2,73,941.7,0.0,5.2,2025-05-31 23:00:00
20.3,79,941.5,0.0,3.9,2025-06-01 00:00:00
19.8,80,941.4,0.0,3.8,2025-06-01 01:00:00
19.3,81,941.3,0.0,2.8,2025-06-01 02:00:00
19.1,81,941.1,0.0,1.0,2025-06-01 03:00:00
20.1,71,941.6,0.0,0.2,2025-06-01 04:00:00
19.9,68,941.7,0.0,4.2,2025-06-01 05:00:00
20.7,74,943.1,0.0,3.4,2025-06-01 06:00:00
22.0,67,943.8,0.0,4.2,2025-06-01 07:00:00
24.9,49,944.5,0.0,6.6,2025-06-01 08:00:00
26.7,43,945.0,0.0,5.2,2025-06-01 09:00:00
28.0,39,944.7,0.0,5.2,2025-06-01 10:00:00
29.2,34,944.6,0.0,7.7,2025-06-01 11:00:00
30.5,30,944.0,0.0,8.6,2025-06-01 12:00:00
31.1,28,943.2,0.0,7.6,2025-06-01 13:00:00
32.1,27,942.7,0.0,6.5,2025-06-01 14:00:00
31.1,30,942.6,0.1,13.5,2025-06-01 15:00:00
29.2,37,942.1,0.0,13.4,2025-06-01 16:00:00
30.8,34,941.8,0.0,4.0,2025-06-01 17:00:00
29.3,36,941.5,0.0,6.4,2025-06-01 18:00:00
26.8,43,941.6,0.0,7.7,2025-06-01 19:00:00
25.6,46,941.4,0.0,7.3,2025-06-01 20:00:00
24.9,47,941.4,0.0,7.5,2025-06-01 21:00:00
23.4,56,941.5,0.0,4.6,2025-06-01 22:00:00
22.4,62,941.1,0.0,2.3,2025-06-01 23:00:00
22.2,63,940.9,0.0,3.2,2025-06-02 00:00:00
21.9,64,940.2,0.0,2.3,2025-06-02 01:00:00
22.2,60,940.1,0.0,1.8,2025-06-02 02:00:00
21.9,57,939.8,0.0,3.2,2025-06-02 03:00:00
21.8,55,940.0,0.0,2.3,2025-06-02 04:00:00
20.9,59,940.3,0.0,3.0,2025-06-02 05:00:00
23.9,58,941.0,0.0,1.5,2025-06-02 06:00:00
25.6,47,941.9,0.0,2.8,2025-06-02 07:00:00
28.1,40,942.4,0.0,1.3,2025-06-02 08:00:00
30.6,34,942.8,0.0,1.8,2025-06-02 09:00:00
32.1,27,942.5,0.0,2.1,2025-06-02 10:00:00
32.8,25,942.3,0.0,1.5,2025-06-02 11:00:00
33.6,23,942.1,0.0,3.3,2025-06-02 12:00:00
33.8,21,941.4,0.0,5.7,2025-06-02 13:00:00
34.4,20,941.0,0.0,5.4,2025-06-02 14:00:00
34.0,20,940.6,0.0,9.4,2025-06-02 15:00:00
33.0,22,940.3,0.0,12.4,2025-06-02 16:00:00
32.9,22,940.2,0.0,10.3,2025-06-02 17:00:00
30.1,29,940.4,0.0,13.8,2025-06-02 18:00:00
28.6,35,940.4,0.0,8.2,2025-06-02 19:00:00
27.0,40,940.4,0.0,9.2,2025-06-02 20:00:00
25.7,45,941.0,0.0,7.7,2025-06-02 21:00:00
25.0,44,941.2,0.0,8.4,2025-06-02 22:00:00
24.3,43,941.1,0.0,7.1,2025-06-02 23:00:00
23.5,46,941.0,0.0,5.5,2025-06-03 00:00:00
22.9,46,940.6,0.0,5.7,2025-06-03 01:00:00
22.7,44,940.8,0.0,7.7,2025-06-03 02:00:00
22.4,44,941.3,0.0,10.1,2025-06-03 03:00:00
22.2,45,941.6,0.0,10.6,2025-06-03 04:00:00
22.1,43,941.6,0.0,9.8,2025-06-03 05:00:00
22.7,43,943.3,0.0,9.5,2025-06-03 06:00:00
23.7,41,944.2,0.0,7.9,2025-06-03 07:00:00
26.0,36,944.7,0.0,10.6,2025-06-03 08:00:00
28.4,31,945.4,0.0,12.2,2025-06-03 09:00:00
29.0,31,945.0,0.0,10.0,2025-06-03 10:00:00
30.6,29,945.4,0.0,12.1,2025-06-03 11:00:00
28.8,34,945.3,0.5,14.9,2025-06-03 12:00:00
30.5,30,944.6,0.0,14.8,2025-06-03 13:00:00
30.7,29,943.9,0.1,14.5,2025-06-03 14:00:00
31.5,27,943.3,0.0,12.6,2025-06-03 15:00:00
31.0,27,943.0,0.0,11.3,2025-06-03 16:00:00
30.9,27,942.7,0.0,9.6,2025-06-03 17:00:00
30.5,26,942.9,0.0,13.3,2025-06-03 18:00:00
28.4,32,943.2,0.0,13.7,2025-06-03 19:00:00
26.6,39,943.4,0.0,12.5,2025-06-03 20:00:00
25.5,44,944.4,0.0,10.7,2025-06-03 21:00:00
24.7,46,945.0,0.0,9.9,2025-06-03 22:00:00
24.1,45,945.0,0.0,10.5,2025-06-03 23:00:00
23.5,45,944.9,0.0,9.5,2025-06-04 00:00:00
23.4,44,944.7,0.0,9.2,2025-06-04 01:00:00
23.3,44,944.6,0.0,6.0,2025-06-04 02:00:00
22.8,46,944.8,0.0,5.0,2025-06-04 03:00:00
22.2,49,945.4,0.0,10.1,2025-06-04 04:00:00
21.7,53,945.3,0.0,3.8,2025-06-04 05:00:00
22.7,58,945.4,0.0,7.2,2025-06-04 06:00:00
24.4,50,946.8,0.0,5.9,2025-06-04 07:00:00
25.1,48,947.8,0.6,9.8,2025-06-04 08:00:00
25.0,49,947.7,0.4,3.9,2025-06-04 09:00:00
27.8,41,948.0,0.0,8.5,2025-06-04 10:00:00
29.2,35,947.8,0.0,8.1,2025-06-04 11:00:00
29.4,35,947.8,0.0,9.9,2025-06-04 12:00:00
29.6,34,947.0,0.0,5.1,2025-06-04 13:00:00
31.0,31,946.4,0.0,4.4,2025-06-04 14:00:00
31.1,31,945.9,0.0,6.6,2025-06-04 15:00:00
31.3,30,945.6,0.0,5.8,2025-06-04 16:00:00
30.9,31,945.4,0.0,7.3,2025-06-04 17:00:00
29.9,33,945.7,0.0,7.3,2025-06-04 18:00:00
28.4,36,946.2,0.0,10.8,2025-06-04 19:00:00
26.6,41,946.7,0.0,11.9,2025-06-04 20:00:00
25.4,48,947.5,0.0,8.5,2025-06-04 21:00:00
24.8,48,948.1,0.0,8.0,2025-06-04 22:00:00
24.2,50,948.2,0.0,6.7,2025-06-04 23:00:00
23.3,54,948.2,0.0,4.5,2025-06-05 00:00:00
23.0,54,948.1,0.0,4.8,2025-06-05 01:00:00
22.8,54,947.9,0.0,5.3,2025-06-05 02:00:00
23.0,52,947.8,0.0,5.5,2025-06-05 03:00:00
22.6,53,947.9,0.0,4.9,2025-06-05 04:00:00
22.4,54,948.2,0.0,5.0,2025-06-05 05:00:00
23.4,53,949.1,0.0,8.2,2025-06-05 06:00:00
25.7,45,950.1,0.0,6.2,2025-06-05 07:00:00
28.3,37,950.8,0.0,6.7,2025-06-05 08:00:00
30.2,32,951.3,0.0,5.7,2025-06-05 09:00:00
31.6,30,951.2,0.0,7.4,2025-06-05 10:00:00
32.5,29,951.1,0.0,7.7,2025-06-05 11:00:00
33.7,27,950.8,0.0,6.9,2025-06-05 12:00:00
34.4,26,950.2,0.0,4.3,2025-06-05 13:00:00
35.5,24,949.4,0.0,3.8,2025-06-05 14:00:00
35.8,24,948.8,0.0,5.1,2025-06-05 15:00:00
35.4,24,948.1,0.0,6.4,2025-06-05 16:00:00
34.7,25,947.7,0.0,7.4,2025-06-05 17:00:00
33.7,27,948.1,0.0,7.8,2025-06-05 18:00:00
32.0,37,948.1,0.0,2.5,2025-06-05 19:00:00
29.9,40,948.2,0.0,7.7,2025-06-05 20:00:00
28.5,45,948.7,0.0,7.5,2025-06-05 21:00:00
27.4,50,948.9,0.0,6.5,2025-06-05 22:00:00
26.3,53,948.7,0.0,7.4,2025-06-05 23:00:00
25.5,55,948.3,0.0,5.4,2025-06-06 00:00:00
25.0,57,947.8,0.0,3.8,2025-06-06 01:00:00
24.3,62,947.6,0.0,1.7,2025-06-06 02:00:00
24.0,62,947.4,0.0,1.5,2025-06-06 03:00:00
24.1,58,947.4,0.0,2.6,2025-06-06 04:00:00
23.8,59,947.4,0.0,2.3,2025-06-06 05:00:00
26.2,54,948.4,0.0,2.7,2025-06-06 06:00:00
28.0,47,949.0,0.0,2.2,2025-06-06 07:00:00
30.2,39,949.9,0.0,2.9,2025-06-06 08:00:00
32.3,34,950.1,0.0,4.1,2025-06-06 09:00:00
34.4,30,949.9,0.0,6.1,2025-06-06 10:00:00
35.9,27,949.7,0.0,8.7,2025-06-06 11:00:00
36.9,26,949.0,0.0,11.1,2025-06-06 12:00:00
37.5,25,948.3,0.0,11.9,2025-06-06 13:00:00
37.8,24,947.6,0.0,11.3,2025-06-06 14:00:00
38.0,24,947.1,0.0,10.1,2025-06-06 15:00:00
37.9,24,946.7,0.0,9.6,2025-06-06 16:00:00
37.3,25,946.3,0.0,11.9,2025-06-06 17:00:00
36.6,24,946.6,0.0,10.0,2025-06-06 18:00:00
34.8,29,946.5,0.0,8.5,2025-06-06 19:00:00
32.5,37,946.4,0.0,5.7,2025-06-06 20:00:00
30.5,43,946.6,0.0,5.9,2025-06-06 21:00:00
29.2,48,946.8,0.0,5.8,2025-06-06 22:00:00
28.4,52,946.6,0.0,4.9,2025-06-06 23:00:00
27.6,54,946.5,0.0,4.4,2025-06-07 00:00:00
27.0,55,946.4,0.0,3.4,2025-06-07 01:00:00
26.9,53,945.9,0.0,3.9,2025-06-07 02:00:00
26.6,53,945.8,0.0,3.4,2025-06-07 03:00:00
26.2,58,945.5,0.0,2.1,2025-06-07 04:00:00
26.0,59,945.6,0.0,1.1,2025-06-07 05:00:00
28.4,49,946.2,0.0,2.0,2025-06-07 06:00:00
30.8,42,947.1,0.0,0.5,2025-06-07 07:00:00
33.3,35,947.9,0.0,3.1,2025-06-07 08:00:00
35.4,31,948.4,0.0,5.8,2025-06-07 09:00:00
37.2,28,948.5,0.0,7.0,2025-06-07 10:00:00
38.7,25,948.2,0.0,7.7,2025-06-07 11:00:00
39.7,23,947.8,0.0,10.0,2025-06-07 12:00:00
40.2,21,947.2,0.0,11.0,2025-06-07 13:00:00
40.7,19,946.5,0.0,11.1,2025-06-07 14:00:00
40.6,18,945.9,0.0,11.4,2025-06-07 15:00:00
40.8,17,945.5,0.0,11.4,2025-06-07 16:00:00
40.3,16,945.2,0.0,10.8,2025-06-07 17:00:00
39.6,16,945.1,0.0,12.2,2025-06-07 18:00:00
37.3,21,945.5,0.0,10.9,2025-06-07 19:00:00
35.1,30,945.5,0.0,11.3,2025-06-07 20:00:00
33.6,32,945.6,0.0,11.4,2025-06-07 21:00:00
32.8,31,945.6,0.0,9.0,2025-06-07 22:00:00
31.5,31,945.7,0.0,4.2,2025-06-07 23:00:00
30.0,34,945.1,0.0,2.5,2025-06-08 00:00:00
29.8,31,944.9,0.0,5.1,2025-06-08 01:00:00
28.6,34,944.5,0.0,8.1,2025-06-08 02:00:00
27.8,36,944.1,0.0,7.2,2025-06-08 03:00:00
27.7,35,944.4,0.0,6.0,2025-06-08 04:00:00
27.3,35,944.7,0.0,6.5,2025-06-08 05:00:00
28.4,39,946.0,0.0,8.1,2025-06-08 06:00:00
31.2,33,947.2,0.0,5.8,2025-06-08 07:00:00
34.2,26,947.7,0.0,6.1,2025-06-08 08:00:00
36.8,21,948.0,0.0,7.4,2025-06-08 09:00:00
38.2,19,948.0,0.0,9.8,2025-06-08 10:00:00
39.5,18,947.8,0.0,11.1,2025-06-08 11:00:00
40.6,16,947.4,0.0,12.2,2025-06-08 12:00:00
41.1,15,946.8,0.0,13.9,2025-06-08 13:00:00
41.1,15,946.0,0.0,15.4,2025-06-08 14:00:00
40.7,16,945.6,0.0,14.4,2025-06-08 15:00:00
40.4,16,945.2,0.0,13.2,2025-06-08 16:00:00
39.6,17,944.6,0.0,12.6,2025-06-08 17:00:00
38.7,17,945.2,0.0,10.8,2025-06-08 18:00:00
36.9,19,945.0,0.0,8.5,2025-06-08 19:00:00
35.2,21,944.8,0.0,9.2,2025-06-08 20:00:00
33.0,25,944.8,0.0,9.4,2025-06-08 21:00:00
31.8,27,944.5,0.0,9.4,2025-06-08 22:00:00
31.5,28,943.9,0.0,8.2,2025-06-08 23:00:00
31.0,28,943.5,0.0,7.4,2025-06-09 00:00:00
30.5,28,942.7,0.0,8.6,2025-06-09 01:00:00
30.5,26,942.7,0.0,8.6,2025-06-09 02:00:00
30.3,25,942.4,0.0,6.5,2025-06-09 03:00:00
29.1,29,942.3,0.0,3.0,2025-06-09 04:00:00
28.4,30,942.6,0.0,0.6,2025-06-09 05:00:00
29.5,28,943.4,0.0,1.2,2025-06-09 06:00:00
32.0,25,944.4,0.0,3.1,2025-06-09 07:00:00
35.2,20,945.3,0.0,1.8,2025-06-09 08:00:00
38.1,18,945.7,0.0,1.8,2025-06-09 09:00:00
40.4,15,945.7,0.0,3.9,2025-06-09 10:00:00
41.7,14,945.7,0.0,7.5,2025-06-09 11:00:00
42.5,13,945.6,0.0,9.9,2025-06-09 12:00:00
42.7,12,944.8,0.0,11.1,2025-06-09 13:00:00
42.8,12,944.0,0.0,12.5,2025-06-09 14:00:00
42.5,13,943.5,0.0,13.7,2025-06-09 15:00:00
42.1,12,942.9,0.0,10.8,2025-06-09 16:00:00
42.1,11,942.5,0.0,5.3,2025-06-09 17:00:00
41.1,13,942.6,0.0,7.6,2025-06-09 18:00:00
38.7,17,942.3,0.0,9.7,2025-06-09 19:00:00
36.3,20,942.1,0.0,8.7,2025-06-09 20:00:00
34.5,22,942.1,0.0,9.5,2025-06-09 21:00:00
33.7,24,941.9,0.0,6.2,2025-06-09 22:00:00
32.4,28,941.4,0.0,4.2,2025-06-09 23:00:00
31.3,29,940.8,0.0,3.2,2025-06-10 00:00:00
30.5,29,940.0,0.0,2.5,2025-06-10 01:00:00
29.9,30,939.6,0.0,1.0,2025-06-10 02:00:00
29.4,29,939.9,0.0,5.9,2025-06-10 03:00:00
28.8,30,939.8,0.0,5.3,2025-06-10 04:00:00
27.8,33,940.0,0.0,1.5,2025-06-10 05:00:00
31.0,31,941.0,0.0,5.3,2025-06-10 06:00:00
32.8,25,941.7,0.0,5.7,2025-06-10 07:00:00
36.2,19,942.7,0.0,5.3,2025-06-10 08:00:00
39.0,16,943.4,0.0,6.5,2025-06-10 09:00:00
41.2,14,943.8,0.0,7.9,2025-06-10 10:00:00
42.2,13,943.8,0.0,11.0,2025-06-10 11:00:00
43.0,12,943.6,0.0,10.5,2025-06-10 12:00:00
43.5,11,943.2,0.0,9.7,2025-06-10 13:00:00
43.4,11,942.7,0.0,11.1,2025-06-10 14:00:00
43.7,11,942.1,0.0,9.4,2025-06-10 15:00:00
43.6,10,941.5,0.0,7.9,2025-06-10 16:00:00
42.9,10,941.2,0.0,8.2,2025-06-10 17:00:00
42.4,10,941.4,0.0,7.6,2025-06-10 18:00:00
39.4,17,941.3,0.0,10.2,2025-06-10 19:00:00
37.8,20,941.3,0.0,9.6,2025-06-10 20:00:00
36.3,21,941.6,0.0,9.5,2025-06-10 21:00:00
34.5,22,941.6,0.0,6.1,2025-06-10 22:00:00
32.2,27,941.7,0.0,3.3,2025-06-10 23:00:00
32.0,24,941.9,0.0,6.8,2025-06-11 00:00:00
31.5,23,941.5,0.0,7.8,2025-06-11 01:00:00
31.1,23,941.2,0.0,7.3,2025-06-11 02:00:00
30.4,23,941.2,0.0,5.9,2025-06-11 03:00:00
30.1,23,941.8,0.0,7.4,2025-06-11 04:00:00
29.3,24,942.2,0.0,7.0,2025-06-11 05:00:00
31.2,24,942.7,0.0,5.9,2025-06-11 06:00:00
32.4,23,943.6,0.0,8.1,2025-06-11 07:00:00
35.4,19,944.5,0.0,9.2,2025-06-11 08:00:00
37.6,22,945.0,0.0,11.0,2025-06-11 09:00:00
39.6,22,944.9,0.0,12.0,2025-06-11 10:00:00
41.4,18,944.8,0.0,11.3,2025-06-11 11:00:00
42.8,15,944.4,0.0,8.8,2025-06-11 12:00:00
43.7,12,943.9,0.0,8.0,2025-06-11 13:00:00
44.2,11,943.1,0.0,8.2,2025-06-11 14:00:00
44.3,11,942.3,0.0,10.0,2025-06-11 15:00:00
43.8,10,941.8,0.0,11.5,2025-06-11 16:00:00
43.2,10,941.7,0.0,13.0,2025-06-11 17:00:00
42.5,9,942.0,0.0,8.4,2025-06-11 18:00:00
40.7,11,941.8,0.0,4.7,2025-06-11 19:00:00
38.0,13,941.7,0.0,6.4,2025-06-11 20:00:00
35.2,16,942.1,0.0,3.1,2025-06-11 21:00:00
33.8,18,942.4,0.0,7.0,2025-06-11 22:00:00
33.4,19,942.4,0.0,6.1,2025-06-11 23:00:00
32.4,21,942.2,0.0,4.1,2025-06-12 00:00:00
32.2,21,942.2,0.0,8.9,2025-06-12 01:00:00
31.1,22,942.0,0.0,10.2,2025-06-12 02:00:00
30.7,23,942.0,0.0,7.9,2025-06-12 03:00:00
29.8,24,942.1,0.0,6.8,2025-06-12 04:00:00
28.8,26,942.3,0.0,5.6,2025-06-12 05:00:00
31.1,23,942.8,0.0,5.2,2025-06-12 06:00:00
32.8,22,943.6,0.0,5.5,2025-06-12 07:00:00
35.7,19,944.5,0.0,7.0,2025-06-12 08:00:00
38.0,17,944.7,0.0,8.4,2025-06-12 09:00:00
40.0,16,944.7,0.0,8.3,2025-06-12 10:00:00
41.6,14,944.4,0.0,6.5,2025-06-12 11:00:00
42.7,13,944.1,0.0,4.1,2025-06-12 12:00:00
43.5,11,943.5,0.0,6.2,2025-06-12 13:00:00
43.6,11,942.9,0.0,10.7,2025-06-12 14:00:00
43.2,11,942.1,0.0,12.5,2025-06-12 15:00:00
42.9,11,941.8,0.0,12.0,2025-06-12 16:00:00
42.3,11,941.4,0.0,13.5,2025-06-12 17:00:00
42.3,8,941.6,0.0,12.4,2025-06-12 18:00:00
39.7,12,941.9,0.0,8.5,2025-06-12 19:00:00
37.5,15,942.2,0.0,8.9,2025-06-12 20:00:00
35.7,19,942.5,0.0,8.0,2025-06-12 21:00:00
33.7,22,942.7,0.0,5.6,2025-06-12 22:00:00
32.5,24,942.5,0.0,4.2,2025-06-12 23:00:00
31.7,24,942.5,0.0,5.4,2025-06-13 00:00:00
31.4,24,942.3,0.0,4.7,2025-06-13 01:00:00
30.8,24,942.6,0.0,6.3,2025-06-13 02:00:00
29.9,25,942.6,0.0,8.0,2025-06-13 03:00:00
29.4,25,943.2,0.0,8.3,2025-06-13 04:00:00
28.9,26,943.7,0.0,8.9,2025-06-13 05:00:00
31.2,28,944.2,0.0,8.1,2025-06-13 06:00:00
32.8,26,945.0,0.0,7.8,2025-06-13 07:00:00
35.5,23,945.7,0.0,8.4,2025-06-13 08:00:00
37.5,22,945.8,0.0,9.3,2025-06-13 09:00:00
39.1,20,946.3,0.0,2.7,2025-06-13 10:00:00
40.4,16,946.0,0.0,4.3,2025-06-13 11:00:00
40.0,18,945.6,0.0,18.4,2025-06-13 12:00:00
40.0,17,945.3,0.0,13.1,2025-06-13 13:00:00
41.6,14,944.5,0.0,4.8,2025-06-13 14:00:00
41.8,13,943.7,0.0,5.8,2025-06-13 15:00:00
41.4,13,942.9,0.0,5.3,2025-06-13 16:00:00
41.2,13,942.8,0.0,7.6,2025-06-13 17:00:00
38.9,18,943.1,0.0,18.9,2025-06-13 18:00:00
37.6,19,943.5,0.0,14.3,2025-06-13 19:00:00
36.6,20,943.5,0.0,17.9,2025-06-13 20:00:00
35.2,21,944.2,0.0,18.4,2025-06-13 21:00:00
33.4,26,944.7,0.0,20.4,2025-06-13 22:00:00
32.6,27,944.6,0.0,21.7,2025-06-13 23:00:00
32.2,27,944.2,0.0,20.8,2025-06-14 00:00:00
31.8,27,943.2,0.0,13.4,2025-06-14 01:00:00
31.3,29,942.8,0.0,5.9,2025-06-14 02:00:00
30.5,31,943.0,0.0,13.7,2025-06-14 03:00:00
30.2,32,943.1,0.0,13.0,2025-06-14 04:00:00
30.0,33,943.4,0.0,8.4,2025-06-14 05:00:00
29.0,41,944.6,0.0,11.4,2025-06-14 06:00:00
31.0,35,945.3,0.0,7.3,2025-06-14 07:00:00
33.5,29,945.7,0.0,1.2,2025-06-14 08:00:00
35.8,25,946.0,0.0,1.3,2025-06-14 09:00:00
37.5,22,945.9,0.0,2.4,2025-06-14 10:00:00
38.8,19,945.5,0.0,2.2,2025-06-14 11:00:00
39.1,18,944.8,0.0,5.2,2025-06-14 12:00:00
40.1,17,943.9,0.0,6.3,2025-06-14 13:00:00
40.2,17,943.0,0.0,10.7,2025-06-14 14:00:00
40.3,17,942.5,0.0,14.5,2025-06-14 15:00:00
39.4,16,941.9,0.0,13.8,2025-06-14 16:00:00
38.7,17,941.4,0.0,12.6,2025-06-14 17:00:00
38.5,18,941.1,0.0,11.0,2025-06-14 18:00:00
36.2,25,941.3,0.0,14.9,2025-06-14 19:00:00
35.0,27,941.1,0.0,12.8,2025-06-14 20:00:00
33.8,29,941.3,0.0,10.4,2025-06-14 21:00:00
32.6,31,941.1,0.0,7.4,2025-06-14 22:00:00
31.5,34,940.9,0.0,5.4,2025-06-14 23:00:00
30.5,36,940.5,0.0,5.1,2025-06-15 00:00:00
30.0,36,940.0,0.0,5.0,2025-06-15 01:00:00
29.7,35,940.0,0.0,2.8,2025-06-15 02:00:00
29.5,34,940.1,0.0,2.7,2025-06-15 03:00:00
29.4,44,940.5,0.0,0.4,2025-06-15 04:00:00
28.2,38,941.2,0.0,4.2,2025-06-15 05:00:00
29.0,34,940.9,0.0,2.6,2025-06-15 06:00:00
31.6,30,941.7,0.0,0.8,2025-06-15 07:00:00
34.3,25,942.3,0.0,1.5,2025-06-15 08:00:00
36.9,21,942.4,0.0,1.5,2025-06-15 09:00:00
38.8,18,942.3,0.0,2.7,2025-06-15 10:00:00
40.3,15,942.0,0.0,1.5,2025-06-15 11:00:00
41.6,13,941.3,0.0,1.5,2025-06-15 12:00:00
42.3,12,940.5,0.0,5.1,2025-06-15 13:00:00
42.2,11,940.0,0.0,7.8,2025-06-15 14:00:00
41.3,12,939.6,0.0,11.5,2025-06-15 15:00:00
40.6,13,939.4,0.0,13.4,2025-06-15 16:00:00
39.8,14,939.3,0.0,14.4,2025-06-15 17:00:00
38.5,18,939.3,0.0,14.0,2025-06-15 18:00:00
37.6,18,939.8,0.0,9.3,2025-06-15 19:00:00
36.0,22,941.0,0.0,11.1,2025-06-15 20:00:00
32.7,37,942.1,0.0,13.7,2025-06-15 21:00:00
32.2,37,942.6,0.0,13.7,2025-06-15 22:00:00
31.9,37,942.3,0.0,9.7,2025-06-15 23:00:00
31.5,38,942.3,0.0,8.8,2025-06-16 00:00:00
31.0,40,941.9,0.0,9.2,2025-06-16 01:00:00
30.4,40,941.8,0.0,7.6,2025-06-16 02:00:00
30.2,39,941.6,0.0,7.3,2025-06-16 03:00:00
29.9,39,942.2,0.0,6.3,2025-06-16 04:00:00
29.3,40,942.5,0.0,6.3,2025-06-16 05:00:00
29.9,42,942.7,0.0,6.9,2025-06-16 06:00:00
30.6,39,943.0,0.0,8.5,2025-06-16 07:00:00
32.2,38,943.7,0.0,4.3,2025-06-16 08:00:00
33.4,35,943.8,0.0,6.3,2025-06-16 09:00:00
34.2,34,943.7,0.0,7.9,2025-06-16 10:00:00
35.1,32,943.6,0.0,9.4,2025-06-16 11:00:00
35.2,33,943.3,0.0,8.5,2025-06-16 12:00:00
35.1,33,942.4,0.0,8.8,2025-06-16 13:00:00
35.0,33,942.1,0.1,2.8,2025-06-16 14:00:00
35.6,31,941.9,0.0,5.4,2025-06-16 15:00:00
36.3,29,941.3,0.0,7.7,2025-06-16 16:00:00
35.8,29,940.9,0.0,9.6,2025-06-16 17:00:00
35.9,27,941.1,0.0,6.1,2025-06-16 18:00:00
35.1,28,941.3,0.0,5.9,2025-06-16 19:00:00
33.6,34,941.3,0.0,2.7,2025-06-16 20:00:00
32.7,35,942.2,0.0,2.6,2025-06-16 21:00:00
31.8,40,942.6,0.0,1.4,2025-06-16 22:00:00
30.9,39,942.8,0.0,3.2,2025-06-16 23:00:00
30.2,42,942.9,0.0,4.8,2025-06-17 00:00:00
29.5,44,942.6,0.0,6.2,2025-06-17 01:00:00
28.9,45,942.4,0.0,7.1,2025-06-17 02:00:00
28.4,45,942.4,0.0,6.4,2025-06-17 03:00:00
27.9,46,942.6,0.0,5.4,2025-06-17 04:00:00
27.6,47,942.7,0.0,5.4,2025-06-17 05:00:00
28.6,47,943.2,0.0,8.5,2025-06-17 06:00:00
29.9,47,943.7,0.0,7.4,2025-06-17 07:00:00
31.5,44,944.2,0.0,7.7,2025-06-17 08:00:00
33.2,40,944.3,0.0,8.7,2025-06-17 09:00:00
35.0,34,944.5,0.0,5.5,2025-06-17 10:00:00
31.9,46,944.9,0.5,15.5,2025-06-17 11:00:00
33.9,37,944.2,0.1,2.0,2025-06-17 12:00:00
36.4,32,943.3,0.0,6.8,2025-06-17 13:00:00
37.6,29,942.6,0.0,9.3,2025-06-17 14:00:00
37.8,29,942.0,0.0,11.0,2025-06-17 15:00:00
34.3,38,942.0,0.2,12.9,2025-06-17 16:00:00
34.9,37,941.3,0.1,7.3,2025-06-17 17:00:00
36.4,29,940.5,0.0,10.5,2025-06-17 18:00:00
31.3,51,941.1,0.0,18.6,2025-06-17 19:00:00
30.9,53,941.7,0.0,11.2,2025-06-17 20:00:00
30.3,55,942.7,0.0,8.8,2025-06-17 21:00:00
30.0,56,943.3,0.0,9.9,2025-06-17 22:00:00
29.4,58,943.3,0.0,9.6,2025-06-17 23:00:00
29.0,58,943.4,0.0,8.4,2025-06-18 00:00:00
28.5,59,943.0,0.0,8.1,2025-06-18 01:00:00
28.1,60,943.1,0.0,7.8,2025-06-18 02:00:00
27.6,62,942.7,0.0,7.0,2025-06-18 03:00:00
27.2,63,942.7,0.0,7.4,2025-06-18 04:00:00
26.9,64,942.8,0.0,7.0,2025-06-18 05:00:00
28.5,59,942.6,0.0,6.5,2025-06-18 06:00:00
29.6,55,942.9,0.0,6.9,2025-06-18 07:00:00
31.0,50,943.3,0.0,5.2,2025-06-18 08:00:00
32.9,43,943.4,0.0,4.3,2025-06-18 09:00:00
34.7,38,942.7,0.0,6.2,2025-06-18 10:00:00
36.2,33,942.0,0.0,8.9,2025-06-18 11:00:00
37.2,30,941.2,0.0,10.2,2025-06-18 12:00:00
38.2,28,940.4,0.0,10.9,2025-06-18 13:00:00
38.8,26,939.6,0.0,10.2,2025-06-18 14:00:00
39.1,25,938.7,0.0,9.1,2025-06-18 15:00:00
39.0,25,937.9,0.0,7.6,2025-06-18 16:00:00
38.7,24,937.5,0.0,6.3,2025-06-18 17:00:00
38.1,24,937.9,0.0,5.0,2025-06-18 18:00:00
37.2,25,938.0,0.0,3.0,2025-06-18 19:00:00
36.0,25,938.2,0.0,4.3,2025-06-18 20:00:00
35.0,27,938.8,0.0,1.3,2025-06-18 21:00:00
33.5,36,939.5,0.0,11.8,2025-06-18 22:00:00
32.2,41,940.0,0.0,7.2,2025-06-18 23:00:00
31.6,42,940.0,0.0,11.5,2025-06-19 00:00:00
30.9,47,940.0,0.0,10.4,2025-06-19 01:00:00
30.5,49,939.9,0.0,10.1,2025-06-19 02:00:00
29.9,51,939.4,0.0,9.1,2025-06-19 03:00:00
29.5,53,939.5,0.0,10.0,2025-06-19 04:00:00
29.1,55,939.8,0.0,9.5,2025-06-19 05:00:00
30.3,57,939.3,0.0,8.3,2025-06-19 06:00:00
31.1,58,939.6,0.0,9.5,2025-06-19 07:00:00
32.7,52,939.9,0.0,8.8,2025-06-19 08:00:00
34.6,45,940.2,0.0,7.1,2025-06-19 09:00:00
36.4,38,940.0,0.0,5.2,2025-06-19 10:00:00
38.1,33,939.9,0.0,4.6,2025-06-19 11:00:00
39.2,29,939.6,0.0,5.2,2025-06-19 12:00:00
39.9,27,938.7,0.0,5.6,2025-06-19 13:00:00
40.7,26,938.2,0.0,6.5,2025-06-19 14:00:00
41.0,25,937.7,0.0,8.4,2025-06-19 15:00:00
41.0,25,937.2,0.0,8.9,2025-06-19 16:00:00
40.6,24,937.0,0.0,9.1,2025-06-19 17:00:00
39.7,25,937.4,0.0,8.7,2025-06-19 18:00:00
39.1,26,937.4,0.0,3.4,2025-06-19 19:00:00
37.6,30,937.8,0.0,9.5,2025-06-19 20:00:00
35.3,40,939.0,0.0,10.1,2025-06-19 21:00:00
34.5,42,939.9,0.0,5.5,2025-06-19 22:00:00
33.8,44,940.5,0.0,11.3,2025-06-19 23:00:00
32.9,50,940.9,0.0,12.6,2025-06-20 00:00:00
32.1,55,940.9,0.0,13.1,2025-06-20 01:00:00
31.6,58,941.0,0.0,12.6,2025-06-20 02:00:00
31.2,60,941.0,0.0,11.9,2025-06-20 03:00:00
30.8,62,941.2,0.0,10.8,2025-06-20 04:00:00
30.3,63,941.6,0.0,9.9,2025-06-20 05:00:00
31.1,64,940.9,0.0,9.7,2025-06-20 06:00:00
32.0,60,941.5,0.0,11.0,2025-06-20 07:00:00
33.5,54,942.0,0.0,10.5,2025-06-20 08:00:00
35.0,49,942.2,0.0,9.0,2025-06-20 09:00:00
36.5,42,942.2,0.0,6.9,2025-06-20 10:00:00
38.1,37,942.1,0.0,6.0,2025-06-20 11:00:00
39.3,34,941.7,0.0,6.9,2025-06-20 12:00:00
40.2,31,941.1,0.0,6.8,2025-06-20 13:00:00
40.6,30,940.6,0.0,6.4,2025-06-20 14:00:00
40.7,28,939.9,0.0,6.4,2025-06-20 15:00:00
41.0,27,939.3,0.0,7.7,2025-06-20 16:00:00
40.6,27,939.1,0.0,7.0,2025-06-20 17:00:00
40.4,24,938.8,0.0,11.5,2025-06-20 18:00:00
39.5,24,939.2,0.0,7.1,2025-06-20 19:00:00
37.3,33,939.9,0.0,12.1,2025-06-20 20:00:00
34.8,49,941.3,0.0,11.1,2025-06-20 21:00:00
33.4,55,942.1,0.0,14.7,2025-06-20 22:00:00
31.9,64,943.0,0.0,13.8,2025-06-20 23:00:00
31.4,66,943.2,0.0,14.8,2025-06-21 00:00:00
30.8,68,943.0,0.0,15.7,2025-06-21 01:00:00
30.3,71,942.9,0.0,14.1,2025-06-21 02:00:00
29.7,73,942.9,0.0,14.5,2025-06-21 03:00:00
29.3,71,943.2,0.0,13.6,2025-06-21 04:00:00
29.2,71,943.3,0.0,10.6,2025-06-21 05:00:00
29.3,73,943.1,0.0,9.2,2025-06-21 06:00:00
30.6,67,943.0,0.0,10.7,2025-06-21 07:00:00
31.5,65,943.8,1.0,10.0,2025-06-21 08:00:00
32.1,62,944.2,0.4,14.5,2025-06-21 09:00:00
33.0,60,944.2,0.0,12.7,2025-06-21 10:00:00
34.4,55,943.7,0.0,10.3,2025-06-21 11:00:00
35.6,50,943.1,0.0,4.9,2025-06-21 12:00:00
37.6,43,942.3,0.0,2.8,2025-06-21 13:00:00
38.7,39,941.5,0.0,6.9,2025-06-21 14:00:00
39.0,38,940.8,0.0,9.2,2025-06-21 15:00:00
39.1,37,940.1,0.0,8.3,2025-06-21 16:00:00
39.0,36,939.6,0.0,7.9,2025-06-21 17:00:00
34.4,55,940.4,0.0,17.7,2025-06-21 18:00:00
33.3,60,940.6,0.0,12.7,2025-06-21 19:00:00
32.4,64,940.9,0.0,12.5,2025-06-21 20:00:00
31.5,67,941.5,0.0,11.9,2025-06-21 21:00:00
29.2,80,942.3,6.0,11.3,2025-06-21 22:00:00
28.2,84,942.2,0.2,12.8,2025-06-21 23:00:00
25.6,89,942.4,4.3,10.3,2025-06-22 00:00:00
25.9,89,942.2,0.1,9.1,2025-06-22 01:00:00
26.0,88,942.2,0.1,9.0,2025-06-22 02:00:00
25.4,89,942.5,9.6,10.4,2025-06-22 03:00:00
25.3,92,941.6,0.4,7.9,2025-06-22 04:00:00
24.9,94,942.7,4.9,1.0,2025-06-22 05:00:00
26.6,89,943.0,0.1,5.4,2025-06-22 06:00:00
27.2,82,942.7,0.1,5.9,2025-06-22 07:00:00
27.4,78,943.3,1.0,10.4,2025-06-22 08:00:00
28.3,72,943.9,0.6,5.8,2025-06-22 09:00:00
28.7,71,943.7,1.6,5.1,2025-06-22 10:00:00
29.3,72,943.6,1.5,4.8,2025-06-22 11:00:00
31.3,65,942.9,0.1,4.3,2025-06-22 12:00:00
31.3,64,942.1,1.1,6.0,2025-06-22 13:00:00
32.3,62,941.5,0.0,4.5,2025-06-22 14:00:00
33.0,61,940.6,0.0,6.8,2025-06-22 15:00:00
33.3,60,939.8,0.0,6.9,2025-06-22 16:00:00
33.1,60,939.5,0.0,6.2,2025-06-22 17:00:00
31.6,65,940.3,0.0,6.0,2025-06-22 18:00:00
30.6,72,940.1,0.0,4.2,2025-06-22 19:00:00
29.6,77,940.3,0.0,3.4,2025-06-22 20:00:00
29.1,78,941.0,0.0,3.3,2025-06-22 21:00:00
28.7,80,941.3,0.0,2.5,2025-06-22 22:00:00
28.7,79,941.4,0.0,1.3,2025-06-22 23:00:00
28.2,81,941.3,0.0,1.4,2025-06-23 00:00:00
27.6,85,941.3,0.0,2.1,2025-06-23 01:00:00
27.1,85,940.9,0.0,4.4,2025-06-23 02:00:00
26.8,86,940.9,0.0,7.1,2025-06-23 03:00:00
25.0,94,941.7,2.1,5.6,2025-06-23 04:00:00
24.8,96,942.1,3.1,9.4,2025-06-23 05:00:00
25.8,89,940.6,0.0,8.1,2025-06-23 06:00:00
27.4,81,941.0,0.0,7.4,2025-06-23 07:00:00
29.1,74,941.3,0.0,5.7,2025-06-23 08:00:00
30.3,69,941.3,0.0,3.7,2025-06-23 09:00:00
31.5,63,941.1,0.0,3.1,2025-06-23 10:00:00
32.5,60,940.6,0.0,4.1,2025-06-23 11:00:00
33.5,57,939.9,0.0,3.8,2025-06-23 12:00:00
34.4,54,939.0,0.0,3.6,2025-06-23 13:00:00
34.9,53,938.2,0.0,4.2,2025-06-23 14:00:00
35.2,52,937.3,0.0,4.3,2025-06-23 15:00:00
35.1,52,936.7,0.0,4.6,2025-06-23 16:00:00
34.8,54,936.2,0.0,5.0,2025-06-23 17:00:00
34.1,60,937.0,0.0,4.2,2025-06-23 18:00:00
32.3,68,936.8,0.0,6.5,2025-06-23 19:00:00
31.1,72,937.4,0.0,8.2,2025-06-23 20:00:00
30.4,73,938.1,0.0,7.9,2025-06-23 21:00:00
29.8,74,938.5,0.0,8.0,2025-06-23 22:00:00
29.4,73,938.6,0.0,10.2,2025-06-23 23:00:00
28.8,75,938.8,0.0,11.7,2025-06-24 00:00:00
28.2,79,938.8,0.0,10.5,2025-06-24 01:00:00
27.8,81,938.8,0.0,9.8,2025-06-24 02:00:00
27.5,82,938.6,0.0,10.9,2025-06-24 03:00:00
27.1,84,938.8,0.0,11.5,2025-06-24 04:00:00
26.4,88,939.1,0.0,11.3,2025-06-24 05:00:00
27.8,85,938.3,0.0,7.2,2025-06-24 06:00:00
28.7,86,939.0,0.0,7.8,2025-06-24 07:00:00
30.0,79,939.4,0.0,10.3,2025-06-24 08:00:00
31.2,72,939.8,0.0,9.7,2025-06-24 09:00:00
32.3,67,939.7,0.0,9.3,2025-06-24 10:00:00
33.7,62,939.7,0.0,7.6,2025-06-24 11:00:00
34.4,59,939.2,0.0,4.9,2025-06-24 12:00:00
35.1,57,938.8,0.0,5.1,2025-06-24 13:00:00
35.7,54,937.9,0.0,5.4,2025-06-24 14:00:00
36.0,53,937.5,0.0,5.6,2025-06-24 15:00:00
35.9,53,937.0,0.0,6.3,2025-06-24 16:00:00
35.5,54,936.5,0.0,7.2,2025-06-24 17:00:00
33.2,64,936.9,0.0,8.1,2025-06-24 18:00:00
32.0,68,936.7,0.0,6.0,2025-06-24 19:00:00
31.1,71,937.2,0.0,7.3,2025-06-24 20:00:00
30.6,76,938.2,0.0,5.8,2025-06-24 21:00:00
30.0,79,938.9,0.0,5.9,2025-06-24 22:00:00
29.7,80,939.5,0.0,8.5,2025-06-24 23:00:00
29.3,81,939.8,0.0,10.6,2025-06-25 00:00:00
28.9,83,939.9,0.2,10.9,2025-06-25 01:00:00
27.8,86,940.3,0.2,14.7,2025-06-25 02:00:00
26.9,90,940.4,0.1,12.7,2025-06-25 03:00:00
25.8,93,940.7,0.0,15.7,2025-06-25 04:00:00
25.5,88,940.7,0.0,12.1,2025-06-25 05:00:00
26.1,92,940.7,13.7,11.3,2025-06-25 06:00:00
25.6,94,941.5,8.0,14.7,2025-06-25 07:00:00
25.7,92,941.8,4.0,14.4,2025-06-25 08:00:00
25.8,94,942.6,2.6,13.2,2025-06-25 09:00:00
26.3,93,943.4,1.8,10.0,2025-06-25 10:00:00
27.3,83,943.4,1.2,12.8,2025-06-25 11:00:00
28.3,76,943.4,0.1,9.6,2025-06-25 12:00:00
29.4,74,942.8,0.0,9.9,2025-06-25 13:00:00
30.5,71,942.2,0.0,9.0,2025-06-25 14:00:00
31.5,68,941.7,0.0,10.3,2025-06-25 15:00:00
31.5,68,941.3,0.0,8.9,2025-06-25 16:00:00
31.4,69,940.9,0.0,6.5,2025-06-25 17:00:00
28.3,84,941.4,0.0,12.1,2025-06-25 18:00:00
28.5,82,941.1,0.0,10.2,2025-06-25 19:00:00
28.4,82,941.3,0.0,8.4,2025-06-25 20:00:00
28.3,82,942.2,0.0,8.0,2025-06-25 21:00:00
28.1,84,943.0,0.0,8.8,2025-06-25 22:00:00
27.6,86,943.3,0.0,10.1,2025-06-25 23:00:00
27.4,87,943.6,0.0,9.7,2025-06-26 00:00:00
26.7,86,943.6,0.7,9.5,2025-06-26 01:00:00
25.4,97,943.7,0.5,7.2,2025-06-26 02:00:00
25.5,94,943.4,0.1,6.1,2025-06-26 03:00:00
25.6,94,943.2,0.7,11.3,2025-06-26 04:00:00
25.6,93,944.3,0.1,8.4,2025-06-26 05:00:00
26.1,92,944.7,0.7,14.1,2025-06-26 06:00:00
25.6,92,945.2,1.8,17.5,2025-06-26 07:00:00
25.4,94,945.8,1.4,15.1,2025-06-26 08:00:00
26.2,89,946.5,0.2,16.5,2025-06-26 09:00:00
27.2,83,947.2,0.4,15.1,2025-06-26 10:00:00
27.5,81,946.8,0.2,15.6,2025-06-26 11:00:00
28.0,82,947.0,0.2,10.8,2025-06-26 12:00:00
27.6,83,946.3,0.4,8.1,2025-06-26 13:00:00
28.3,81,945.5,0.1,7.1,2025-06-26 14:00:00
29.0,77,944.6,0.0,7.0,2025-06-26 15:00:00
29.3,75,943.6,0.0,7.5,2025-06-26 16:00:00
29.6,73,942.9,0.0,4.9,2025-06-26 17:00:00
28.4,78,943.6,0.0,3.3,2025-06-26 18:00:00
27.9,82,943.2,0.0,1.9,2025-06-26 19:00:00
27.3,86,942.9,0.0,1.6,2025-06-26 20:00:00
26.9,89,943.1,0.0,2.4,2025-06-26 21:00:00
26.7,91,943.5,0.0,2.3,2025-06-26 22:00:00
26.5,92,944.0,0.0,1.6,2025-06-26 23:00:00
26.4,92,944.2,0.0,3.9,2025-06-27 00:00:00
26.2,91,944.7,0.0,5.8,2025-06-27 01:00:00
26.0,91,944.7,0.0,5.1,2025-06-27 02:00:00
25.8,91,944.4,0.0,5.8,2025-06-27 03:00:00
25.7,90,943.9,0.0,6.2,2025-06-27 04:00:00
25.7,90,944.3,0.1,4.3,2025-06-27 05:00:00
25.4,93,945.2,0.2,7.8,2025-06-27 06:00:00
25.1,92,945.9,0.1,13.9,2025-06-27 07:00:00
25.6,84,945.5,0.1,10.5,2025-06-27 08:00:00
27.9,75,945.6,0.0,9.7,2025-06-27 09:00:00
29.6,72,945.8,0.0,9.4,2025-06-27 10:00:00
30.8,69,945.5,0.0,6.9,2025-06-27 11:00:00
31.6,66,944.7,0.0,7.6,2025-06-27 12:00:00
32.2,63,944.1,0.0,7.9,2025-06-27 13:00:00
32.5,61,943.3,0.0,6.5,2025-06-27 14:00:00
32.7,61,942.5,0.0,5.4,2025-06-27 15:00:00
32.9,59,941.5,0.0,6.0,2025-06-27 16:00:00
32.7,59,941.0,0.0,7.2,2025-06-27 17:00:00
30.6,68,941.6,0.0,8.3,2025-06-27 18:00:00
29.7,74,941.4,0.0,5.5,2025-06-27 19:00:00
28.8,80,941.9,0.0,4.1,2025-06-27 20:00:00
28.4,83,942.9,0.0,2.7,2025-06-27 21:00:00
28.2,83,943.6,0.0,3.6,2025-06-27 22:00:00
27.9,84,944.1,0.0,6.1,2025-06-27 23:00:00
27.3,85,944.0,0.0,9.1,2025-06-28 00:00:00
27.0,85,943.7,0.0,9.8,2025-06-28 01:00:00
25.7,87,943.9,4.0,2.9,2025-06-28 02:00:00
24.7,92,943.5,0.3,2.9,2025-06-28 03:00:00
24.2,94,942.9,0.1,3.1,2025-06-28 04:00:00
24.2,95,943.2,0.0,2.4,2025-06-28 05:00:00
27.3,84,943.5,0.0,3.4,2025-06-28 06:00:00
27.7,82,943.6,0.0,1.1,2025-06-28 07:00:00
28.6,78,943.8,0.0,4.8,2025-06-28 08:00:00
29.6,73,943.8,0.0,3.5,2025-06-28 09:00:00
30.7,70,943.4,0.0,2.2,2025-06-28 10:00:00
31.6,66,943.1,0.0,3.4,2025-06-28 11:00:00
32.5,64,942.3,0.1,3.2,2025-06-28 12:00:00
32.9,63,941.2,0.0,4.4,2025-06-28 13:00:00
33.4,62,940.2,0.0,4.3,2025-06-28 14:00:00
33.8,59,939.6,0.0,4.2,2025-06-28 15:00:00
34.0,58,938.7,0.0,3.0,2025-06-28 16:00:00
33.8,59,938.2,0.0,3.4,2025-06-28 17:00:00
32.9,67,938.6,0.0,0.4,2025-06-28 18:00:00
31.3,76,938.5,0.0,1.6,2025-06-28 19:00:00
30.0,79,938.6,0.0,3.1,2025-06-28 20:00:00
29.2,83,939.2,0.0,2.7,2025-06-28 21:00:00
28.9,84,939.3,0.0,3.4,2025-06-28 22:00:00
28.6,83,939.7,0.0,4.1,2025-06-28 23:00:00
27.9,81,939.5,1.6,3.6,2025-06-29 00:00:00
25.2,91,939.7,8.6,9.6,2025-06-29 01:00:00
24.7,94,939.9,0.3,14.2,2025-06-29 02:00:00
24.4,92,939.5,0.3,5.6,2025-06-29 03:00:00
24.3,94,939.3,0.0,1.5,2025-06-29 04:00:00
24.4,95,939.0,0.2,3.8,2025-06-29 05:00:00
26.1,88,938.1,0.0,3.7,2025-06-29 06:00:00
27.4,83,938.7,0.0,1.2,2025-06-29 07:00:00
28.8,78,938.9,0.0,3.2,2025-06-29 08:00:00
29.9,74,939.2,0.0,4.7,2025-06-29 09:00:00
31.4,68,939.0,0.0,2.3,2025-06-29 10:00:00
32.6,63,938.7,0.0,2.9,2025-06-29 11:00:00
33.2,60,938.1,0.0,4.7,2025-06-29 12:00:00
33.8,57,937.7,0.0,6.1,2025-06-29 13:00:00
34.3,57,937.2,0.0,4.9,2025-06-29 14:00:00
33.6,57,937.1,0.3,3.6,2025-06-29 15:00:00
29.1,76,936.6,5.5,9.5,2025-06-29 16:00:00
30.3,72,935.8,0.1,3.1,2025-06-29 17:00:00
30.7,74,936.2,0.4,9.6,2025-06-29 18:00:00
29.6,78,936.3,0.0,9.1,2025-06-29 19:00:00
28.5,78,937.0,0.0,8.3,2025-06-29 20:00:00
28.1,80,937.9,0.0,8.1,2025-06-29 21:00:00
27.5,84,938.5,0.0,8.0,2025-06-29 22:00:00
26.4,91,938.6,1.6,11.0,2025-06-29 23:00:00
24.9,98,939.1,5.9,12.5,2025-06-30 00:00:00
24.5,97,938.5,0.1,8.8,2025-06-30 01:00:00
24.2,96,939.0,4.1,2.5,2025-06-30 02:00:00
24.5,96,939.0,0.1,6.1,2025-06-30 03:00:00
23.7,98,938.2,3.5,4.8,2025-06-30 04:00:00
23.9,97,938.6,0.1,2.2,2025-06-30 05:00:00
24.6,95,939.6,0.1,6.0,2025-06-30 06:00:00
25.7,89,939.7,0.0,2.0,2025-06-30 07:00:00
26.9,83,939.4,0.0,0.7,2025-06-30 08:00:00
29.0,74,940.1,0.0,1.5,2025-06-30 09:00:00
30.1,70,940.1,0.0,4.4,2025-06-30 10:00:00
31.4,64,940.1,0.0,4.4,2025-06-30 11:00:00
32.3,61,939.7,0.0,4.0,2025-06-30 12:00:00
33.0,58,938.8,0.0,4.4,2025-06-30 13:00:00
33.5,57,938.2,0.0,4.6,2025-06-30 14:00:00
33.9,55,937.6,0.0,5.4,2025-06-30 15:00:00
33.9,55,936.9,0.0,5.1,2025-06-30 16:00:00
33.5,57,936.8,0.0,6.0,2025-06-30 17:00:00
31.0,72,938.3,0.0,8.2,2025-06-30 18:00:00
29.9,76,938.5,0.0,9.9,2025-06-30 19:00:00
28.0,82,939.3,0.0,13.0,2025-06-30 20:00:00
27.6,82,939.9,0.0,10.6,2025-06-30 21:00:00
27.1,82,940.5,1.8,9.9,2025-06-30 22:00:00
25.9,85,941.0,5.8,11.7,2025-06-30 23:00:00
24.6,90,941.1,4.6,11.1,2025-07-01 00:00:00
23.9,92,940.1,5.5,7.3,2025-07-01 01:00:00
23.2,95,940.6,8.1,5.0,2025-07-01 02:00:00
23.4,96,940.7,0.4,6.1,2025-07-01 03:00:00
23.4,98,941.3,0.2,2.6,2025-07-01 04:00:00
23.4,97,941.8,0.5,1.3,2025-07-01 05:00:00
24.9,94,940.8,0.0,4.0,2025-07-01 06:00:00
26.0,87,941.4,0.0,6.4,2025-07-01 07:00:00
26.3,85,942.0,1.5,8.3,2025-07-01 08:00:00
27.7,77,942.1,0.1,2.2,2025-07-01 09:00:00
29.4,73,942.3,0.0,0.8,2025-07-01 10:00:00
31.0,70,942.3,0.0,6.2,2025-07-01 11:00:00
31.8,68,942.2,0.1,8.7,2025-07-01 12:00:00
32.2,67,941.3,0.1,10.2,2025-07-01 13:00:00
32.8,65,940.8,0.1,9.5,2025-07-01 14:00:00
28.8,79,940.6,1.0,17.5,2025-07-01 15:00:00
28.6,77,939.8,0.1,9.7,2025-07-01 16:00:00
29.5,75,939.6,0.0,10.6,2025-07-01 17:00:00
29.2,76,940.9,0.0,9.0,2025-07-01 18:00:00
28.6,80,940.8,0.1,7.9,2025-07-01 19:00:00
27.8,83,940.9,0.1,7.7,2025-07-01 20:00:00
27.3,85,941.6,0.1,5.8,2025-07-01 21:00:00
26.4,89,942.2,0.2,7.0,2025-07-01 22:00:00
26.2,90,942.2,0.1,7.2,2025-07-01 23:00:00
25.6,94,942.4,0.2,9.6,2025-07-02 00:00:00
25.2,96,942.3,0.6,6.8,2025-07-02 01:00:00
24.5,96,942.1,4.0,7.3,2025-07-02 02:00:00
24.0,98,942.5,1.5,7.0,2025-07-02 03:00:00
24.2,96,942.5,0.6,7.3,2025-07-02 04:00:00
23.9,97,942.8,0.2,6.3,2025-07-02 05:00:00
24.8,94,942.5,0.1,12.2,2025-07-02 06:00:00
24.8,91,943.5,3.4,9.9,2025-07-02 07:00:00
25.0,91,943.6,1.3,10.1,2025-07-02 08:00:00
26.2,87,943.9,3.8,9.0,2025-07-02 09:00:00
27.3,80,944.3,0.4,9.7,2025-07-02 10:00:00
27.7,79,944.6,1.5,4.2,2025-07-02 11:00:00
28.7,76,944.0,0.1,4.3,2025-07-02 12:00:00
30.1,70,943.0,0.0,4.5,2025-07-02 13:00:00
30.9,65,942.3,0.0,3.4,2025-07-02 14:00:00
31.3,64,941.5,0.0,3.1,2025-07-02 15:00:00
31.7,62,940.4,0.0,1.1,2025-07-02 16:00:00
31.5,62,939.7,0.0,1.3,2025-07-02 17:00:00
30.3,66,940.1,0.0,3.1,2025-07-02 18:00:00
28.9,74,939.9,0.0,4.9,2025-07-02 19:00:00
27.9,78,940.2,0.0,5.2,2025-07-02 20:00:00
27.5,82,941.2,0.0,3.5,2025-07-02 21:00:00
27.3,83,942.0,0.0,4.8,2025-07-02 22:00:00
26.9,81,942.7,0.0,7.0,2025-07-02 23:00:00
26.5,82,942.8,0.0,7.1,2025-07-03 00:00:00
26.2,83,942.5,0.0,6.1,2025-07-03 01:00:00
26.0,83,942.2,0.0,5.6,2025-07-03 02:00:00
25.8,83,942.0,0.0,5.5,2025-07-03 03:00:00
25.7,83,942.1,0.0,3.1,2025-07-03 04:00:00
26.0,82,942.9,0.0,1.5,2025-07-03 05:00:00
27.9,79,942.2,0.0,1.7,2025-07-03 06:00:00
28.6,75,943.2,0.0,1.5,2025-07-03 07:00:00
29.6,70,943.9,0.0,4.9,2025-07-03 08:00:00
29.8,69,944.4,0.1,11.1,2025-07-03 09:00:00
30.3,70,944.3,0.4,10.0,2025-07-03 10:00:00
31.1,67,944.1,0.0,9.0,2025-07-03 11:00:00
31.8,65,943.6,0.0,8.6,2025-07-03 12:00:00
32.6,63,943.0,0.0,6.9,2025-07-03 13:00:00
32.9,62,942.3,0.0,6.7,2025-07-03 14:00:00
33.1,61,941.7,0.0,6.9,2025-07-03 15:00:00
32.7,62,940.8,0.0,7.7,2025-07-03 16:00:00
32.4,64,940.2,0.0,7.7,2025-07-03 17:00:00
31.6,68,940.3,0.0,7.6,2025-07-03 18:00:00
30.2,73,940.3,0.0,7.8,2025-07-03 19:00:00
29.4,77,940.9,0.0,7.6,2025-07-03 20:00:00
28.9,78,942.1,0.0,7.9,2025-07-03 21:00:00
28.2,80,942.9,0.0,7.7,2025-07-03 22:00:00
27.7,82,943.4,0.0,7.8,2025-07-03 23:00:00
27.4,81,943.5,0.0,7.7,2025-07-04 00:00:00
27.1,82,943.4,0.0,8.8,2025-07-04 01:00:00
27.0,83,943.3,0.0,8.8,2025-07-04 02:00:00
26.6,85,943.2,0.0,7.9,2025-07-04 03:00:00
26.4,86,943.2,0.0,6.9,2025-07-04 04:00:00
26.3,86,943.6,0.0,7.9,2025-07-04 05:00:00
27.0,84,943.4,0.0,7.6,2025-07-04 06:00:00
27.8,82,943.6,0.0,7.0,2025-07-04 07:00:00
28.9,78,944.0,0.0,7.6,2025-07-04 08:00:00
29.8,75,944.0,0.0,6.3,2025-07-04 09:00:00
30.9,72,944.0,0.0,4.8,2025-07-04 10:00:00
31.5,70,943.5,0.1,4.0,2025-07-04 11:00:00
32.5,66,942.8,0.1,2.1,2025-07-04 12:00:00
33.3,62,941.8,0.0,1.2,2025-07-04 13:00:00
34.1,58,941.3,0.0,1.7,2025-07-04 14:00:00
34.4,57,940.8,0.0,3.3,2025-07-04 15:00:00
34.5,58,940.2,0.0,3.9,2025-07-04 16:00:00
34.3,58,939.7,0.0,4.3,2025-07-04 17:00:00
32.6,69,939.3,0.0,6.2,2025-07-04 18:00:00
31.0,77,938.9,0.0,5.0,2025-07-04 19:00:00
29.5,82,938.9,0.0,5.4,2025-07-04 20:00:00
29.2,81,939.9,0.0,7.4,2025-07-04 21:00:00
28.9,82,940.8,0.0,7.1,2025-07-04 22:00:00
28.4,83,941.7,0.0,8.1,2025-07-04 23:00:00
28.1,83,942.0,0.1,9.9,2025-07-05 00:00:00
27.9,84,942.1,0.1,11.1,2025-07-05 01:00:00
27.2,85,942.2,0.0,13.4,2025-07-05 02:00:00
26.8,85,942.1,0.0,9.9,2025-07-05 03:00:00
25.7,89,942.6,2.8,9.3,2025-07-05 04:00:00
25.8,92,942.6,0.6,10.4,2025-07-05 05:00:00
25.0,95,943.4,5.6,11.2,2025-07-05 06:00:00
25.5,91,942.8,0.1,7.5,2025-07-05 07:00:00
27.0,85,942.4,0.0,6.6,2025-07-05 08:00:00
28.7,78,942.3,0.0,2.7,2025-07-05 09:00:00
29.8,76,942.1,0.0,6.2,2025-07-05 10:00:00
30.8,74,941.5,0.0,4.9,2025-07-05 11:00:00
32.4,68,940.6,0.0,5.6,2025-07-05 12:00:00
33.3,63,939.7,0.0,6.4,2025-07-05 13:00:00
34.2,60,938.8,0.0,3.1,2025-07-05 14:00:00
34.8,58,938.0,0.0,2.3,2025-07-05 15:00:00
35.0,57,937.6,0.0,1.4,2025-07-05 16:00:00
34.7,59,937.3,0.0,3.1,2025-07-05 17:00:00
33.5,69,937.5,0.0,6.9,2025-07-05 18:00:00
31.9,74,937.6,0.0,9.9,2025-07-05 19:00:00
31.0,78,938.2,0.0,8.8,2025-07-05 20:00:00
30.4,80,939.4,0.0,8.6,2025-07-05 21:00:00
30.0,82,940.3,0.1,9.7,2025-07-05 22:00:00
29.2,86,940.7,0.6,11.5,2025-07-05 23:00:00
27.0,92,940.1,9.6,16.4,2025-07-06 00:00:00
24.9,96,940.6,7.1,14.5,2025-07-06 01:00:00
25.3,91,939.7,0.2,13.5,2025-07-06 02:00:00
25.4,90,940.7,0.1,14.8,2025-07-06 03:00:00
24.3,94,941.8,4.4,14.6,2025-07-06 04:00:00
24.8,91,940.9,0.2,11.9,2025-07-06 05:00:00
25.0,89,940.4,0.2,11.4,2025-07-06 06:00:00
25.6,86,941.5,0.2,11.8,2025-07-06 07:00:00
26.0,85,941.5,0.1,11.6,2025-07-06 08:00:00
26.8,83,941.7,0.1,8.4,2025-07-06 09:00:00
28.1,81,942.0,0.0,8.8,2025-07-06 10:00:00
30.0,72,941.8,0.0,11.2,2025-07-06 11:00:00
31.2,68,941.5,0.0,8.8,2025-07-06 12:00:00
31.9,67,940.8,0.0,5.0,2025-07-06 13:00:00
32.1,66,940.0,0.0,4.8,2025-07-06 14:00:00
32.6,65,939.7,0.0,2.6,2025-07-06 15:00:00
32.3,65,939.0,0.0,4.3,2025-07-06 16:00:00
32.3,65,938.8,0.0,4.3,2025-07-06 17:00:00
30.9,71,939.0,0.0,3.5,2025-07-06 18:00:00
29.8,81,938.9,0.0,1.3,2025-07-06 19:00:00
29.0,83,939.0,0.0,1.6,2025-07-06 20:00:00
28.1,88,939.5,0.0,5.9,2025-07-06 21:00:00
27.8,87,940.3,0.0,7.8,2025-07-06 22:00:00
27.4,88,940.6,0.0,8.5,2025-07-06 23:00:00
27.1,87,940.7,0.0,8.1,2025-07-07 00:00:00
26.6,89,940.6,0.0,7.3,2025-07-07 01:00:00
26.3,89,940.7,0.0,7.7,2025-07-07 02:00:00
26.1,90,940.5,0.0,8.5,2025-07-07 03:00:00
26.0,90,941.0,0.0,9.2,2025-07-07 04:00:00
25.7,90,941.1,0.0,9.7,2025-07-07 05:00:00
26.3,88,941.1,0.0,9.7,2025-07-07 06:00:00
27.4,83,941.7,0.0,9.5,2025-07-07 07:00:00
28.5,77,942.4,0.0,9.4,2025-07-07 08:00:00
29.5,74,942.7,0.0,9.9,2025-07-07 09:00:00
30.7,68,943.2,0.0,11.4,2025-07-07 10:00:00
30.8,68,943.3,0.1,12.9,2025-07-07 11:00:00
31.5,64,942.6,0.1,10.9,2025-07-07 12:00:00
32.2,63,942.3,0.0,7.5,2025-07-07 13:00:00
32.3,63,941.6,0.0,5.8,2025-07-07 14:00:00
29.9,73,941.8,5.1,4.4,2025-07-07 15:00:00
28.5,79,941.1,0.1,1.7,2025-07-07 16:00:00
28.2,82,940.9,0.0,1.1,2025-07-07 17:00:00
28.0,82,940.4,0.0,7.2,2025-07-07 18:00:00
27.7,85,939.9,0.0,2.4,2025-07-07 19:00:00
27.3,89,940.2,0.0,0.7,2025-07-07 20:00:00
27.0,91,940.7,0.0,1.8,2025-07-07 21:00:00
26.9,91,941.2,0.0,2.0,2025-07-07 22:00:00
26.5,93,941.7,0.0,4.0,2025-07-07 23:00:00
26.4,92,941.8,0.0,6.0,2025-07-08 00:00:00
26.4,91,941.5,0.0,5.6,2025-07-08 01:00:00
26.4,90,941.1,0.0,5.0,2025-07-08 02:00:00
26.2,90,940.4,0.0,4.2,2025-07-08 03:00:00
25.9,92,940.6,0.0,5.2,2025-07-08 04:00:00
25.1,94,940.6,0.5,4.1,2025-07-08 05:00:00
25.5,91,941.3,0.1,2.3,2025-07-08 06:00:00
25.3,91,941.9,0.1,6.3,2025-07-08 07:00:00
26.3,88,942.2,0.0,4.6,2025-07-08 08:00:00
27.7,84,942.1,0.0,6.1,2025-07-08 09:00:00
29.6,78,943.1,0.1,7.3,2025-07-08 10:00:00
30.6,74,943.2,0.3,6.7,2025-07-08 11:00:00
30.4,74,942.4,0.2,7.2,2025-07-08 12:00:00
29.2,77,942.1,1.2,5.4,2025-07-08 13:00:00
30.2,73,941.2,0.1,2.2,2025-07-08 14:00:00
30.7,72,940.2,0.0,2.4,2025-07-08 15:00:00
29.3,77,939.8,1.3,9.1,2025-07-08 16:00:00
27.9,82,940.6,0.5,9.4,2025-07-08 17:00:00
30.0,74,939.7,0.0,11.6,2025-07-08 18:00:00
28.9,80,940.2,0.0,10.3,2025-07-08 19:00:00
27.9,84,940.7,0.0,8.8,2025-07-08 20:00:00
27.4,85,941.5,0.0,7.9,2025-07-08 21:00:00
27.1,87,942.1,0.0,6.3,2025-07-08 22:00:00
26.8,88,942.3,0.0,5.1,2025-07-08 23:00:00
26.5,89,942.2,0.0,6.2,2025-07-09 00:00:00
24.5,93,942.9,5.7,9.7,2025-07-09 01:00:00
23.9,92,942.1,2.2,11.8,2025-07-09 02:00:00
23.4,93,941.7,2.8,10.0,2025-07-09 03:00:00
23.9,90,941.9,0.2,4.0,2025-07-09 04:00:00
23.9,94,942.1,0.4,1.7,2025-07-09 05:00:00
24.4,96,941.5,0.7,6.8,2025-07-09 06:00:00
24.7,94,941.8,0.4,4.7,2025-07-09 07:00:00
25.6,90,942.4,0.2,4.5,2025-07-09 08:00:00
26.7,83,942.8,0.1,6.9,2025-07-09 09:00:00
28.5,74,943.2,0.0,9.1,2025-07-09 10:00:00
29.0,74,943.1,0.1,8.5,2025-07-09 11:00:00
30.2,71,942.7,0.1,6.5,2025-07-09 12:00:00
30.0,72,942.1,0.1,7.3,2025-07-09 13:00:00
30.9,70,941.2,0.1,6.3,2025-07-09 14:00:00
31.1,66,940.8,1.6,9.7,2025-07-09 15:00:00
29.2,75,940.2,3.1,7.7,2025-07-09 16:00:00
29.4,75,939.8,0.0,8.1,2025-07-09 17:00:00
28.7,77,940.8,0.0,8.1,2025-07-09 18:00:00
28.1,80,941.5,0.0,6.5,2025-07-09 19:00:00
27.5,82,942.2,0.0,8.7,2025-07-09 20:00:00
26.9,83,943.0,0.0,10.8,2025-07-09 21:00:00
26.4,86,943.3,0.0,10.6,2025-07-09 22:00:00
25.3,87,944.3,2.6,0.6,2025-07-09 23:00:00
24.1,93,944.5,0.2,5.4,2025-07-10 00:00:00
23.3,97,944.1,0.4,6.5,2025-07-10 01:00:00
22.8,98,944.1,1.0,4.4,2025-07-10 02:00:00
22.6,97,943.9,0.1,5.9,2025-07-10 03:00:00
22.4,98,944.0,0.5,3.8,2025-07-10 04:00:00
22.3,97,944.0,1.3,9.5,2025-07-10 05:00:00
24.0,96,943.5,0.1,8.1,2025-07-10 06:00:00
24.3,96,944.0,0.2,10.7,2025-07-10 07:00:00
24.9,92,944.3,0.2,11.2,2025-07-10 08:00:00
25.9,87,944.7,0.1,11.8,2025-07-10 09:00:00
27.3,82,945.1,0.2,9.9,2025-07-10 10:00:00
28.6,74,945.1,0.2,13.8,2025-07-10 11:00:00
26.4,81,945.3,5.0,5.2,2025-07-10 12:00:00
26.5,81,944.5,0.5,8.0,2025-07-10 13:00:00
27.4,76,944.1,0.8,6.0,2025-07-10 14:00:00
27.4,79,943.2,0.1,9.0,2025-07-10 15:00:00
28.1,78,942.5,0.0,8.3,2025-07-10 16:00:00
28.4,76,942.1,0.2,4.7,2025-07-10 17:00:00
27.4,77,943.8,0.1,7.3,2025-07-10 18:00:00
27.0,80,943.8,0.0,8.2,2025-07-10 19:00:00
26.4,82,944.2,0.0,7.9,2025-07-10 20:00:00
26.0,83,944.8,0.0,7.3,2025-07-10 21:00:00
25.5,86,945.3,0.0,5.4,2025-07-10 22:00:00
25.1,89,945.5,0.0,2.9,2025-07-10 23:00:00
25.2,89,945.5,0.0,2.1,2025-07-11 00:00:00
25.1,89,945.1,0.0,0.8,2025-07-11 01:00:00
24.7,91,944.4,0.0,2.4,2025-07-11 02:00:00
24.7,89,944.4,0.0,2.9,2025-07-11 03:00:00
23.8,90,945.4,0.8,5.6,2025-07-11 04:00:00
23.2,92,945.2,0.2,6.9,2025-07-11 05:00:00
24.6,88,945.0,0.0,4.6,2025-07-11 06:00:00
25.7,85,945.4,0.0,2.9,2025-07-11 07:00:00
26.9,77,946.0,0.0,2.0,2025-07-11 08:00:00
28.1,72,946.1,0.0,4.2,2025-07-11 09:00:00
29.1,67,946.0,0.0,5.2,2025-07-11 10:00:00
30.0,64,945.8,0.1,5.8,2025-07-11 11:00:00
30.8,61,945.1,0.0,5.3,2025-07-11 12:00:00
31.4,58,944.3,0.0,5.2,2025-07-11 13:00:00
32.0,56,943.4,0.0,3.5,2025-07-11 14:00:00
31.9,58,942.8,0.0,4.7,2025-07-11 15:00:00
31.6,58,942.0,0.0,4.9,2025-07-11 16:00:00
30.9,62,942.0,0.0,5.5,2025-07-11 17:00:00
25.6,84,942.6,1.4,6.0,2025-07-11 18:00:00
25.1,88,943.1,0.4,7.9,2025-07-11 19:00:00
25.2,87,943.4,0.0,6.5,2025-07-11 20:00:00
25.6,84,944.1,0.0,6.7,2025-07-11 21:00:00
25.7,83,945.0,0.0,5.3,2025-07-11 22:00:00
25.5,82,945.3,0.0,5.2,2025-07-11 23:00:00
25.0,82,945.4,0.7,4.9,2025-07-12 00:00:00
24.2,87,945.1,1.6,9.6,2025-07-12 01:00:00
23.6,88,944.9,0.0,7.4,2025-07-12 02:00:00
22.3,90,945.3,1.0,10.3,2025-07-12 03:00:00
22.2,89,945.0,0.2,5.8,2025-07-12 04:00:00
22.1,91,944.7,0.1,4.4,2025-07-12 05:00:00
23.3,90,945.2,0.1,7.0,2025-07-12 06:00:00
25.0,85,945.6,0.0,1.4,2025-07-12 07:00:00
26.8,74,945.8,0.0,2.9,2025-07-12 08:00:00
28.7,67,945.9,0.0,2.8,2025-07-12 09:00:00
30.2,61,946.0,0.0,3.9,2025-07-12 10:00:00
31.0,60,945.9,0.0,5.2,2025-07-12 11:00:00
31.7,59,945.2,0.0,5.4,2025-07-12 12:00:00
32.4,56,944.8,0.0,4.0,2025-07-12 13:00:00
33.2,54,944.2,0.0,2.2,2025-07-12 14:00:00
33.4,54,943.6,0.0,2.7,2025-07-12 15:00:00
33.1,54,943.0,0.0,5.2,2025-07-12 16:00:00
32.6,55,942.7,0.0,7.4,2025-07-12 17:00:00
32.1,63,943.3,0.0,5.5,2025-07-12 18:00:00
30.4,71,943.2,0.0,4.3,2025-07-12 19:00:00
29.0,74,943.7,0.0,7.0,2025-07-12 20:00:00
28.2,75,944.6,0.0,5.9,2025-07-12 21:00:00
27.2,77,944.9,0.0,7.1,2025-07-12 22:00:00
26.8,77,945.0,0.0,5.4,2025-07-12 23:00:00
26.3,80,944.7,0.0,4.1,2025-07-13 00:00:00
25.9,82,944.5,0.0,2.4,2025-07-13 01:00:00
25.7,82,944.2,0.0,2.9,2025-07-13 02:00:00
25.7,80,943.9,0.0,4.3,2025-07-13 03:00:00
25.3,81,944.2,0.0,4.4,2025-07-13 04:00:00
25.0,82,944.5,0.0,4.0,2025-07-13 05:00:00
26.9,78,944.3,0.0,4.2,2025-07-13 06:00:00
27.9,77,944.8,0.0,4.1,2025-07-13 07:00:00
29.3,72,945.4,0.0,4.6,2025-07-13 08:00:00
30.4,70,945.7,0.0,5.7,2025-07-13 09:00:00
31.4,65,945.9,0.1,5.0,2025-07-13 10:00:00
32.4,61,946.0,0.1,5.6,2025-07-13 11:00:00
32.7,61,945.8,0.0,6.6,2025-07-13 12:00:00
32.2,62,945.1,0.0,10.1,2025-07-13 13:00:00
29.9,71,945.1,2.4,6.1,2025-07-13 14:00:00
30.5,67,944.6,0.0,4.2,2025-07-13 15:00:00
30.7,68,944.1,0.0,5.5,2025-07-13 16:00:00
27.2,79,945.0,4.8,10.2,2025-07-13 17:00:00
26.3,81,943.3,0.0,10.6,2025-07-13 18:00:00
26.8,82,943.2,0.0,5.4,2025-07-13 19:00:00
26.8,84,943.5,0.0,2.5,2025-07-13 20:00:00
26.6,83,944.0,0.0,4.3,2025-07-13 21:00:00
26.0,87,944.5,0.0,4.0,2025-07-13 22:00:00
25.8,87,944.7,0.0,4.1,2025-07-13 23:00:00
25.5,85,944.5,0.0,4.7,2025-07-14 00:00:00
25.3,82,944.2,0.0,5.0,2025-07-14 01:00:00
25.0,81,943.9,0.0,4.8,2025-07-14 02:00:00
24.9,81,943.7,0.0,3.8,2025-07-14 03:00:00
24.8,80,943.2,0.0,5.0,2025-07-14 04:00:00
24.4,82,943.2,0.0,3.9,2025-07-14 05:00:00
23.2,89,944.7,0.3,5.9,2025-07-14 06:00:00
24.0,89,944.4,0.9,0.3,2025-07-14 07:00:00
24.9,84,945.3,0.1,2.0,2025-07-14 08:00:00
26.6,76,945.2,0.0,4.2,2025-07-14 09:00:00
28.5,69,945.0,0.0,6.0,2025-07-14 10:00:00
29.3,67,945.0,0.0,3.0,2025-07-14 11:00:00
29.5,67,944.5,0.0,1.8,2025-07-14 12:00:00
30.7,64,944.0,0.0,3.1,2025-07-14 13:00:00
30.7,63,943.7,0.0,5.0,2025-07-14 14:00:00
31.1,61,943.5,0.0,4.8,2025-07-14 15:00:00
31.2,59,942.7,0.0,2.7,2025-07-14 16:00:00
31.2,59,942.6,0.0,2.0,2025-07-14 17:00:00
28.3,71,944.2,0.0,7.8,2025-07-14 18:00:00
27.3,77,944.0,0.0,5.1,2025-07-14 19:00:00
27.1,82,943.9,0.0,1.4,2025-07-14 20:00:00
26.7,82,943.8,0.0,2.7,2025-07-14 21:00:00
26.4,83,944.0,0.0,6.1,2025-07-14 22:00:00
26.2,84,943.6,0.0,6.1,2025-07-14 23:00:00
26.0,84,944.0,0.0,4.7,2025-07-15 00:00:00
25.9,82,943.6,0.0,6.0,2025-07-15 01:00:00
25.8,82,943.0,0.0,5.4,2025-07-15 02:00:00
25.6,83,942.6,0.0,7.3,2025-07-15 03:00:00
25.5,84,942.4,0.0,7.4,2025-07-15 04:00:00
25.3,85,942.4,0.0,6.0,2025-07-15 05:00:00
25.3,89,942.8,0.0,5.5,2025-07-15 06:00:00
26.4,84,943.5,0.0,4.2,2025-07-15 07:00:00
27.0,77,943.9,0.0,4.2,2025-07-15 08:00:00
27.2,74,944.1,0.0,2.8,2025-07-15 09:00:00
27.8,72,944.3,0.0,1.3,2025-07-15 10:00:00
29.0,70,944.4,0.0,6.1,2025-07-15 11:00:00
28.1,75,944.6,0.6,13.4,2025-07-15 12:00:00
27.3,82,944.2,1.5,11.1,2025-07-15 13:00:00
25.8,89,943.4,0.7,7.9,2025-07-15 14:00:00
25.9,87,942.4,0.2,7.5,2025-07-15 15:00:00
28.5,75,941.4,0.0,4.9,2025-07-15 16:00:00
29.1,75,940.7,0.0,8.4,2025-07-15 17:00:00
27.7,76,942.3,0.0,6.6,2025-07-15 18:00:00
26.9,78,942.2,0.0,6.3,2025-07-15 19:00:00
26.3,79,942.1,0.0,9.4,2025-07-15 20:00:00
25.7,82,943.1,0.0,11.5,2025-07-15 21:00:00
25.4,81,942.9,0.0,12.0,2025-07-15 22:00:00
25.4,80,942.9,0.0,11.5,2025-07-15 23:00:00
25.4,79,942.5,0.0,12.1,2025-07-16 00:00:00
25.3,80,942.2,0.0,8.6,2025-07-16 01:00:00
25.0,83,942.3,0.0,6.5,2025-07-16 02:00:00
25.1,82,942.0,0.0,6.0,2025-07-16 03:00:00
25.0,84,942.3,0.0,4.6,2025-07-16 04:00:00
24.7,82,942.6,0.0,6.4,2025-07-16 05:00:00
24.6,87,943.2,0.1,7.8,2025-07-16 06:00:00
24.3,91,943.3,1.4,3.5,2025-07-16 07:00:00
24.6,92,943.5,3.2,6.9,2025-07-16 08:00:00
26.0,87,943.5,0.1,5.4,2025-07-16 09:00:00
26.2,89,943.5,1.1,6.1,2025-07-16 10:00:00
26.0,85,943.4,4.4,9.0,2025-07-16 11:00:00
24.6,91,943.4,6.5,7.9,2025-07-16 12:00:00
25.6,86,942.5,3.5,10.3,2025-07-16 13:00:00
25.3,88,942.0,4.6,10.3,2025-07-16 14:00:00
25.6,87,941.3,4.2,9.2,2025-07-16 15:00:00
26.4,78,941.1,0.4,10.2,2025-07-16 16:00:00
26.4,79,941.1,0.0,4.9,2025-07-16 17:00:00
27.6,72,942.2,0.0,6.2,2025-07-16 18:00:00
26.1,77,942.6,0.4,3.4,2025-07-16 19:00:00
24.3,90,942.8,5.3,8.8,2025-07-16 20:00:00
23.6,89,943.6,6.8,14.7,2025-07-16 21:00:00
23.7,89,943.5,8.7,13.2,2025-07-16 22:00:00
23.8,88,943.2,4.3,12.2,2025-07-16 23:00:00
23.6,88,943.1,2.4,13.6,2025-07-17 00:00:00
23.8,88,942.7,1.3,13.6,2025-07-17 01:00:00
23.8,89,942.9,1.1,8.1,2025-07-17 02:00:00
23.4,90,943.1,3.9,11.9,2025-07-17 03:00:00
23.5,90,943.2,5.8,13.6,2025-07-17 04:00:00
23.6,89,943.1,2.4,10.2,2025-07-17 05:00:00
23.6,91,944.2,8.4,11.3,2025-07-17 06:00:00
23.4,91,944.8,15.2,13.3,2025-07-17 07:00:00
23.2,90,945.4,11.2,14.6,2025-07-17 08:00:00
23.5,90,946.0,2.3,11.3,2025-07-17 09:00:00
23.8,91,946.3,1.9,10.5,2025-07-17 10:00:00
25.3,85,946.3,1.9,10.4,2025-07-17 11:00:00
27.7,74,946.0,0.1,10.3,2025-07-17 12:00:00
28.5,70,945.4,0.5,12.1,2025-07-17 13:00:00
27.2,84,945.0,8.6,10.8,2025-07-17 14:00:00
28.9,77,945.2,0.1,11.7,2025-07-17 15:00:00
26.7,83,945.1,0.5,16.7,2025-07-17 16:00:00
26.7,84,944.4,0.1,8.2,2025-07-17 17:00:00
27.3,85,945.4,0.2,5.7,2025-07-17 18:00:00
26.0,91,945.2,0.2,9.7,2025-07-17 19:00:00
25.5,90,945.5,0.1,10.7,2025-07-17 20:00:00
25.6,89,946.1,0.0,8.1,2025-07-17 21:00:00
25.5,88,946.3,0.0,6.8,2025-07-17 22:00:00
25.3,88,946.6,0.0,4.3,2025-07-17 23:00:00
25.3,87,946.4,0.0,4.0,2025-07-18 00:00:00
25.3,87,945.9,0.0,4.6,2025-07-18 01:00:00
25.2,87,945.8,0.0,4.3,2025-07-18 02:00:00
24.9,88,945.3,0.0,2.5,2025-07-18 03:00:00
24.5,90,945.6,0.0,7.4,2025-07-18 04:00:00
24.2,92,945.3,0.1,6.5,2025-07-18 05:00:00
25.3,87,946.0,0.0,5.6,2025-07-18 06:00:00
25.5,88,946.4,0.0,4.0,2025-07-18 07:00:00
27.1,83,946.8,0.0,1.8,2025-07-18 08:00:00
28.5,75,947.3,0.0,4.9,2025-07-18 09:00:00
29.6,69,947.5,0.0,5.6,2025-07-18 10:00:00
30.4,65,947.4,0.0,6.1,2025-07-18 11:00:00
31.1,62,946.9,0.1,8.5,2025-07-18 12:00:00
31.9,58,946.1,0.0,8.7,2025-07-18 13:00:00
32.0,57,945.6,0.0,8.7,2025-07-18 14:00:00
31.9,57,944.6,0.1,8.8,2025-07-18 15:00:00
31.6,59,943.9,0.0,8.8,2025-07-18 16:00:00
31.0,63,943.5,0.0,10.3,2025-07-18 17:00:00
29.2,73,944.5,0.0,8.5,2025-07-18 18:00:00
28.2,77,944.2,0.0,7.9,2025-07-18 19:00:00
27.6,79,944.1,0.0,5.5,2025-07-18 20:00:00
27.3,81,944.2,0.0,3.0,2025-07-18 21:00:00
27.5,79,944.3,0.0,0.4,2025-07-18 22:00:00
26.8,81,944.0,0.0,2.9,2025-07-18 23:00:00
25.9,86,943.4,0.0,2.6,2025-07-19 00:00:00
25.5,88,943.0,0.0,1.8,2025-07-19 01:00:00
25.1,91,942.3,0.0,1.7,2025-07-19 02:00:00
25.0,91,942.4,0.0,1.2,2025-07-19 03:00:00
25.0,90,942.4,0.0,2.7,2025-07-19 04:00:00
25.1,88,942.6,0.0,3.9,2025-07-19 05:00:00
25.8,89,942.8,0.0,3.6,2025-07-19 06:00:00
27.4,82,943.5,0.0,0.4,2025-07-19 07:00:00
28.9,76,944.0,0.0,0.6,2025-07-19 08:00:00
30.1,72,944.1,0.0,1.9,2025-07-19 09:00:00
31.1,70,943.9,0.0,2.4,2025-07-19 10:00:00
32.0,65,943.6,0.0,2.7,2025-07-19 11:00:00
32.9,60,942.8,0.0,3.4,2025-07-19 12:00:00
33.3,58,941.7,0.0,3.4,2025-07-19 13:00:00
33.7,57,941.0,0.0,3.1,2025-07-19 14:00:00
33.8,57,940.3,0.0,2.4,2025-07-19 15:00:00
33.8,56,939.7,0.0,3.7,2025-07-19 16:00:00
33.3,58,939.2,0.0,4.5,2025-07-19 17:00:00
32.4,68,940.0,0.0,5.7,2025-07-19 18:00:00
30.8,77,939.7,0.0,4.6,2025-07-19 19:00:00
30.3,77,939.9,0.0,2.4,2025-07-19 20:00:00
29.6,78,940.4,0.0,3.6,2025-07-19 21:00:00
28.4,82,940.9,0.0,4.7,2025-07-19 22:00:00
27.5,87,941.1,0.0,6.2,2025-07-19 23:00:00
27.1,88,941.2,0.0,8.0,2025-07-20 00:00:00
27.1,86,941.3,0.0,7.4,2025-07-20 01:00:00
26.9,86,941.2,0.0,7.4,2025-07-20 02:00:00
26.8,86,941.0,0.0,7.3,2025-07-20 03:00:00
26.7,85,941.3,0.1,6.1,2025-07-20 04:00:00
26.6,86,941.6,0.4,5.6,2025-07-20 05:00:00
26.4,90,941.4,0.0,6.2,2025-07-20 06:00:00
26.5,90,941.9,0.0,8.8,2025-07-20 07:00:00
27.6,83,942.3,0.0,8.2,2025-07-20 08:00:00
29.0,77,942.1,0.0,6.1,2025-07-20 09:00:00
30.3,74,942.0,0.0,4.2,2025-07-20 10:00:00
31.5,69,941.5,0.1,4.4,2025-07-20 11:00:00
32.3,64,941.1,0.4,5.0,2025-07-20 12:00:00
33.2,61,940.2,0.2,5.3,2025-07-20 13:00:00
33.6,60,939.5,0.2,6.2,2025-07-20 14:00:00
33.7,60,939.0,0.0,5.2,2025-07-20 15:00:00
33.7,61,938.3,0.0,5.1,2025-07-20 16:00:00
33.4,61,938.4,0.0,5.2,2025-07-20 17:00:00
32.6,68,939.5,0.0,8.0,2025-07-20 18:00:00
30.2,77,939.8,0.0,10.9,2025-07-20 19:00:00
29.5,81,940.3,0.0,7.6,2025-07-20 20:00:00
29.3,81,941.2,0.0,8.9,2025-07-20 21:00:00
28.6,83,942.0,0.0,10.7,2025-07-20 22:00:00
27.7,83,942.4,0.0,11.0,2025-07-20 23:00:00
26.2,87,942.5,0.0,10.5,2025-07-21 00:00:00
25.8,88,942.3,0.5,11.3,2025-07-21 01:00:00
25.1,92,942.2,2.4,5.9,2025-07-21 02:00:00
25.1,92,942.0,0.3,8.6,2025-07-21 03:00:00
25.1,94,942.0,0.1,7.5,2025-07-21 04:00:00
25.3,94,942.0,0.1,5.0,2025-07-21 05:00:00
25.2,96,941.6,1.4,4.7,2025-07-21 06:00:00
24.5,97,942.3,5.8,6.2,2025-07-21 07:00:00
25.6,90,943.1,1.9,5.2,2025-07-21 08:00:00
26.3,88,943.1,0.3,5.9,2025-07-21 09:00:00
27.3,87,943.3,0.7,5.6,2025-07-21 10:00:00
29.2,80,943.3,0.0,2.9,2025-07-21 11:00:00
30.8,76,942.9,0.0,6.7,2025-07-21 12:00:00
31.4,75,942.3,0.1,7.4,2025-07-21 13:00:00
31.8,73,941.6,0.0,4.9,2025-07-21 14:00:00
30.4,74,941.8,4.7,7.4,2025-07-21 15:00:00
27.2,88,941.7,6.6,7.9,2025-07-21 16:00:00
28.1,85,941.6,0.0,10.6,2025-07-21 17:00:00
28.0,86,942.3,0.1,10.1,2025-07-21 18:00:00
27.9,86,942.8,0.0,13.0,2025-07-21 19:00:00
26.6,89,943.5,0.2,14.1,2025-07-21 20:00:00
25.8,91,943.5,0.1,12.8,2025-07-21 21:00:00
25.5,90,944.2,0.5,10.3,2025-07-21 22:00:00
24.7,96,944.2,1.7,12.2,2025-07-21 23:00:00
24.4,96,943.6,6.8,10.4,2025-07-22 00:00:00
24.3,96,943.7,1.3,9.4,2025-07-22 01:00:00
24.3,96,943.3,1.0,10.1,2025-07-22 02:00:00
24.2,95,943.1,1.1,9.9,2025-07-22 03:00:00
24.3,95,942.8,0.1,9.8,2025-07-22 04:00:00
24.4,95,943.1,0.2,9.4,2025-07-22 05:00:00
24.2,97,942.5,0.1,9.0,2025-07-22 06:00:00
24.2,98,942.8,1.2,8.8,2025-07-22 07:00:00
24.3,98,943.3,1.9,9.2,2025-07-22 08:00:00
24.2,97,943.3,5.6,12.6,2025-07-22 09:00:00
26.0,88,943.9,1.2,12.3,2025-07-22 10:00:00
26.1,88,943.6,1.0,12.0,2025-07-22 11:00:00
26.7,84,943.0,0.6,13.9,2025-07-22 12:00:00
28.9,75,942.4,0.1,11.8,2025-07-22 13:00:00
29.1,73,941.4,0.1,12.1,2025-07-22 14:00:00
30.3,69,940.5,0.0,11.5,2025-07-22 15:00:00
29.9,70,940.0,0.0,11.8,2025-07-22 16:00:00
29.8,72,939.5,0.0,8.5,2025-07-22 17:00:00
27.6,77,940.4,0.0,11.2,2025-07-22 18:00:00
26.9,81,940.2,0.0,9.5,2025-07-22 19:00:00
26.1,84,940.3,0.0,6.6,2025-07-22 20:00:00
25.7,86,940.4,0.0,4.8,2025-07-22 21:00:00
25.1,91,940.7,0.0,3.1,2025-07-22 22:00:00
24.6,92,940.9,0.0,6.3,2025-07-22 23:00:00
24.4,93,940.6,0.2,6.7,2025-07-23 00:00:00
23.2,98,940.9,12.4,8.6,2025-07-23 01:00:00
22.9,97,939.7,7.1,8.0,2025-07-23 02:00:00
22.8,95,939.4,3.5,11.3,2025-07-23 03:00:00
22.7,98,939.7,1.1,7.8,2025-07-23 04:00:00
22.7,98,940.4,7.3,7.7,2025-07-23 05:00:00
24.0,97,939.5,1.8,8.5,2025-07-23 06:00:00
23.9,96,939.9,3.1,8.9,2025-07-23 07:00:00
24.0,96,939.9,2.0,8.6,2025-07-23 08:00:00
24.5,94,940.4,1.5,8.7,2025-07-23 09:00:00
26.1,83,941.0,0.4,11.3,2025-07-23 10:00:00
26.7,79,940.6,0.1,11.2,2025-07-23 11:00:00
28.0,74,940.0,0.1,12.2,2025-07-23 12:00:00
29.1,71,938.9,0.0,9.2,2025-07-23 13:00:00
30.1,68,938.2,0.0,7.1,2025-07-23 14:00:00
30.5,68,937.7,0.0,6.6,2025-07-23 15:00:00
30.5,69,937.1,0.0,5.2,2025-07-23 16:00:00
30.3,69,936.9,0.1,5.6,2025-07-23 17:00:00
26.1,89,938.5,0.5,6.1,2025-07-23 18:00:00
25.1,95,938.2,0.8,4.6,2025-07-23 19:00:00
24.6,94,938.4,0.1,4.3,2025-07-23 20:00:00
24.4,94,938.6,0.0,2.9,2025-07-23 21:00:00
24.2,94,938.7,0.0,3.2,2025-07-23 22:00:00
24.4,92,939.0,0.0,4.3,2025-07-23 23:00:00
24.6,90,939.0,0.0,0.9,2025-07-24 00:00:00
24.6,89,938.9,0.0,0.4,2025-07-24 01:00:00
24.2,89,938.7,0.0,1.7,2025-07-24 02:00:00
24.4,87,938.7,0.0,0.9,2025-07-24 03:00:00
24.1,90,938.7,0.0,3.1,2025-07-24 04:00:00
23.7,95,939.0,0.0,5.7,2025-07-24 05:00:00
24.4,95,939.1,0.0,6.6,2025-07-24 06:00:00
25.3,91,939.6,0.0,3.8,2025-07-24 07:00:00
26.3,87,940.1,0.0,2.1,2025-07-24 08:00:00
27.7,78,940.6,0.1,6.0,2025-07-24 09:00:00
29.1,69,940.6,0.0,8.1,2025-07-24 10:00:00
29.8,67,940.6,0.0,6.9,2025-07-24 11:00:00
30.6,65,939.8,0.0,4.5,2025-07-24 12:00:00
31.3,64,939.1,0.0,4.3,2025-07-24 13:00:00
31.5,64,938.3,0.0,5.0,2025-07-24 14:00:00
31.7,62,937.6,0.0,7.5,2025-07-24 15:00:00
31.4,63,937.1,0.0,7.2,2025-07-24 16:00:00
31.1,65,936.5,0.0,6.3,2025-07-24 17:00:00
28.7,76,938.0,0.0,4.3,2025-07-24 18:00:00
27.6,82,938.0,0.0,4.1,2025-07-24 19:00:00
26.8,86,937.9,0.0,3.3,2025-07-24 20:00:00
26.4,87,938.5,0.0,2.8,2025-07-24 21:00:00
26.0,89,938.9,0.0,1.1,2025-07-24 22:00:00
25.6,90,939.3,0.0,0.7,2025-07-24 23:00:00
25.2,92,939.4,0.0,0.6,2025-07-25 00:00:00
24.9,93,939.3,0.0,1.8,2025-07-25 01:00:00
24.7,94,938.8,0.0,3.7,2025-07-25 02:00:00
24.5,94,938.2,0.0,4.2,2025-07-25 03:00:00
24.3,93,938.1,0.0,3.8,2025-07-25 04:00:00
24.1,93,938.1,0.0,2.6,2025-07-25 05:00:00
25.5,91,938.4,0.0,3.8,2025-07-25 06:00:00
27.2,86,938.9,0.0,3.2,2025-07-25 07:00:00
28.7,78,939.7,0.0,1.7,2025-07-25 08:00:00
29.9,75,940.0,0.0,2.6,2025-07-25 09:00:00
30.9,71,940.2,0.1,3.8,2025-07-25 10:00:00
31.5,70,940.1,0.0,4.9,2025-07-25 11:00:00
32.2,64,939.8,0.0,5.1,2025-07-25 12:00:00
32.9,58,939.3,0.0,6.0,2025-07-25 13:00:00
33.4,55,938.5,0.0,6.6,2025-07-25 14:00:00
32.9,57,937.9,0.0,7.6,2025-07-25 15:00:00
32.7,57,937.5,0.0,7.2,2025-07-25 16:00:00
32.1,60,936.9,0.0,6.2,2025-07-25 17:00:00
30.2,71,937.6,0.0,6.9,2025-07-25 18:00:00
29.0,76,937.5,0.0,3.5,2025-07-25 19:00:00
28.6,76,937.7,0.0,3.1,2025-07-25 20:00:00
28.3,78,938.2,0.0,2.5,2025-07-25 21:00:00
28.2,76,939.0,0.0,0.9,2025-07-25 22:00:00
27.6,78,939.7,0.0,2.4,2025-07-25 23:00:00
26.7,81,940.1,0.0,5.0,2025-07-26 00:00:00
26.1,84,939.8,0.0,5.5,2025-07-26 01:00:00
26.0,82,939.9,0.0,5.0,2025-07-26 02:00:00
25.9,82,939.9,0.0,4.2,2025-07-26 03:00:00
25.9,81,940.1,0.0,4.0,2025-07-26 04:00:00
25.7,83,940.2,0.0,3.5,2025-07-26 05:00:00
27.0,80,940.3,0.0,4.0,2025-07-26 06:00:00
28.1,78,940.7,0.0,4.5,2025-07-26 07:00:00
29.6,73,941.6,0.0,3.6,2025-07-26 08:00:00
30.8,69,942.0,0.0,4.2,2025-07-26 09:00:00
31.8,66,941.9,0.0,3.3,2025-07-26 10:00:00
32.3,65,941.8,0.0,1.7,2025-07-26 11:00:00
33.1,62,941.3,0.0,3.0,2025-07-26 12:00:00
33.2,61,940.7,0.0,2.0,2025-07-26 13:00:00
33.8,59,939.9,0.0,0.9,2025-07-26 14:00:00
33.7,59,939.1,0.0,2.0,2025-07-26 15:00:00
33.9,58,938.5,0.0,2.2,2025-07-26 16:00:00
33.5,60,938.2,0.0,5.1,2025-07-26 17:00:00
32.0,67,939.0,0.0,7.6,2025-07-26 18:00:00
30.2,75,939.0,0.0,6.8,2025-07-26 19:00:00
29.2,78,939.4,0.0,4.7,2025-07-26 20:00:00
28.7,80,940.1,0.0,4.1,2025-07-26 21:00:00
28.3,81,940.5,0.0,4.3,2025-07-26 22:00:00
27.8,83,940.6,0.0,4.8,2025-07-26 23:00:00
27.5,83,940.6,0.0,5.1,2025-07-27 00:00:00
27.2,84,940.2,0.0,4.4,2025-07-27 01:00:00
26.7,86,940.1,0.0,3.7,2025-07-27 02:00:00
26.5,86,940.0,0.0,4.2,2025-07-27 03:00:00
26.2,87,940.1,0.0,4.7,2025-07-27 04:00:00
25.9,89,940.7,0.0,4.5,2025-07-27 05:00:00
27.1,88,940.3,0.0,4.0,2025-07-27 06:00:00
28.2,85,940.9,0.0,2.6,2025-07-27 07:00:00
29.6,78,941.5,0.0,2.0,2025-07-27 08:00:00
30.6,75,941.5,0.0,3.5,2025-07-27 09:00:00
31.5,72,941.4,0.1,1.8,2025-07-27 10:00:00
32.2,70,941.1,0.0,3.5,2025-07-27 11:00:00
33.0,67,940.6,0.0,4.1,2025-07-27 12:00:00
33.6,64,939.8,0.0,4.3,2025-07-27 13:00:00
34.3,59,939.0,0.0,4.0,2025-07-27 14:00:00
34.6,56,938.5,0.0,4.4,2025-07-27 15:00:00
34.2,57,937.8,0.0,5.5,2025-07-27 16:00:00
33.8,60,937.4,0.0,5.2,2025-07-27 17:00:00
32.9,72,938.0,0.0,3.1,2025-07-27 18:00:00
31.3,80,938.0,0.0,3.4,2025-07-27 19:00:00
30.4,80,938.5,0.0,4.9,2025-07-27 20:00:00
29.7,82,939.2,0.0,3.8,2025-07-27 21:00:00
29.2,82,939.7,0.0,4.2,2025-07-27 22:00:00
28.3,84,939.6,0.0,7.5,2025-07-27 23:00:00
28.0,83,939.7,0.0,6.3,2025-07-28 00:00:00
27.5,85,939.5,0.2,6.4,2025-07-28 01:00:00
27.3,85,939.6,0.2,4.2,2025-07-28 02:00:00
26.9,89,939.4,0.0,6.7,2025-07-28 03:00:00
26.3,91,939.1,0.0,5.2,2025-07-28 04:00:00
25.7,94,939.1,0.0,3.8,2025-07-28 05:00:00
25.8,88,939.2,0.0,6.7,2025-07-28 06:00:00
26.7,85,940.0,0.0,4.6,2025-07-28 07:00:00
28.2,81,940.3,0.0,4.5,2025-07-28 08:00:00
29.6,78,940.8,0.0,4.6,2025-07-28 09:00:00
30.8,76,940.8,0.0,5.6,2025-07-28 10:00:00
31.6,74,940.5,0.0,5.9,2025-07-28 11:00:00
32.3,72,940.2,0.0,3.2,2025-07-28 12:00:00
33.3,65,939.6,0.0,3.1,2025-07-28 13:00:00
33.9,62,938.9,0.0,3.7,2025-07-28 14:00:00
34.1,60,938.0,0.0,4.7,2025-07-28 15:00:00
34.2,60,937.6,0.0,5.0,2025-07-28 16:00:00
34.0,61,937.2,0.0,2.5,2025-07-28 17:00:00
33.2,68,937.7,0.0,1.1,2025-07-28 18:00:00
29.7,82,938.3,0.6,3.4,2025-07-28 19:00:00
28.1,92,938.8,0.0,10.1,2025-07-28 20:00:00
27.3,92,939.3,0.0,6.9,2025-07-28 21:00:00
27.2,91,939.4,0.0,6.7,2025-07-28 22:00:00
27.1,91,939.8,0.0,7.1,2025-07-28 23:00:00
27.1,90,939.7,0.0,6.6,2025-07-29 00:00:00
26.8,90,939.4,0.7,3.4,2025-07-29 01:00:00
25.1,97,939.8,0.0,9.9,2025-07-29 02:00:00
24.5,96,939.9,2.5,7.9,2025-07-29 03:00:00
24.4,94,939.5,2.5,3.5,2025-07-29 04:00:00
24.3,96,939.3,0.1,7.6,2025-07-29 05:00:00
25.1,92,939.1,0.3,11.2,2025-07-29 06:00:00
25.5,88,939.4,0.2,7.9,2025-07-29 07:00:00
26.4,87,939.5,0.1,7.1,2025-07-29 08:00:00
27.7,81,940.1,0.0,6.2,2025-07-29 09:00:00
28.9,78,939.8,0.0,6.3,2025-07-29 10:00:00
30.7,74,939.7,0.0,7.2,2025-07-29 11:00:00
31.1,76,939.3,0.0,7.9,2025-07-29 12:00:00
31.9,73,938.9,0.1,8.7,2025-07-29 13:00:00
32.0,71,938.4,1.0,8.6,2025-07-29 14:00:00
31.7,72,937.9,0.6,11.0,2025-07-29 15:00:00
30.7,75,937.5,0.1,10.5,2025-07-29 16:00:00
30.8,74,937.4,0.0,11.6,2025-07-29 17:00:00
27.5,87,938.7,0.1,12.1,2025-07-29 18:00:00
27.0,90,939.0,0.0,13.2,2025-07-29 19:00:00
26.7,90,939.3,0.0,11.5,2025-07-29 20:00:00
26.9,87,940.1,0.0,9.9,2025-07-29 21:00:00
25.3,92,941.2,1.4,15.4,2025-07-29 22:00:00
23.9,94,941.3,15.9,14.4,2025-07-29 23:00:00
23.4,96,941.9,8.9,13.0,2025-07-30 00:00:00
23.9,91,940.4,3.3,13.1,2025-07-30 01:00:00
23.5,96,941.2,5.9,11.8,2025-07-30 02:00:00
23.3,96,941.0,5.0,15.4,2025-07-30 03:00:00
23.2,96,941.8,8.0,11.9,2025-07-30 04:00:00
23.5,91,940.9,0.5,12.9,2025-07-30 05:00:00
24.1,95,940.7,0.9,8.7,2025-07-30 06:00:00
24.7,93,941.1,0.4,2.9,2025-07-30 07:00:00
26.2,85,941.9,0.1,4.0,2025-07-30 08:00:00
26.9,78,942.5,0.6,11.8,2025-07-30 09:00:00
25.4,87,942.7,0.5,12.7,2025-07-30 10:00:00
27.5,78,942.9,0.1,10.8,2025-07-30 11:00:00
28.3,74,942.4,0.0,11.4,2025-07-30 12:00:00
29.3,71,941.8,0.0,11.8,2025-07-30 13:00:00
30.1,69,941.1,0.0,11.8,2025-07-30 14:00:00
30.2,71,940.6,0.0,13.1,2025-07-30 15:00:00
29.5,71,940.3,0.5,13.8,2025-07-30 16:00:00
28.6,78,939.9,0.2,12.6,2025-07-30 17:00:00
26.9,84,941.7,0.2,13.2,2025-07-30 18:00:00
26.3,89,942.0,0.1,10.5,2025-07-30 19:00:00
26.1,90,942.6,0.0,10.1,2025-07-30 20:00:00
26.0,87,943.2,0.0,8.8,2025-07-30 21:00:00
25.8,86,943.4,0.0,8.9,2025-07-30 22:00:00
25.6,86,943.5,0.0,6.9,2025-07-30 23:00:00
25.3,87,943.3,0.0,6.7,2025-07-31 00:00:00
25.0,87,942.9,0.0,5.1,2025-07-31 01:00:00
24.9,88,942.9,0.0,4.1,2025-07-31 02:00:00
24.3,92,942.3,0.1,5.8,2025-07-31 03:00:00
23.4,95,943.0,1.1,10.8,2025-07-31 04:00:00
23.2,98,942.9,1.1,2.8,2025-07-31 05:00:00
25.2,92,942.1,0.0,5.1,2025-07-31 06:00:00
26.3,89,942.5,0.0,4.4,2025-07-31 07:00:00
26.9,86,943.2,0.0,5.5,2025-07-31 08:00:00
28.3,77,943.6,0.0,3.8,2025-07-31 09:00:00
29.3,73,943.6,0.0,6.5,2025-07-31 10:00:00
30.2,72,943.5,0.0,7.1,2025-07-31 11:00:00
30.4,71,943.0,0.3,7.3,2025-07-31 12:00:00
30.8,70,942.3,0.2,6.0,2025-07-31 13:00:00
31.3,68,941.4,0.1,6.0,2025-07-31 14:00:00
31.2,68,941.0,0.0,7.0,2025-07-31 15:00:00
31.2,66,940.4,0.0,6.5,2025-07-31 16:00:00
30.9,67,940.1,0.0,7.1,2025-07-31 17:00:00
29.6,76,941.3,0.0,8.7,2025-07-31 18:00:00
28.5,81,941.3,0.0,9.3,2025-07-31 19:00:00
27.7,85,942.3,0.0,8.6,2025-07-31 20:00:00
27.1,88,943.1,0.0,7.2,2025-07-31 21:00:00
26.6,88,943.4,0.0,6.9,2025-07-31 22:00:00
26.3,87,943.3,0.0,8.6,2025-07-31 23:00:00
25.9,88,942.9,0.0,7.4,2025-08-01 00:00:00
25.4,88,942.9,0.2,6.0,2025-08-01 01:00:00
24.1,94,943.1,0.7,2.7,2025-08-01 02:00:00
23.9,96,942.5,0.2,6.0,2025-08-01 03:00:00
23.8,95,942.3,0.0,3.2,2025-08-01 04:00:00
24.0,93,942.5,0.0,4.7,2025-08-01 05:00:00
24.1,91,942.0,0.0,4.5,2025-08-01 06:00:00
25.4,88,942.6,0.0,3.7,2025-08-01 07:00:00
26.6,82,942.9,0.0,5.4,2025-08-01 08:00:00
28.0,78,943.3,0.0,4.6,2025-08-01 09:00:00
29.4,72,943.3,0.1,7.1,2025-08-01 10:00:00
30.3,69,943.5,0.1,7.4,2025-08-01 11:00:00
30.9,68,943.5,0.0,10.3,2025-08-01 12:00:00
29.5,75,943.2,0.5,2.3,2025-08-01 13:00:00
29.7,70,942.5,0.7,12.0,2025-08-01 14:00:00
27.5,80,942.0,0.1,13.5,2025-08-01 15:00:00
28.1,78,942.0,0.0,9.6,2025-08-01 16:00:00
28.5,78,941.7,0.0,8.0,2025-08-01 17:00:00
29.1,80,941.8,0.0,9.2,2025-08-01 18:00:00
27.9,83,942.4,0.0,8.3,2025-08-01 19:00:00
27.2,88,942.8,0.0,7.7,2025-08-01 20:00:00
26.6,90,943.4,0.0,9.5,2025-08-01 21:00:00
26.2,90,943.3,0.0,9.0,2025-08-01 22:00:00
26.2,91,943.7,0.0,6.7,2025-08-01 23:00:00
25.5,92,943.6,0.2,4.8,2025-08-02 00:00:00
25.2,94,943.7,0.7,3.1,2025-08-02 01:00:00
24.5,98,942.7,0.3,1.8,2025-08-02 02:00:00
23.0,99,943.4,3.4,7.7,2025-08-02 03:00:00
23.4,94,942.3,0.3,7.3,2025-08-02 04:00:00
23.1,96,942.2,0.0,3.1,2025-08-02 05:00:00
23.4,96,942.4,0.1,2.0,2025-08-02 06:00:00
24.7,89,943.1,0.0,1.4,2025-08-02 07:00:00
26.3,84,943.1,0.0,2.4,2025-08-02 08:00:00
27.9,79,943.6,0.0,4.1,2025-08-02 09:00:00
28.7,77,944.2,0.0,6.9,2025-08-02 10:00:00
29.1,78,944.1,0.0,4.2,2025-08-02 11:00:00
30.5,72,943.8,0.1,6.8,2025-08-02 12:00:00
30.3,71,943.0,0.0,8.5,2025-08-02 13:00:00
29.0,76,942.7,1.8,10.1,2025-08-02 14:00:00
29.4,75,942.2,0.3,5.4,2025-08-02 15:00:00
30.1,74,941.6,0.0,5.8,2025-08-02 16:00:00
30.1,74,941.3,0.0,6.7,2025-08-02 17:00:00
29.3,78,942.4,0.0,6.8,2025-08-02 18:00:00
28.3,82,942.5,0.0,8.0,2025-08-02 19:00:00
27.6,84,943.1,0.0,7.2,2025-08-02 20:00:00
27.3,85,943.8,0.0,5.8,2025-08-02 21:00:00
26.7,89,943.7,0.0,4.0,2025-08-02 22:00:00
26.2,91,943.7,0.0,2.7,2025-08-02 23:00:00
25.9,90,943.7,0.0,2.9,2025-08-03 00:00:00
25.5,92,943.2,0.0,3.1,2025-08-03 01:00:00
25.2,91,942.9,0.0,5.1,2025-08-03 02:00:00
22.8,93,943.7,1.5,12.0,2025-08-03 03:00:00
23.4,92,943.4,0.1,5.8,2025-08-03 04:00:00
23.4,96,943.3,0.0,0.4,2025-08-03 05:00:00
24.2,92,943.6,0.3,7.8,2025-08-03 06:00:00
25.1,90,943.8,0.0,3.5,2025-08-03 07:00:00
26.6,85,944.4,0.0,2.8,2025-08-03 08:00:00
27.9,79,944.8,0.0,2.2,2025-08-03 09:00:00
29.1,76,944.7,0.0,3.4,2025-08-03 10:00:00
30.3,72,944.7,0.0,3.8,2025-08-03 11:00:00
31.1,70,944.4,0.0,4.5,2025-08-03 12:00:00
31.8,67,943.8,0.2,5.2,2025-08-03 13:00:00
31.8,68,943.3,0.2,5.5,2025-08-03 14:00:00
32.1,68,942.8,0.0,4.6,2025-08-03 15:00:00
32.1,68,942.4,0.0,4.9,2025-08-03 16:00:00
31.6,69,942.1,0.0,6.5,2025-08-03 17:00:00
31.6,69,942.5,0.0,6.9,2025-08-03 18:00:00
29.7,76,942.3,0.0,9.5,2025-08-03 19:00:00
28.7,79,943.2,0.0,8.1,2025-08-03 20:00:00
28.0,82,944.0,0.0,6.7,2025-08-03 21:00:00
27.5,83,944.4,0.0,6.5,2025-08-03 22:00:00
27.0,85,944.5,0.0,6.0,2025-08-03 23:00:00
26.6,86,944.7,0.0,6.0,2025-08-04 00:00:00
26.0,88,944.4,0.1,6.4,2025-08-04 01:00:00
25.3,91,944.2,0.2,11.1,2025-08-04 02:00:00
25.2,88,944.2,0.3,10.9,2025-08-04 03:00:00
24.9,88,944.5,1.4,8.6,2025-08-04 04:00:00
24.3,90,944.1,0.9,8.0,2025-08-04 05:00:00
24.8,88,943.7,0.0,5.0,2025-08-04 06:00:00
25.6,87,944.0,0.0,3.1,2025-08-04 07:00:00
27.1,81,944.5,0.0,5.1,2025-08-04 08:00:00
28.8,74,945.1,0.0,5.9,2025-08-04 09:00:00
30.2,71,945.3,0.0,5.6,2025-08-04 10:00:00
31.1,69,945.2,0.0,5.0,2025-08-04 11:00:00
31.9,67,944.8,0.0,5.4,2025-08-04 12:00:00
32.5,66,944.2,0.0,5.2,2025-08-04 13:00:00
32.8,66,943.7,0.0,6.4,2025-08-04 14:00:00
32.9,65,943.0,0.0,8.2,2025-08-04 15:00:00
31.8,68,942.7,1.6,6.7,2025-08-04 16:00:00
31.9,68,942.3,0.0,8.4,2025-08-04 17:00:00
28.8,80,943.1,0.0,8.9,2025-08-04 18:00:00
28.5,83,942.9,0.0,10.8,2025-08-04 19:00:00
28.1,83,943.3,0.0,8.3,2025-08-04 20:00:00
27.6,84,944.1,0.0,6.4,2025-08-04 21:00:00
27.3,86,944.2,0.0,6.0,2025-08-04 22:00:00
27.1,87,944.4,0.0,5.6,2025-08-04 23:00:00
26.8,88,944.5,0.0,6.6,2025-08-05 00:00:00
26.5,87,944.3,0.0,5.8,2025-08-05 01:00:00
26.3,86,944.0,0.2,9.0,2025-08-05 02:00:00
24.9,88,944.0,1.9,10.8,2025-08-05 03:00:00
24.2,89,944.4,1.0,8.3,2025-08-05 04:00:00
24.0,92,944.2,0.2,7.2,2025-08-05 05:00:00
25.6,88,942.9,0.0,4.5,2025-08-05 06:00:00
25.9,89,943.3,0.0,5.4,2025-08-05 07:00:00
27.2,81,943.8,0.0,6.8,2025-08-05 08:00:00
29.0,73,944.4,0.0,7.2,2025-08-05 09:00:00
30.2,73,944.9,0.0,8.4,2025-08-05 10:00:00
30.8,72,944.7,0.0,8.9,2025-08-05 11:00:00
31.6,69,944.4,0.1,9.6,2025-08-05 12:00:00
32.1,68,943.7,0.0,10.2,2025-08-05 13:00:00
29.1,77,944.0,0.9,11.9,2025-08-05 14:00:00
29.1,76,943.5,0.1,9.8,2025-08-05 15:00:00
29.9,74,943.4,0.0,12.0,2025-08-05 16:00:00
30.0,74,942.9,0.0,8.5,2025-08-05 17:00:00
30.8,71,942.7,0.0,12.3,2025-08-05 18:00:00
29.5,76,942.9,0.0,12.5,2025-08-05 19:00:00
28.5,76,943.4,0.0,13.2,2025-08-05 20:00:00
27.8,75,944.0,0.0,12.0,2025-08-05 21:00:00
27.4,75,944.6,0.0,9.4,2025-08-05 22:00:00
27.0,77,944.9,0.0,11.2,2025-08-05 23:00:00
25.9,77,945.1,0.0,13.7,2025-08-06 00:00:00
23.4,88,945.9,3.1,11.9,2025-08-06 01:00:00
23.7,91,945.5,0.3,11.5,2025-08-06 02:00:00
23.6,92,945.5,0.2,8.3,2025-08-06 03:00:00
23.4,94,945.2,0.0,9.0,2025-08-06 04:00:00
23.2,92,945.2,0.0,5.8,2025-08-06 05:00:00
23.5,88,944.4,0.2,7.0,2025-08-06 06:00:00
24.6,88,944.8,0.1,2.1,2025-08-06 07:00:00
25.7,83,946.2,0.0,1.8,2025-08-06 08:00:00
26.0,81,946.7,0.4,5.2,2025-08-06 09:00:00
27.5,75,946.8,0.0,3.7,2025-08-06 10:00:00
29.0,70,946.6,0.0,1.8,2025-08-06 11:00:00
30.3,68,946.2,0.0,4.8,2025-08-06 12:00:00
30.7,68,945.9,0.0,3.4,2025-08-06 13:00:00
31.5,65,945.0,0.0,4.6,2025-08-06 14:00:00
31.0,68,944.9,0.0,3.5,2025-08-06 15:00:00
30.1,71,944.6,0.3,5.9,2025-08-06 16:00:00
29.4,73,944.4,0.0,9.8,2025-08-06 17:00:00
27.8,77,944.9,0.0,6.1,2025-08-06 18:00:00
27.2,81,944.9,0.0,6.0,2025-08-06 19:00:00
26.8,84,945.2,0.0,5.5,2025-08-06 20:00:00
26.6,85,945.4,0.0,4.2,2025-08-06 21:00:00
26.1,88,945.3,0.0,2.5,2025-08-06 22:00:00
25.9,88,945.6,0.0,2.9,2025-08-06 23:00:00
25.5,90,945.5,0.0,3.4,2025-08-07 00:00:00
25.0,92,945.0,0.0,5.7,2025-08-07 01:00:00
24.5,94,945.1,0.6,5.4,2025-08-07 02:00:00
23.8,96,945.0,0.2,6.8,2025-08-07 03:00:00
23.3,96,945.2,0.0,7.8,2025-08-07 04:00:00
23.2,92,945.2,0.0,6.9,2025-08-07 05:00:00
24.0,92,945.0,0.0,3.9,2025-08-07 06:00:00
25.0,84,945.8,0.0,3.3,2025-08-07 07:00:00
26.1,78,946.2,0.0,2.8,2025-08-07 08:00:00
27.9,71,946.4,0.0,1.0,2025-08-07 09:00:00
29.3,66,946.3,0.0,1.5,2025-08-07 10:00:00
30.5,63,946.0,0.0,3.0,2025-08-07 11:00:00
31.3,61,945.6,0.0,5.0,2025-08-07 12:00:00
31.9,59,944.9,0.0,4.4,2025-08-07 13:00:00
32.6,56,944.1,0.0,5.2,2025-08-07 14:00:00
32.6,57,943.3,0.0,5.4,2025-08-07 15:00:00
32.3,58,942.8,0.0,4.8,2025-08-07 16:00:00
32.0,59,942.5,0.0,5.0,2025-08-07 17:00:00
29.6,72,943.6,0.0,6.9,2025-08-07 18:00:00
28.6,77,943.5,0.0,7.0,2025-08-07 19:00:00
28.0,79,943.5,0.0,5.9,2025-08-07 20:00:00
27.7,81,943.6,0.0,3.6,2025-08-07 21:00:00
27.3,83,943.7,0.0,2.6,2025-08-07 22:00:00
26.7,85,944.0,0.0,3.6,2025-08-07 23:00:00
26.1,87,944.2,0.0,4.4,2025-08-08 00:00:00
25.7,86,943.9,0.1,5.6,2025-08-08 01:00:00
25.6,84,943.6,0.0,5.2,2025-08-08 02:00:00
25.2,86,943.6,0.2,4.0,2025-08-08 03:00:00
24.9,86,943.8,0.2,5.3,2025-08-08 04:00:00
24.5,87,944.0,0.0,7.1,2025-08-08 05:00:00
24.9,88,943.5,0.0,9.7,2025-08-08 06:00:00
26.4,84,944.1,0.0,7.0,2025-08-08 07:00:00
28.1,75,944.9,0.0,6.8,2025-08-08 08:00:00
29.4,72,945.6,0.0,6.1,2025-08-08 09:00:00
30.5,69,946.1,0.0,3.9,2025-08-08 10:00:00
31.5,65,946.0,0.0,3.2,2025-08-08 11:00:00
32.4,61,946.0,0.0,3.4,2025-08-08 12:00:00
32.7,58,945.3,0.0,5.4,2025-08-08 13:00:00
33.0,56,945.1,0.0,1.5,2025-08-08 14:00:00
33.0,56,944.5,0.0,1.9,2025-08-08 15:00:00
32.9,55,944.4,0.0,2.2,2025-08-08 16:00:00
32.9,55,944.6,0.0,5.0,2025-08-08 17:00:00
29.1,74,945.9,0.0,9.4,2025-08-08 18:00:00
28.0,78,946.0,0.0,8.2,2025-08-08 19:00:00
27.7,79,946.5,0.0,5.9,2025-08-08 20:00:00
27.2,81,947.1,0.0,6.4,2025-08-08 21:00:00
26.7,81,947.5,0.0,6.2,2025-08-08 22:00:00
26.5,80,947.9,0.0,6.4,2025-08-08 23:00:00
26.3,80,947.4,0.1,6.2,2025-08-09 00:00:00
25.8,81,947.5,0.3,8.1,2025-08-09 01:00:00
25.6,83,947.2,0.5,2.9,2025-08-09 02:00:00
25.6,86,947.9,0.1,6.4,2025-08-09 03:00:00
24.9,91,948.0,0.0,7.7,2025-08-09 04:00:00
24.5,93,947.8,0.1,3.5,2025-08-09 05:00:00
23.7,90,947.9,0.2,10.3,2025-08-09 06:00:00
24.5,89,948.8,0.1,10.9,2025-08-09 07:00:00
25.3,86,949.0,0.1,9.2,2025-08-09 08:00:00
27.4,80,949.1,0.0,6.7,2025-08-09 09:00:00
28.9,74,949.4,0.0,5.6,2025-08-09 10:00:00
30.2,70,949.4,0.0,4.9,2025-08-09 11:00:00
31.2,65,949.1,0.0,4.0,2025-08-09 12:00:00
31.8,63,948.4,0.0,4.8,2025-08-09 13:00:00
32.2,62,947.9,0.0,4.8,2025-08-09 14:00:00
32.3,61,946.9,0.0,4.2,2025-08-09 15:00:00
32.1,61,946.1,0.0,1.5,2025-08-09 16:00:00
32.0,61,945.7,0.0,2.3,2025-08-09 17:00:00
28.1,80,947.0,0.0,3.7,2025-08-09 18:00:00
27.6,85,946.5,0.0,2.9,2025-08-09 19:00:00
27.2,87,946.9,0.0,4.6,2025-08-09 20:00:00
27.2,86,947.0,0.0,4.1,2025-08-09 21:00:00
27.1,84,947.0,0.0,4.4,2025-08-09 22:00:00
27.0,83,946.8,0.0,3.9,2025-08-09 23:00:00
26.7,85,946.6,0.0,2.7,2025-08-10 00:00:00
26.5,86,946.1,0.0,2.2,2025-08-10 01:00:00
26.0,86,946.3,0.0,3.5,2025-08-10 02:00:00
25.5,87,946.3,0.0,5.7,2025-08-10 03:00:00
25.1,87,946.6,0.0,7.0,2025-08-10 04:00:00
24.9,87,946.9,0.0,7.2,2025-08-10 05:00:00
24.7,93,946.9,0.9,6.2,2025-08-10 06:00:00
24.3,92,947.1,0.7,6.2,2025-08-10 07:00:00
25.6,89,947.7,0.1,5.2,2025-08-10 08:00:00
27.3,82,947.9,0.0,6.9,2025-08-10 09:00:00
28.8,79,948.1,0.0,6.8,2025-08-10 10:00:00
29.9,76,947.9,0.1,6.7,2025-08-10 11:00:00
30.9,73,947.4,0.1,5.4,2025-08-10 12:00:00
31.7,68,946.4,0.0,4.2,2025-08-10 13:00:00
32.1,67,946.0,0.0,4.3,2025-08-10 14:00:00
31.8,69,945.0,0.0,3.6,2025-08-10 15:00:00
31.7,69,944.2,0.0,1.3,2025-08-10 16:00:00
31.5,69,943.9,0.0,2.4,2025-08-10 17:00:00
30.1,75,944.9,0.0,4.4,2025-08-10 18:00:00
29.0,82,944.4,0.0,4.0,2025-08-10 19:00:00
28.4,85,944.5,0.0,4.2,2025-08-10 20:00:00
28.1,86,944.8,0.0,3.2,2025-08-10 21:00:00
27.9,85,945.0,0.0,3.4,2025-08-10 22:00:00
27.8,84,945.4,0.0,3.1,2025-08-10 23:00:00
27.3,86,945.4,0.0,4.4,2025-08-11 00:00:00
26.8,87,945.2,0.0,6.3,2025-08-11 01:00:00
26.5,86,945.0,0.0,6.9,2025-08-11 02:00:00
26.1,87,944.9,0.0,5.7,2025-08-11 03:00:00
25.9,88,945.1,0.1,5.3,2025-08-11 04:00:00
25.6,90,945.0,0.1,7.3,2025-08-11 05:00:00
25.7,94,944.4,0.0,9.6,2025-08-11 06:00:00
27.1,89,944.9,0.0,6.2,2025-08-11 07:00:00
28.6,81,945.5,0.0,5.8,2025-08-11 08:00:00
30.1,75,945.7,0.0,1.4,2025-08-11 09:00:00
31.6,68,945.5,0.1,2.9,2025-08-11 10:00:00
32.6,63,945.2,0.0,6.1,2025-08-11 11:00:00
33.3,60,944.7,0.0,7.6,2025-08-11 12:00:00
33.7,58,944.0,0.0,7.6,2025-08-11 13:00:00
34.4,55,942.9,0.0,6.8,2025-08-11 14:00:00
34.4,55,942.0,0.1,6.2,2025-08-11 15:00:00
34.5,56,941.4,0.0,4.9,2025-08-11 16:00:00
34.0,57,941.1,0.0,5.9,2025-08-11 17:00:00
33.6,62,941.7,0.0,5.8,2025-08-11 18:00:00
32.1,70,942.0,0.0,5.3,2025-08-11 19:00:00
31.0,77,942.4,0.0,3.5,2025-08-11 20:00:00
29.8,80,943.2,0.0,8.1,2025-08-11 21:00:00
29.0,80,943.3,0.0,8.9,2025-08-11 22:00:00
28.5,79,943.5,0.0,9.2,2025-08-11 23:00:00
28.3,80,943.5,0.0,9.3,2025-08-12 00:00:00
28.0,81,943.3,0.0,9.3,2025-08-12 01:00:00
27.6,82,943.1,0.0,8.7,2025-08-12 02:00:00
27.4,83,942.8,0.0,8.8,2025-08-12 03:00:00
27.1,84,942.9,0.0,7.4,2025-08-12 04:00:00
26.9,85,942.6,0.1,6.5,2025-08-12 05:00:00
27.5,87,943.3,0.1,6.9,2025-08-12 06:00:00
27.2,88,943.9,0.3,9.7,2025-08-12 07:00:00
27.1,87,944.8,0.6,9.9,2025-08-12 08:00:00
28.0,86,944.8,0.5,11.9,2025-08-12 09:00:00
28.9,78,945.3,0.2,13.0,2025-08-12 10:00:00
30.4,72,945.2,0.0,11.1,2025-08-12 11:00:00
31.6,67,944.9,0.0,11.2,2025-08-12 12:00:00
32.1,64,944.2,0.0,13.3,2025-08-12 13:00:00
31.3,68,943.7,0.2,11.9,2025-08-12 14:00:00
30.6,74,943.0,0.1,11.9,2025-08-12 15:00:00
30.2,74,942.4,0.1,12.1,2025-08-12 16:00:00
29.5,77,942.2,0.1,13.1,2025-08-12 17:00:00
29.1,78,943.3,0.0,12.7,2025-08-12 18:00:00
28.1,83,943.3,0.0,12.2,2025-08-12 19:00:00
27.8,84,943.5,0.0,12.2,2025-08-12 20:00:00
27.1,86,943.8,0.0,10.7,2025-08-12 21:00:00
26.8,87,944.0,0.0,8.2,2025-08-12 22:00:00
26.4,89,943.9,0.0,8.1,2025-08-12 23:00:00
26.2,90,943.7,0.0,7.9,2025-08-13 00:00:00
26.0,91,943.1,0.0,6.5,2025-08-13 01:00:00
25.9,91,942.9,0.0,6.5,2025-08-13 02:00:00
25.9,91,943.0,0.0,7.4,2025-08-13 03:00:00
25.8,91,943.2,0.0,7.0,2025-08-13 04:00:00
25.7,91,943.2,0.0,7.6,2025-08-13 05:00:00
25.9,91,943.6,0.1,8.8,2025-08-13 06:00:00
26.3,89,944.1,0.0,10.1,2025-08-13 07:00:00
26.8,86,944.3,0.0,11.8,2025-08-13 08:00:00
28.3,78,944.6,0.0,10.1,2025-08-13 09:00:00
29.7,70,944.7,0.0,8.1,2025-08-13 10:00:00
30.6,68,944.6,0.0,7.5,2025-08-13 11:00:00
31.6,65,944.2,0.0,6.9,2025-08-13 12:00:00
31.9,64,943.3,0.2,6.3,2025-08-13 13:00:00
32.8,61,942.5,0.0,5.6,2025-08-13 14:00:00
32.9,60,941.7,0.0,5.7,2025-08-13 15:00:00
33.2,59,941.3,0.0,6.1,2025-08-13 16:00:00
32.6,61,940.8,0.0,7.0,2025-08-13 17:00:00
31.2,66,942.6,0.0,7.5,2025-08-13 18:00:00
29.9,73,942.7,0.0,7.7,2025-08-13 19:00:00
29.3,77,943.4,0.0,8.2,2025-08-13 20:00:00
29.1,79,944.5,0.0,8.2,2025-08-13 21:00:00
28.5,81,944.6,0.0,7.6,2025-08-13 22:00:00
28.0,83,944.8,0.0,7.6,2025-08-13 23:00:00
27.8,83,944.7,0.1,8.1,2025-08-14 00:00:00
27.5,84,944.7,0.0,7.7,2025-08-14 01:00:00
27.5,83,944.5,0.0,8.4,2025-08-14 02:00:00
27.2,82,944.6,0.0,9.1,2025-08-14 03:00:00
27.0,82,944.9,0.0,7.9,2025-08-14 04:00:00
26.8,83,944.6,0.0,8.2,2025-08-14 05:00:00
26.0,87,944.4,0.1,8.9,2025-08-14 06:00:00
27.1,83,945.0,0.0,5.6,2025-08-14 07:00:00
28.2,78,945.8,0.0,8.0,2025-08-14 08:00:00
29.9,72,946.2,0.0,8.1,2025-08-14 09:00:00
31.0,68,946.5,0.0,9.1,2025-08-14 10:00:00
31.5,67,946.5,0.1,10.7,2025-08-14 11:00:00
31.6,68,946.5,0.3,8.8,2025-08-14 12:00:00
29.0,76,946.2,10.6,10.5,2025-08-14 13:00:00
28.5,79,945.8,2.0,12.5,2025-08-14 14:00:00
28.0,84,945.6,0.4,13.4,2025-08-14 15:00:00
27.2,86,945.4,1.9,14.8,2025-08-14 16:00:00
27.0,88,945.2,0.1,14.4,2025-08-14 17:00:00
26.2,89,946.8,0.7,15.6,2025-08-14 18:00:00
25.5,93,947.0,0.9,15.3,2025-08-14 19:00:00
25.3,93,947.0,0.0,13.2,2025-08-14 20:00:00
25.1,91,947.0,0.0,11.4,2025-08-14 21:00:00
25.1,89,947.1,0.0,8.8,2025-08-14 22:00:00
25.0,89,947.0,0.0,7.2,2025-08-14 23:00:00
24.7,91,946.9,0.0,6.3,2025-08-15 00:00:00
24.6,91,946.4,0.0,6.6,2025-08-15 01:00:00
24.7,91,946.5,0.0,6.2,2025-08-15 02:00:00
24.7,91,946.4,0.1,5.3,2025-08-15 03:00:00
24.4,92,946.4,0.3,6.7,2025-08-15 04:00:00
24.2,92,946.6,0.4,7.1,2025-08-15 05:00:00
23.5,96,946.6,0.8,5.7,2025-08-15 06:00:00
23.7,95,947.0,5.2,5.0,2025-08-15 07:00:00
24.4,93,947.3,1.2,7.4,2025-08-15 08:00:00
25.3,88,947.2,0.4,10.1,2025-08-15 09:00:00
27.2,80,947.3,0.0,9.4,2025-08-15 10:00:00
28.6,76,947.1,0.0,7.7,2025-08-15 11:00:00
29.5,75,946.6,0.1,5.9,2025-08-15 12:00:00
30.4,72,945.9,0.0,4.3,2025-08-15 13:00:00
31.2,68,944.8,0.0,2.7,2025-08-15 14:00:00
30.2,70,943.9,0.6,6.5,2025-08-15 15:00:00
29.4,75,943.0,0.4,3.7,2025-08-15 16:00:00
29.6,74,942.6,0.0,2.7,2025-08-15 17:00:00
29.2,77,943.9,0.0,3.2,2025-08-15 18:00:00
28.0,85,943.7,0.0,5.4,2025-08-15 19:00:00
27.4,88,944.1,0.0,4.4,2025-08-15 20:00:00
27.1,88,944.2,0.0,4.0,2025-08-15 21:00:00
26.8,89,944.4,0.0,4.7,2025-08-15 22:00:00
26.4,90,944.4,0.1,4.6,2025-08-15 23:00:00
25.8,88,944.8,2.5,7.9,2025-08-16 00:00:00
24.0,96,944.6,12.0,10.5,2025-08-16 01:00:00
23.9,96,944.3,2.2,6.1,2025-08-16 02:00:00
23.7,97,944.3,5.3,4.6,2025-08-16 03:00:00
23.8,96,944.9,2.7,2.9,2025-08-16 04:00:00
23.7,98,944.8,0.5,5.9,2025-08-16 05:00:00
24.6,96,944.3,0.1,7.9,2025-08-16 06:00:00
25.4,92,945.0,0.0,6.8,2025-08-16 07:00:00
26.3,89,945.4,0.0,4.5,2025-08-16 08:00:00
27.5,81,945.8,0.0,1.3,2025-08-16 09:00:00
29.1,75,945.9,0.1,3.6,2025-08-16 10:00:00
30.3,71,945.5,0.0,3.8,2025-08-16 11:00:00
31.3,68,945.0,0.0,6.0,2025-08-16 12:00:00
31.7,68,944.1,0.0,6.7,2025-08-16 13:00:00
31.7,66,943.1,0.1,6.7,2025-08-16 14:00:00
32.0,64,942.3,0.0,7.3,2025-08-16 15:00:00
31.8,66,941.4,0.0,6.7,2025-08-16 16:00:00
31.5,67,941.1,0.0,6.7,2025-08-16 17:00:00
31.5,73,941.8,0.0,1.1,2025-08-16 18:00:00
30.3,79,941.9,0.0,1.4,2025-08-16 19:00:00
29.8,79,942.4,0.0,0.4,2025-08-16 20:00:00
29.4,81,943.4,0.0,0.8,2025-08-16 21:00:00
28.1,86,943.7,0.0,6.9,2025-08-16 22:00:00
25.7,89,944.9,4.2,12.8,2025-08-16 23:00:00
24.8,94,944.6,3.8,9.3,2025-08-17 00:00:00
24.2,95,945.2,6.1,6.5,2025-08-17 01:00:00
24.2,95,945.0,2.8,12.8,2025-08-17 02:00:00
24.0,94,945.2,0.6,4.5,2025-08-17 03:00:00
23.6,95,945.5,1.8,10.2,2025-08-17 04:00:00
23.5,96,946.2,0.1,5.7,2025-08-17 05:00:00
24.9,100,944.8,1.0,4.6,2025-08-17 06:00:00
24.3,94,945.4,1.9,12.6,2025-08-17 07:00:00
24.0,94,946.1,4.8,8.5,2025-08-17 08:00:00
26.0,84,946.6,0.1,9.0,2025-08-17 09:00:00
27.4,79,947.2,0.0,8.1,2025-08-17 10:00:00
28.5,75,946.9,0.0,9.7,2025-08-17 11:00:00
29.7,72,946.4,0.0,8.1,2025-08-17 12:00:00
30.5,70,945.7,0.0,6.6,2025-08-17 13:00:00
30.5,71,944.9,0.0,8.2,2025-08-17 14:00:00
30.4,73,944.1,0.0,7.4,2025-08-17 15:00:00
30.3,72,943.7,0.0,4.9,2025-08-17 16:00:00
30.4,71,943.7,0.0,2.2,2025-08-17 17:00:00
27.4,82,945.1,0.1,9.9,2025-08-17 18:00:00
26.4,86,945.1,0.0,6.3,2025-08-17 19:00:00
26.7,86,945.4,0.0,3.1,2025-08-17 20:00:00
26.8,86,946.2,0.0,1.9,2025-08-17 21:00:00
25.5,91,946.8,0.7,3.2,2025-08-17 22:00:00
25.3,94,947.2,0.2,4.5,2025-08-17 23:00:00
24.9,93,946.9,0.3,9.4,2025-08-18 00:00:00
24.4,96,947.1,1.0,5.6,2025-08-18 01:00:00
23.4,97,947.3,8.5,4.8,2025-08-18 02:00:00
23.2,95,947.0,4.8,9.1,2025-08-18 03:00:00
23.3,94,947.3,3.7,11.3,2025-08-18 04:00:00
23.0,97,948.1,6.9,9.9,2025-08-18 05:00:00
24.2,97,947.7,0.6,8.2,2025-08-18 06:00:00
24.8,95,947.8,0.5,6.7,2025-08-18 07:00:00
25.9,86,948.3,1.1,7.0,2025-08-18 08:00:00
24.9,91,949.0,4.1,8.9,2025-08-18 09:00:00
24.6,92,949.6,3.8,4.2,2025-08-18 10:00:00
25.0,90,948.9,3.2,7.2,2025-08-18 11:00:00
27.4,83,948.7,0.4,10.8,2025-08-18 12:00:00
25.7,85,948.3,6.7,11.7,2025-08-18 13:00:00
26.1,88,947.5,3.1,6.1,2025-08-18 14:00:00
27.5,83,946.6,0.3,9.4,2025-08-18 15:00:00
26.3,89,946.0,0.6,7.6,2025-08-18 16:00:00
27.0,85,946.0,0.2,8.1,2025-08-18 17:00:00
27.0,80,947.1,0.2,6.9,2025-08-18 18:00:00
26.7,86,947.2,0.0,3.2,2025-08-18 19:00:00
26.0,89,947.1,0.2,2.8,2025-08-18 20:00:00
25.6,89,947.7,0.0,2.6,2025-08-18 21:00:00
25.3,91,948.0,0.0,2.4,2025-08-18 22:00:00
25.0,93,947.9,0.0,2.1,2025-08-18 23:00:00
24.6,94,947.4,0.0,1.6,2025-08-19 00:00:00
24.2,97,947.1,0.0,1.4,2025-08-19 01:00:00
23.8,96,947.6,0.2,2.7,2025-08-19 02:00:00
23.0,95,947.6,2.9,12.3,2025-08-19 03:00:00
22.7,95,947.4,0.7,1.0,2025-08-19 04:00:00
22.8,95,947.4,0.9,3.2,2025-08-19 05:00:00
23.0,88,947.1,0.0,8.7,2025-08-19 06:00:00
24.0,84,947.3,0.0,6.6,2025-08-19 07:00:00
26.0,77,948.1,0.0,3.0,2025-08-19 08:00:00
27.2,72,948.6,0.0,1.5,2025-08-19 09:00:00
27.1,74,948.9,0.0,5.1,2025-08-19 10:00:00
28.8,69,948.7,0.0,1.5,2025-08-19 11:00:00
29.3,67,948.1,0.0,2.1,2025-08-19 12:00:00
28.9,67,947.2,0.0,2.3,2025-08-19 13:00:00
30.0,63,946.1,0.0,3.3,2025-08-19 14:00:00
30.0,62,945.2,0.0,3.9,2025-08-19 15:00:00
30.4,62,944.4,0.0,1.7,2025-08-19 16:00:00
30.2,64,944.1,0.0,2.3,2025-08-19 17:00:00
28.0,79,944.7,0.0,5.2,2025-08-19 18:00:00
26.3,85,944.5,0.0,4.9,2025-08-19 19:00:00
25.5,86,944.8,0.0,4.1,2025-08-19 20:00:00
25.3,87,945.3,0.0,4.6,2025-08-19 21:00:00
24.9,89,945.5,0.0,4.7,2025-08-19 22:00:00
24.5,91,945.8,0.0,3.4,2025-08-19 23:00:00
24.4,91,945.9,0.0,1.9,2025-08-20 00:00:00
24.4,89,945.7,0.0,2.2,2025-08-20 01:00:00
24.0,89,945.6,0.0,1.6,2025-08-20 02:00:00
23.6,90,946.0,0.0,2.7,2025-08-20 03:00:00
23.4,90,946.0,0.0,4.9,2025-08-20 04:00:00
23.2,90,945.9,0.0,5.8,2025-08-20 05:00:00
24.5,88,946.1,0.0,0.2,2025-08-20 06:00:00
25.1,87,947.0,0.0,6.7,2025-08-20 07:00:00
25.2,83,947.4,0.0,7.6,2025-08-20 08:00:00
26.4,77,947.7,0.0,7.0,2025-08-20 09:00:00
28.2,71,947.6,0.0,4.7,2025-08-20 10:00:00
29.4,69,947.3,0.0,3.4,2025-08-20 11:00:00
30.3,65,946.7,0.0,3.8,2025-08-20 12:00:00
31.1,60,946.0,0.0,4.4,2025-08-20 13:00:00
31.4,57,945.2,0.0,3.4,2025-08-20 14:00:00
31.6,56,944.5,0.0,3.4,2025-08-20 15:00:00
31.5,56,943.8,0.0,3.8,2025-08-20 16:00:00
30.9,58,943.1,0.0,5.4,2025-08-20 17:00:00
28.4,75,944.8,0.0,10.3,2025-08-20 18:00:00
26.8,81,944.5,0.0,9.3,2025-08-20 19:00:00
26.2,83,944.7,0.0,5.6,2025-08-20 20:00:00
25.8,87,945.4,0.0,3.0,2025-08-20 21:00:00
25.3,88,945.7,0.0,2.4,2025-08-20 22:00:00
24.9,90,946.4,0.0,2.8,2025-08-20 23:00:00
24.6,91,946.7,0.0,3.6,2025-08-21 00:00:00
24.1,92,947.0,0.0,5.5,2025-08-21 01:00:00
23.7,92,947.3,0.0,6.8,2025-08-21 02:00:00
23.7,91,947.4,0.0,7.4,2025-08-21 03:00:00
23.8,90,947.3,0.0,6.4,2025-08-21 04:00:00
23.8,90,947.3,0.0,4.0,2025-08-21 05:00:00
24.6,87,947.4,0.0,4.7,2025-08-21 06:00:00
25.8,85,947.5,0.0,2.2,2025-08-21 07:00:00
27.3,78,947.9,0.0,2.9,2025-08-21 08:00:00
28.9,72,947.9,0.0,6.3,2025-08-21 09:00:00
30.1,65,947.9,0.0,6.5,2025-08-21 10:00:00
30.7,64,947.5,0.0,6.0,2025-08-21 11:00:00
31.4,62,946.7,0.0,4.9,2025-08-21 12:00:00
31.8,61,945.8,0.0,4.2,2025-08-21 13:00:00
32.1,60,944.8,0.0,3.6,2025-08-21 14:00:00
32.1,60,944.0,0.0,3.6,2025-08-21 15:00:00
32.0,60,943.3,0.0,2.4,2025-08-21 16:00:00
31.7,61,942.8,0.0,0.6,2025-08-21 17:00:00
30.8,71,942.2,0.0,2.8,2025-08-21 18:00:00
29.2,79,942.5,0.0,2.6,2025-08-21 19:00:00
28.4,81,943.3,0.0,2.4,2025-08-21 20:00:00
27.7,81,944.4,0.0,4.2,2025-08-21 21:00:00
26.6,84,944.9,0.0,7.2,2025-08-21 22:00:00
25.9,85,945.3,0.0,9.3,2025-08-21 23:00:00
26.0,83,945.5,0.0,8.1,2025-08-22 00:00:00
25.7,83,945.1,0.0,6.7,2025-08-22 01:00:00
25.5,83,944.6,0.0,5.6,2025-08-22 02:00:00
25.1,84,944.2,0.0,4.9,2025-08-22 03:00:00
24.9,84,944.2,0.0,4.9,2025-08-22 04:00:00
24.7,85,944.0,0.0,5.0,2025-08-22 05:00:00
25.9,81,943.6,0.0,4.5,2025-08-22 06:00:00
26.7,81,943.6,0.0,3.9,2025-08-22 07:00:00
28.2,77,943.9,0.0,1.4,2025-08-22 08:00:00
29.3,74,943.9,0.0,2.8,2025-08-22 09:00:00
30.3,68,943.8,0.1,4.8,2025-08-22 10:00:00
31.2,63,943.5,0.0,6.8,2025-08-22 11:00:00
31.8,60,943.0,0.0,7.9,2025-08-22 12:00:00
32.3,58,942.2,0.0,7.7,2025-08-22 13:00:00
32.6,57,941.2,0.0,7.2,2025-08-22 14:00:00
32.7,56,940.4,0.0,6.7,2025-08-22 15:00:00
32.5,56,939.8,0.0,4.8,2025-08-22 16:00:00
32.3,56,939.5,0.0,0.4,2025-08-22 17:00:00
31.2,69,939.9,0.0,3.1,2025-08-22 18:00:00
29.5,78,939.6,0.0,0.9,2025-08-22 19:00:00
28.8,79,940.3,0.0,0.7,2025-08-22 20:00:00
28.1,81,941.1,0.0,3.8,2025-08-22 21:00:00
27.3,84,941.6,0.0,5.6,2025-08-22 22:00:00
26.7,83,942.0,0.0,8.2,2025-08-22 23:00:00
26.2,84,942.5,0.0,8.4,2025-08-23 00:00:00
25.8,84,942.3,0.0,7.2,2025-08-23 01:00:00
25.6,83,941.9,0.0,7.1,2025-08-23 02:00:00
25.4,83,941.6,0.0,6.9,2025-08-23 03:00:00
25.3,82,941.6,0.0,6.2,2025-08-23 04:00:00
25.0,83,941.6,0.0,5.7,2025-08-23 05:00:00
25.7,86,941.1,0.0,2.7,2025-08-23 06:00:00
26.5,87,941.7,0.0,2.2,2025-08-23 07:00:00
27.6,80,942.0,0.0,4.9,2025-08-23 08:00:00
28.8,77,942.7,0.0,6.6,2025-08-23 09:00:00
29.8,74,943.2,0.0,7.8,2025-08-23 10:00:00
30.4,73,943.5,0.1,7.8,2025-08-23 11:00:00
30.7,71,943.2,0.2,8.3,2025-08-23 12:00:00
28.2,80,942.6,1.1,1.8,2025-08-23 13:00:00
28.7,78,942.7,1.5,7.0,2025-08-23 14:00:00
26.9,84,941.9,3.4,7.8,2025-08-23 15:00:00
26.7,82,941.5,0.0,7.7,2025-08-23 16:00:00
27.4,79,941.4,0.0,7.5,2025-08-23 17:00:00
27.2,80,942.3,0.0,9.6,2025-08-23 18:00:00
26.8,80,942.3,0.0,10.6,2025-08-23 19:00:00
26.4,84,942.8,0.0,9.4,2025-08-23 20:00:00
26.1,87,943.2,0.0,9.0,2025-08-23 21:00:00
25.5,89,943.7,0.0,9.4,2025-08-23 22:00:00
24.6,87,944.3,2.2,10.6,2025-08-23 23:00:00
23.3,90,943.8,3.1,12.8,2025-08-24 00:00:00
23.7,88,943.9,0.1,9.3,2025-08-24 01:00:00
23.1,91,943.7,0.6,9.9,2025-08-24 02:00:00
23.0,90,944.1,2.9,3.7,2025-08-24 03:00:00
23.1,91,944.0,0.9,7.2,2025-08-24 04:00:00
22.7,93,944.1,2.7,9.8,2025-08-24 05:00:00
23.2,92,943.7,6.0,2.7,2025-08-24 06:00:00
23.3,92,943.8,4.5,3.6,2025-08-24 07:00:00
23.4,93,944.2,2.0,4.0,2025-08-24 08:00:00
24.6,88,945.0,0.6,2.4,2025-08-24 09:00:00
25.7,82,945.8,0.2,5.8,2025-08-24 10:00:00
26.7,78,946.5,0.1,9.5,2025-08-24 11:00:00
27.9,74,946.3,0.1,12.2,2025-08-24 12:00:00
28.7,71,945.8,0.1,14.4,2025-08-24 13:00:00
25.9,84,946.1,4.9,11.6,2025-08-24 14:00:00
25.8,83,945.3,0.3,15.0,2025-08-24 15:00:00
26.9,78,945.0,0.2,13.0,2025-08-24 16:00:00
26.3,80,945.2,0.9,8.7,2025-08-24 17:00:00
25.0,84,945.2,0.1,10.8,2025-08-24 18:00:00
24.6,85,944.8,0.0,7.2,2025-08-24 19:00:00
24.4,86,945.4,0.0,4.1,2025-08-24 20:00:00
24.2,86,945.7,0.0,2.9,2025-08-24 21:00:00
23.8,88,946.0,0.0,2.0,2025-08-24 22:00:00
23.4,91,946.1,0.0,3.2,2025-08-24 23:00:00
22.9,93,946.1,0.0,4.1,2025-08-25 00:00:00
22.8,93,945.8,0.0,4.3,2025-08-25 01:00:00
22.6,93,945.0,0.0,4.7,2025-08-25 02:00:00
22.3,92,944.6,0.0,3.4,2025-08-25 03:00:00
22.1,92,944.5,0.0,7.1,2025-08-25 04:00:00
22.4,88,944.6,0.0,9.4,2025-08-25 05:00:00
23.8,82,944.2,0.0,11.2,2025-08-25 06:00:00
24.7,81,944.3,0.0,8.5,2025-08-25 07:00:00
26.3,76,944.6,0.0,5.2,2025-08-25 08:00:00
27.6,74,945.0,0.0,4.6,2025-08-25 09:00:00
28.7,72,945.4,0.0,2.3,2025-08-25 10:00:00
29.4,71,945.6,0.0,3.4,2025-08-25 11:00:00
30.2,67,946.0,0.0,11.1,2025-08-25 12:00:00
28.4,75,945.8,2.0,15.8,2025-08-25 13:00:00
27.4,76,945.8,0.1,16.0,2025-08-25 14:00:00
28.4,70,945.0,0.1,11.2,2025-08-25 15:00:00
28.6,69,944.0,0.0,7.7,2025-08-25 16:00:00
28.3,70,943.9,0.0,6.3,2025-08-25 17:00:00
27.4,76,944.3,0.0,5.2,2025-08-25 18:00:00
26.2,82,944.5,0.0,6.5,2025-08-25 19:00:00
25.1,86,945.1,0.0,5.3,2025-08-25 20:00:00
24.6,87,945.8,0.0,1.9,2025-08-25 21:00:00
24.3,86,945.8,0.0,3.2,2025-08-25 22:00:00
23.9,89,945.5,0.0,2.8,2025-08-25 23:00:00
23.4,92,944.9,0.0,3.8,2025-08-26 00:00:00
23.4,91,944.3,0.0,7.7,2025-08-26 01:00:00
23.9,87,943.7,0.0,7.3,2025-08-26 02:00:00
23.7,90,943.5,0.0,5.0,2025-08-26 03:00:00
23.5,91,943.1,0.0,5.3,2025-08-26 04:00:00
22.9,94,943.5,0.0,2.3,2025-08-26 05:00:00
23.2,94,944.2,0.0,6.3,2025-08-26 06:00:00
23.8,90,944.8,0.0,7.9,2025-08-26 07:00:00
24.7,87,945.5,0.0,7.4,2025-08-26 08:00:00
25.9,84,945.9,0.0,6.9,2025-08-26 09:00:00
27.5,76,946.7,0.0,8.6,2025-08-26 10:00:00
28.4,71,946.7,0.0,7.7,2025-08-26 11:00:00
29.4,67,946.6,0.0,9.7,2025-08-26 12:00:00
29.9,65,946.0,0.0,9.0,2025-08-26 13:00:00
30.2,65,945.4,0.0,9.0,2025-08-26 14:00:00
30.5,61,944.8,0.0,9.9,2025-08-26 15:00:00
30.2,61,944.5,0.0,11.6,2025-08-26 16:00:00
29.2,62,944.4,0.0,7.7,2025-08-26 17:00:00
25.9,74,944.7,0.0,9.8,2025-08-26 18:00:00
24.7,80,945.3,0.0,2.5,2025-08-26 19:00:00
24.3,81,945.8,0.0,3.1,2025-08-26 20:00:00
24.0,83,946.5,0.0,2.9,2025-08-26 21:00:00
23.8,81,947.1,0.0,4.7,2025-08-26 22:00:00
23.9,81,947.0,0.0,10.7,2025-08-26 23:00:00
24.7,77,946.9,0.0,7.5,2025-08-27 00:00:00
24.7,77,946.7,0.0,4.7,2025-08-27 01:00:00
25.1,75,946.6,0.0,1.2,2025-08-27 02:00:00
24.2,81,946.3,0.0,2.4,2025-08-27 03:00:00
23.9,82,946.5,0.0,0.4,2025-08-27 04:00:00
23.9,82,946.4,0.1,1.5,2025-08-27 05:00:00
23.2,89,946.6,0.2,4.0,2025-08-27 06:00:00
23.4,89,947.3,0.5,2.9,2025-08-27 07:00:00
24.3,86,947.6,0.0,5.1,2025-08-27 08:00:00
25.3,82,948.0,0.5,4.2,2025-08-27 09:00:00
25.2,83,948.5,0.7,4.4,2025-08-27 10:00:00
25.1,85,948.3,0.2,6.6,2025-08-27 11:00:00
25.9,75,947.9,0.1,7.6,2025-08-27 12:00:00
26.4,72,947.2,0.0,7.8,2025-08-27 13:00:00
27.1,70,946.3,0.0,8.7,2025-08-27 14:00:00
28.3,66,945.5,0.0,9.9,2025-08-27 15:00:00
28.4,66,944.8,0.0,7.6,2025-08-27 16:00:00
28.2,67,944.4,0.0,4.2,2025-08-27 17:00:00
27.4,80,945.3,0.0,2.9,2025-08-27 18:00:00
26.2,86,945.1,0.0,1.0,2025-08-27 19:00:00
25.5,87,945.2,0.0,1.4,2025-08-27 20:00:00
25.1,90,945.3,0.0,1.9,2025-08-27 21:00:00
24.7,91,945.1,0.0,1.5,2025-08-27 22:00:00
24.4,92,945.3,0.0,1.5,2025-08-27 23:00:00
24.2,92,945.3,0.0,1.7,2025-08-28 00:00:00
24.0,92,945.5,0.0,2.0,2025-08-28 01:00:00
23.9,91,945.5,0.0,0.9,2025-08-28 02:00:00
23.7,91,945.7,0.0,4.3,2025-08-28 03:00:00
23.3,91,945.7,0.0,4.9,2025-08-28 04:00:00
23.1,91,945.7,0.0,4.3,2025-08-28 05:00:00
24.1,91,945.9,0.0,4.1,2025-08-28 06:00:00
25.7,87,946.4,0.0,5.3,2025-08-28 07:00:00
27.6,78,946.9,0.0,2.5,2025-08-28 08:00:00
28.9,74,947.2,0.0,2.2,2025-08-28 09:00:00
30.0,68,947.1,0.0,3.7,2025-08-28 10:00:00
30.7,64,946.4,0.0,5.2,2025-08-28 11:00:00
31.2,62,945.9,0.0,5.6,2025-08-28 12:00:00
31.5,62,944.9,0.0,4.8,2025-08-28 13:00:00
32.1,61,944.1,0.0,3.1,2025-08-28 14:00:00
32.2,61,943.0,0.0,1.9,2025-08-28 15:00:00
32.1,61,942.5,0.1,1.7,2025-08-28 16:00:00
31.7,62,941.9,0.0,1.5,2025-08-28 17:00:00
30.1,76,942.9,0.0,4.1,2025-08-28 18:00:00
28.5,84,942.6,0.0,4.6,2025-08-28 19:00:00
27.5,89,942.9,0.0,2.4,2025-08-28 20:00:00
27.2,90,943.5,0.0,1.2,2025-08-28 21:00:00
26.8,89,944.3,0.0,3.1,2025-08-28 22:00:00
26.1,91,944.8,0.0,6.6,2025-08-28 23:00:00
25.7,89,945.2,0.0,8.2,2025-08-29 00:00:00
25.7,87,945.2,0.0,7.3,2025-08-29 01:00:00
25.7,86,944.9,0.0,6.2,2025-08-29 02:00:00
25.6,86,944.8,0.0,7.5,2025-08-29 03:00:00
25.1,88,945.1,0.0,8.1,2025-08-29 04:00:00
23.6,94,945.8,0.6,9.2,2025-08-29 05:00:00
25.0,88,944.9,0.0,5.5,2025-08-29 06:00:00
25.9,86,945.5,0.0,5.0,2025-08-29 07:00:00
27.1,83,946.3,0.0,5.8,2025-08-29 08:00:00
28.5,77,946.8,0.0,6.7,2025-08-29 09:00:00
29.6,74,946.8,0.0,6.1,2025-08-29 10:00:00
30.3,74,946.6,0.2,7.5,2025-08-29 11:00:00
30.7,73,946.1,0.3,9.3,2025-08-29 12:00:00
30.6,73,945.3,0.2,6.4,2025-08-29 13:00:00
31.0,67,944.3,0.8,6.5,2025-08-29 14:00:00
31.0,68,944.0,0.5,5.7,2025-08-29 15:00:00
30.6,70,943.5,0.0,6.6,2025-08-29 16:00:00
29.9,73,943.7,0.4,5.6,2025-08-29 17:00:00
28.7,80,944.1,0.0,8.3,2025-08-29 18:00:00
27.9,84,945.3,0.0,10.1,2025-08-29 19:00:00
27.3,87,946.5,0.0,10.2,2025-08-29 20:00:00
26.5,86,947.6,0.4,9.9,2025-08-29 21:00:00
24.5,94,948.5,0.8,12.7,2025-08-29 22:00:00
24.2,90,948.1,0.2,10.2,2025-08-29 23:00:00
24.0,90,948.2,0.0,7.4,2025-08-30 00:00:00
24.3,90,948.0,0.0,3.6,2025-08-30 01:00:00
23.9,92,947.7,0.4,1.8,2025-08-30 02:00:00
22.9,95,948.1,2.0,4.8,2025-08-30 03:00:00
23.0,97,948.4,0.0,8.2,2025-08-30 04:00:00
22.8,98,948.7,0.0,6.2,2025-08-30 05:00:00
23.9,93,949.0,0.1,9.6,2025-08-30 06:00:00
24.4,90,948.6,0.0,9.6,2025-08-30 07:00:00
25.7,84,949.6,0.0,7.5,2025-08-30 08:00:00
26.4,83,950.3,0.1,8.5,2025-08-30 09:00:00
27.4,79,950.8,0.1,10.6,2025-08-30 10:00:00
27.2,76,950.8,2.9,10.8,2025-08-30 11:00:00
26.7,81,949.9,0.2,11.2,2025-08-30 12:00:00
28.3,75,949.0,0.1,8.2,2025-08-30 13:00:00
29.2,71,948.2,0.1,7.6,2025-08-30 14:00:00
29.8,68,947.2,0.0,6.2,2025-08-30 15:00:00
29.0,72,946.8,1.0,4.2,2025-08-30 16:00:00
28.5,75,946.7,0.0,6.0,2025-08-30 17:00:00
27.9,76,946.8,0.0,4.9,2025-08-30 18:00:00
26.8,81,947.0,0.0,5.7,2025-08-30 19:00:00
26.0,85,947.3,0.0,3.4,2025-08-30 20:00:00
25.8,87,947.9,0.0,2.5,2025-08-30 21:00:00
25.3,88,948.2,0.0,2.9,2025-08-30 22:00:00
24.8,90,948.4,0.0,2.4,2025-08-30 23:00:00
24.5,92,948.1,0.0,2.7,2025-08-31 00:00:00
24.3,94,947.7,0.0,3.9,2025-08-31 01:00:00
24.1,94,947.3,0.0,2.3,2025-08-31 02:00:00
23.9,94,946.5,0.0,1.4,2025-08-31 03:00:00
23.9,94,946.4,0.0,1.2,2025-08-31 04:00:00
23.8,93,946.4,0.0,1.5,2025-08-31 05:00:00
23.9,94,945.2,0.0,4.2,2025-08-31 06:00:00
25.0,91,945.8,0.0,0.9,2025-08-31 07:00:00
26.4,83,946.7,0.0,3.1,2025-08-31 08:00:00
27.0,81,947.1,0.2,3.5,2025-08-31 09:00:00
27.8,77,947.3,0.4,6.9,2025-08-31 10:00:00
27.4,81,947.1,0.1,9.1,2025-08-31 11:00:00
27.1,82,946.7,0.2,8.2,2025-08-31 12:00:00
28.1,75,946.1,0.1,9.1,2025-08-31 13:00:00
26.2,82,945.5,0.6,12.7,2025-08-31 14:00:00
26.7,79,944.7,0.3,10.5,2025-08-31 15:00:00
26.6,79,943.9,0.1,13.0,2025-08-31 16:00:00
26.0,82,943.7,0.0,12.6,2025-08-31 17:00:00
24.8,89,944.2,0.0,13.2,2025-08-31 18:00:00
24.3,90,944.3,0.0,12.3,2025-08-31 19:00:00
24.0,91,945.1,0.0,7.6,2025-08-31 20:00:00
23.8,91,945.4,0.0,6.5,2025-08-31 21:00:00
23.6,92,945.4,0.0,4.4,2025-08-31 22:00:00
23.5,92,945.8,0.0,4.2,2025-08-31 23:00:00
23.2,93,945.6,0.0,4.5,2025-09-01 00:00:00
22.8,94,944.8,0.0,4.2,2025-09-01 01:00:00
22.7,92,944.1,0.0,5.7,2025-09-01 02:00:00
22.5,93,943.6,0.0,0.9,2025-09-01 03:00:00
22.5,91,943.6,0.0,5.4,2025-09-01 04:00:00
22.6,91,943.6,0.0,4.6,2025-09-01 05:00:00
23.0,93,942.7,0.0,5.2,2025-09-01 06:00:00
24.0,88,943.0,0.0,2.6,2025-09-01 07:00:00
25.5,80,943.3,0.0,1.0,2025-09-01 08:00:00
26.7,77,943.7,0.0,2.2,2025-09-01 09:00:00
27.8,69,943.9,0.0,3.8,2025-09-01 10:00:00
28.6,66,943.5,0.0,4.3,2025-09-01 11:00:00
29.2,63,943.1,0.1,5.1,2025-09-01 12:00:00
29.6,63,942.5,0.1,5.9,2025-09-01 13:00:00
29.4,65,941.8,0.1,7.5,2025-09-01 14:00:00
28.5,70,941.3,1.6,5.9,2025-09-01 15:00:00
25.3,85,942.0,4.6,9.5,2025-09-01 16:00:00
25.6,83,941.5,0.1,9.9,2025-09-01 17:00:00
25.2,84,942.7,0.0,9.2,2025-09-01 18:00:00
24.4,88,943.0,0.0,7.1,2025-09-01 19:00:00
24.4,88,944.0,0.0,4.5,2025-09-01 20:00:00
24.3,88,944.8,0.0,3.8,2025-09-01 21:00:00
24.0,88,945.2,0.0,3.5,2025-09-01 22:00:00
23.6,89,945.5,0.0,4.1,2025-09-01 23:00:00
23.2,90,945.5,0.0,5.1,2025-09-02 00:00:00
23.0,90,945.0,0.0,4.6,2025-09-02 01:00:00
22.9,90,944.7,0.0,1.9,2025-09-02 02:00:00
22.5,92,944.0,0.0,2.7,2025-09-02 03:00:00
22.1,93,943.8,0.0,6.3,2025-09-02 04:00:00
22.1,91,943.9,0.0,7.6,2025-09-02 05:00:00
22.2,96,943.4,0.0,2.0,2025-09-02 06:00:00
23.3,94,943.9,0.0,1.3,2025-09-02 07:00:00
25.0,84,944.5,0.0,0.0,2025-09-02 08:00:00
26.2,78,945.0,0.0,2.2,2025-09-02 09:00:00
27.4,69,945.5,0.0,3.9,2025-09-02 10:00:00
27.9,67,945.2,0.1,4.7,2025-09-02 11:00:00
28.2,68,945.2,0.0,4.2,2025-09-02 12:00:00
29.1,67,944.7,0.0,4.8,2025-09-02 13:00:00
29.3,64,944.2,0.1,8.2,2025-09-02 14:00:00
27.9,70,944.1,1.6,11.5,2025-09-02 15:00:00
27.7,69,943.7,0.7,9.5,2025-09-02 16:00:00
27.2,69,943.9,0.0,12.1,2025-09-02 17:00:00
26.0,79,944.1,0.0,6.7,2025-09-02 18:00:00
25.2,82,945.0,0.0,9.1,2025-09-02 19:00:00
24.2,84,945.8,0.0,11.6,2025-09-02 20:00:00
23.3,87,946.9,0.0,9.3,2025-09-02 21:00:00
23.0,89,947.2,0.0,7.2,2025-09-02 22:00:00
22.9,91,947.4,0.0,6.1,2025-09-02 23:00:00
23.0,88,947.7,0.0,10.7,2025-09-03 00:00:00
22.7,86,947.1,0.1,11.1,2025-09-03 01:00:00
22.3,86,947.1,0.2,14.5,2025-09-03 02:00:00
22.1,88,946.6,0.1,8.4,2025-09-03 03:00:00
22.1,88,946.4,0.1,2.8,2025-09-03 04:00:00
21.8,90,946.7,0.0,1.5,2025-09-03 05:00:00
22.3,91,947.1,0.1,3.6,2025-09-03 06:00:00
23.3,86,947.7,0.0,3.0,2025-09-03 07:00:00
24.1,79,947.8,0.0,9.0,2025-09-03 08:00:00
24.2,80,948.5,0.6,8.3,2025-09-03 09:00:00
23.0,92,948.4,2.0,5.7,2025-09-03 10:00:00
24.4,83,948.5,0.6,10.3,2025-09-03 11:00:00
25.5,75,948.4,0.1,11.3,2025-09-03 12:00:00
27.0,66,947.9,0.0,11.7,2025-09-03 13:00:00
27.4,62,947.1,0.0,14.1,2025-09-03 14:00:00
27.4,61,946.5,0.0,12.4,2025-09-03 15:00:00
27.4,60,946.0,0.0,11.4,2025-09-03 16:00:00
25.8,67,946.0,0.0,12.6,2025-09-03 17:00:00
25.3,74,946.8,0.0,9.8,2025-09-03 18:00:00
24.1,82,947.0,0.0,4.2,2025-09-03 19:00:00
24.0,83,947.7,0.0,2.8,2025-09-03 20:00:00
23.8,85,948.2,0.0,1.3,2025-09-03 21:00:00
23.7,85,948.4,0.0,0.5,2025-09-03 22:00:00
23.3,86,948.8,0.0,1.0,2025-09-03 23:00:00
23.2,86,948.9,0.0,2.1,2025-09-04 00:00:00
22.8,88,948.6,0.0,2.3,2025-09-04 01:00:00
22.5,89,948.1,0.0,1.6,2025-09-04 02:00:00
22.4,90,948.2,0.0,2.8,2025-09-04 03:00:00
22.2,91,948.2,0.0,3.2,2025-09-04 04:00:00
22.0,91,948.3,0.0,1.9,2025-09-04 05:00:00
22.5,87,948.3,0.1,4.2,2025-09-04 06:00:00
23.9,83,948.6,0.0,5.0,2025-09-04 07:00:00
25.5,81,949.2,0.0,1.3,2025-09-04 08:00:00
27.1,76,949.7,0.0,2.3,2025-09-04 09:00:00
28.5,69,949.9,0.0,3.7,2025-09-04 10:00:00
29.4,63,949.8,0.0,5.3,2025-09-04 11:00:00
30.2,59,949.5,0.0,5.7,2025-09-04 12:00:00
30.6,57,949.2,0.0,6.0,2025-09-04 13:00:00
30.7,54,948.4,0.0,7.6,2025-09-04 14:00:00
29.9,57,948.0,0.1,10.2,2025-09-04 15:00:00
28.9,63,947.7,0.0,9.0,2025-09-04 16:00:00
28.5,66,947.3,0.0,6.9,2025-09-04 17:00:00
24.8,82,948.4,0.0,11.0,2025-09-04 18:00:00
24.2,84,948.3,0.0,7.9,2025-09-04 19:00:00
24.1,85,948.5,0.0,5.4,2025-09-04 20:00:00
24.0,86,948.6,0.0,3.3,2025-09-04 21:00:00
24.0,86,948.5,0.0,2.0,2025-09-04 22:00:00
23.7,88,948.5,0.0,1.7,2025-09-04 23:00:00
23.3,89,948.3,0.0,1.2,2025-09-05 00:00:00
23.3,87,947.9,0.0,3.1,2025-09-05 01:00:00
23.1,88,947.7,0.0,6.1,2025-09-05 02:00:00
23.1,87,947.3,0.0,6.1,2025-09-05 03:00:00
23.1,87,947.3,0.0,5.4,2025-09-05 04:00:00
22.9,89,947.4,0.0,4.3,2025-09-05 05:00:00
23.6,89,947.9,0.0,3.6,2025-09-05 06:00:00
24.4,89,948.8,0.0,3.7,2025-09-05 07:00:00
25.9,80,949.7,0.0,4.3,2025-09-05 08:00:00
27.3,73,950.3,0.0,4.7,2025-09-05 09:00:00
28.9,63,950.5,0.0,6.5,2025-09-05 10:00:00
29.9,60,950.1,0.0,6.1,2025-09-05 11:00:00
30.7,58,949.6,0.0,5.4,2025-09-05 12:00:00
31.3,57,949.1,0.0,4.6,2025-09-05 13:00:00
31.6,55,948.2,0.0,5.4,2025-09-05 14:00:00
31.2,56,947.4,0.0,5.1,2025-09-05 15:00:00
31.1,56,946.5,0.0,5.8,2025-09-05 16:00:00
30.4,58,946.1,0.0,5.0,2025-09-05 17:00:00
28.1,80,947.0,0.0,2.3,2025-09-05 18:00:00
27.2,83,946.8,0.0,1.2,2025-09-05 19:00:00
26.3,87,946.9,0.0,1.3,2025-09-05 20:00:00
25.8,88,947.3,0.0,0.6,2025-09-05 21:00:00
25.6,87,947.8,0.0,1.4,2025-09-05 22:00:00
25.3,85,948.1,0.0,2.5,2025-09-05 23:00:00
24.9,84,948.1,0.0,4.1,2025-09-06 00:00:00
24.7,81,948.1,0.0,4.1,2025-09-06 01:00:00
24.4,82,948.2,0.0,4.5,2025-09-06 02:00:00
24.0,83,948.1,0.0,5.1,2025-09-06 03:00:00
23.8,84,948.3,0.0,4.8,2025-09-06 04:00:00
23.6,85,948.5,0.0,5.1,2025-09-06 05:00:00
24.4,83,948.4,0.0,4.9,2025-09-06 06:00:00
25.3,81,948.8,0.0,5.0,2025-09-06 07:00:00
27.0,78,949.6,0.0,3.5,2025-09-06 08:00:00
28.7,70,950.1,0.0,3.5,2025-09-06 09:00:00
29.9,67,950.2,0.0,4.1,2025-09-06 10:00:00
30.8,63,949.8,0.0,5.1,2025-09-06 11:00:00
31.5,59,949.3,0.0,4.3,2025-09-06 12:00:00
31.9,55,948.7,0.0,5.2,2025-09-06 13:00:00
32.1,54,947.7,0.0,6.1,2025-09-06 14:00:00
32.1,54,947.1,0.0,6.1,2025-09-06 15:00:00
31.6,56,946.3,0.0,5.6,2025-09-06 16:00:00
30.9,58,946.2,0.0,6.8,2025-09-06 17:00:00
29.2,71,947.0,0.0,9.7,2025-09-06 18:00:00
27.8,79,947.3,0.0,9.2,2025-09-06 19:00:00
27.2,82,947.9,0.0,9.1,2025-09-06 20:00:00
26.5,86,948.7,0.0,8.7,2025-09-06 21:00:00
26.0,87,949.0,0.0,7.2,2025-09-06 22:00:00
25.5,90,949.1,0.0,6.1,2025-09-06 23:00:00
25.1,91,948.7,0.0,5.8,2025-09-07 00:00:00
24.7,92,948.3,0.0,5.8,2025-09-07 01:00:00
24.4,92,947.8,0.0,3.8,2025-09-07 02:00:00
22.9,91,948.8,2.0,14.1,2025-09-07 03:00:00
22.9,90,948.0,0.5,7.6,2025-09-07 04:00:00
22.7,93,948.1,0.0,6.9,2025-09-07 05:00:00
22.8,96,947.8,2.1,6.9,2025-09-07 06:00:00
23.2,94,948.4,0.1,6.3,2025-09-07 07:00:00
24.3,88,949.6,0.0,5.4,2025-09-07 08:00:00
26.1,77,949.9,0.0,6.0,2025-09-07 09:00:00
27.4,72,950.1,0.0,5.4,2025-09-07 10:00:00
28.5,69,949.9,0.0,5.8,2025-09-07 11:00:00
29.2,68,949.5,0.0,7.2,2025-09-07 12:00:00
29.5,68,948.7,0.1,8.4,2025-09-07 13:00:00
29.3,69,948.0,0.0,10.1,2025-09-07 14:00:00
28.6,71,947.4,0.1,2.4,2025-09-07 15:00:00
29.0,69,946.8,0.0,2.9,2025-09-07 16:00:00
28.8,69,946.3,0.0,3.4,2025-09-07 17:00:00
25.6,72,947.2,0.1,8.2,2025-09-07 18:00:00
25.1,75,947.3,0.0,5.0,2025-09-07 19:00:00
24.8,77,947.8,0.0,2.9,2025-09-07 20:00:00
24.5,79,948.4,0.0,2.3,2025-09-07 21:00:00
24.1,84,948.4,0.0,2.8,2025-09-07 22:00:00
24.0,86,948.2,0.0,2.0,2025-09-07 23:00:00
23.8,87,947.8,0.0,2.7,2025-09-08 00:00:00
23.6,88,947.4,0.0,1.8,2025-09-08 01:00:00
23.4,88,947.0,0.0,2.6,2025-09-08 02:00:00
23.3,88,947.0,0.0,2.5,2025-09-08 03:00:00
23.1,89,946.7,0.0,3.6,2025-09-08 04:00:00
22.8,89,946.6,0.0,3.1,2025-09-08 05:00:00
24.6,85,947.4,0.0,2.4,2025-09-08 06:00:00
25.2,82,947.6,0.0,2.1,2025-09-08 07:00:00
26.0,77,948.1,0.0,2.3,2025-09-08 08:00:00
26.9,74,949.1,0.0,0.0,2025-09-08 09:00:00
27.8,71,949.9,0.0,4.3,2025-09-08 10:00:00
28.3,70,950.0,0.0,7.5,2025-09-08 11:00:00
27.5,71,949.9,0.0,9.5,2025-09-08 12:00:00
27.5,71,949.3,0.0,7.0,2025-09-08 13:00:00
29.1,64,948.7,0.0,7.1,2025-09-08 14:00:00
28.8,64,948.6,0.2,4.5,2025-09-08 15:00:00
28.7,64,948.0,0.1,2.2,2025-09-08 16:00:00
28.5,65,947.7,0.0,2.7,2025-09-08 17:00:00
27.3,79,948.4,0.0,2.0,2025-09-08 18:00:00
26.6,77,948.1,0.0,2.7,2025-09-08 19:00:00
25.9,81,948.8,0.0,3.3,2025-09-08 20:00:00
25.5,83,949.4,0.0,1.8,2025-09-08 21:00:00
25.4,83,949.7,0.0,1.5,2025-09-08 22:00:00
24.9,86,949.7,0.0,1.8,2025-09-08 23:00:00
24.7,87,949.9,0.0,1.4,2025-09-09 00:00:00
24.6,86,949.8,0.0,0.4,2025-09-09 01:00:00
24.2,86,949.3,0.0,0.2,2025-09-09 02:00:00
23.8,86,949.0,0.0,1.7,2025-09-09 03:00:00
23.8,85,949.0,0.0,2.9,2025-09-09 04:00:00
23.6,86,948.6,0.0,4.5,2025-09-09 05:00:00
24.0,88,948.6,0.0,4.8,2025-09-09 06:00:00
25.0,85,949.1,0.0,4.6,2025-09-09 07:00:00
26.5,81,949.9,0.0,2.1,2025-09-09 08:00:00
27.8,77,950.5,0.0,3.8,2025-09-09 09:00:00
29.3,69,951.1,0.0,4.4,2025-09-09 10:00:00
29.9,65,950.9,0.0,4.8,2025-09-09 11:00:00
30.4,63,950.7,0.0,4.8,2025-09-09 12:00:00
31.1,59,950.1,0.0,3.4,2025-09-09 13:00:00
31.4,58,949.2,0.0,2.3,2025-09-09 14:00:00
31.4,58,948.9,0.0,4.1,2025-09-09 15:00:00
30.9,60,948.4,0.0,5.7,2025-09-09 16:00:00
30.1,63,948.1,0.0,5.8,2025-09-09 17:00:00
28.9,72,948.9,0.0,0.5,2025-09-09 18:00:00
27.8,77,948.7,0.0,1.8,2025-09-09 19:00:00
27.0,82,949.3,0.0,3.2,2025-09-09 20:00:00
26.4,84,949.7,0.0,3.1,2025-09-09 21:00:00
26.1,85,949.7,0.0,1.4,2025-09-09 22:00:00
25.6,85,949.6,0.0,2.0,2025-09-09 23:00:00
25.3,85,949.2,0.0,3.6,2025-09-10 00:00:00
24.9,86,948.8,0.0,3.5,2025-09-10 01:00:00
24.5,87,948.3,0.0,4.1,2025-09-10 02:00:00
24.1,88,948.0,0.0,3.7,2025-09-10 03:00:00
23.9,89,947.9,0.0,4.0,2025-09-10 04:00:00
23.7,89,948.0,0.0,3.5,2025-09-10 05:00:00
24.2,89,948.3,0.0,2.5,2025-09-10 06:00:00
25.2,86,948.7,0.0,2.2,2025-09-10 07:00:00
26.7,80,949.3,0.0,1.2,2025-09-10 08:00:00
28.2,75,949.8,0.0,3.9,2025-09-10 09:00:00
29.6,67,949.9,0.0,6.6,2025-09-10 10:00:00
30.7,61,949.9,0.0,7.8,2025-09-10 11:00:00
31.5,56,949.2,0.0,8.1,2025-09-10 12:00:00
32.1,54,948.4,0.0,7.9,2025-09-10 13:00:00
32.5,52,947.5,0.0,6.7,2025-09-10 14:00:00
32.6,51,946.7,0.0,5.2,2025-09-10 15:00:00
32.4,51,946.1,0.0,3.6,2025-09-10 16:00:00
31.9,54,945.6,0.0,1.3,2025-09-10 17:00:00
29.8,72,946.3,0.0,3.0,2025-09-10 18:00:00
28.5,72,946.0,0.0,2.2,2025-09-10 19:00:00
27.5,78,946.2,0.0,4.4,2025-09-10 20:00:00
26.4,84,946.0,0.0,1.8,2025-09-10 21:00:00
25.6,86,946.2,0.0,3.9,2025-09-10 22:00:00
25.1,85,946.2,0.0,4.4,2025-09-10 23:00:00
24.7,84,945.9,0.0,5.5,2025-09-11 00:00:00
24.3,84,945.6,0.0,4.3,2025-09-11 01:00:00
24.1,83,945.4,0.0,4.2,2025-09-11 02:00:00
23.7,83,945.2,0.0,3.1,2025-09-11 03:00:00
23.4,84,945.4,0.0,2.7,2025-09-11 04:00:00
23.2,85,945.6,0.0,2.3,2025-09-11 05:00:00
24.3,88,945.6,0.0,1.2,2025-09-11 06:00:00
25.3,83,946.4,0.0,2.7,2025-09-11 07:00:00
26.4,78,946.9,0.0,3.4,2025-09-11 08:00:00
27.9,74,947.4,0.0,3.9,2025-09-11 09:00:00
29.3,70,947.7,0.0,3.8,2025-09-11 10:00:00
30.5,65,947.6,0.0,3.8,2025-09-11 11:00:00
31.6,59,947.2,0.0,4.5,2025-09-11 12:00:00
32.5,54,946.9,0.0,6.3,2025-09-11 13:00:00
33.2,49,946.3,0.0,7.8,2025-09-11 14:00:00
33.3,47,945.9,0.0,8.1,2025-09-11 15:00:00
33.0,47,945.6,0.0,7.6,2025-09-11 16:00:00
32.5,49,945.6,0.0,6.5,2025-09-11 17:00:00
30.2,62,946.5,0.0,11.0,2025-09-11 18:00:00
28.9,67,946.6,0.0,9.7,2025-09-11 19:00:00
27.9,74,947.2,0.0,7.1,2025-09-11 20:00:00
26.9,80,947.6,0.0,6.7,2025-09-11 21:00:00
26.5,82,947.9,0.0,5.2,2025-09-11 22:00:00
26.0,84,947.8,0.0,6.2,2025-09-11 23:00:00
25.5,85,947.8,0.0,6.3,2025-09-12 00:00:00
25.1,86,947.4,0.0,6.5,2025-09-12 01:00:00
24.7,88,946.9,0.0,5.3,2025-09-12 02:00:00
24.3,89,947.1,0.0,5.9,2025-09-12 03:00:00
24.0,91,947.2,0.0,6.3,2025-09-12 04:00:00
23.8,92,947.2,0.0,5.6,2025-09-12 05:00:00
24.8,92,947.6,0.0,4.3,2025-09-12 06:00:00
25.7,88,948.4,0.0,5.2,2025-09-12 07:00:00
27.0,83,949.1,0.0,7.2,2025-09-12 08:00:00
28.3,76,949.4,0.0,6.6,2025-09-12 09:00:00
29.6,69,949.9,0.1,2.5,2025-09-12 10:00:00
30.6,64,949.7,0.2,2.2,2025-09-12 11:00:00
31.7,59,949.5,0.1,2.6,2025-09-12 12:00:00
32.4,55,948.7,0.1,3.8,2025-09-12 13:00:00
33.0,52,948.1,0.1,3.3,2025-09-12 14:00:00
33.1,51,947.4,0.1,3.3,2025-09-12 15:00:00
32.8,52,946.7,0.0,3.9,2025-09-12 16:00:00
32.2,54,946.5,0.0,5.4,2025-09-12 17:00:00
30.4,62,947.8,0.0,10.0,2025-09-12 18:00:00
28.9,72,948.1,0.0,9.9,2025-09-12 19:00:00
28.0,77,948.3,0.0,7.3,2025-09-12 20:00:00
27.3,81,948.7,0.0,6.2,2025-09-12 21:00:00
26.7,84,948.5,0.0,5.6,2025-09-12 22:00:00
26.2,86,948.3,0.0,4.5,2025-09-12 23:00:00
25.7,88,948.5,0.0,4.8,2025-09-13 00:00:00
25.2,89,948.6,0.0,6.8,2025-09-13 01:00:00
24.9,89,948.4,0.0,8.4,2025-09-13 02:00:00
24.7,88,948.3,0.1,8.5,2025-09-13 03:00:00
24.6,88,948.7,0.1,7.5,2025-09-13 04:00:00
24.6,88,948.9,0.0,7.6,2025-09-13 05:00:00
25.1,90,949.1,0.0,6.7,2025-09-13 06:00:00
25.9,85,949.8,0.0,5.8,2025-09-13 07:00:00
27.2,80,950.5,0.0,6.6,2025-09-13 08:00:00
28.8,72,951.1,0.0,5.2,2025-09-13 09:00:00
30.2,64,951.1,0.2,1.4,2025-09-13 10:00:00
31.3,58,951.0,0.1,1.9,2025-09-13 11:00:00
32.1,54,950.4,0.1,3.6,2025-09-13 12:00:00
32.8,51,949.6,0.2,5.2,2025-09-13 13:00:00
33.0,52,948.7,0.2,4.5,2025-09-13 14:00:00
33.0,53,947.7,0.0,4.0,2025-09-13 15:00:00
32.8,55,947.0,0.0,4.1,2025-09-13 16:00:00
32.3,56,946.7,0.0,4.4,2025-09-13 17:00:00
32.3,52,947.7,0.0,1.9,2025-09-13 18:00:00
30.8,58,947.5,0.0,3.6,2025-09-13 19:00:00
29.7,66,948.0,0.0,5.6,2025-09-13 20:00:00
28.6,74,948.2,0.0,9.6,2025-09-13 21:00:00
27.9,77,948.2,0.0,9.0,2025-09-13 22:00:00
27.4,78,948.0,0.0,9.4,2025-09-13 23:00:00
27.0,78,947.9,0.0,8.8,2025-09-14 00:00:00
26.5,78,947.9,0.1,7.7,2025-09-14 01:00:00
26.1,81,947.9,0.1,8.2,2025-09-14 02:00:00
24.3,87,948.1,1.7,11.6,2025-09-14 03:00:00
23.9,89,948.9,0.2,9.4,2025-09-14 04:00:00
24.0,89,948.8,0.2,11.2,2025-09-14 05:00:00
25.3,87,948.7,0.0,5.7,2025-09-14 06:00:00
25.7,85,949.5,0.0,6.4,2025-09-14 07:00:00
26.4,82,950.0,0.0,7.7,2025-09-14 08:00:00
27.8,77,950.3,0.0,7.3,2025-09-14 09:00:00
29.5,71,950.6,0.0,6.0,2025-09-14 10:00:00
31.1,64,950.3,0.0,4.2,2025-09-14 11:00:00
32.2,61,949.7,0.1,4.9,2025-09-14 12:00:00
32.9,57,949.0,0.0,4.6,2025-09-14 13:00:00
33.2,54,948.4,0.0,4.7,2025-09-14 14:00:00
31.9,59,947.7,0.0,8.0,2025-09-14 15:00:00
30.9,65,947.1,0.1,8.4,2025-09-14 16:00:00
30.5,66,946.6,0.0,5.1,2025-09-14 17:00:00
31.5,58,946.9,0.0,6.3,2025-09-14 18:00:00
30.2,67,946.7,0.0,7.7,2025-09-14 19:00:00
29.2,73,947.3,0.0,6.2,2025-09-14 20:00:00
28.5,75,947.4,0.0,5.6,2025-09-14 21:00:00
27.9,77,947.3,0.0,6.6,2025-09-14 22:00:00
27.4,77,947.4,0.0,6.9,2025-09-14 23:00:00
26.6,79,947.2,0.0,7.8,2025-09-15 00:00:00
26.2,80,947.1,0.0,8.5,2025-09-15 01:00:00
25.8,81,946.9,0.0,10.1,2025-09-15 02:00:00
25.8,81,946.9,0.2,10.4,2025-09-15 03:00:00
25.6,81,947.3,0.1,8.6,2025-09-15 04:00:00
24.6,85,947.3,0.3,14.2,2025-09-15 05:00:00
24.4,89,946.7,1.0,8.1,2025-09-15 06:00:00
24.3,91,947.0,0.8,6.7,2025-09-15 07:00:00
25.7,83,947.7,0.4,7.8,2025-09-15 08:00:00
27.8,73,947.7,0.0,3.8,2025-09-15 09:00:00
30.1,65,948.0,0.0,2.7,2025-09-15 10:00:00
31.8,59,947.3,0.0,3.3,2025-09-15 11:00:00
32.8,54,947.0,0.1,5.4,2025-09-15 12:00:00
33.4,52,946.2,0.0,5.5,2025-09-15 13:00:00
33.7,51,945.2,0.0,5.8,2025-09-15 14:00:00
33.7,51,944.4,0.0,5.5,2025-09-15 15:00:00
33.4,52,944.0,0.0,4.2,2025-09-15 16:00:00
32.9,54,943.8,0.0,3.1,2025-09-15 17:00:00
32.5,54,944.3,0.1,3.2,2025-09-15 18:00:00
29.1,68,944.9,0.4,6.3,2025-09-15 19:00:00
28.8,70,945.4,0.0,4.2,2025-09-15 20:00:00
28.4,73,945.8,0.0,9.3,2025-09-15 21:00:00
27.9,75,945.6,0.0,9.0,2025-09-15 22:00:00
27.1,76,946.1,0.0,12.0,2025-09-15 23:00:00
24.3,82,946.6,3.5,14.7,2025-09-16 00:00:00
23.6,85,946.7,2.3,13.5,2025-09-16 01:00:00
22.8,91,945.6,7.3,13.8,2025-09-16 02:00:00
21.8,91,946.0,8.2,9.6,2025-09-16 03:00:00
21.4,91,946.9,6.0,14.0,2025-09-16 04:00:00
21.7,90,946.5,3.5,6.5,2025-09-16 05:00:00
23.2,89,945.2,7.0,3.1,2025-09-16 06:00:00
23.9,90,947.1,0.0,3.4,2025-09-16 07:00:00
24.8,85,947.6,0.0,5.3,2025-09-16 08:00:00
26.8,75,948.5,0.0,6.3,2025-09-16 09:00:00
28.0,71,948.8,0.0,5.2,2025-09-16 10:00:00
29.4,66,948.5,0.0,4.5,2025-09-16 11:00:00
30.3,63,948.0,0.0,5.3,2025-09-16 12:00:00
30.8,62,947.1,0.0,5.1,2025-09-16 13:00:00
31.3,61,946.3,0.0,2.8,2025-09-16 14:00:00
31.1,61,945.5,0.2,3.0,2025-09-16 15:00:00
30.7,62,945.4,0.2,0.9,2025-09-16 16:00:00
30.3,63,945.2,0.0,1.4,2025-09-16 17:00:00
28.7,74,946.3,0.0,4.4,2025-09-16 18:00:00
27.6,79,946.2,0.0,4.3,2025-09-16 19:00:00
26.6,83,946.4,0.0,3.8,2025-09-16 20:00:00
25.9,85,946.8,0.0,4.0,2025-09-16 21:00:00
25.4,84,946.9,0.0,4.9,2025-09-16 22:00:00
25.1,83,947.0,0.0,3.3,2025-09-16 23:00:00
25.0,83,947.2,0.0,2.7,2025-09-17 00:00:00
24.9,81,947.4,0.0,3.4,2025-09-17 01:00:00
24.1,79,947.4,0.0,11.1,2025-09-17 02:00:00
23.1,81,947.0,2.5,1.3,2025-09-17 03:00:00
21.9,89,948.1,0.0,3.6,2025-09-17 04:00:00
22.2,91,948.2,0.0,3.2,2025-09-17 05:00:00
24.7,83,947.3,0.0,5.2,2025-09-17 06:00:00
25.7,84,948.1,0.0,3.6,2025-09-17 07:00:00
27.8,76,948.9,0.0,0.4,2025-09-17 08:00:00
29.5,66,949.5,0.0,0.5,2025-09-17 09:00:00
30.8,60,949.8,0.0,2.9,2025-09-17 10:00:00
31.7,56,949.4,0.0,5.6,2025-09-17 11:00:00
32.0,54,948.7,0.0,7.2,2025-09-17 12:00:00
32.4,54,948.1,0.0,6.8,2025-09-17 13:00:00
32.7,52,946.8,0.0,6.8,2025-09-17 14:00:00
32.6,51,945.9,0.0,6.3,2025-09-17 15:00:00
32.3,51,945.5,0.0,6.1,2025-09-17 16:00:00
31.6,57,945.2,0.0,3.6,2025-09-17 17:00:00
29.9,67,945.5,0.0,5.5,2025-09-17 18:00:00
27.8,75,945.1,0.0,7.4,2025-09-17 19:00:00
26.6,80,945.2,0.0,5.5,2025-09-17 20:00:00
25.9,84,945.7,0.0,5.1,2025-09-17 21:00:00
25.6,86,946.0,0.0,3.6,2025-09-17 22:00:00
25.2,87,946.3,0.0,3.2,2025-09-17 23:00:00
24.9,80,946.6,0.0,7.1,2025-09-18 00:00:00
24.7,74,946.5,0.0,7.8,2025-09-18 01:00:00
24.6,73,946.4,0.0,8.5,2025-09-18 02:00:00
24.5,74,946.3,0.0,9.4,2025-09-18 03:00:00
24.6,76,946.5,0.0,11.3,2025-09-18 04:00:00
21.8,85,947.9,11.4,17.5,2025-09-18 05:00:00
21.6,90,948.5,7.3,13.7,2025-09-18 06:00:00
22.3,87,948.2,0.4,10.4,2025-09-18 07:00:00
23.7,85,948.9,0.3,3.9,2025-09-18 08:00:00
25.8,77,949.3,0.0,5.8,2025-09-18 09:00:00
27.4,74,949.8,0.0,6.2,2025-09-18 10:00:00
29.0,68,949.6,0.0,5.2,2025-09-18 11:00:00
29.6,65,949.0,0.1,3.8,2025-09-18 12:00:00
29.7,64,948.1,0.1,4.2,2025-09-18 13:00:00
30.2,61,947.1,0.0,2.3,2025-09-18 14:00:00
30.5,59,946.2,0.0,2.8,2025-09-18 15:00:00
30.5,59,945.8,0.0,4.5,2025-09-18 16:00:00
29.6,65,945.9,0.0,2.5,2025-09-18 17:00:00
25.1,78,947.3,0.0,9.0,2025-09-18 18:00:00
24.6,84,947.0,0.0,4.0,2025-09-18 19:00:00
24.1,89,947.3,0.0,1.8,2025-09-18 20:00:00
23.5,93,947.7,0.0,3.1,2025-09-18 21:00:00
23.3,94,947.7,0.0,4.8,2025-09-18 22:00:00
23.1,93,947.8,0.0,4.6,2025-09-18 23:00:00
22.8,93,947.8,0.0,3.0,2025-09-19 00:00:00
22.3,94,947.4,0.0,1.8,2025-09-19 01:00:00
21.1,91,949.5,2.6,22.5,2025-09-19 02:00:00
21.7,90,946.7,0.1,6.8,2025-09-19 03:00:00
21.2,95,948.4,0.4,3.0,2025-09-19 04:00:00
20.9,95,948.1,0.0,0.2,2025-09-19 05:00:00
23.0,91,948.1,0.0,3.4,2025-09-19 06:00:00
23.6,88,948.8,0.0,5.8,2025-09-19 07:00:00
25.7,77,949.8,0.0,3.6,2025-09-19 08:00:00
27.5,69,950.3,0.0,0.7,2025-09-19 09:00:00
29.2,65,950.5,0.0,2.3,2025-09-19 10:00:00
30.4,62,950.5,0.0,3.8,2025-09-19 11:00:00
30.8,60,950.1,0.0,2.6,2025-09-19 12:00:00
31.6,54,949.5,0.0,3.1,2025-09-19 13:00:00
32.0,51,948.3,0.0,5.5,2025-09-19 14:00:00
31.9,49,947.4,0.0,5.3,2025-09-19 15:00:00
31.5,50,947.4,0.0,5.1,2025-09-19 16:00:00
30.7,56,947.1,0.0,3.3,2025-09-19 17:00:00
29.3,67,947.3,0.0,2.0,2025-09-19 18:00:00
27.6,74,947.4,0.0,3.7,2025-09-19 19:00:00
26.3,82,947.6,0.0,3.2,2025-09-19 20:00:00
25.7,80,948.4,0.0,8.3,2025-09-19 21:00:00
25.2,79,948.5,0.0,8.1,2025-09-19 22:00:00
24.6,80,948.4,0.0,5.4,2025-09-19 23:00:00
24.4,80,948.1,0.0,5.9,2025-09-20 00:00:00
23.8,82,947.8,0.0,5.3,2025-09-20 01:00:00
23.3,84,947.6,0.0,4.8,2025-09-20 02:00:00
23.0,86,947.3,0.0,3.9,2025-09-20 03:00:00
22.7,86,947.3,0.0,3.0,2025-09-20 04:00:00
22.4,86,947.4,0.0,3.5,2025-09-20 05:00:00
23.5,85,948.5,0.0,1.0,2025-09-20 06:00:00
24.1,84,949.3,0.0,4.5,2025-09-20 07:00:00
25.3,80,950.0,0.0,5.5,2025-09-20 08:00:00
27.1,74,950.7,0.0,5.8,2025-09-20 09:00:00
28.7,68,950.7,0.0,4.6,2025-09-20 10:00:00
30.3,61,950.5,0.0,2.3,2025-09-20 11:00:00
31.5,53,949.7,0.0,3.4,2025-09-20 12:00:00
32.1,49,949.1,0.0,5.6,2025-09-20 13:00:00
32.4,47,948.2,0.0,6.4,2025-09-20 14:00:00
32.2,47,947.3,0.0,6.8,2025-09-20 15:00:00
31.8,48,946.9,0.0,7.1,2025-09-20 16:00:00
30.7,53,946.7,0.0,5.7,2025-09-20 17:00:00
28.7,67,946.9,0.0,4.1,2025-09-20 18:00:00
26.7,74,946.6,0.0,4.6,2025-09-20 19:00:00
25.1,80,946.5,0.0,5.4,2025-09-20 20:00:00
24.0,83,946.5,0.0,6.5,2025-09-20 21:00:00
23.8,82,946.5,0.0,6.2,2025-09-20 22:00:00
24.1,78,946.5,0.0,7.0,2025-09-20 23:00:00
24.1,76,946.4,0.0,5.7,2025-09-21 00:00:00
23.7,78,946.0,0.0,5.2,2025-09-21 01:00:00
23.5,77,945.8,0.0,5.3,2025-09-21 02:00:00
23.2,75,945.2,0.0,5.0,2025-09-21 03:00:00
22.9,75,945.5,0.0,4.5,2025-09-21 04:00:00
22.4,77,945.8,0.0,3.6,2025-09-21 05:00:00
23.4,79,946.9,0.0,3.5,2025-09-21 06:00:00
23.9,75,947.8,0.0,5.5,2025-09-21 07:00:00
25.5,69,948.5,0.0,7.5,2025-09-21 08:00:00
27.6,58,949.1,0.0,7.9,2025-09-21 09:00:00
29.3,54,949.5,0.0,6.3,2025-09-21 10:00:00
30.7,51,949.2,0.0,3.8,2025-09-21 11:00:00
31.8,49,948.6,0.0,2.3,2025-09-21 12:00:00
32.6,47,947.7,0.0,3.4,2025-09-21 13:00:00
33.0,46,946.5,0.0,4.2,2025-09-21 14:00:00
33.1,45,946.0,0.0,4.6,2025-09-21 15:00:00
32.7,46,945.4,0.0,4.5,2025-09-21 16:00:00
31.8,52,945.3,0.0,4.0,2025-09-21 17:00:00
30.4,60,945.8,0.0,0.6,2025-09-21 18:00:00
28.1,68,945.8,0.0,2.9,2025-09-21 19:00:00
26.5,77,945.9,0.0,4.7,2025-09-21 20:00:00
25.7,79,945.9,0.0,6.3,2025-09-21 21:00:00
24.6,84,945.7,0.0,2.5,2025-09-21 22:00:00
24.0,86,945.8,0.0,0.9,2025-09-21 23:00:00
24.0,82,945.6,0.0,2.9,2025-09-22 00:00:00
23.8,81,945.3,0.0,2.3,2025-09-22 01:00:00
23.8,78,945.1,0.0,3.1,2025-09-22 02:00:00
23.3,80,945.1,0.0,3.0,2025-09-22 03:00:00
22.9,79,945.7,0.0,3.3,2025-09-22 04:00:00
22.4,79,946.3,0.0,6.6,2025-09-22 05:00:00
24.0,77,947.6,0.0,8.0,2025-09-22 06:00:00
24.8,74,948.5,0.0,8.5,2025-09-22 07:00:00
26.6,69,949.6,0.0,8.5,2025-09-22 08:00:00
28.6,66,950.3,0.0,9.7,2025-09-22 09:00:00
30.2,61,950.5,0.0,8.7,2025-09-22 10:00:00
31.4,55,950.1,0.0,6.9,2025-09-22 11:00:00
32.4,50,949.6,0.0,3.7,2025-09-22 12:00:00
33.1,46,948.7,0.0,1.6,2025-09-22 13:00:00
33.5,44,947.5,0.0,1.6,2025-09-22 14:00:00
33.8,43,946.9,0.0,2.5,2025-09-22 15:00:00
33.6,43,946.5,0.0,3.4,2025-09-22 16:00:00
32.9,45,946.2,0.0,3.4,2025-09-22 17:00:00
30.9,57,946.9,0.0,2.4,2025-09-22 18:00:00
29.0,63,946.6,0.0,5.8,2025-09-22 19:00:00
27.4,71,946.8,0.0,6.7,2025-09-22 20:00:00
26.3,75,946.9,0.0,6.3,2025-09-22 21:00:00
25.2,81,946.7,0.0,2.7,2025-09-22 22:00:00
24.6,84,946.4,0.0,3.4,2025-09-22 23:00:00
24.6,81,946.4,0.0,5.8,2025-09-23 00:00:00
24.6,75,945.8,0.0,5.3,2025-09-23 01:00:00
24.1,74,945.6,0.0,4.8,2025-09-23 02:00:00
23.8,73,945.6,0.0,5.4,2025-09-23 03:00:00
23.6,72,945.9,0.0,6.5,2025-09-23 04:00:00
23.2,73,946.7,0.0,6.0,2025-09-23 05:00:00
24.4,73,947.5,0.0,5.0,2025-09-23 06:00:00
25.1,69,948.2,0.0,7.2,2025-09-23 07:00:00
27.2,62,949.4,0.0,7.5,2025-09-23 08:00:00
29.5,55,950.0,0.0,9.2,2025-09-23 09:00:00
31.4,50,950.3,0.0,9.4,2025-09-23 10:00:00
33.0,44,950.0,0.0,7.5,2025-09-23 11:00:00
33.9,39,949.3,0.0,6.0,2025-09-23 12:00:00
34.7,37,948.3,0.0,4.3,2025-09-23 13:00:00
35.2,36,946.9,0.0,3.8,2025-09-23 14:00:00
35.2,36,946.2,0.0,4.0,2025-09-23 15:00:00
34.8,36,945.6,0.0,3.5,2025-09-23 16:00:00
33.9,37,945.2,0.0,1.7,2025-09-23 17:00:00
31.8,46,946.1,0.0,1.9,2025-09-23 18:00:00
29.7,56,945.8,0.0,6.9,2025-09-23 19:00:00
28.7,63,946.1,0.0,5.8,2025-09-23 20:00:00
27.2,70,946.1,0.0,4.0,2025-09-23 21:00:00
26.5,72,946.2,0.0,3.9,2025-09-23 22:00:00
26.3,70,946.0,0.0,4.7,2025-09-23 23:00:00
25.9,69,945.6,0.0,4.5,2025-09-24 00:00:00
25.4,69,945.0,0.0,5.4,2025-09-24 01:00:00
24.9,68,944.6,0.0,5.6,2025-09-24 02:00:00
24.5,69,944.6,0.0,6.5,2025-09-24 03:00:00
24.0,72,944.9,0.0,4.8,2025-09-24 04:00:00
23.7,73,945.2,0.0,4.8,2025-09-24 05:00:00
25.0,70,946.3,0.0,6.7,2025-09-24 06:00:00
25.4,68,947.0,0.0,7.8,2025-09-24 07:00:00
27.3,60,947.8,0.0,6.7,2025-09-24 08:00:00
29.2,55,948.3,0.0,8.0,2025-09-24 09:00:00
31.1,49,948.4,0.0,7.9,2025-09-24 10:00:00
32.8,44,948.2,0.0,6.3,2025-09-24 11:00:00
34.0,38,947.3,0.0,4.0,2025-09-24 12:00:00
35.0,34,946.3,0.0,2.8,2025-09-24 13:00:00
35.3,32,944.9,0.0,3.8,2025-09-24 14:00:00
35.3,31,944.2,0.0,5.2,2025-09-24 15:00:00
34.7,34,944.0,0.0,5.5,2025-09-24 16:00:00
33.7,37,943.9,0.0,4.7,2025-09-24 17:00:00
31.6,45,944.7,0.0,6.2,2025-09-24 18:00:00
30.4,48,944.4,0.0,8.0,2025-09-24 19:00:00
29.0,53,944.5,0.0,7.6,2025-09-24 20:00:00
27.3,64,944.8,0.0,6.6,2025-09-24 21:00:00
26.6,68,945.1,0.0,7.3,2025-09-24 22:00:00
26.5,64,945.1,0.0,7.9,2025-09-24 23:00:00
26.1,62,945.0,0.0,7.1,2025-09-25 00:00:00
25.5,63,945.1,0.0,8.8,2025-09-25 01:00:00
25.0,65,945.1,0.0,7.6,2025-09-25 02:00:00
24.7,67,945.3,0.0,6.6,2025-09-25 03:00:00
24.5,68,945.7,0.0,7.7,2025-09-25 04:00:00
24.2,69,946.0,0.0,7.6,2025-09-25 05:00:00
25.0,70,946.3,0.0,8.3,2025-09-25 06:00:00
25.4,68,946.7,0.0,8.0,2025-09-25 07:00:00
27.5,61,948.2,0.0,7.6,2025-09-25 08:00:00
22.4,78,950.6,3.9,28.3,2025-09-25 09:00:00
23.0,81,948.7,0.8,12.4,2025-09-25 10:00:00
27.1,62,949.3,0.0,8.6,2025-09-25 11:00:00
29.6,52,948.6,0.0,6.3,2025-09-25 12:00:00
31.0,48,947.6,0.0,6.8,2025-09-25 13:00:00
31.8,46,946.9,0.0,4.2,2025-09-25 14:00:00
31.4,48,946.5,0.1,4.3,2025-09-25 15:00:00
31.4,48,946.4,0.0,3.6,2025-09-25 16:00:00
30.2,55,946.5,0.0,6.8,2025-09-25 17:00:00
28.4,64,947.7,0.0,6.4,2025-09-25 18:00:00
27.0,72,947.7,0.0,5.7,2025-09-25 19:00:00
25.8,77,947.3,0.0,6.0,2025-09-25 20:00:00
24.6,82,947.6,0.0,6.2,2025-09-25 21:00:00
24.2,82,947.3,0.0,6.4,2025-09-25 22:00:00
23.8,80,947.2,0.0,8.0,2025-09-25 23:00:00
23.5,77,947.4,0.0,8.5,2025-09-26 00:00:00
23.4,74,947.5,0.0,9.0,2025-09-26 01:00:00
23.3,72,947.1,0.0,7.9,2025-09-26 02:00:00
22.8,74,947.0,0.0,5.0,2025-09-26 03:00:00
22.4,77,947.0,0.0,4.2,2025-09-26 04:00:00
22.3,78,947.3,0.0,3.5,2025-09-26 05:00:00
22.4,76,948.2,0.0,3.5,2025-09-26 06:00:00
23.5,71,949.1,0.0,4.1,2025-09-26 07:00:00
26.1,59,949.9,0.0,2.9,2025-09-26 08:00:00
28.5,51,950.9,0.0,3.3,2025-09-26 09:00:00
30.4,44,950.8,0.0,6.4,2025-09-26 10:00:00
31.9,39,950.6,0.0,8.1,2025-09-26 11:00:00
32.7,37,949.9,0.0,9.6,2025-09-26 12:00:00
33.1,37,949.2,0.0,10.5,2025-09-26 13:00:00
33.3,36,948.4,0.0,10.3,2025-09-26 14:00:00
33.2,36,947.7,0.0,10.2,2025-09-26 15:00:00
32.5,37,947.5,0.0,10.3,2025-09-26 16:00:00
31.0,41,947.4,0.0,8.9,2025-09-26 17:00:00
28.7,50,947.7,0.0,7.2,2025-09-26 18:00:00
26.5,58,947.6,0.0,8.8,2025-09-26 19:00:00
25.2,62,947.6,0.0,9.3,2025-09-26 20:00:00
24.7,62,947.9,0.0,8.6,2025-09-26 21:00:00
24.2,60,947.8,0.0,7.1,2025-09-26 22:00:00
23.8,57,948.1,0.0,7.6,2025-09-26 23:00:00
23.8,54,948.3,0.0,8.3,2025-09-27 00:00:00
23.9,54,948.4,0.0,8.5,2025-09-27 01:00:00
23.5,55,948.2,0.0,6.3,2025-09-27 02:00:00
22.5,63,948.5,0.0,3.3,2025-09-27 03:00:00
21.8,69,949.2,0.0,2.8,2025-09-27 04:00:00
20.8,74,949.9,0.0,3.7,2025-09-27 05:00:00
21.9,69,950.5,0.0,6.0,2025-09-27 06:00:00
23.0,61,951.3,0.0,7.8,2025-09-27 07:00:00
25.6,51,952.4,0.0,6.4,2025-09-27 08:00:00
28.6,42,953.3,0.0,5.2,2025-09-27 09:00:00
31.0,37,953.8,0.0,4.7,2025-09-27 10:00:00
32.8,34,953.5,0.0,2.4,2025-09-27 11:00:00
34.3,30,953.0,0.0,1.7,2025-09-27 12:00:00
35.2,29,952.3,0.0,4.9,2025-09-27 13:00:00
35.1,30,951.1,0.0,7.8,2025-09-27 14:00:00
34.6,31,950.5,0.0,9.8,2025-09-27 15:00:00
33.8,32,950.2,0.0,9.8,2025-09-27 16:00:00
32.2,39,949.9,0.0,8.0,2025-09-27 17:00:00
29.9,49,950.5,0.0,6.9,2025-09-27 18:00:00
27.7,60,950.0,0.0,7.5,2025-09-27 19:00:00
25.9,69,949.6,0.0,6.9,2025-09-27 20:00:00
25.0,73,949.6,0.0,5.1,2025-09-27 21:00:00
24.7,72,949.7,0.0,3.2,2025-09-27 22:00:00
25.1,65,949.6,0.0,3.4,2025-09-27 23:00:00
25.0,59,949.4,0.0,4.0,2025-09-28 00:00:00
24.5,58,949.2,0.0,2.9,2025-09-28 01:00:00
23.8,57,948.9,0.0,2.3,2025-09-28 02:00:00
23.3,56,948.8,0.0,2.3,2025-09-28 03:00:00
22.9,55,948.9,0.0,2.1,2025-09-28 04:00:00
22.6,54,949.5,0.0,2.9,2025-09-28 05:00:00
23.3,59,950.1,0.0,3.5,2025-09-28 06:00:00
24.2,56,950.8,0.0,6.6,2025-09-28 07:00:00
26.2,51,951.8,0.0,7.8,2025-09-28 08:00:00
29.1,41,952.8,0.0,7.7,2025-09-28 09:00:00
31.2,40,953.0,0.0,8.9,2025-09-28 10:00:00
32.9,38,952.8,0.0,9.1,2025-09-28 11:00:00
34.3,33,952.2,0.0,7.9,2025-09-28 12:00:00
35.1,29,951.3,0.0,5.3,2025-09-28 13:00:00
35.6,27,950.0,0.0,2.6,2025-09-28 14:00:00
35.6,26,948.8,0.0,0.3,2025-09-28 15:00:00
35.2,27,948.4,0.0,3.0,2025-09-28 16:00:00
33.4,35,948.1,0.0,6.7,2025-09-28 17:00:00
31.6,38,948.4,0.0,6.2,2025-09-28 18:00:00
29.2,51,948.3,0.0,7.8,2025-09-28 19:00:00
27.5,59,947.7,0.0,8.3,2025-09-28 20:00:00
26.2,67,947.8,0.0,5.6,2025-09-28 21:00:00
25.4,70,948.1,0.0,4.0,2025-09-28 22:00:00
25.0,70,947.8,0.0,5.0,2025-09-28 23:00:00
24.6,67,948.1,0.0,7.3,2025-09-29 00:00:00
24.0,64,948.0,0.0,8.9,2025-09-29 01:00:00
23.5,63,947.9,0.0,8.7,2025-09-29 02:00:00
23.2,63,947.8,0.0,8.3,2025-09-29 03:00:00
23.2,62,947.7,0.0,8.0,2025-09-29 04:00:00
23.1,62,948.0,0.0,6.4,2025-09-29 05:00:00
24.1,62,948.6,0.0,6.0,2025-09-29 06:00:00
24.6,60,949.3,0.0,7.0,2025-09-29 07:00:00
26.6,55,950.3,0.0,5.8,2025-09-29 08:00:00
29.1,47,950.9,0.0,6.3,2025-09-29 09:00:00
31.1,44,951.1,0.0,6.5,2025-09-29 10:00:00
32.7,39,950.7,0.0,4.7,2025-09-29 11:00:00
34.2,33,950.1,0.0,2.3,2025-09-29 12:00:00
34.8,30,948.8,0.0,1.7,2025-09-29 13:00:00
35.3,27,947.9,0.0,5.2,2025-09-29 14:00:00
34.8,27,947.2,0.0,8.5,2025-09-29 15:00:00
33.9,29,946.8,0.0,10.3,2025-09-29 16:00:00
32.3,34,946.4,0.0,9.7,2025-09-29 17:00:00
30.3,42,946.7,0.0,8.7,2025-09-29 18:00:00
28.3,49,946.5,0.0,8.2,2025-09-29 19:00:00
26.2,59,946.1,0.0,8.2,2025-09-29 20:00:00
24.8,67,945.8,0.0,6.5,2025-09-29 21:00:00
24.1,70,945.9,0.0,5.8,2025-09-29 22:00:00
24.1,67,945.8,0.0,6.0,2025-09-29 23:00:00
24.5,61,945.9,0.0,5.0,2025-09-30 00:00:00
24.2,58,945.8,0.0,2.3,2025-09-30 01:00:00
23.8,57,945.6,0.0,1.4,2025-09-30 02:00:00
23.2,57,945.5,0.0,1.5,2025-09-30 03:00:00
22.9,57,945.5,0.0,2.0,2025-09-30 04:00:00
22.9,56,945.3,0.0,1.9,2025-09-30 05:00:00
23.9,57,946.1,0.0,4.9,2025-09-30 06:00:00
24.7,55,946.6,0.0,5.1,2025-09-30 07:00:00
27.4,46,947.6,0.0,1.7,2025-09-30 08:00:00
29.9,38,948.2,0.0,1.4,2025-09-30 09:00:00
32.0,33,948.3,0.0,3.0,2025-09-30 10:00:00
33.3,33,948.0,0.0,6.8,2025-09-30 11:00:00
33.9,33,947.2,0.0,9.1,2025-09-30 12:00:00
34.1,32,946.5,0.0,10.4,2025-09-30 13:00:00
34.2,31,945.7,0.0,10.2,2025-09-30 14:00:00
34.2,31,944.9,0.0,8.8,2025-09-30 15:00:00
33.8,32,944.6,0.0,6.7,2025-09-30 16:00:00
32.8,35,944.4,0.0,4.4,2025-09-30 17:00:00
30.7,44,944.2,0.0,6.4,2025-09-30 18:00:00
29.1,52,944.0,0.0,5.6,2025-09-30 19:00:00
27.7,57,944.5,0.0,5.4,2025-09-30 20:00:00
26.9,60,944.8,0.0,4.8,2025-09-30 21:00:00
26.4,60,945.3,0.0,1.6,2025-09-30 22:00:00
25.8,59,945.4,0.0,3.2,2025-09-30 23:00:00
25.3,55,945.1,0.0,4.5,2025-10-01 00:00:00
25.0,52,945.0,0.0,5.1,2025-10-01 01:00:00
24.4,51,944.7,0.0,3.7,2025-10-01 02:00:00
23.9,51,944.3,0.0,3.7,2025-10-01 03:00:00
23.3,53,944.3,0.0,2.9,2025-10-01 04:00:00
24.4,64,945.1,0.0,5.2,2025-10-01 05:00:00
24.2,66,945.9,0.0,10.7,2025-10-01 06:00:00
20.5,83,947.4,7.0,9.4,2025-10-01 07:00:00
20.7,89,947.7,0.8,9.6,2025-10-01 08:00:00
23.4,80,947.9,0.3,7.2,2025-10-01 09:00:00
26.2,67,948.1,0.0,5.1,2025-10-01 10:00:00
29.1,59,948.3,0.0,2.1,2025-10-01 11:00:00
30.4,55,947.6,0.0,6.6,2025-10-01 12:00:00
30.5,56,946.9,0.0,4.6,2025-10-01 13:00:00
31.0,51,946.1,0.0,7.8,2025-10-01 14:00:00
30.8,48,945.3,0.0,10.3,2025-10-01 15:00:00
30.0,51,944.8,0.0,10.9,2025-10-01 16:00:00
30.5,43,944.9,0.0,11.1,2025-10-01 17:00:00
28.8,52,944.9,0.0,8.6,2025-10-01 18:00:00
27.1,60,944.9,0.0,9.2,2025-10-01 19:00:00
25.7,68,945.1,0.0,8.1,2025-10-01 20:00:00
24.2,77,945.3,0.0,3.6,2025-10-01 21:00:00
23.3,82,945.6,0.0,3.1,2025-10-01 22:00:00
24.4,76,945.6,0.0,4.2,2025-10-01 23:00:00
24.3,78,945.7,0.0,0.6,2025-10-02 00:00:00
24.6,69,946.5,0.0,8.7,2025-10-02 01:00:00
24.4,66,946.6,0.0,8.6,2025-10-02 02:00:00
24.4,68,946.0,0.0,5.6,2025-10-02 03:00:00
24.0,69,946.9,0.0,6.0,2025-10-02 04:00:00
22.4,76,946.7,0.0,8.1,2025-10-02 05:00:00
21.9,81,947.6,0.0,3.8,2025-10-02 06:00:00
22.4,81,948.8,0.0,5.9,2025-10-02 07:00:00
23.7,74,950.6,0.0,5.5,2025-10-02 08:00:00
25.0,70,951.2,0.0,5.1,2025-10-02 09:00:00
27.1,65,951.4,0.0,4.0,2025-10-02 10:00:00
29.9,52,951.6,0.0,3.8,2025-10-02 11:00:00
30.9,49,951.7,0.0,5.1,2025-10-02 12:00:00
29.9,52,951.5,1.7,2.7,2025-10-02 13:00:00
30.6,49,950.4,0.0,5.0,2025-10-02 14:00:00
30.5,48,949.8,0.0,6.8,2025-10-02 15:00:00
30.1,50,949.6,0.0,6.6,2025-10-02 16:00:00
28.1,68,949.1,0.0,3.9,2025-10-02 17:00:00
26.5,77,949.2,0.0,5.7,2025-10-02 18:00:00
25.4,82,949.4,0.0,3.8,2025-10-02 19:00:00
24.8,80,949.9,0.0,2.1,2025-10-02 20:00:00
23.7,84,950.2,0.0,1.6,2025-10-02 21:00:00
23.4,82,950.5,0.0,3.1,2025-10-02 22:00:00
25.8,64,950.3,0.0,7.7,2025-10-02 23:00:00
25.0,68,950.9,0.0,8.5,2025-10-03 00:00:00
24.4,66,951.4,0.0,13.4,2025-10-03 01:00:00
24.8,64,950.8,0.0,11.8,2025-10-03 02:00:00
22.9,75,951.4,0.5,10.0,2025-10-03 03:00:00
21.8,76,951.7,0.0,18.7,2025-10-03 04:00:00
21.3,90,952.1,0.8,12.5,2025-10-03 05:00:00
21.6,85,952.1,0.0,9.4,2025-10-03 06:00:00
22.0,72,953.8,0.3,4.9,2025-10-03 07:00:00
21.5,86,953.7,0.9,4.3,2025-10-03 08:00:00
23.7,75,955.7,0.3,2.2,2025-10-03 09:00:00
25.5,63,955.7,0.0,2.3,2025-10-03 10:00:00
25.2,59,955.9,0.0,4.6,2025-10-03 11:00:00
26.9,53,956.0,0.0,8.5,2025-10-03 12:00:00
27.4,53,954.8,0.0,5.3,2025-10-03 13:00:00
27.8,53,953.8,0.0,7.1,2025-10-03 14:00:00
27.8,53,953.1,0.0,7.6,2025-10-03 15:00:00
27.4,53,952.3,0.0,8.0,2025-10-03 16:00:00
27.0,67,952.7,0.0,7.0,2025-10-03 17:00:00
25.2,75,952.2,0.0,6.4,2025-10-03 18:00:00
24.0,81,952.1,0.0,7.3,2025-10-03 19:00:00
23.1,83,952.2,0.0,6.3,2025-10-03 20:00:00
22.4,84,952.4,0.0,6.9,2025-10-03 21:00:00
22.1,82,952.6,0.0,7.0,2025-10-03 22:00:00
22.2,80,952.6,0.0,10.3,2025-10-03 23:00:00
22.1,80,952.3,0.0,7.0,2025-10-04 00:00:00
21.7,82,952.2,0.0,4.6,2025-10-04 01:00:00
21.6,82,951.7,0.0,4.6,2025-10-04 02:00:00
21.4,81,951.6,0.0,4.2,2025-10-04 03:00:00
21.2,79,951.3,0.0,5.5,2025-10-04 04:00:00
21.1,77,951.4,0.3,5.7,2025-10-04 05:00:00
21.0,76,951.1,0.0,4.4,2025-10-04 06:00:00
19.3,82,953.1,3.2,12.8,2025-10-04 07:00:00
20.2,84,952.9,0.0,2.9,2025-10-04 08:00:00
22.0,75,953.6,0.0,4.0,2025-10-04 09:00:00
24.2,66,953.6,0.0,2.7,2025-10-04 10:00:00
25.3,66,953.6,0.0,7.0,2025-10-04 11:00:00
26.2,64,952.4,0.0,3.0,2025-10-04 12:00:00
27.6,61,951.2,0.0,0.9,2025-10-04 13:00:00
28.2,57,950.1,0.0,1.7,2025-10-04 14:00:00
27.4,57,949.5,0.0,2.6,2025-10-04 15:00:00
27.3,57,948.9,0.0,3.9,2025-10-04 16:00:00
25.6,65,948.0,0.0,3.8,2025-10-04 17:00:00
24.2,76,947.7,0.0,2.6,2025-10-04 18:00:00
23.3,77,948.2,0.0,5.0,2025-10-04 19:00:00
23.2,74,948.3,0.0,6.3,2025-10-04 20:00:00
22.3,77,948.1,0.0,5.3,2025-10-04 21:00:00
21.2,81,948.5,0.0,3.8,2025-10-04 22:00:00
20.8,82,948.4,0.0,2.5,2025-10-04 23:00:00
20.8,79,948.3,0.0,4.1,2025-10-05 00:00:00
20.6,77,947.8,0.0,4.4,2025-10-05 01:00:00
20.7,72,946.9,0.0,6.2,2025-10-05 02:00:00
20.2,72,946.1,0.0,5.0,2025-10-05 03:00:00
19.8,71,947.9,0.4,16.7,2025-10-05 04:00:00
19.2,89,947.0,0.0,2.9,2025-10-05 05:00:00
19.1,87,947.8,0.0,5.7,2025-10-05 06:00:00
19.6,80,948.9,0.0,10.3,2025-10-05 07:00:00
21.6,70,949.9,0.0,8.6,2025-10-05 08:00:00
23.4,62,950.7,0.0,9.4,2025-10-05 09:00:00
24.9,56,950.8,0.0,11.4,2025-10-05 10:00:00
24.8,54,951.8,0.0,13.3,2025-10-05 11:00:00
24.7,55,951.9,0.0,10.1,2025-10-05 12:00:00
24.1,57,951.0,0.0,2.8,2025-10-05 13:00:00
25.0,55,950.7,0.1,1.3,2025-10-05 14:00:00
25.1,55,949.7,0.1,5.7,2025-10-05 15:00:00
24.7,55,949.2,0.2,5.1,2025-10-05 16:00:00
23.4,58,948.8,0.0,12.3,2025-10-05 17:00:00
21.9,60,947.9,0.0,10.6,2025-10-05 18:00:00
21.1,66,948.3,0.0,6.0,2025-10-05 19:00:00
20.4,71,948.6,0.0,6.4,2025-10-05 20:00:00
20.2,70,948.4,0.0,12.6,2025-10-05 21:00:00
19.9,72,948.7,0.0,11.5,2025-10-05 22:00:00
19.1,75,949.8,0.0,21.0,2025-10-05 23:00:00
19.6,72,949.3,0.0,12.9,2025-10-06 00:00:00
19.1,73,949.2,0.0,9.1,2025-10-06 01:00:00
18.5,74,948.4,0.0,6.4,2025-10-06 02:00:00
17.1,83,949.1,0.0,6.2,2025-10-06 03:00:00
16.8,85,948.2,0.0,6.4,2025-10-06 04:00:00
17.7,76,948.8,0.1,3.1,2025-10-06 05:00:00
17.2,82,949.8,0.0,5.6,2025-10-06 06:00:00
16.8,86,951.5,0.2,11.5,2025-10-06 07:00:00
16.8,88,951.6,1.8,5.1,2025-10-06 08:00:00
17.9,82,951.8,0.3,3.1,2025-10-06 09:00:00
18.8,80,952.9,4.7,9.4,2025-10-06 10:00:00
18.1,85,952.6,3.5,7.0,2025-10-06 11:00:00
16.7,94,952.0,7.1,7.7,2025-10-06 12:00:00
16.5,93,951.9,4.9,5.7,2025-10-06 13:00:00
16.8,91,951.2,1.6,6.8,2025-10-06 14:00:00
17.3,89,951.1,1.7,5.2,2025-10-06 15:00:00
17.2,91,950.9,1.7,9.0,2025-10-06 16:00:00
17.5,88,950.6,0.7,8.6,2025-10-06 17:00:00
17.4,81,950.6,0.2,9.6,2025-10-06 18:00:00
16.8,80,951.2,0.3,9.2,2025-10-06 19:00:00
16.8,79,951.4,1.1,6.4,2025-10-06 20:00:00
16.2,86,951.3,0.1,5.9,2025-10-06 21:00:00
15.8,90,950.9,0.0,8.2,2025-10-06 22:00:00
15.7,85,951.2,0.0,2.8,2025-10-06 23:00:00
15.0,86,951.1,0.0,1.4,2025-10-07 00:00:00
15.2,90,951.4,0.0,7.1,2025-10-07 01:00:00
14.9,92,951.2,1.0,9.0,2025-10-07 02:00:00
14.6,94,951.0,0.1,6.9,2025-10-07 03:00:00
14.2,95,950.6,0.0,3.1,2025-10-07 04:00:00
14.3,96,951.0,1.7,8.2,2025-10-07 05:00:00
14.5,95,951.2,0.9,4.0,2025-10-07 06:00:00
15.1,95,951.8,0.0,3.7,2025-10-07 07:00:00
17.1,86,952.6,0.0,2.9,2025-10-07 08:00:00
18.7,73,953.2,0.0,2.2,2025-10-07 09:00:00
20.3,63,953.5,0.0,0.0,2025-10-07 10:00:00
21.3,58,953.5,0.0,1.0,2025-10-07 11:00:00
22.0,59,953.3,0.0,1.9,2025-10-07 12:00:00
22.0,58,952.9,0.0,6.1,2025-10-07 13:00:00
21.2,60,952.6,0.3,7.4,2025-10-07 14:00:00
21.0,62,952.4,0.1,3.5,2025-10-07 15:00:00
20.6,65,952.5,0.0,12.9,2025-10-07 16:00:00
19.0,75,952.1,0.0,8.6,2025-10-07 17:00:00
17.8,83,952.0,0.0,4.4,2025-10-07 18:00:00
17.5,82,952.2,0.0,6.3,2025-10-07 19:00:00
17.1,81,952.2,0.0,4.5,2025-10-07 20:00:00
16.3,86,952.2,0.0,2.9,2025-10-07 21:00:00
15.6,89,952.2,0.0,2.2,2025-10-07 22:00:00
16.1,85,952.9,0.0,4.3,2025-10-07 23:00:00
15.9,88,952.7,0.0,4.0,2025-10-08 00:00:00
15.6,88,952.9,0.0,2.0,2025-10-08 01:00:00
15.5,86,952.8,0.0,1.8,2025-10-08 02:00:00
15.4,83,952.8,0.0,1.1,2025-10-08 03:00:00
15.0,83,952.7,0.0,1.5,2025-10-08 04:00:00
15.0,83,952.9,0.0,3.3,2025-10-08 05:00:00
15.6,78,953.1,0.0,3.8,2025-10-08 06:00:00
16.4,76,953.6,0.0,3.6,2025-10-08 07:00:00
18.9,71,954.4,0.0,4.4,2025-10-08 08:00:00
21.2,62,955.1,0.0,3.5,2025-10-08 09:00:00
23.1,55,955.4,0.0,5.7,2025-10-08 10:00:00
24.5,48,955.0,0.0,7.9,2025-10-08 11:00:00
25.2,47,954.5,0.0,8.9,2025-10-08 12:00:00
25.6,48,953.4,0.0,9.0,2025-10-08 13:00:00
25.5,50,952.6,0.0,9.5,2025-10-08 14:00:00
25.3,51,952.0,0.0,9.9,2025-10-08 15:00:00
24.6,52,951.6,0.0,9.4,2025-10-08 16:00:00
23.4,58,952.7,0.0,9.0,2025-10-08 17:00:00
21.4,65,952.3,0.0,5.9,2025-10-08 18:00:00
20.1,71,952.6,0.0,7.0,2025-10-08 19:00:00
18.9,78,952.6,0.0,6.6,2025-10-08 20:00:00
18.5,81,953.0,0.0,6.3,2025-10-08 21:00:00
17.9,82,953.1,0.0,5.9,2025-10-08 22:00:00
18.0,79,952.9,0.0,7.2,2025-10-08 23:00:00
17.4,84,952.7,0.0,4.8,2025-10-09 00:00:00
17.3,83,952.8,0.0,4.7,2025-10-09 01:00:00
17.2,80,952.6,0.0,3.2,2025-10-09 02:00:00
16.9,76,952.6,0.0,3.2,2025-10-09 03:00:00
16.6,73,952.5,0.0,2.7,2025-10-09 04:00:00
16.5,72,952.8,0.0,3.5,2025-10-09 05:00:00
16.5,73,953.3,0.0,2.8,2025-10-09 06:00:00
17.2,76,954.4,0.0,2.8,2025-10-09 07:00:00
19.0,71,955.4,0.0,3.3,2025-10-09 08:00:00
21.0,63,956.3,0.0,3.1,2025-10-09 09:00:00
23.0,54,956.8,0.0,2.5,2025-10-09 10:00:00
24.3,51,957.1,0.0,1.8,2025-10-09 11:00:00
25.5,49,956.7,0.0,2.7,2025-10-09 12:00:00
26.2,46,956.3,0.0,2.6,2025-10-09 13:00:00
26.5,45,955.4,0.0,2.6,2025-10-09 14:00:00
26.5,44,954.9,0.0,3.5,2025-10-09 15:00:00
26.1,47,954.4,0.0,2.2,2025-10-09 16:00:00
25.0,61,954.3,0.0,1.1,2025-10-09 17:00:00
22.3,67,953.9,0.0,2.6,2025-10-09 18:00:00
20.5,76,954.0,0.0,5.9,2025-10-09 19:00:00
19.5,77,953.8,0.0,6.8,2025-10-09 20:00:00
18.8,76,953.7,0.0,6.9,2025-10-09 21:00:00
18.2,77,953.5,0.0,7.1,2025-10-09 22:00:00
18.9,70,953.3,0.0,10.0,2025-10-09 23:00:00
18.9,71,953.1,0.0,6.7,2025-10-10 00:00:00
18.3,74,952.7,0.0,4.6,2025-10-10 01:00:00
17.8,74,952.1,0.0,4.2,2025-10-10 02:00:00
17.1,75,951.7,0.0,4.3,2025-10-10 03:00:00
16.6,75,951.3,0.0,6.0,2025-10-10 04:00:00
16.7,73,951.2,0.0,6.8,2025-10-10 05:00:00
16.4,76,951.4,0.0,4.3,2025-10-10 06:00:00
17.1,76,952.0,0.0,5.1,2025-10-10 07:00:00
20.0,68,953.3,0.0,3.9,2025-10-10 08:00:00
22.5,61,954.0,0.0,1.3,2025-10-10 09:00:00
24.2,56,954.0,0.0,2.7,2025-10-10 10:00:00
25.8,49,954.5,0.0,5.4,2025-10-10 11:00:00
26.6,45,954.0,0.0,6.5,2025-10-10 12:00:00
27.0,42,953.3,0.0,6.6,2025-10-10 13:00:00
27.3,40,952.8,0.0,6.5,2025-10-10 14:00:00
27.1,41,952.3,0.0,5.9,2025-10-10 15:00:00
26.5,45,952.1,0.0,3.1,2025-10-10 16:00:00
25.4,59,951.8,0.0,1.5,2025-10-10 17:00:00
22.6,65,951.6,0.0,3.9,2025-10-10 18:00:00
21.2,68,951.9,0.0,4.9,2025-10-10 19:00:00
20.2,73,951.8,0.0,4.5,2025-10-10 20:00:00
19.6,72,952.1,0.0,6.2,2025-10-10 21:00:00
18.9,73,952.2,0.0,5.1,2025-10-10 22:00:00
19.2,69,952.5,0.0,1.8,2025-10-10 23:00:00
19.9,60,952.8,0.0,1.1,2025-10-11 00:00:00
19.0,64,952.5,0.0,3.4,2025-10-11 01:00:00
18.8,64,952.5,0.0,4.2,2025-10-11 02:00:00
18.4,66,952.2,0.0,3.8,2025-10-11 03:00:00
18.0,67,952.0,0.0,3.1,2025-10-11 04:00:00
18.3,68,952.0,0.0,5.3,2025-10-11 05:00:00
17.5,72,952.6,0.0,5.0,2025-10-11 06:00:00
17.6,73,953.0,0.0,5.4,2025-10-11 07:00:00
20.6,68,954.1,0.0,5.1,2025-10-11 08:00:00
23.3,59,954.9,0.0,2.6,2025-10-11 09:00:00
25.2,53,955.1,0.0,5.1,2025-10-11 10:00:00
26.7,44,955.2,0.0,10.3,2025-10-11 11:00:00
26.9,45,955.0,0.0,11.5,2025-10-11 12:00:00
27.3,43,954.6,0.0,12.3,2025-10-11 13:00:00
27.2,42,953.8,0.0,12.7,2025-10-11 14:00:00
26.9,41,953.4,0.0,11.4,2025-10-11 15:00:00
26.0,46,953.0,0.0,8.5,2025-10-11 16:00:00
24.3,53,952.7,0.0,8.3,2025-10-11 17:00:00
21.8,60,952.3,0.0,7.8,2025-10-11 18:00:00
20.1,68,952.4,0.0,7.5,2025-10-11 19:00:00
18.8,75,952.1,0.0,7.6,2025-10-11 20:00:00
18.3,74,952.3,0.0,7.0,2025-10-11 21:00:00
17.7,70,952.1,0.0,6.0,2025-10-11 22:00:00
17.6,66,951.8,0.0,8.7,2025-10-11 23:00:00
17.3,66,951.7,0.0,6.6,2025-10-12 00:00:00
17.4,65,951.5,0.0,7.4,2025-10-12 01:00:00
17.8,63,951.2,0.0,7.1,2025-10-12 02:00:00
17.6,65,950.7,0.0,6.6,2025-10-12 03:00:00
17.3,66,950.6,0.0,6.0,2025-10-12 04:00:00
17.0,69,950.4,0.0,5.0,2025-10-12 05:00:00
16.7,71,950.7,0.0,4.0,2025-10-12 06:00:00
17.2,72,951.5,0.0,4.6,2025-10-12 07:00:00
19.8,68,952.7,0.0,3.8,2025-10-12 08:00:00
22.3,60,953.7,0.0,0.6,2025-10-12 09:00:00
24.1,57,954.0,0.0,2.1,2025-10-12 10:00:00
25.6,53,954.2,0.0,3.2,2025-10-12 11:00:00
26.8,47,953.7,0.0,4.9,2025-10-12 12:00:00
27.6,41,953.2,0.0,6.3,2025-10-12 13:00:00
27.9,38,952.5,0.0,6.7,2025-10-12 14:00:00
27.7,38,952.3,0.0,5.8,2025-10-12 15:00:00
27.1,44,952.0,0.0,3.2,2025-10-12 16:00:00
25.5,59,951.7,0.0,2.2,2025-10-12 17:00:00
23.0,64,951.8,0.0,3.9,2025-10-12 18:00:00
22.2,64,952.1,0.0,5.2,2025-10-12 19:00:00
20.8,68,952.2,0.0,6.1,2025-10-12 20:00:00
19.4,70,952.3,0.0,5.8,2025-10-12 21:00:00
18.9,68,952.2,0.0,3.1,2025-10-12 22:00:00
19.1,62,952.4,0.0,3.1,2025-10-12 23:00:00
19.5,56,952.4,0.0,2.1,2025-10-13 00:00:00
19.1,54,952.4,0.0,4.5,2025-10-13 01:00:00
18.5,59,951.8,0.0,5.2,2025-10-13 02:00:00
18.0,61,951.4,0.0,4.9,2025-10-13 03:00:00
17.6,64,951.0,0.0,4.5,2025-10-13 04:00:00
17.7,62,951.1,0.0,5.6,2025-10-13 05:00:00
17.0,65,951.3,0.0,4.5,2025-10-13 06:00:00
17.4,67,952.1,0.0,4.4,2025-10-13 07:00:00
20.0,63,953.2,0.0,4.6,2025-10-13 08:00:00
22.6,56,954.2,0.0,0.4,2025-10-13 09:00:00
24.6,52,954.5,0.0,2.3,2025-10-13 10:00:00
26.3,48,955.0,0.0,4.0,2025-10-13 11:00:00
27.4,42,954.6,0.0,6.5,2025-10-13 12:00:00
27.9,39,954.0,0.0,7.4,2025-10-13 13:00:00
28.1,39,953.2,0.0,6.7,2025-10-13 14:00:00
28.0,40,952.8,0.0,5.6,2025-10-13 15:00:00
27.6,45,952.5,0.0,2.3,2025-10-13 16:00:00
25.7,60,952.3,0.0,2.5,2025-10-13 17:00:00
23.5,60,952.5,0.0,3.6,2025-10-13 18:00:00
22.5,61,952.8,0.0,6.3,2025-10-13 19:00:00
21.0,67,952.8,0.0,7.8,2025-10-13 20:00:00
19.2,75,953.2,0.0,5.1,2025-10-13 21:00:00
19.4,69,953.4,0.0,7.9,2025-10-13 22:00:00
19.6,70,953.4,0.0,5.4,2025-10-13 23:00:00
19.5,71,953.1,0.0,6.8,2025-10-14 00:00:00
19.2,73,952.9,0.0,5.7,2025-10-14 01:00:00
18.8,75,952.3,0.0,4.2,2025-10-14 02:00:00
18.5,77,951.7,0.0,3.5,2025-10-14 03:00:00
18.1,77,950.9,0.0,2.5,2025-10-14 04:00:00
19.0,72,951.4,0.0,3.2,2025-10-14 05:00:00
18.8,73,951.4,0.0,1.7,2025-10-14 06:00:00
19.0,75,951.9,0.0,2.4,2025-10-14 07:00:00
20.8,71,952.6,0.0,3.2,2025-10-14 08:00:00
22.8,64,953.2,0.0,2.1,2025-10-14 09:00:00
24.7,59,953.3,0.0,3.8,2025-10-14 10:00:00
26.5,53,953.1,0.0,5.1,2025-10-14 11:00:00
27.3,49,952.6,0.0,6.9,2025-10-14 12:00:00
27.7,47,952.0,0.0,8.2,2025-10-14 13:00:00
27.9,46,951.2,0.0,6.9,2025-10-14 14:00:00
28.1,46,951.0,0.0,3.3,2025-10-14 15:00:00
27.9,49,950.8,0.0,2.0,2025-10-14 16:00:00
26.3,61,950.7,0.0,7.1,2025-10-14 17:00:00
24.0,67,950.8,0.0,8.4,2025-10-14 18:00:00
22.9,66,951.3,0.0,7.8,2025-10-14 19:00:00
21.9,66,951.9,0.0,10.7,2025-10-14 20:00:00
21.1,70,952.6,0.0,8.1,2025-10-14 21:00:00
20.2,74,952.8,0.0,8.1,2025-10-14 22:00:00
20.1,80,952.8,0.0,8.6,2025-10-14 23:00:00
20.4,79,952.7,0.0,7.5,2025-10-15 00:00:00
20.0,81,952.8,0.0,6.2,2025-10-15 01:00:00
19.8,81,952.3,0.0,5.0,2025-10-15 02:00:00
19.5,81,952.1,0.0,4.5,2025-10-15 03:00:00
19.1,82,951.5,0.0,3.6,2025-10-15 04:00:00
19.7,75,951.8,0.0,1.6,2025-10-15 05:00:00
19.9,74,952.2,0.0,1.5,2025-10-15 06:00:00
20.1,77,952.8,0.0,1.2,2025-10-15 07:00:00
22.0,70,953.7,0.0,1.7,2025-10-15 08:00:00
23.8,64,954.3,0.0,3.1,2025-10-15 09:00:00
25.5,58,954.4,0.0,5.7,2025-10-15 10:00:00
26.7,53,954.4,0.0,7.0,2025-10-15 11:00:00
27.5,48,954.1,0.0,8.2,2025-10-15 12:00:00
28.0,43,953.5,0.0,8.8,2025-10-15 13:00:00
28.1,41,952.8,0.0,8.1,2025-10-15 14:00:00
28.1,39,952.8,0.0,6.8,2025-10-15 15:00:00
27.5,43,952.5,0.0,3.7,2025-10-15 16:00:00
25.8,59,952.2,0.0,2.8,2025-10-15 17:00:00
23.4,66,952.1,0.0,3.6,2025-10-15 18:00:00
22.0,72,952.3,0.0,4.9,2025-10-15 19:00:00
20.8,76,952.2,0.0,3.6,2025-10-15 20:00:00
19.9,78,952.7,0.0,2.6,2025-10-15 21:00:00
19.8,75,952.8,0.0,5.0,2025-10-15 22:00:00
20.1,70,952.7,0.0,4.8,2025-10-15 23:00:00
19.0,78,952.3,0.0,1.4,2025-10-16 00:00:00
18.9,76,952.5,0.0,2.4,2025-10-16 01:00:00
18.6,75,951.7,0.0,4.0,2025-10-16 02:00:00
18.4,75,951.5,0.0,4.0,2025-10-16 03:00:00
18.0,76,951.1,0.0,3.6,2025-10-16 04:00:00
18.4,73,951.3,0.0,6.0,2025-10-16 05:00:00
17.6,78,951.3,0.0,4.5,2025-10-16 06:00:00
17.9,78,951.8,0.0,4.2,2025-10-16 07:00:00
20.7,73,952.9,0.0,3.8,2025-10-16 08:00:00
23.3,63,953.8,0.0,2.5,2025-10-16 09:00:00
25.5,56,954.1,0.0,5.7,2025-10-16 10:00:00
27.2,48,953.8,0.0,9.1,2025-10-16 11:00:00
27.8,45,953.6,0.0,9.8,2025-10-16 12:00:00
28.1,44,952.9,0.0,10.2,2025-10-16 13:00:00
28.2,44,952.2,0.0,9.0,2025-10-16 14:00:00
28.1,44,952.3,0.0,7.2,2025-10-16 15:00:00
27.5,48,952.1,0.0,4.4,2025-10-16 16:00:00
26.0,64,952.0,0.0,1.9,2025-10-16 17:00:00
23.9,67,952.1,0.0,2.5,2025-10-16 18:00:00
22.5,73,952.4,0.0,3.5,2025-10-16 19:00:00
21.3,77,952.7,0.0,5.1,2025-10-16 20:00:00
20.7,77,953.3,0.0,6.3,2025-10-16 21:00:00
20.3,77,953.5,0.0,5.6,2025-10-16 22:00:00
21.0,74,953.7,0.0,2.4,2025-10-16 23:00:00
21.2,71,953.7,0.0,2.3,2025-10-17 00:00:00
20.7,68,953.3,0.0,3.6,2025-10-17 01:00:00
20.1,68,953.1,0.0,3.3,2025-10-17 02:00:00
19.6,71,953.0,0.0,4.5,2025-10-17 03:00:00
19.2,75,952.7,0.0,4.8,2025-10-17 04:00:00
19.5,74,952.8,0.0,6.1,2025-10-17 05:00:00
19.1,75,953.3,0.0,4.2,2025-10-17 06:00:00
19.3,75,953.8,0.0,3.8,2025-10-17 07:00:00
21.4,71,954.8,0.0,3.3,2025-10-17 08:00:00
23.8,62,955.7,0.0,0.5,2025-10-17 09:00:00
25.9,56,956.0,0.0,2.4,2025-10-17 10:00:00
27.3,51,956.2,0.0,3.5,2025-10-17 11:00:00
28.4,43,955.7,0.0,4.7,2025-10-17 12:00:00
28.9,40,955.1,0.0,5.7,2025-10-17 13:00:00
29.1,39,954.3,0.0,5.4,2025-10-17 14:00:00
29.0,39,954.2,0.0,4.4,2025-10-17 15:00:00
28.5,43,953.8,0.0,2.4,2025-10-17 16:00:00
27.3,57,953.6,0.0,0.0,2025-10-17 17:00:00
24.8,61,953.5,0.0,2.3,2025-10-17 18:00:00
23.3,69,953.5,0.0,3.4,2025-10-17 19:00:00
21.7,77,953.6,0.0,4.1,2025-10-17 20:00:00
20.9,78,953.6,0.0,4.6,2025-10-17 21:00:00
20.6,77,953.9,0.0,3.3,2025-10-17 22:00:00
20.9,72,954.0,0.0,3.4,2025-10-17 23:00:00
20.5,73,953.7,0.0,1.8,2025-10-18 00:00:00
19.9,73,953.5,0.0,2.7,2025-10-18 01:00:00
19.3,73,952.9,0.0,2.4,2025-10-18 02:00:00
19.0,72,952.4,0.0,3.0,2025-10-18 03:00:00
18.7,72,952.5,0.0,3.1,2025-10-18 04:00:00
18.6,72,952.8,0.0,4.2,2025-10-18 05:00:00
18.2,74,953.1,0.0,1.9,2025-10-18 06:00:00
18.6,72,953.7,0.0,2.3,2025-10-18 07:00:00
20.9,66,954.6,0.0,3.0,2025-10-18 08:00:00
23.5,56,955.4,0.0,0.3,2025-10-18 09:00:00
25.5,51,955.6,0.0,2.4,2025-10-18 10:00:00
27.2,49,955.9,0.0,3.4,2025-10-18 11:00:00
28.6,43,955.4,0.0,5.2,2025-10-18 12:00:00
29.2,39,954.4,0.0,6.1,2025-10-18 13:00:00
29.4,38,953.6,0.0,6.3,2025-10-18 14:00:00
29.2,38,953.3,0.0,5.0,2025-10-18 15:00:00
28.7,41,952.8,0.0,3.3,2025-10-18 16:00:00
26.8,62,952.4,0.0,2.0,2025-10-18 17:00:00
24.7,63,952.5,0.0,3.5,2025-10-18 18:00:00
23.0,69,952.6,0.0,5.1,2025-10-18 19:00:00
21.7,74,952.5,0.0,4.9,2025-10-18 20:00:00
21.2,75,952.6,0.0,4.2,2025-10-18 21:00:00
20.4,79,952.7,0.0,1.2,2025-10-18 22:00:00
21.8,67,953.3,0.0,1.0,2025-10-18 23:00:00
21.2,69,953.0,0.0,2.9,2025-10-19 00:00:00
20.9,68,953.0,0.0,4.1,2025-10-19 01:00:00
20.6,70,952.5,0.0,3.9,2025-10-19 02:00:00
19.9,74,952.4,0.0,3.4,2025-10-19 03:00:00
19.4,76,952.0,0.0,3.0,2025-10-19 04:00:00
20.0,71,952.5,0.0,1.9,2025-10-19 05:00:00
19.4,72,952.7,0.0,1.5,2025-10-19 06:00:00
19.6,71,953.2,0.0,4.8,2025-10-19 07:00:00
21.4,69,954.2,0.0,4.6,2025-10-19 08:00:00
23.9,61,955.3,0.0,1.5,2025-10-19 09:00:00
26.1,53,955.6,0.0,2.8,2025-10-19 10:00:00
27.9,44,955.5,0.0,6.3,2025-10-19 11:00:00
28.9,39,955.3,0.0,7.6,2025-10-19 12:00:00
29.3,36,954.5,0.0,7.7,2025-10-19 13:00:00
29.4,35,953.7,0.0,7.3,2025-10-19 14:00:00
29.2,36,953.1,0.0,6.7,2025-10-19 15:00:00
28.4,40,952.4,0.0,5.3,2025-10-19 16:00:00
26.5,58,952.1,0.0,3.2,2025-10-19 17:00:00
24.4,63,952.2,0.0,6.8,2025-10-19 18:00:00
22.1,70,952.0,0.0,8.1,2025-10-19 19:00:00
20.7,70,951.7,0.0,7.5,2025-10-19 20:00:00
20.1,68,951.9,0.0,7.1,2025-10-19 21:00:00
19.6,69,952.1,0.0,3.3,2025-10-19 22:00:00
19.5,65,951.8,0.0,4.2,2025-10-19 23:00:00
18.9,66,951.7,0.0,4.3,2025-10-20 00:00:00
18.9,63,951.7,0.0,5.9,2025-10-20 01:00:00
19.0,62,951.5,0.0,5.5,2025-10-20 02:00:00
18.6,65,951.2,0.0,4.6,2025-10-20 03:00:00
18.0,69,950.8,0.0,3.5,2025-10-20 04:00:00
18.1,70,951.4,0.0,3.3,2025-10-20 05:00:00
18.0,69,951.9,0.0,1.8,2025-10-20 06:00:00
18.4,69,952.5,0.0,1.9,2025-10-20 07:00:00
20.6,61,953.7,0.0,0.8,2025-10-20 08:00:00
22.9,53,954.9,0.0,1.5,2025-10-20 09:00:00
25.1,46,955.3,0.0,1.7,2025-10-20 10:00:00
26.6,45,955.5,0.0,2.5,2025-10-20 11:00:00
27.9,43,955.2,0.0,4.1,2025-10-20 12:00:00
28.7,39,954.6,0.0,5.4,2025-10-20 13:00:00
28.9,35,953.8,0.0,5.4,2025-10-20 14:00:00
28.8,33,953.7,0.0,4.3,2025-10-20 15:00:00
28.1,36,953.3,0.0,4.0,2025-10-20 16:00:00
26.1,54,952.9,0.0,1.5,2025-10-20 17:00:00
23.8,55,953.1,0.0,7.0,2025-10-20 18:00:00
22.4,60,953.3,0.0,7.8,2025-10-20 19:00:00
20.8,64,953.3,0.0,6.7,2025-10-20 20:00:00
19.7,67,953.5,0.0,6.4,2025-10-20 21:00:00
18.9,73,953.5,0.0,1.7,2025-10-20 22:00:00
19.0,67,953.6,0.0,2.2,2025-10-20 23:00:00
18.4,70,953.4,0.0,3.8,2025-10-21 00:00:00
18.1,70,953.4,0.0,3.7,2025-10-21 01:00:00
18.3,66,953.5,0.0,5.2,2025-10-21 02:00:00
18.3,64,953.4,0.0,4.4,2025-10-21 03:00:00
18.2,65,953.5,0.0,4.2,2025-10-21 04:00:00
18.0,70,953.5,0.0,4.2,2025-10-21 05:00:00
18.1,67,953.9,0.0,2.7,2025-10-21 06:00:00
18.3,66,954.7,0.0,2.6,2025-10-21 07:00:00
20.6,62,955.9,0.0,2.9,2025-10-21 08:00:00
23.0,53,957.0,0.0,1.4,2025-10-21 09:00:00
25.1,49,957.1,0.0,2.9,2025-10-21 10:00:00
26.6,46,957.1,0.0,4.8,2025-10-21 11:00:00
27.8,40,956.9,0.0,7.1,2025-10-21 12:00:00
28.1,36,956.2,0.0,7.7,2025-10-21 13:00:00
27.8,32,955.5,0.0,6.1,2025-10-21 14:00:00
27.8,30,955.3,0.0,5.2,2025-10-21 15:00:00
27.3,33,954.9,0.0,4.2,2025-10-21 16:00:00
25.3,42,954.6,0.0,5.2,2025-10-21 17:00:00
23.3,52,954.9,0.0,8.4,2025-10-21 18:00:00
21.7,56,954.7,0.0,9.3,2025-10-21 19:00:00
20.4,57,954.5,0.0,9.1,2025-10-21 20:00:00
19.7,58,954.6,0.0,8.2,2025-10-21 21:00:00
19.0,60,954.7,0.0,6.7,2025-10-21 22:00:00
18.7,64,954.4,0.0,7.3,2025-10-21 23:00:00
18.7,66,954.4,0.0,4.5,2025-10-22 00:00:00
18.7,63,954.4,0.0,4.8,2025-10-22 01:00:00
18.7,58,954.3,0.0,6.7,2025-10-22 02:00:00
18.3,58,954.5,0.0,5.5,2025-10-22 03:00:00
17.7,59,954.2,0.0,4.8,2025-10-22 04:00:00
17.8,58,954.2,0.0,7.3,2025-10-22 05:00:00
16.7,69,954.3,0.0,3.3,2025-10-22 06:00:00
17.2,70,955.0,0.0,1.8,2025-10-22 07:00:00
19.9,63,956.5,0.0,2.1,2025-10-22 08:00:00
22.2,51,957.5,0.0,1.7,2025-10-22 09:00:00
24.2,46,957.8,0.0,2.1,2025-10-22 10:00:00
26.3,43,957.6,0.0,3.6,2025-10-22 11:00:00
27.7,38,956.9,0.0,5.3,2025-10-22 12:00:00
28.4,34,956.1,0.0,5.6,2025-10-22 13:00:00
28.3,33,955.2,0.0,5.8,2025-10-22 14:00:00
27.8,34,954.6,0.0,7.1,2025-10-22 15:00:00
26.7,39,954.1,0.0,6.7,2025-10-22 16:00:00
24.9,46,953.4,0.0,6.2,2025-10-22 17:00:00
23.0,52,953.5,0.0,6.4,2025-10-22 18:00:00
20.8,60,953.3,0.0,7.2,2025-10-22 19:00:00
19.4,63,953.2,0.0,7.1,2025-10-22 20:00:00
18.5,62,953.1,0.0,7.4,2025-10-22 21:00:00
18.6,56,953.2,0.0,7.3,2025-10-22 22:00:00
19.8,46,953.4,0.0,10.7,2025-10-22 23:00:00
19.3,49,953.3,0.0,6.2,2025-10-23 00:00:00
18.8,51,953.4,0.0,4.6,2025-10-23 01:00:00
18.0,54,953.0,0.0,3.7,2025-10-23 02:00:00
17.6,53,952.9,0.0,3.8,2025-10-23 03:00:00
17.4,54,952.8,0.0,3.5,2025-10-23 04:00:00
18.8,49,953.0,0.0,2.2,2025-10-23 05:00:00
17.9,54,953.3,0.0,1.5,2025-10-23 06:00:00
18.1,56,953.8,0.0,0.6,2025-10-23 07:00:00
20.1,51,954.9,0.0,2.4,2025-10-23 08:00:00
22.1,44,955.7,0.0,1.8,2025-10-23 09:00:00
24.5,37,956.1,0.0,1.5,2025-10-23 10:00:00
26.3,37,956.1,0.0,3.4,2025-10-23 11:00:00
27.7,35,955.7,0.0,5.5,2025-10-23 12:00:00
28.3,31,954.9,0.0,7.4,2025-10-23 13:00:00
28.4,30,954.1,0.0,7.3,2025-10-23 14:00:00
28.1,31,953.7,0.0,6.0,2025-10-23 15:00:00
27.1,38,953.5,0.0,4.8,2025-10-23 16:00:00
25.2,46,952.9,0.0,5.4,2025-10-23 17:00:00
23.4,53,953.1,0.0,5.9,2025-10-23 18:00:00
21.4,61,953.0,0.0,3.9,2025-10-23 19:00:00
20.0,63,952.9,0.0,3.6,2025-10-23 20:00:00
19.8,57,953.2,0.0,4.4,2025-10-23 21:00:00
19.8,51,953.4,0.0,3.0,2025-10-23 22:00:00
20.5,42,953.7,0.0,5.6,2025-10-23 23:00:00
18.7,54,953.3,0.0,2.1,2025-10-24 00:00:00
18.0,53,953.3,0.0,2.3,2025-10-24 01:00:00
17.8,51,953.0,0.0,3.4,2025-10-24 02:00:00
17.5,52,952.7,0.0,3.2,2025-10-24 03:00:00
17.2,52,952.7,0.0,2.7,2025-10-24 04:00:00
17.0,58,952.7,0.0,2.7,2025-10-24 05:00:00
17.1,55,953.4,0.0,1.6,2025-10-24 06:00:00
17.4,55,953.8,0.0,2.2,2025-10-24 07:00:00
19.5,48,955.0,0.0,4.3,2025-10-24 08:00:00
21.7,45,955.8,0.0,3.8,2025-10-24 09:00:00
24.2,36,956.3,0.0,3.6,2025-10-24 10:00:00
25.9,35,956.4,0.0,3.5,2025-10-24 11:00:00
27.2,33,956.0,0.0,1.8,2025-10-24 12:00:00
27.8,33,955.1,0.0,3.3,2025-10-24 13:00:00
28.2,33,954.3,0.0,3.3,2025-10-24 14:00:00
27.9,34,953.8,0.0,4.0,2025-10-24 15:00:00
27.0,41,953.2,0.0,3.8,2025-10-24 16:00:00
24.9,51,952.6,0.0,4.4,2025-10-24 17:00:00
22.9,57,952.7,0.0,6.9,2025-10-24 18:00:00
21.1,61,952.8,0.0,7.3,2025-10-24 19:00:00
19.7,62,952.7,0.0,6.6,2025-10-24 20:00:00
19.2,61,952.7,0.0,5.9,2025-10-24 21:00:00
19.9,54,952.9,0.0,6.7,2025-10-24 22:00:00
18.9,58,952.7,0.0,3.4,2025-10-24 23:00:00
18.2,59,952.6,0.0,3.4,2025-10-25 00:00:00
17.6,58,952.0,0.0,5.5,2025-10-25 01:00:00
17.3,60,951.7,0.0,4.7,2025-10-25 02:00:00
17.4,61,951.4,0.0,5.3,2025-10-25 03:00:00
17.5,60,951.4,0.0,4.9,2025-10-25 04:00:00
17.2,63,951.6,0.0,3.1,2025-10-25 05:00:00
16.6,67,951.9,0.0,2.2,2025-10-25 06:00:00
17.2,64,952.7,0.0,2.4,2025-10-25 07:00:00
19.3,61,953.9,0.0,3.3,2025-10-25 08:00:00
21.7,52,954.8,0.0,0.6,2025-10-25 09:00:00
24.1,46,955.4,0.0,0.4,2025-10-25 10:00:00
25.9,43,955.3,0.0,1.1,2025-10-25 11:00:00
27.4,40,955.0,0.0,2.8,2025-10-25 12:00:00
28.0,37,954.5,0.0,4.7,2025-10-25 13:00:00
28.2,35,953.8,0.0,4.6,2025-10-25 14:00:00
28.1,35,953.5,0.0,3.6,2025-10-25 15:00:00
27.2,43,953.3,0.0,2.2,2025-10-25 16:00:00
25.0,58,952.6,0.0,2.0,2025-10-25 17:00:00
22.9,61,952.6,0.0,4.5,2025-10-25 18:00:00
20.8,71,952.7,0.0,5.1,2025-10-25 19:00:00
19.6,73,952.5,0.0,6.4,2025-10-25 20:00:00
19.2,70,952.8,0.0,6.3,2025-10-25 21:00:00
18.6,71,953.1,0.0,2.9,2025-10-25 22:00:00
18.4,65,953.0,0.0,5.0,2025-10-25 23:00:00
17.7,69,953.0,0.0,3.6,2025-10-26 00:00:00
18.0,67,953.0,0.0,4.0,2025-10-26 01:00:00
18.2,63,952.9,0.0,4.6,2025-10-26 02:00:00
18.1,62,952.7,0.0,4.3,2025-10-26 03:00:00
17.8,62,952.7,0.0,4.0,2025-10-26 04:00:00
17.4,63,952.8,0.0,3.9,2025-10-26 05:00:00
16.7,65,953.0,0.0,3.6,2025-10-26 06:00:00
17.0,63,953.6,0.0,3.2,2025-10-26 07:00:00
19.6,57,954.9,0.0,3.1,2025-10-26 08:00:00
22.0,50,955.7,0.0,2.4,2025-10-26 09:00:00
23.6,44,956.2,0.0,4.1,2025-10-26 10:00:00
25.3,38,956.1,0.0,2.9,2025-10-26 11:00:00
26.8,34,955.6,0.0,2.9,2025-10-26 12:00:00
27.6,33,954.8,0.0,3.9,2025-10-26 13:00:00
27.9,32,954.1,0.0,4.8,2025-10-26 14:00:00
27.8,31,953.6,0.0,5.7,2025-10-26 15:00:00
26.9,35,953.3,0.0,5.0,2025-10-26 16:00:00
24.5,57,953.0,0.0,2.7,2025-10-26 17:00:00
22.2,63,953.2,0.0,7.0,2025-10-26 18:00:00
20.5,69,953.2,0.0,7.6,2025-10-26 19:00:00
19.3,72,953.3,0.0,7.0,2025-10-26 20:00:00
18.8,71,953.2,0.0,6.8,2025-10-26 21:00:00
18.2,73,953.5,0.0,4.2,2025-10-26 22:00:00
17.7,75,953.2,0.0,2.4,2025-10-26 23:00:00
17.6,73,953.1,0.0,1.9,2025-10-27 00:00:00
17.5,69,952.9,0.0,2.2,2025-10-27 01:00:00
17.6,66,952.7,0.0,4.5,2025-10-27 02:00:00
17.5,67,952.7,0.0,7.7,2025-10-27 03:00:00
17.0,68,952.4,0.0,7.0,2025-10-27 04:00:00
16.4,69,952.5,0.0,5.0,2025-10-27 05:00:00
16.1,68,952.9,0.0,3.7,2025-10-27 06:00:00
16.7,62,953.5,0.0,3.6,2025-10-27 07:00:00
19.1,57,954.7,0.0,4.0,2025-10-27 08:00:00
21.9,48,955.8,0.0,0.6,2025-10-27 09:00:00
24.1,41,956.5,0.0,0.9,2025-10-27 10:00:00
25.2,38,956.9,0.0,1.8,2025-10-27 11:00:00
26.4,38,956.6,0.0,3.3,2025-10-27 12:00:00
27.0,36,955.6,0.0,5.3,2025-10-27 13:00:00
27.1,36,954.7,0.0,6.3,2025-10-27 14:00:00
26.8,36,954.3,0.0,6.7,2025-10-27 15:00:00
25.7,43,953.9,0.0,5.4,2025-10-27 16:00:00
24.1,52,953.5,0.0,7.5,2025-10-27 17:00:00
22.2,59,953.3,0.0,7.9,2025-10-27 18:00:00
20.4,65,953.4,0.0,8.1,2025-10-27 19:00:00
19.2,67,953.6,0.0,8.0,2025-10-27 20:00:00
18.6,66,954.1,0.0,6.2,2025-10-27 21:00:00
18.2,65,954.2,0.0,4.0,2025-10-27 22:00:00
17.3,67,954.2,0.0,5.8,2025-10-27 23:00:00
16.7,73,954.3,0.0,3.3,2025-10-28 00:00:00
16.6,72,954.3,0.0,2.7,2025-10-28 01:00:00
16.3,65,954.4,0.0,4.2,2025-10-28 02:00:00
16.4,59,954.6,0.0,5.0,2025-10-28 03:00:00
16.2,58,954.5,0.0,4.8,2025-10-28 04:00:00
16.9,60,954.8,0.0,3.4,2025-10-28 05:00:00
16.7,60,955.2,0.0,5.6,2025-10-28 06:00:00
16.5,64,955.7,0.0,6.5,2025-10-28 07:00:00
18.7,59,956.7,0.0,7.3,2025-10-28 08:00:00
21.3,57,957.5,0.0,5.2,2025-10-28 09:00:00
24.0,46,957.8,0.0,3.4,2025-10-28 10:00:00
25.4,45,957.6,0.0,2.9,2025-10-28 11:00:00
26.5,43,956.7,0.0,4.9,2025-10-28 12:00:00
27.1,40,955.9,0.0,7.0,2025-10-28 13:00:00
27.1,39,955.0,0.0,8.4,2025-10-28 14:00:00
26.5,39,954.7,0.0,8.3,2025-10-28 15:00:00
25.4,46,954.4,0.0,6.3,2025-10-28 16:00:00
23.8,55,953.7,0.0,8.3,2025-10-28 17:00:00
21.8,64,953.7,0.0,7.7,2025-10-28 18:00:00
19.9,72,953.7,0.0,7.6,2025-10-28 19:00:00
18.8,74,953.9,0.0,7.1,2025-10-28 20:00:00
18.0,74,954.3,0.0,5.3,2025-10-28 21:00:00
17.8,72,954.3,0.0,3.6,2025-10-28 22:00:00
17.2,72,954.5,0.0,3.0,2025-10-28 23:00:00
16.9,73,954.5,0.0,2.9,2025-10-29 00:00:00
16.6,70,954.4,0.0,3.0,2025-10-29 01:00:00
16.2,69,954.3,0.0,2.9,2025-10-29 02:00:00
15.9,70,954.2,0.0,3.2,2025-10-29 03:00:00
15.4,72,954.0,0.0,3.3,2025-10-29 04:00:00
16.4,69,954.4,0.0,1.0,2025-10-29 05:00:00
16.2,69,954.5,0.0,5.0,2025-10-29 06:00:00
16.5,67,954.5,0.0,5.4,2025-10-29 07:00:00
18.5,61,955.3,0.0,4.5,2025-10-29 08:00:00
20.9,54,956.2,0.0,1.4,2025-10-29 09:00:00
23.2,49,956.3,0.0,2.1,2025-10-29 10:00:00
24.4,50,956.3,0.0,3.2,2025-10-29 11:00:00
25.8,47,955.6,0.0,6.9,2025-10-29 12:00:00
26.5,44,954.5,0.0,9.5,2025-10-29 13:00:00
26.6,43,953.6,0.0,10.5,2025-10-29 14:00:00
26.2,44,953.1,0.0,10.1,2025-10-29 15:00:00
25.2,50,952.5,0.0,7.4,2025-10-29 16:00:00
23.3,62,952.1,0.0,4.8,2025-10-29 17:00:00
21.2,70,952.0,0.0,7.0,2025-10-29 18:00:00
19.5,75,951.9,0.0,7.0,2025-10-29 19:00:00
18.2,80,952.0,0.0,6.0,2025-10-29 20:00:00
17.6,82,952.4,0.0,5.1,2025-10-29 21:00:00
17.8,77,952.6,0.0,4.0,2025-10-29 22:00:00
18.5,68,953.1,0.0,4.6,2025-10-29 23:00:00
17.5,72,952.9,0.0,2.7,2025-10-30 00:00:00
17.4,69,952.9,0.0,1.1,2025-10-30 01:00:00
16.8,69,952.7,0.0,2.3,2025-10-30 02:00:00
16.7,67,952.6,0.0,3.1,2025-10-30 03:00:00
16.6,68,952.3,0.0,3.1,2025-10-30 04:00:00
17.1,70,952.8,0.0,2.7,2025-10-30 05:00:00
16.5,69,953.1,0.0,2.7,2025-10-30 06:00:00
16.6,68,953.6,0.0,4.7,2025-10-30 07:00:00
18.4,68,954.5,0.0,5.1,2025-10-30 08:00:00
21.4,60,955.3,0.0,2.2,2025-10-30 09:00:00
23.8,52,955.8,0.0,3.1,2025-10-30 10:00:00
25.9,44,956.1,0.0,7.6,2025-10-30 11:00:00
26.6,41,955.3,0.0,8.9,2025-10-30 12:00:00
27.0,40,954.6,0.0,9.5,2025-10-30 13:00:00
26.9,41,953.8,0.0,10.1,2025-10-30 14:00:00
26.5,42,953.1,0.0,9.8,2025-10-30 15:00:00
25.1,48,952.6,0.0,8.2,2025-10-30 16:00:00
23.0,57,951.7,0.0,9.3,2025-10-30 17:00:00
21.1,65,951.6,0.0,9.3,2025-10-30 18:00:00
19.5,72,951.3,0.0,8.1,2025-10-30 19:00:00
18.5,75,951.3,0.0,6.8,2025-10-30 20:00:00
17.9,71,951.6,0.0,5.5,2025-10-30 21:00:00
17.7,64,951.7,0.0,5.1,2025-10-30 22:00:00
18.0,59,951.7,0.0,7.8,2025-10-30 23:00:00
17.4,63,951.7,0.0,5.3,2025-10-31 00:00:00
17.0,65,951.8,0.0,4.3,2025-10-31 01:00:00
16.6,68,951.7,0.0,4.3,2025-10-31 02:00:00
16.1,72,951.6,0.0,3.5,2025-10-31 03:00:00
15.7,75,951.4,0.0,3.0,2025-10-31 04:00:00
16.6,67,951.7,0.0,1.2,2025-10-31 05:00:00
16.6,67,952.0,0.0,1.3,2025-10-31 06:00:00
16.7,68,952.4,0.0,1.7,2025-10-31 07:00:00
18.8,66,953.1,0.0,2.6,2025-10-31 08:00:00
21.2,58,953.9,0.0,0.9,2025-10-31 09:00:00
23.3,52,954.0,0.0,1.9,2025-10-31 10:00:00
25.0,50,954.2,0.0,4.1,2025-10-31 11:00:00
26.1,45,953.2,0.0,6.8,2025-10-31 12:00:00
26.9,35,952.5,0.0,9.0,2025-10-31 13:00:00
26.8,33,951.7,0.0,10.3,2025-10-31 14:00:00
26.3,34,951.2,0.0,9.3,2025-10-31 15:00:00
24.9,44,950.7,0.0,5.9,2025-10-31 16:00:00
22.6,58,950.2,0.0,4.5,2025-10-31 17:00:00
20.7,63,950.2,0.0,7.0,2025-10-31 18:00:00
19.3,63,950.4,0.0,7.1,2025-10-31 19:00:00
18.8,58,950.7,0.0,6.2,2025-10-31 20:00:00
18.3,57,951.2,0.0,3.8,2025-10-31 21:00:00
18.1,55,951.6,0.0,3.8,2025-10-31 22:00:00
19.5,52,951.9,0.0,6.2,2025-10-31 23:00:00
17.8,63,951.3,0.0,3.5,2025-11-01 00:00:00
17.3,64,951.2,0.0,2.7,2025-11-01 01:00:00
16.8,66,951.0,0.0,3.1,2025-11-01 02:00:00
16.4,70,950.9,0.0,2.6,2025-11-01 03:00:00
15.9,74,950.9,0.0,2.6,2025-11-01 04:00:00
16.4,73,951.2,0.0,4.4,2025-11-01 05:00:00
16.0,75,951.4,0.0,3.1,2025-11-01 06:00:00
16.4,75,952.1,0.0,3.1,2025-11-01 07:00:00
18.5,73,953.2,0.0,2.8,2025-11-01 08:00:00
21.0,65,954.0,0.0,0.2,2025-11-01 09:00:00
23.1,60,954.5,0.0,2.1,2025-11-01 10:00:00
24.7,57,954.5,0.0,4.9,2025-11-01 11:00:00
26.0,48,953.9,0.0,6.2,2025-11-01 12:00:00
26.7,42,953.0,0.0,7.3,2025-11-01 13:00:00
26.8,39,952.3,0.0,8.1,2025-11-01 14:00:00
26.3,40,951.9,0.0,8.5,2025-11-01 15:00:00
25.0,49,951.6,0.0,5.6,2025-11-01 16:00:00
23.0,61,951.2,0.0,4.8,2025-11-01 17:00:00
21.4,68,951.2,0.0,5.0,2025-11-01 18:00:00
19.6,75,951.4,0.0,5.2,2025-11-01 19:00:00
18.3,74,951.6,0.0,5.5,2025-11-01 20:00:00
18.3,66,952.1,0.0,5.1,2025-11-01 21:00:00
18.3,60,952.3,0.0,5.8,2025-11-01 22:00:00
19.0,59,952.4,0.0,9.4,2025-11-01 23:00:00
17.7,68,951.9,0.0,4.9,2025-11-02 00:00:00
16.9,72,951.7,0.0,4.3,2025-11-02 01:00:00
16.5,73,951.5,0.0,3.9,2025-11-02 02:00:00
16.2,72,950.9,0.0,3.7,2025-11-02 03:00:00
15.9,71,950.4,0.0,3.5,2025-11-02 04:00:00
16.1,67,950.5,0.0,3.9,2025-11-02 05:00:00
15.5,67,951.0,0.0,3.5,2025-11-02 06:00:00
15.3,69,951.3,0.0,5.5,2025-11-02 07:00:00
17.6,66,952.6,0.0,5.6,2025-11-02 08:00:00
20.9,58,953.5,0.0,2.6,2025-11-02 09:00:00
23.5,51,953.8,0.0,2.7,2025-11-02 10:00:00
25.5,43,954.0,0.0,6.4,2025-11-02 11:00:00
26.6,36,953.3,0.0,7.6,2025-11-02 12:00:00
26.9,34,952.6,0.0,9.2,2025-11-02 13:00:00
26.6,36,951.9,0.0,9.8,2025-11-02 14:00:00
26.1,39,951.6,0.0,9.1,2025-11-02 15:00:00
24.8,48,951.1,0.0,6.5,2025-11-02 16:00:00
23.0,56,950.9,0.0,6.5,2025-11-02 17:00:00
21.0,63,951.0,0.0,6.6,2025-11-02 18:00:00
19.3,67,951.2,0.0,5.7,2025-11-02 19:00:00
18.1,68,951.5,0.0,5.8,2025-11-02 20:00:00
18.0,63,951.9,0.0,4.5,2025-11-02 21:00:00
17.6,62,951.9,0.0,3.5,2025-11-02 22:00:00
18.4,56,952.2,0.0,3.2,2025-11-02 23:00:00
17.8,60,951.7,0.0,1.8,2025-11-03 00:00:00
17.3,59,951.2,0.0,1.9,2025-11-03 01:00:00
16.9,59,950.5,0.0,3.1,2025-11-03 02:00:00
16.7,59,950.1,0.0,3.8,2025-11-03 03:00:00
16.5,61,949.5,0.0,4.8,2025-11-03 04:00:00
15.8,58,949.4,0.0,5.2,2025-11-03 05:00:00
15.0,58,949.4,0.0,4.6,2025-11-03 06:00:00
14.8,57,949.6,0.0,6.4,2025-11-03 07:00:00
16.9,54,950.3,0.0,6.5,2025-11-03 08:00:00
20.6,47,951.1,0.0,4.8,2025-11-03 09:00:00
23.2,42,951.5,0.0,3.4,2025-11-03 10:00:00
25.1,36,951.6,0.0,5.4,2025-11-03 11:00:00
26.3,33,950.9,0.0,5.9,2025-11-03 12:00:00
26.8,30,950.1,0.0,6.9,2025-11-03 13:00:00
26.6,30,949.1,0.0,7.8,2025-11-03 14:00:00
25.9,32,948.5,0.0,7.0,2025-11-03 15:00:00
24.6,40,948.0,0.0,4.3,2025-11-03 16:00:00
22.3,59,947.4,0.0,3.0,2025-11-03 17:00:00
21.0,61,947.5,0.0,3.1,2025-11-03 18:00:00
20.4,64,947.8,0.0,5.9,2025-11-03 19:00:00
19.4,61,947.8,0.0,9.0,2025-11-03 20:00:00
18.0,61,948.4,0.0,8.2,2025-11-03 21:00:00
17.4,59,949.0,0.0,10.9,2025-11-03 22:00:00
17.3,68,949.2,0.0,9.8,2025-11-03 23:00:00
17.2,75,949.0,0.0,11.2,2025-11-04 00:00:00
17.1,78,948.6,0.0,10.9,2025-11-04 01:00:00
16.9,79,948.4,0.0,10.5,2025-11-04 02:00:00
16.6,80,948.0,0.0,10.4,2025-11-04 03:00:00
16.2,79,947.6,0.0,9.4,2025-11-04 04:00:00
15.8,77,947.9,0.0,9.1,2025-11-04 05:00:00
15.1,78,947.8,0.0,9.6,2025-11-04 06:00:00
15.3,75,947.9,0.0,8.4,2025-11-04 07:00:00
17.1,66,948.6,0.0,10.8,2025-11-04 08:00:00
20.0,56,949.8,0.0,9.3,2025-11-04 09:00:00
21.3,51,950.4,0.1,5.3,2025-11-04 10:00:00
24.3,48,950.3,0.0,16.5,2025-11-04 11:00:00
20.9,57,950.3,1.2,11.8,2025-11-04 12:00:00
16.4,78,951.0,7.9,25.6,2025-11-04 13:00:00
17.6,68,950.4,0.0,17.3,2025-11-04 14:00:00
17.5,75,950.0,0.6,13.7,2025-11-04 15:00:00
17.5,72,949.1,0.0,12.7,2025-11-04 16:00:00
17.8,68,949.3,0.0,16.8,2025-11-04 17:00:00
16.0,70,950.2,0.0,5.4,2025-11-04 18:00:00
15.8,68,950.0,0.0,8.2,2025-11-04 19:00:00
14.6,76,950.1,0.0,3.7,2025-11-04 20:00:00
13.9,78,950.8,0.0,5.1,2025-11-04 21:00:00
12.9,83,951.0,0.0,5.0,2025-11-04 22:00:00
12.9,89,950.5,0.0,2.5,2025-11-04 23:00:00
12.9,91,951.0,0.0,0.8,2025-11-05 00:00:00
13.3,87,951.3,0.0,2.8,2025-11-05 01:00:00
13.3,85,951.5,0.0,0.6,2025-11-05 02:00:00
12.8,86,951.7,0.0,0.9,2025-11-05 03:00:00
12.2,88,951.7,0.0,2.5,2025-11-05 04:00:00
12.5,81,951.8,0.0,6.2,2025-11-05 05:00:00
12.3,81,952.5,0.0,7.4,2025-11-05 06:00:00
12.4,79,953.1,0.0,7.7,2025-11-05 07:00:00
14.3,74,954.0,0.0,7.7,2025-11-05 08:00:00
17.2,64,955.3,0.0,5.7,2025-11-05 09:00:00
19.4,54,955.4,0.0,7.6,2025-11-05 10:00:00
20.8,53,955.9,0.0,10.0,2025-11-05 11:00:00
21.1,51,955.2,0.0,11.9,2025-11-05 12:00:00
21.8,46,954.5,0.0,11.8,2025-11-05 13:00:00
21.9,43,953.7,0.0,13.6,2025-11-05 14:00:00
21.5,41,953.2,0.0,13.2,2025-11-05 15:00:00
20.5,46,952.5,0.0,10.9,2025-11-05 16:00:00
18.8,52,952.3,0.0,12.1,2025-11-05 17:00:00
17.2,57,952.3,0.0,11.3,2025-11-05 18:00:00
16.1,61,952.4,0.0,11.0,2025-11-05 19:00:00
14.9,66,952.4,0.0,9.9,2025-11-05 20:00:00
14.0,71,952.4,0.0,9.0,2025-11-05 21:00:00
13.6,70,952.4,0.0,10.0,2025-11-05 22:00:00
14.4,67,952.4,0.0,12.9,2025-11-05 23:00:00
14.2,68,952.5,0.0,10.1,2025-11-06 00:00:00
14.1,70,952.5,0.0,10.9,2025-11-06 01:00:00
14.1,70,952.2,0.0,11.1,2025-11-06 02:00:00
14.0,70,951.8,0.0,11.2,2025-11-06 03:00:00
13.7,71,951.5,0.0,11.2,2025-11-06 04:00:00
13.4,67,951.4,0.0,11.3,2025-11-06 05:00:00
13.0,65,951.6,0.0,8.5,2025-11-06 06:00:00
12.4,64,952.0,0.0,7.3,2025-11-06 07:00:00
14.3,60,953.5,0.0,7.7,2025-11-06 08:00:00
17.2,51,954.6,0.0,6.0,2025-11-06 09:00:00
19.5,44,955.3,0.0,5.8,2025-11-06 10:00:00
21.5,37,955.6,0.0,10.7,2025-11-06 11:00:00
22.8,31,955.2,0.0,10.8,2025-11-06 12:00:00
23.7,29,954.9,0.0,9.6,2025-11-06 13:00:00
23.6,32,954.2,0.0,9.7,2025-11-06 14:00:00
22.9,36,953.9,0.0,9.8,2025-11-06 15:00:00
21.2,45,953.4,0.0,7.4,2025-11-06 16:00:00
18.6,53,953.0,0.0,8.8,2025-11-06 17:00:00
17.0,61,953.1,0.0,7.7,2025-11-06 18:00:00
15.4,71,953.2,0.0,6.9,2025-11-06 19:00:00
14.5,73,953.6,0.0,5.2,2025-11-06 20:00:00
14.5,66,954.0,0.0,4.6,2025-11-06 21:00:00
14.6,59,953.8,0.0,4.8,2025-11-06 22:00:00
13.8,60,953.9,0.0,9.4,2025-11-06 23:00:00
13.6,60,953.8,0.0,7.9,2025-11-07 00:00:00
13.4,58,953.2,0.0,7.5,2025-11-07 01:00:00
13.1,57,953.0,0.0,6.6,2025-11-07 02:00:00
12.8,56,952.8,0.0,5.8,2025-11-07 03:00:00
12.5,56,952.4,0.0,6.1,2025-11-07 04:00:00
11.4,58,952.5,0.0,6.9,2025-11-07 05:00:00
11.2,61,952.6,0.0,4.7,2025-11-07 06:00:00
11.3,61,953.1,0.0,4.0,2025-11-07 07:00:00
13.6,60,954.1,0.0,3.9,2025-11-07 08:00:00
17.1,51,955.3,0.0,3.6,2025-11-07 09:00:00
19.4,43,955.8,0.0,3.2,2025-11-07 10:00:00
21.6,38,956.3,0.0,5.8,2025-11-07 11:00:00
23.4,34,955.7,0.0,5.2,2025-11-07 12:00:00
24.3,32,955.2,0.0,5.5,2025-11-07 13:00:00
24.5,31,954.8,0.0,6.5,2025-11-07 14:00:00
23.8,34,954.4,0.0,6.7,2025-11-07 15:00:00
21.9,44,954.0,0.0,5.4,2025-11-07 16:00:00
18.9,52,953.5,0.0,7.4,2025-11-07 17:00:00
17.3,57,953.5,0.0,7.0,2025-11-07 18:00:00
16.0,64,953.9,0.0,5.6,2025-11-07 19:00:00
15.2,67,954.1,0.0,4.9,2025-11-07 20:00:00
14.9,61,954.5,0.0,3.6,2025-11-07 21:00:00
14.6,53,954.5,0.0,3.7,2025-11-07 22:00:00
14.7,45,954.7,0.0,4.4,2025-11-07 23:00:00
13.8,50,954.4,0.0,2.7,2025-11-08 00:00:00
13.5,48,954.2,0.0,3.4,2025-11-08 01:00:00
12.9,48,954.0,0.0,3.5,2025-11-08 02:00:00
12.5,48,953.7,0.0,3.6,2025-11-08 03:00:00
12.1,50,953.5,0.0,3.5,2025-11-08 04:00:00
12.0,56,953.3,0.0,4.7,2025-11-08 05:00:00
11.7,55,953.5,0.0,4.1,2025-11-08 06:00:00
11.9,54,954.0,0.0,4.5,2025-11-08 07:00:00
14.2,53,955.1,0.0,4.3,2025-11-08 08:00:00
17.0,48,956.3,0.0,2.7,2025-11-08 09:00:00
19.4,43,956.8,0.0,1.5,2025-11-08 10:00:00
21.2,41,957.2,0.0,4.3,2025-11-08 11:00:00
22.8,36,956.7,0.0,4.9,2025-11-08 12:00:00
23.6,33,956.4,0.0,5.6,2025-11-08 13:00:00
23.7,30,955.8,0.0,7.0,2025-11-08 14:00:00
23.2,32,955.3,0.0,7.1,2025-11-08 15:00:00
21.6,44,954.9,0.0,4.3,2025-11-08 16:00:00
18.7,59,954.5,0.0,3.7,2025-11-08 17:00:00
17.6,61,954.7,0.0,5.2,2025-11-08 18:00:00
16.3,66,954.9,0.0,4.4,2025-11-08 19:00:00
15.4,67,955.2,0.0,4.9,2025-11-08 20:00:00
15.1,62,955.4,0.0,4.4,2025-11-08 21:00:00
14.9,58,955.3,0.0,4.6,2025-11-08 22:00:00
15.1,50,955.6,0.0,7.8,2025-11-08 23:00:00
13.9,56,955.0,0.0,3.9,2025-11-09 00:00:00
13.1,61,954.5,0.0,3.1,2025-11-09 01:00:00
12.5,63,954.3,0.0,2.6,2025-11-09 02:00:00
12.3,63,953.7,0.0,3.1,2025-11-09 03:00:00
12.3,62,953.0,0.0,3.4,2025-11-09 04:00:00
12.6,56,953.2,0.0,4.8,2025-11-09 05:00:00
11.6,56,953.0,0.0,4.5,2025-11-09 06:00:00
11.2,56,953.3,0.0,5.5,2025-11-09 07:00:00
13.0,56,954.1,0.0,6.2,2025-11-09 08:00:00
16.5,50,955.3,0.0,3.8,2025-11-09 09:00:00
19.3,44,955.9,0.0,2.4,2025-11-09 10:00:00
21.4,38,955.8,0.0,5.9,2025-11-09 11:00:00
22.9,33,955.1,0.0,6.6,2025-11-09 12:00:00
23.7,29,954.5,0.0,8.2,2025-11-09 13:00:00
23.7,27,953.7,0.0,8.9,2025-11-09 14:00:00
23.0,30,953.2,0.0,8.5,2025-11-09 15:00:00
21.4,39,952.7,0.0,6.8,2025-11-09 16:00:00
19.0,47,952.4,0.0,6.6,2025-11-09 17:00:00
17.5,52,952.4,0.0,7.8,2025-11-09 18:00:00
16.1,52,952.4,0.0,7.5,2025-11-09 19:00:00
15.1,49,952.5,0.0,7.1,2025-11-09 20:00:00
14.8,47,952.9,0.0,4.5,2025-11-09 21:00:00
14.7,42,953.0,0.0,4.8,2025-11-09 22:00:00
14.5,43,953.1,0.0,3.7,2025-11-09 23:00:00
13.6,47,952.9,0.0,0.9,2025-11-10 00:00:00
12.3,48,952.6,0.0,3.1,2025-11-10 01:00:00
12.1,46,952.3,0.0,4.1,2025-11-10 02:00:00
12.0,48,952.1,0.0,4.4,2025-11-10 03:00:00
11.8,52,951.7,0.0,3.5,2025-11-10 04:00:00
12.4,56,952.1,0.0,3.0,2025-11-10 05:00:00
12.2,56,952.1,0.0,3.1,2025-11-10 06:00:00
12.3,57,952.7,0.0,3.7,2025-11-10 07:00:00
13.9,58,953.6,0.0,3.7,2025-11-10 08:00:00
16.6,53,954.6,0.0,2.3,2025-11-10 09:00:00
18.9,47,955.2,0.0,2.5,2025-11-10 10:00:00
20.7,43,955.6,0.0,3.9,2025-11-10 11:00:00
22.0,38,955.1,0.0,4.4,2025-11-10 12:00:00
22.8,33,954.6,0.0,5.2,2025-11-10 13:00:00
23.0,29,953.8,0.0,5.8,2025-11-10 14:00:00
22.7,30,953.4,0.0,6.2,2025-11-10 15:00:00
21.1,41,953.0,0.0,5.0,2025-11-10 16:00:00
18.8,50,952.7,0.0,5.9,2025-11-10 17:00:00
17.3,57,952.8,0.0,6.5,2025-11-10 18:00:00
15.7,62,953.1,0.0,6.3,2025-11-10 19:00:00
14.2,63,953.0,0.0,6.7,2025-11-10 20:00:00
13.9,57,953.6,0.0,5.4,2025-11-10 21:00:00
14.0,51,953.9,0.0,4.1,2025-11-10 22:00:00
15.1,44,954.4,0.0,3.6,2025-11-10 23:00:00
14.0,53,954.3,0.0,1.6,2025-11-11 00:00:00
12.9,53,954.0,0.0,3.5,2025-11-11 01:00:00
12.4,53,953.8,0.0,4.2,2025-11-11 02:00:00
11.9,55,953.5,0.0,3.8,2025-11-11 03:00:00
11.9,55,953.3,0.0,3.2,2025-11-11 04:00:00
13.3,52,953.8,0.0,2.9,2025-11-11 05:00:00
13.0,51,954.1,0.0,1.6,2025-11-11 06:00:00
12.4,53,954.7,0.0,3.7,2025-11-11 07:00:00
13.6,57,955.6,0.0,4.5,2025-11-11 08:00:00
16.4,51,956.4,0.0,3.2,2025-11-11 09:00:00
19.0,46,957.1,0.0,1.2,2025-11-11 10:00:00
21.1,41,957.3,0.0,3.2,2025-11-11 11:00:00
22.4,37,956.7,0.0,4.5,2025-11-11 12:00:00
22.9,32,955.9,0.0,6.7,2025-11-11 13:00:00
22.8,32,955.3,0.0,8.2,2025-11-11 14:00:00
22.1,35,954.8,0.0,8.7,2025-11-11 15:00:00
20.4,44,954.6,0.0,7.5,2025-11-11 16:00:00
18.1,53,954.2,0.0,8.3,2025-11-11 17:00:00
16.6,59,954.1,0.0,8.3,2025-11-11 18:00:00
15.0,66,954.3,0.0,7.2,2025-11-11 19:00:00
13.8,69,954.3,0.0,6.5,2025-11-11 20:00:00
13.2,67,954.6,0.0,5.9,2025-11-11 21:00:00
13.2,63,954.8,0.0,4.6,2025-11-11 22:00:00
13.6,57,955.2,0.0,6.2,2025-11-11 23:00:00
12.8,59,954.8,0.0,4.1,2025-11-12 00:00:00
12.2,61,954.5,0.0,3.5,2025-11-12 01:00:00
11.7,64,954.2,0.0,3.0,2025-11-12 02:00:00
11.4,64,954.1,0.0,2.8,2025-11-12 03:00:00
11.3,64,953.8,0.0,2.9,2025-11-12 04:00:00
11.2,65,954.0,0.0,4.5,2025-11-12 05:00:00
11.0,63,954.1,0.0,4.0,2025-11-12 06:00:00
11.2,61,954.4,0.0,3.5,2025-11-12 07:00:00
13.1,60,955.3,0.0,3.7,2025-11-12 08:00:00
16.1,54,956.4,0.0,2.9,2025-11-12 09:00:00
18.6,48,956.9,0.0,2.8,2025-11-12 10:00:00
20.6,43,957.0,0.0,6.8,2025-11-12 11:00:00
21.8,39,956.5,0.0,7.6,2025-11-12 12:00:00
22.4,37,956.2,0.0,8.7,2025-11-12 13:00:00
22.4,36,955.7,0.0,9.4,2025-11-12 14:00:00
21.9,38,955.2,0.0,9.2,2025-11-12 15:00:00
20.2,47,955.0,0.0,7.8,2025-11-12 16:00:00
17.7,56,954.6,0.0,7.3,2025-11-12 17:00:00
16.2,62,954.7,0.0,6.5,2025-11-12 18:00:00
14.7,70,954.8,0.0,6.6,2025-11-12 19:00:00
14.0,70,955.1,0.0,6.0,2025-11-12 20:00:00
14.1,61,955.5,0.0,5.1,2025-11-12 21:00:00
13.9,55,955.6,0.0,5.2,2025-11-12 22:00:00
14.4,51,956.2,0.0,5.7,2025-11-12 23:00:00
13.0,60,955.6,0.0,3.1,2025-11-13 00:00:00
12.3,62,955.6,0.0,3.6,2025-11-13 01:00:00
12.0,61,955.2,0.0,3.5,2025-11-13 02:00:00
11.9,61,955.1,0.0,3.6,2025-11-13 03:00:00
11.8,62,954.8,0.0,4.0,2025-11-13 04:00:00
11.6,65,954.8,0.0,4.0,2025-11-13 05:00:00
11.1,66,955.2,0.0,2.6,2025-11-13 06:00:00
10.9,66,955.8,0.0,3.1,2025-11-13 07:00:00
12.9,64,957.0,0.0,2.7,2025-11-13 08:00:00
15.5,57,958.0,0.0,1.3,2025-11-13 09:00:00
17.9,50,958.6,0.0,1.2,2025-11-13 10:00:00
19.8,44,959.0,0.0,4.6,2025-11-13 11:00:00
21.2,40,958.4,0.0,6.7,2025-11-13 12:00:00
22.0,37,957.6,0.0,8.2,2025-11-13 13:00:00
22.2,37,956.9,0.0,8.6,2025-11-13 14:00:00
21.8,40,956.4,0.0,8.1,2025-11-13 15:00:00
20.2,50,955.8,0.0,6.1,2025-11-13 16:00:00
17.3,60,955.5,0.0,7.1,2025-11-13 17:00:00
15.8,65,955.4,0.0,8.1,2025-11-13 18:00:00
14.6,68,955.8,0.0,7.3,2025-11-13 19:00:00
13.9,69,956.0,0.0,6.8,2025-11-13 20:00:00
13.7,65,956.1,0.0,6.7,2025-11-13 21:00:00
13.3,62,956.1,0.0,6.3,2025-11-13 22:00:00
13.4,59,956.3,0.0,7.0,2025-11-13 23:00:00
12.4,62,955.8,0.0,4.4,2025-11-14 00:00:00
11.8,62,955.5,0.0,3.7,2025-11-14 01:00:00
11.3,61,955.3,0.0,3.0,2025-11-14 02:00:00
11.2,60,955.0,0.0,2.3,2025-11-14 03:00:00
10.7,61,954.7,0.0,3.0,2025-11-14 04:00:00
10.5,66,955.0,0.0,4.5,2025-11-14 05:00:00
9.9,66,955.1,0.0,3.6,2025-11-14 06:00:00
10.0,64,955.6,0.0,2.7,2025-11-14 07:00:00
12.1,63,956.7,0.0,2.6,2025-11-14 08:00:00
15.0,58,957.7,0.0,2.4,2025-11-14 09:00:00
17.3,48,958.0,0.0,1.9,2025-11-14 10:00:00
19.1,46,958.5,0.0,1.3,2025-11-14 11:00:00
20.6,44,957.8,0.0,2.0,2025-11-14 12:00:00
21.6,41,957.3,0.0,3.6,2025-11-14 13:00:00
22.2,37,956.5,0.0,5.3,2025-11-14 14:00:00
21.9,36,956.3,0.0,4.9,2025-11-14 15:00:00
20.4,52,956.0,0.0,3.2,2025-11-14 16:00:00
17.8,59,955.5,0.0,2.8,2025-11-14 17:00:00
16.8,64,955.7,0.0,3.6,2025-11-14 18:00:00
15.5,69,955.8,0.0,5.4,2025-11-14 19:00:00
14.8,64,956.2,0.0,5.2,2025-11-14 20:00:00
14.3,58,956.5,0.0,3.9,2025-11-14 21:00:00
13.7,52,956.4,0.0,4.0,2025-11-14 22:00:00
14.4,44,956.8,0.0,5.7,2025-11-14 23:00:00
12.5,52,956.2,0.0,3.6,2025-11-15 00:00:00
11.8,53,955.9,0.0,4.1,2025-11-15 01:00:00
11.1,57,955.6,0.0,3.8,2025-11-15 02:00:00
10.8,60,955.3,0.0,3.9,2025-11-15 03:00:00
10.4,63,955.1,0.0,4.8,2025-11-15 04:00:00
11.0,59,955.6,0.0,5.9,2025-11-15 05:00:00
10.1,62,955.8,0.0,4.3,2025-11-15 06:00:00
10.0,63,956.2,0.0,3.6,2025-11-15 07:00:00
11.8,63,957.2,0.0,3.1,2025-11-15 08:00:00
15.0,56,958.5,0.0,2.4,2025-11-15 09:00:00
17.4,49,959.1,0.0,1.5,2025-11-15 10:00:00
19.6,45,959.7,0.0,2.7,2025-11-15 11:00:00
21.0,42,959.4,0.0,4.1,2025-11-15 12:00:00
21.8,38,958.8,0.0,6.0,2025-11-15 13:00:00
21.9,35,958.1,0.0,7.2,2025-11-15 14:00:00
21.4,37,957.6,0.0,6.2,2025-11-15 15:00:00
19.7,50,957.3,0.0,4.6,2025-11-15 16:00:00
16.6,62,956.7,0.0,4.2,2025-11-15 17:00:00
16.0,67,957.0,0.0,4.4,2025-11-15 18:00:00
14.8,73,957.2,0.0,5.1,2025-11-15 19:00:00
14.2,68,957.4,0.0,4.9,2025-11-15 20:00:00
14.0,60,958.1,0.0,5.4,2025-11-15 21:00:00
13.6,55,958.2,0.0,6.0,2025-11-15 22:00:00
13.9,52,958.1,0.0,7.5,2025-11-15 23:00:00
12.5,59,957.8,0.0,5.1,2025-11-16 00:00:00
11.7,63,957.6,0.0,6.6,2025-11-16 01:00:00
11.3,66,957.4,0.0,5.5,2025-11-16 02:00:00
10.8,69,957.3,0.0,4.5,2025-11-16 03:00:00
10.2,70,956.9,0.0,3.0,2025-11-16 04:00:00
10.7,61,957.4,0.0,4.7,2025-11-16 05:00:00
10.0,64,957.7,0.0,4.1,2025-11-16 06:00:00
9.7,67,958.1,0.0,2.7,2025-11-16 07:00:00
12.0,63,959.4,0.0,1.4,2025-11-16 08:00:00
14.5,59,960.7,0.0,1.1,2025-11-16 09:00:00
16.7,51,961.6,0.0,1.9,2025-11-16 10:00:00
18.6,47,961.8,0.0,5.0,2025-11-16 11:00:00
20.3,44,961.2,0.0,6.4,2025-11-16 12:00:00
21.3,41,960.3,0.0,7.1,2025-11-16 13:00:00
21.7,39,959.4,0.0,6.5,2025-11-16 14:00:00
21.3,39,958.9,0.0,7.0,2025-11-16 15:00:00
19.5,50,958.3,0.0,5.1,2025-11-16 16:00:00
17.2,58,957.8,0.0,5.1,2025-11-16 17:00:00
16.2,64,958.0,0.0,6.0,2025-11-16 18:00:00
15.0,70,958.2,0.0,5.5,2025-11-16 19:00:00
14.2,69,958.2,0.0,5.6,2025-11-16 20:00:00
13.7,65,958.3,0.0,4.8,2025-11-16 21:00:00
13.1,62,958.3,0.0,4.9,2025-11-16 22:00:00
13.5,57,958.4,0.0,4.7,2025-11-16 23:00:00
12.6,61,958.0,0.0,2.6,2025-11-17 00:00:00
12.1,60,957.6,0.0,1.9,2025-11-17 01:00:00
12.0,58,956.9,0.0,1.0,2025-11-17 02:00:00
11.3,59,956.4,0.0,2.1,2025-11-17 03:00:00
10.9,62,956.2,0.0,3.7,2025-11-17 04:00:00
10.6,71,956.2,0.0,6.2,2025-11-17 05:00:00
9.3,71,956.2,0.0,3.8,2025-11-17 06:00:00
9.3,67,956.3,0.0,2.7,2025-11-17 07:00:00
11.6,63,957.2,0.0,2.0,2025-11-17 08:00:00
14.6,60,958.5,0.0,0.7,2025-11-17 09:00:00
17.0,49,959.3,0.0,2.0,2025-11-17 10:00:00
18.3,46,959.3,0.0,1.2,2025-11-17 11:00:00
19.8,45,958.9,0.0,1.9,2025-11-17 12:00:00
20.8,43,958.3,0.0,1.9,2025-11-17 13:00:00
21.3,43,957.8,0.0,1.5,2025-11-17 14:00:00
21.2,44,957.5,0.0,1.5,2025-11-17 15:00:00
19.8,57,957.0,0.0,3.1,2025-11-17 16:00:00
17.2,65,956.6,0.0,5.4,2025-11-17 17:00:00
16.5,65,957.1,0.0,5.8,2025-11-17 18:00:00
15.7,66,957.9,0.0,7.3,2025-11-17 19:00:00
14.8,68,958.3,0.0,6.2,2025-11-17 20:00:00
13.7,72,958.8,0.0,5.5,2025-11-17 21:00:00
12.8,73,958.8,0.0,6.5,2025-11-17 22:00:00
12.3,75,958.9,0.0,5.0,2025-11-17 23:00:00
12.2,73,958.7,0.0,6.0,2025-11-18 00:00:00
11.7,74,958.4,0.0,4.9,2025-11-18 01:00:00
11.3,74,958.3,0.0,3.8,2025-11-18 02:00:00
11.1,73,957.8,0.0,4.2,2025-11-18 03:00:00
11.0,72,957.3,0.0,3.5,2025-11-18 04:00:00
12.8,61,957.9,0.0,1.2,2025-11-18 05:00:00
12.6,61,958.0,0.0,1.3,2025-11-18 06:00:00
12.0,64,958.1,0.0,2.6,2025-11-18 07:00:00
13.0,66,958.6,0.0,4.7,2025-11-18 08:00:00
15.3,62,959.4,0.0,3.4,2025-11-18 09:00:00
17.6,57,959.6,0.0,2.4,2025-11-18 10:00:00
19.6,53,959.4,0.0,4.4,2025-11-18 11:00:00
20.9,46,958.5,0.0,6.5,2025-11-18 12:00:00
21.5,40,957.5,0.0,8.1,2025-11-18 13:00:00
21.5,40,956.6,0.0,8.7,2025-11-18 14:00:00
20.9,43,956.0,0.0,7.8,2025-11-18 15:00:00
19.4,53,955.2,0.0,5.2,2025-11-18 16:00:00
16.7,66,954.5,0.0,4.6,2025-11-18 17:00:00
16.1,68,954.7,0.0,4.5,2025-11-18 18:00:00
15.1,74,954.7,0.0,4.6,2025-11-18 19:00:00
14.3,75,954.9,0.0,4.3,2025-11-18 20:00:00
13.8,75,955.2,0.0,3.4,2025-11-18 21:00:00
13.2,73,955.1,0.0,3.8,2025-11-18 22:00:00
12.9,73,955.3,0.0,3.1,2025-11-18 23:00:00
12.4,76,955.1,0.0,4.4,2025-11-19 00:00:00
11.9,76,954.6,0.0,4.3,2025-11-19 01:00:00
11.6,75,954.6,0.0,4.0,2025-11-19 02:00:00
11.3,74,954.3,0.0,3.4,2025-11-19 03:00:00
11.4,72,954.1,0.0,2.4,2025-11-19 04:00:00
11.2,71,954.4,0.0,2.3,2025-11-19 05:00:00
10.8,72,954.5,0.0,2.9,2025-11-19 06:00:00
10.7,73,955.0,0.0,2.7,2025-11-19 07:00:00
12.7,69,956.0,0.0,2.3,2025-11-19 08:00:00
15.4,62,957.4,0.0,1.2,2025-11-19 09:00:00
17.8,54,958.2,0.0,1.7,2025-11-19 10:00:00
19.1,49,958.8,0.0,2.3,2025-11-19 11:00:00
20.2,46,958.5,0.0,3.3,2025-11-19 12:00:00
20.8,43,957.9,0.0,3.5,2025-11-19 13:00:00
21.2,41,957.5,0.0,3.2,2025-11-19 14:00:00
21.0,42,957.0,0.0,3.3,2025-11-19 15:00:00
19.6,56,956.8,0.0,3.3,2025-11-19 16:00:00
16.9,63,955.9,0.0,5.0,2025-11-19 17:00:00
16.2,59,956.4,0.0,4.3,2025-11-19 18:00:00
15.8,59,956.7,0.0,3.9,2025-11-19 19:00:00
14.7,65,956.8,0.0,3.5,2025-11-19 20:00:00
14.0,66,957.2,0.0,3.3,2025-11-19 21:00:00
13.8,62,957.4,0.0,2.9,2025-11-19 22:00:00
14.3,57,957.6,0.0,2.1,2025-11-19 23:00:00
13.8,60,957.4,0.0,1.5,2025-11-20 00:00:00
12.8,63,956.8,0.0,2.6,2025-11-20 01:00:00
12.6,65,956.5,0.0,3.6,2025-11-20 02:00:00
12.5,67,956.0,0.0,4.5,2025-11-20 03:00:00
12.0,70,955.6,0.0,5.1,2025-11-20 04:00:00
11.8,69,955.5,0.0,6.2,2025-11-20 05:00:00
10.9,73,955.5,0.0,5.4,2025-11-20 06:00:00
10.5,74,955.8,0.0,5.7,2025-11-20 07:00:00
12.0,72,956.7,0.0,5.4,2025-11-20 08:00:00
15.1,63,957.8,0.0,3.2,2025-11-20 09:00:00
17.6,56,958.2,0.0,0.6,2025-11-20 10:00:00
19.3,51,958.6,0.0,2.0,2025-11-20 11:00:00
20.7,47,958.1,0.0,2.3,2025-11-20 12:00:00
21.4,44,957.4,0.0,3.3,2025-11-20 13:00:00
21.6,43,956.9,0.0,3.1,2025-11-20 14:00:00
21.4,44,956.6,0.0,2.2,2025-11-20 15:00:00
20.3,58,956.4,0.0,0.6,2025-11-20 16:00:00
18.0,59,955.8,0.0,1.3,2025-11-20 17:00:00
16.8,65,956.2,0.0,1.7,2025-11-20 18:00:00
16.4,67,956.6,0.0,3.9,2025-11-20 19:00:00
15.7,67,956.9,0.0,5.7,2025-11-20 20:00:00
15.3,63,957.3,0.0,5.3,2025-11-20 21:00:00
14.4,64,957.4,0.0,5.6,2025-11-20 22:00:00
14.2,64,957.6,0.0,4.5,2025-11-20 23:00:00
13.2,70,957.4,0.0,4.3,2025-11-21 00:00:00
12.6,71,957.2,0.0,4.8,2025-11-21 01:00:00
12.2,73,957.1,0.0,4.2,2025-11-21 02:00:00
11.8,73,956.9,0.0,3.5,2025-11-21 03:00:00
12.0,70,956.9,0.0,2.7,2025-11-21 04:00:00
12.9,64,957.3,0.0,3.9,2025-11-21 05:00:00
12.4,66,957.6,0.0,2.4,2025-11-21 06:00:00
11.6,69,958.0,0.0,2.7,2025-11-21 07:00:00
12.9,69,959.1,0.0,3.3,2025-11-21 08:00:00
15.4,64,960.0,0.0,1.6,2025-11-21 09:00:00
17.6,58,960.5,0.0,1.5,2025-11-21 10:00:00
19.2,56,960.8,0.0,1.5,2025-11-21 11:00:00
20.6,53,960.4,0.0,2.9,2025-11-21 12:00:00
21.2,49,959.6,0.0,3.6,2025-11-21 13:00:00
21.5,46,959.0,0.0,3.4,2025-11-21 14:00:00
21.1,47,958.6,0.0,3.1,2025-11-21 15:00:00
19.8,61,958.4,0.0,2.6,2025-11-21 16:00:00
17.6,64,957.8,0.0,5.8,2025-11-21 17:00:00
16.3,70,958.0,0.0,6.0,2025-11-21 18:00:00
15.8,72,958.3,0.0,4.3,2025-11-21 19:00:00
15.4,69,958.3,0.0,3.9,2025-11-21 20:00:00
14.6,67,958.5,0.0,3.8,2025-11-21 21:00:00
14.1,65,958.3,0.0,4.8,2025-11-21 22:00:00
13.7,65,958.3,0.0,6.8,2025-11-21 23:00:00
12.8,69,957.8,0.0,4.2,2025-11-22 00:00:00
12.0,73,957.3,0.0,2.7,2025-11-22 01:00:00
12.0,70,957.4,0.0,4.1,2025-11-22 02:00:00
11.5,73,956.5,0.0,5.7,2025-11-22 03:00:00
11.1,74,955.9,0.0,6.0,2025-11-22 04:00:00
11.2,71,955.8,0.0,6.6,2025-11-22 05:00:00
10.3,74,955.5,0.0,5.3,2025-11-22 06:00:00
9.9,75,955.7,0.0,5.9,2025-11-22 07:00:00
11.4,72,956.4,0.0,7.0,2025-11-22 08:00:00
14.6,63,957.3,0.0,5.8,2025-11-22 09:00:00
17.1,57,957.5,0.0,4.5,2025-11-22 10:00:00
18.8,51,957.6,0.0,9.7,2025-11-22 11:00:00
19.6,46,956.9,0.0,11.3,2025-11-22 12:00:00
20.1,46,956.1,0.0,11.2,2025-11-22 13:00:00
20.3,44,955.5,0.0,9.7,2025-11-22 14:00:00
19.8,45,955.0,0.0,7.6,2025-11-22 15:00:00
18.3,56,954.7,0.0,4.3,2025-11-22 16:00:00
15.6,65,954.4,0.0,2.9,2025-11-22 17:00:00
15.0,70,954.8,0.0,3.8,2025-11-22 18:00:00
13.9,75,954.9,0.0,5.2,2025-11-22 19:00:00
13.5,73,955.3,0.0,5.1,2025-11-22 20:00:00
13.1,70,955.8,0.0,4.9,2025-11-22 21:00:00
12.3,71,955.6,0.0,5.8,2025-11-22 22:00:00
12.0,69,955.7,0.0,3.8,2025-11-22 23:00:00
11.6,73,955.7,0.0,5.0,2025-11-23 00:00:00
11.2,76,955.5,0.0,5.2,2025-11-23 01:00:00
10.7,78,955.6,0.0,4.4,2025-11-23 02:00:00
10.5,78,955.3,0.0,4.1,2025-11-23 03:00:00
10.3,77,955.1,0.0,3.4,2025-11-23 04:00:00
11.4,63,955.5,0.0,2.2,2025-11-23 05:00:00
11.7,59,955.8,0.0,1.8,2025-11-23 06:00:00
11.2,59,956.1,0.0,2.7,2025-11-23 07:00:00
12.4,60,957.0,0.0,3.6,2025-11-23 08:00:00
14.7,59,957.9,0.0,3.1,2025-11-23 09:00:00
16.9,53,958.6,0.0,0.9,2025-11-23 10:00:00
18.3,50,959.0,0.0,2.3,2025-11-23 11:00:00
19.4,46,958.2,0.0,4.8,2025-11-23 12:00:00
20.0,40,957.4,0.0,5.3,2025-11-23 13:00:00
20.2,38,957.0,0.0,5.4,2025-11-23 14:00:00
19.8,40,956.4,0.0,4.0,2025-11-23 15:00:00
18.5,56,956.1,0.0,2.7,2025-11-23 16:00:00
15.9,63,955.5,0.0,3.8,2025-11-23 17:00:00
14.7,71,955.9,0.0,4.5,2025-11-23 18:00:00
13.4,77,955.6,0.0,4.2,2025-11-23 19:00:00
12.7,75,955.8,0.0,5.5,2025-11-23 20:00:00
12.4,68,956.2,0.0,5.6,2025-11-23 21:00:00
12.3,64,956.1,0.0,5.9,2025-11-23 22:00:00
12.4,61,956.3,0.0,8.0,2025-11-23 23:00:00
11.2,69,956.1,0.0,3.6,2025-11-24 00:00:00
10.3,73,955.8,0.0,2.9,2025-11-24 01:00:00
9.9,73,955.8,0.0,2.7,2025-11-24 02:00:00
9.6,75,955.7,0.0,2.7,2025-11-24 03:00:00
9.4,75,955.3,0.0,2.6,2025-11-24 04:00:00
9.5,73,955.7,0.0,2.8,2025-11-24 05:00:00
9.6,70,956.2,0.0,0.8,2025-11-24 06:00:00
9.4,69,956.9,0.0,1.3,2025-11-24 07:00:00
10.9,68,957.8,0.0,1.8,2025-11-24 08:00:00
13.3,60,959.1,0.0,0.4,2025-11-24 09:00:00
15.6,55,959.7,0.0,1.3,2025-11-24 10:00:00
17.3,52,960.0,0.0,2.1,2025-11-24 11:00:00
18.7,48,959.6,0.0,3.5,2025-11-24 12:00:00
19.5,43,958.8,0.0,4.1,2025-11-24 13:00:00
19.7,40,958.3,0.0,4.3,2025-11-24 14:00:00
19.4,40,958.0,0.0,4.6,2025-11-24 15:00:00
17.9,53,957.9,0.0,3.7,2025-11-24 16:00:00
15.3,62,957.4,0.0,4.8,2025-11-24 17:00:00
14.0,70,957.4,0.0,6.7,2025-11-24 18:00:00
12.7,75,957.4,0.0,6.9,2025-11-24 19:00:00
11.8,73,957.4,0.0,6.9,2025-11-24 20:00:00
11.4,71,957.8,0.0,7.6,2025-11-24 21:00:00
11.4,71,957.8,0.0,7.7,2025-11-24 22:00:00
10.8,75,957.9,0.0,8.9,2025-11-24 23:00:00
10.3,75,957.6,0.0,6.8,2025-11-25 00:00:00
9.8,72,957.7,0.0,6.3,2025-11-25 01:00:00
9.3,73,957.5,0.0,5.5,2025-11-25 02:00:00
9.0,73,957.2,0.0,4.8,2025-11-25 03:00:00
8.7,72,957.0,0.0,4.3,2025-11-25 04:00:00
8.7,69,957.2,0.0,4.6,2025-11-25 05:00:00
8.4,70,957.3,0.0,2.7,2025-11-25 06:00:00
8.3,69,957.8,0.0,2.3,2025-11-25 07:00:00
10.3,65,958.6,0.0,2.1,2025-11-25 08:00:00
13.1,63,959.6,0.0,2.9,2025-11-25 09:00:00
15.6,53,960.1,0.0,2.6,2025-11-25 10:00:00
17.5,49,960.1,0.0,5.1,2025-11-25 11:00:00
18.8,45,959.2,0.0,7.8,2025-11-25 12:00:00
19.2,44,958.3,0.0,9.6,2025-11-25 13:00:00
19.2,44,957.5,0.0,10.2,2025-11-25 14:00:00
18.8,44,956.6,0.0,9.6,2025-11-25 15:00:00
17.4,52,956.0,0.0,7.3,2025-11-25 16:00:00
14.6,65,955.2,0.0,7.3,2025-11-25 17:00:00
13.1,73,954.9,0.0,8.0,2025-11-25 18:00:00
11.8,80,954.9,0.0,6.9,2025-11-25 19:00:00
11.0,82,955.0,0.0,6.1,2025-11-25 20:00:00
10.8,79,955.1,0.0,5.5,2025-11-25 21:00:00
10.5,75,954.9,0.0,5.6,2025-11-25 22:00:00
10.8,71,955.3,0.0,5.4,2025-11-25 23:00:00
9.8,73,954.6,0.0,3.4,2025-11-26 00:00:00
9.2,72,954.6,0.0,3.0,2025-11-26 01:00:00
9.1,68,954.5,0.0,4.2,2025-11-26 02:00:00
9.1,63,954.4,0.0,5.4,2025-11-26 03:00:00
9.3,58,954.5,0.0,5.3,2025-11-26 04:00:00
8.8,62,954.9,0.0,3.1,2025-11-26 05:00:00
9.1,65,955.4,0.0,3.9,2025-11-26 06:00:00
8.6,70,956.1,0.0,3.6,2025-11-26 07:00:00
10.1,68,957.3,0.0,3.9,2025-11-26 08:00:00
12.7,62,958.5,0.0,4.7,2025-11-26 09:00:00
15.2,54,959.5,0.0,4.2,2025-11-26 10:00:00
16.7,50,960.1,0.0,4.2,2025-11-26 11:00:00
17.8,48,959.6,0.0,4.4,2025-11-26 12:00:00
18.5,44,958.9,0.0,3.0,2025-11-26 13:00:00
19.0,41,958.5,0.0,1.3,2025-11-26 14:00:00
19.1,40,958.3,0.0,0.8,2025-11-26 15:00:00
18.2,53,958.2,0.0,0.0,2025-11-26 16:00:00
16.0,54,957.9,0.0,0.3,2025-11-26 17:00:00
14.6,61,957.9,0.0,3.1,2025-11-26 18:00:00
13.1,72,958.0,0.0,3.3,2025-11-26 19:00:00
12.5,76,958.2,0.0,3.5,2025-11-26 20:00:00
11.9,76,958.8,0.0,4.2,2025-11-26 21:00:00
11.4,75,958.8,0.0,3.9,2025-11-26 22:00:00
11.5,71,959.1,0.0,5.4,2025-11-26 23:00:00
10.1,75,958.9,0.0,2.8,2025-11-27 00:00:00
9.5,75,958.7,0.0,2.2,2025-11-27 01:00:00
9.2,74,958.5,0.0,2.8,2025-11-27 02:00:00
9.3,73,958.2,0.0,3.9,2025-11-27 03:00:00
9.0,74,957.9,0.0,4.6,2025-11-27 04:00:00
9.3,72,958.2,0.0,5.4,2025-11-27 05:00:00
8.6,71,958.5,0.0,4.5,2025-11-27 06:00:00
8.2,70,959.0,0.0,3.9,2025-11-27 07:00:00
9.6,67,960.0,0.0,3.3,2025-11-27 08:00:00
12.4,62,961.1,0.0,2.7,2025-11-27 09:00:00
14.8,54,961.9,0.0,1.2,2025-11-27 10:00:00
16.6,51,962.0,0.0,3.4,2025-11-27 11:00:00
18.2,47,961.3,0.0,4.4,2025-11-27 12:00:00
19.0,44,960.7,0.0,5.7,2025-11-27 13:00:00
19.1,42,960.0,0.0,6.2,2025-11-27 14:00:00
18.7,45,959.4,0.0,6.3,2025-11-27 15:00:00
17.0,56,958.9,0.0,4.9,2025-11-27 16:00:00
14.6,65,958.3,0.0,6.6,2025-11-27 17:00:00
13.2,73,958.1,0.0,7.0,2025-11-27 18:00:00
12.2,78,958.4,0.0,6.6,2025-11-27 19:00:00
11.3,80,958.3,0.0,5.0,2025-11-27 20:00:00
11.1,76,958.7,0.0,3.1,2025-11-27 21:00:00
10.8,72,958.8,0.0,2.5,2025-11-27 22:00:00
11.3,64,959.2,0.0,2.8,2025-11-27 23:00:00
9.9,67,958.6,0.0,1.9,2025-11-28 00:00:00
9.5,65,958.4,0.0,1.8,2025-11-28 01:00:00
9.2,67,958.0,0.0,2.4,2025-11-28 02:00:00
8.9,70,957.9,0.0,2.8,2025-11-28 03:00:00
8.7,71,957.3,0.0,3.1,2025-11-28 04:00:00
8.5,69,957.3,0.0,3.8,2025-11-28 05:00:00
8.2,69,957.7,0.0,3.1,2025-11-28 06:00:00
8.1,65,958.0,0.0,3.4,2025-11-28 07:00:00
9.9,61,958.9,0.0,2.8,2025-11-28 08:00:00
12.6,52,959.8,0.0,1.8,2025-11-28 09:00:00
14.8,47,960.0,0.0,0.8,2025-11-28 10:00:00
16.6,44,960.3,0.0,1.8,2025-11-28 11:00:00
18.4,41,959.6,0.0,2.9,2025-11-28 12:00:00
19.2,40,958.8,0.0,4.0,2025-11-28 13:00:00
19.5,42,957.9,0.0,4.7,2025-11-28 14:00:00
19.1,45,957.4,0.0,4.7,2025-11-28 15:00:00
17.5,56,957.1,0.0,4.2,2025-11-28 16:00:00
15.1,65,956.5,0.0,4.9,2025-11-28 17:00:00
13.9,72,956.3,0.0,5.1,2025-11-28 18:00:00
12.7,78,956.2,0.0,5.1,2025-11-28 19:00:00
11.8,78,956.2,0.0,3.7,2025-11-28 20:00:00
11.7,72,956.4,0.0,4.0,2025-11-28 21:00:00
11.3,68,956.4,0.0,4.0,2025-11-28 22:00:00
11.1,62,956.5,0.0,5.6,2025-11-28 23:00:00
10.2,64,956.2,0.0,2.8,2025-11-29 00:00:00
9.5,64,955.6,0.0,2.7,2025-11-29 01:00:00
9.2,61,955.8,0.0,3.4,2025-11-29 02:00:00
8.9,61,955.4,0.0,2.7,2025-11-29 03:00:00
8.7,60,955.1,0.0,2.6,2025-11-29 04:00:00
8.1,68,954.9,0.0,2.9,2025-11-29 05:00:00
8.4,62,955.5,0.0,1.0,2025-11-29 06:00:00
8.4,59,955.9,0.0,1.0,2025-11-29 07:00:00
9.9,57,956.9,0.0,1.8,2025-11-29 08:00:00
12.2,53,957.8,0.0,2.7,2025-11-29 09:00:00
14.6,48,958.3,0.0,0.5,2025-11-29 10:00:00
16.6,44,958.4,0.0,1.7,2025-11-29 11:00:00
18.6,42,957.9,0.0,3.0,2025-11-29 12:00:00
19.7,39,957.1,0.0,3.5,2025-11-29 13:00:00
19.9,39,956.2,0.0,4.0,2025-11-29 14:00:00
19.6,43,955.8,0.0,4.3,2025-11-29 15:00:00
17.7,56,955.3,0.0,3.9,2025-11-29 16:00:00
14.8,64,954.9,0.0,4.6,2025-11-29 17:00:00
13.8,71,954.8,0.0,4.3,2025-11-29 18:00:00
12.7,77,954.6,0.0,4.2,2025-11-29 19:00:00
12.3,75,954.5,0.0,3.8,2025-11-29 20:00:00
11.8,72,954.8,0.0,2.2,2025-11-29 21:00:00
11.6,67,954.8,0.0,2.3,2025-11-29 22:00:00
11.7,59,954.9,0.0,6.6,2025-11-29 23:00:00
10.5,64,954.3,0.0,3.9,2025-11-30 00:00:00
9.8,66,953.7,0.0,4.1,2025-11-30 01:00:00
9.4,69,953.5,0.0,3.8,2025-11-30 02:00:00
9.1,71,953.1,0.0,3.6,2025-11-30 03:00:00
8.7,71,952.7,0.0,2.5,2025-11-30 04:00:00
8.3,69,952.9,0.0,2.0,2025-11-30 05:00:00
8.2,62,953.5,0.0,1.6,2025-11-30 06:00:00
8.4,57,954.2,0.0,1.7,2025-11-30 07:00:00
9.6,54,955.0,0.0,3.4,2025-11-30 08:00:00
12.0,49,956.0,0.0,3.3,2025-11-30 09:00:00
14.8,42,956.7,0.0,0.5,2025-11-30 10:00:00
16.8,39,957.3,0.0,0.6,2025-11-30 11:00:00
18.4,38,956.6,0.0,1.9,2025-11-30 12:00:00
19.3,37,955.6,0.0,2.3,2025-11-30 13:00:00
19.6,38,954.6,0.0,3.6,2025-11-30 14:00:00
19.1,40,954.1,0.0,4.8,2025-11-30 15:00:00
17.3,50,953.6,0.0,5.1,2025-11-30 16:00:00
14.6,60,952.8,0.0,6.7,2025-11-30 17:00:00
13.5,67,952.8,0.0,7.2,2025-11-30 18:00:00
12.4,73,952.6,0.0,7.3,2025-11-30 19:00:00
11.8,75,952.8,0.0,5.5,2025-11-30 20:00:00
11.8,72,953.4,0.0,5.9,2025-11-30 21:00:00
11.1,70,953.2,0.0,5.0,2025-11-30 22:00:00
10.4,69,953.3,0.0,5.4,2025-11-30 23:00:00
9.4,71,953.0,0.0,2.6,2025-12-01 00:00:00
9.1,69,952.8,0.0,3.2,2025-12-01 01:00:00
8.8,69,952.8,0.0,3.1,2025-12-01 02:00:00
8.6,68,952.2,0.0,2.4,2025-12-01 03:00:00
8.2,69,951.9,0.0,2.1,2025-12-01 04:00:00
8.1,73,952.3,0.0,1.9,2025-12-01 05:00:00
7.9,68,952.7,0.0,1.0,2025-12-01 06:00:00
8.0,63,953.1,0.0,1.0,2025-12-01 07:00:00
9.4,62,954.0,0.0,1.0,2025-12-01 08:00:00
12.0,53,955.0,0.0,1.4,2025-12-01 09:00:00
14.3,49,955.7,0.0,1.5,2025-12-01 10:00:00
16.1,49,956.0,0.0,1.6,2025-12-01 11:00:00
17.6,47,955.5,0.0,2.7,2025-12-01 12:00:00
18.5,45,954.9,0.0,2.3,2025-12-01 13:00:00
18.9,43,954.3,0.0,2.7,2025-12-01 14:00:00
18.8,45,953.4,0.0,3.6,2025-12-01 15:00:00
17.6,62,953.0,0.0,1.8,2025-12-01 16:00:00
15.2,62,952.5,0.0,1.1,2025-12-01 17:00:00
14.1,69,952.6,0.0,2.4,2025-12-01 18:00:00
13.2,72,952.6,0.0,2.3,2025-12-01 19:00:00
12.6,70,952.7,0.0,2.4,2025-12-01 20:00:00
11.6,72,953.1,0.0,2.2,2025-12-01 21:00:00
10.6,74,953.1,0.0,2.7,2025-12-01 22:00:00
10.5,71,953.3,0.0,3.3,2025-12-01 23:00:00
9.4,71,953.0,0.0,1.3,2025-12-02 00:00:00
8.2,74,952.7,0.0,2.5,2025-12-02 01:00:00
7.8,73,952.7,0.0,2.9,2025-12-02 02:00:00
7.8,70,952.5,0.0,3.2,2025-12-02 03:00:00
7.8,67,952.5,0.0,3.6,2025-12-02 04:00:00
8.8,63,953.0,0.0,1.5,2025-12-02 05:00:00
8.4,65,953.7,0.0,2.2,2025-12-02 06:00:00
7.7,67,954.2,0.0,2.8,2025-12-02 07:00:00
8.8,69,955.3,0.0,3.9,2025-12-02 08:00:00
11.3,62,956.5,0.0,5.4,2025-12-02 09:00:00
13.9,55,957.3,0.0,3.3,2025-12-02 10:00:00
15.7,49,957.6,0.0,2.9,2025-12-02 11:00:00
17.1,45,956.9,0.0,3.4,2025-12-02 12:00:00
17.8,43,956.1,0.0,3.1,2025-12-02 13:00:00
18.2,40,955.3,0.0,2.2,2025-12-02 14:00:00
18.2,39,954.7,0.0,1.9,2025-12-02 15:00:00
17.0,57,954.2,0.0,1.3,2025-12-02 16:00:00
14.2,60,953.7,0.0,5.1,2025-12-02 17:00:00
13.3,67,954.0,0.0,5.7,2025-12-02 18:00:00
11.9,75,954.0,0.0,5.1,2025-12-02 19:00:00
10.7,79,954.2,0.0,4.8,2025-12-02 20:00:00
10.3,78,954.8,0.0,5.8,2025-12-02 21:00:00
10.0,75,955.0,0.0,7.2,2025-12-02 22:00:00
9.6,75,954.8,0.0,7.5,2025-12-02 23:00:00
8.7,78,954.8,0.0,4.2,2025-12-03 00:00:00
8.4,78,954.7,0.0,2.6,2025-12-03 01:00:00
8.2,75,955.0,0.0,2.0,2025-12-03 02:00:00
8.3,70,954.9,0.0,1.5,2025-12-03 03:00:00
7.8,70,954.8,0.0,2.2,2025-12-03 04:00:00
7.5,70,954.6,0.0,3.4,2025-12-03 05:00:00
6.8,71,955.1,0.0,2.8,2025-12-03 06:00:00
6.8,70,955.7,0.0,3.2,2025-12-03 07:00:00
8.3,67,957.0,0.0,3.1,2025-12-03 08:00:00
11.1,63,958.6,0.0,2.9,2025-12-03 09:00:00
13.7,55,959.7,0.0,1.0,2025-12-03 10:00:00
16.0,51,960.2,0.0,4.1,2025-12-03 11:00:00
17.6,47,959.7,0.0,2.9,2025-12-03 12:00:00
18.6,45,959.0,0.0,3.2,2025-12-03 13:00:00
18.9,44,958.3,0.0,4.2,2025-12-03 14:00:00
18.5,45,958.2,0.0,5.2,2025-12-03 15:00:00
16.9,55,957.8,0.0,4.8,2025-12-03 16:00:00
14.4,62,957.3,0.0,7.0,2025-12-03 17:00:00
13.0,70,957.5,0.0,6.7,2025-12-03 18:00:00
11.8,79,957.4,0.0,5.8,2025-12-03 19:00:00
11.1,82,957.6,0.0,4.4,2025-12-03 20:00:00
10.9,78,957.8,0.0,4.4,2025-12-03 21:00:00
10.5,74,957.7,0.0,6.8,2025-12-03 22:00:00
10.3,68,958.0,0.0,9.5,2025-12-03 23:00:00
9.4,69,957.8,0.0,6.9,2025-12-04 00:00:00
8.8,71,957.3,0.0,5.8,2025-12-04 01:00:00
8.5,72,957.0,0.0,4.8,2025-12-04 02:00:00
8.5,72,957.0,0.0,3.2,2025-12-04 03:00:00
8.8,71,956.4,0.0,4.2,2025-12-04 04:00:00
8.8,71,956.3,0.0,2.5,2025-12-04 05:00:00
8.4,71,956.6,0.0,1.4,2025-12-04 06:00:00
8.5,70,957.3,0.0,3.7,2025-12-04 07:00:00
9.2,71,957.7,0.0,4.0,2025-12-04 08:00:00
10.8,69,958.5,0.0,4.6,2025-12-04 09:00:00
14.4,55,959.2,0.0,2.9,2025-12-04 10:00:00
16.5,50,959.7,0.0,4.4,2025-12-04 11:00:00
18.2,44,959.0,0.0,5.2,2025-12-04 12:00:00
19.3,39,958.1,0.0,6.1,2025-12-04 13:00:00
19.6,36,957.3,0.0,6.8,2025-12-04 14:00:00
18.8,38,956.7,0.0,7.0,2025-12-04 15:00:00
16.9,48,956.2,0.0,5.6,2025-12-04 16:00:00
14.4,56,956.1,0.0,6.2,2025-12-04 17:00:00
13.5,64,956.5,0.0,6.7,2025-12-04 18:00:00
13.2,68,956.8,0.0,5.4,2025-12-04 19:00:00
13.0,71,957.1,0.0,5.0,2025-12-04 20:00:00
12.6,68,957.4,0.0,5.2,2025-12-04 21:00:00
11.7,67,957.5,0.0,4.2,2025-12-04 22:00:00
11.4,69,957.7,0.0,2.3,2025-12-04 23:00:00
11.0,67,957.7,0.0,2.3,2025-12-05 00:00:00
10.5,67,957.7,0.0,1.9,2025-12-05 01:00:00
10.0,67,957.6,0.0,3.0,2025-12-05 02:00:00
9.7,66,957.6,0.0,6.9,2025-12-05 03:00:00
10.6,62,957.5,0.0,8.5,2025-12-05 04:00:00
10.1,64,957.2,0.0,1.5,2025-12-05 05:00:00
9.1,66,957.9,0.0,3.1,2025-12-05 06:00:00
8.5,66,958.2,0.0,3.8,2025-12-05 07:00:00
10.2,62,959.4,0.0,2.0,2025-12-05 08:00:00
13.3,54,960.9,0.0,3.0,2025-12-05 09:00:00
15.5,46,961.8,0.0,1.5,2025-12-05 10:00:00
17.4,45,962.5,0.0,1.3,2025-12-05 11:00:00
18.6,43,962.1,0.0,0.9,2025-12-05 12:00:00
19.6,38,961.6,0.0,2.7,2025-12-05 13:00:00
20.0,33,961.0,0.0,4.4,2025-12-05 14:00:00
19.7,36,960.6,0.0,4.2,2025-12-05 15:00:00
17.7,48,959.9,0.0,4.7,2025-12-05 16:00:00
15.4,53,959.4,0.0,9.6,2025-12-05 17:00:00
13.8,62,959.4,0.0,9.5,2025-12-05 18:00:00
12.1,69,959.3,0.0,8.6,2025-12-05 19:00:00
11.1,71,959.5,0.0,8.5,2025-12-05 20:00:00
10.6,69,959.9,0.0,8.2,2025-12-05 21:00:00
10.2,66,960.1,0.0,7.7,2025-12-05 22:00:00
10.3,60,960.0,0.0,10.8,2025-12-05 23:00:00
9.9,60,959.9,0.0,8.0,2025-12-06 00:00:00
9.6,60,959.5,0.0,6.6,2025-12-06 01:00:00
9.5,60,959.6,0.0,6.5,2025-12-06 02:00:00
9.3,59,959.3,0.0,7.1,2025-12-06 03:00:00
9.3,57,958.6,0.0,6.9,2025-12-06 04:00:00
8.0,62,958.1,0.0,9.8,2025-12-06 05:00:00
8.3,58,958.4,0.0,8.7,2025-12-06 06:00:00
8.2,59,958.5,0.0,7.4,2025-12-06 07:00:00
9.2,58,959.1,0.0,8.2,2025-12-06 08:00:00
12.5,51,960.0,0.0,9.0,2025-12-06 09:00:00
15.7,43,960.9,0.0,6.4,2025-12-06 10:00:00
18.1,37,961.1,0.0,9.5,2025-12-06 11:00:00
19.7,33,960.4,0.0,11.8,2025-12-06 12:00:00
20.6,31,959.2,0.0,12.8,2025-12-06 13:00:00
20.4,31,958.4,0.0,13.1,2025-12-06 14:00:00
19.4,36,957.9,0.0,11.4,2025-12-06 15:00:00
17.9,40,957.2,0.0,11.8,2025-12-06 16:00:00
16.0,46,956.6,0.0,13.6,2025-12-06 17:00:00
15.0,48,956.6,0.0,13.2,2025-12-06 18:00:00
14.6,49,956.9,0.0,11.7,2025-12-06 19:00:00
13.9,50,957.0,0.0,9.8,2025-12-06 20:00:00
12.9,53,957.1,0.0,8.8,2025-12-06 21:00:00
11.9,56,957.1,0.0,7.9,2025-12-06 22:00:00
11.5,58,957.3,0.0,9.9,2025-12-06 23:00:00
10.7,64,957.2,0.0,5.6,2025-12-07 00:00:00
10.2,67,957.1,0.0,4.0,2025-12-07 01:00:00
10.0,68,957.1,0.0,5.2,2025-12-07 02:00:00
9.4,71,957.1,0.0,4.4,2025-12-07 03:00:00
8.9,73,956.7,0.0,3.8,2025-12-07 04:00:00
9.4,67,956.7,0.0,2.7,2025-12-07 05:00:00
9.6,62,956.9,0.0,1.9,2025-12-07 06:00:00
9.8,58,957.6,0.0,1.9,2025-12-07 07:00:00
11.3,54,958.5,0.0,2.7,2025-12-07 08:00:00
13.6,54,959.3,0.0,3.6,2025-12-07 09:00:00
16.0,44,960.3,0.0,1.7,2025-12-07 10:00:00
17.6,41,960.3,0.0,1.9,2025-12-07 11:00:00
19.3,38,959.6,0.0,2.2,2025-12-07 12:00:00
20.2,36,958.9,0.0,3.0,2025-12-07 13:00:00
20.5,34,958.4,0.0,5.2,2025-12-07 14:00:00
20.0,36,957.9,0.0,6.1,2025-12-07 15:00:00
18.3,46,957.5,0.0,5.7,2025-12-07 16:00:00
15.5,55,956.9,0.0,6.2,2025-12-07 17:00:00
14.2,63,957.0,0.0,7.6,2025-12-07 18:00:00
12.7,67,957.2,0.0,7.1,2025-12-07 19:00:00
11.9,63,957.2,0.0,7.1,2025-12-07 20:00:00
11.8,57,957.4,0.0,6.0,2025-12-07 21:00:00
11.5,56,957.6,0.0,4.9,2025-12-07 22:00:00
11.4,54,957.6,0.0,7.9,2025-12-07 23:00:00
10.6,60,957.4,0.0,3.5,2025-12-08 00:00:00
10.1,60,957.2,0.0,2.7,2025-12-08 01:00:00
9.8,59,957.2,0.0,2.9,2025-12-08 02:00:00
9.6,59,957.2,0.0,3.4,2025-12-08 03:00:00
9.3,60,957.2,0.0,3.3,2025-12-08 04:00:00
8.9,63,957.1,0.0,4.0,2025-12-08 05:00:00
9.2,55,957.4,0.0,2.1,2025-12-08 06:00:00
9.1,51,958.0,0.0,2.0,2025-12-08 07:00:00
10.3,49,958.8,0.0,2.4,2025-12-08 08:00:00
13.0,49,960.0,0.0,3.8,2025-12-08 09:00:00
15.8,42,961.3,0.0,2.0,2025-12-08 10:00:00
18.0,39,961.7,0.0,3.4,2025-12-08 11:00:00
19.9,36,961.1,0.0,4.7,2025-12-08 12:00:00
20.8,32,960.3,0.0,6.5,2025-12-08 13:00:00
20.8,31,959.5,0.0,7.5,2025-12-08 14:00:00
20.2,35,959.0,0.0,7.6,2025-12-08 15:00:00
18.3,44,958.4,0.0,7.3,2025-12-08 16:00:00
15.3,56,957.7,0.0,9.6,2025-12-08 17:00:00
14.0,61,957.8,0.0,9.9,2025-12-08 18:00:00
12.4,68,957.7,0.0,8.9,2025-12-08 19:00:00
11.3,69,957.6,0.0,7.9,2025-12-08 20:00:00
11.0,62,957.8,0.0,7.5,2025-12-08 21:00:00
10.8,56,957.6,0.0,7.9,2025-12-08 22:00:00
11.3,49,957.8,0.0,11.0,2025-12-08 23:00:00
10.8,50,957.4,0.0,6.8,2025-12-09 00:00:00
10.1,51,957.0,0.0,6.6,2025-12-09 01:00:00
9.9,49,956.4,0.0,7.4,2025-12-09 02:00:00
10.1,47,956.1,0.0,8.5,2025-12-09 03:00:00
10.4,46,955.7,0.0,10.0,2025-12-09 04:00:00
9.8,46,956.0,0.0,11.5,2025-12-09 05:00:00
9.4,47,956.0,0.0,9.2,2025-12-09 06:00:00
9.2,47,956.3,0.0,8.7,2025-12-09 07:00:00
10.5,44,957.0,0.0,8.3,2025-12-09 08:00:00
13.7,39,958.0,0.0,7.1,2025-12-09 09:00:00
16.7,36,958.8,0.0,3.3,2025-12-09 10:00:00
19.0,31,959.1,0.0,4.9,2025-12-09 11:00:00
20.3,29,958.5,0.0,4.8,2025-12-09 12:00:00
20.7,29,957.8,0.0,7.0,2025-12-09 13:00:00
19.9,30,957.3,0.0,10.5,2025-12-09 14:00:00
19.0,33,956.9,0.0,10.7,2025-12-09 15:00:00
17.4,40,956.6,0.0,9.6,2025-12-09 16:00:00
15.7,49,956.1,0.0,7.6,2025-12-09 17:00:00
14.5,55,956.3,0.0,7.7,2025-12-09 18:00:00
14.1,55,956.7,0.0,6.5,2025-12-09 19:00:00
13.6,57,956.9,0.0,4.7,2025-12-09 20:00:00
12.4,58,957.0,0.0,2.8,2025-12-09 21:00:00
11.7,55,957.0,0.0,1.9,2025-12-09 22:00:00
12.9,47,957.3,0.0,3.8,2025-12-09 23:00:00
11.4,49,957.1,0.0,3.2,2025-12-10 00:00:00
10.7,49,956.4,0.0,4.8,2025-12-10 01:00:00
10.3,49,955.8,0.0,5.1,2025-12-10 02:00:00
9.8,50,955.4,0.0,6.8,2025-12-10 03:00:00
9.3,53,955.1,0.0,7.5,2025-12-10 04:00:00
9.7,47,954.7,0.0,4.9,2025-12-10 05:00:00
9.1,49,954.8,0.0,4.2,2025-12-10 06:00:00
8.9,49,955.6,0.0,7.5,2025-12-10 07:00:00
9.9,49,956.3,0.0,7.4,2025-12-10 08:00:00
12.9,46,957.3,0.0,5.9,2025-12-10 09:00:00
16.2,40,958.1,0.0,3.6,2025-12-10 10:00:00
18.9,36,958.3,0.0,5.0,2025-12-10 11:00:00
20.6,33,957.7,0.0,5.1,2025-12-10 12:00:00
21.3,29,957.1,0.0,7.8,2025-12-10 13:00:00
21.3,28,956.6,0.0,7.5,2025-12-10 14:00:00
20.6,30,956.2,0.0,7.2,2025-12-10 15:00:00
18.6,38,955.7,0.0,6.5,2025-12-10 16:00:00
15.7,52,955.1,0.0,6.3,2025-12-10 17:00:00
14.6,60,955.5,0.0,5.0,2025-12-10 18:00:00
13.7,67,955.9,0.0,3.8,2025-12-10 19:00:00
13.8,62,956.5,0.0,4.9,2025-12-10 20:00:00
13.5,59,957.1,0.0,5.0,2025-12-10 21:00:00
12.8,59,957.1,0.0,5.2,2025-12-10 22:00:00
12.5,60,957.1,0.0,2.0,2025-12-10 23:00:00
12.4,58,957.1,0.0,1.4,2025-12-11 00:00:00
11.8,59,956.8,0.0,2.5,2025-12-11 01:00:00
11.2,61,956.5,0.0,3.1,2025-12-11 02:00:00
10.9,59,956.3,0.0,3.5,2025-12-11 03:00:00
10.9,55,955.8,0.0,4.6,2025-12-11 04:00:00
11.1,54,956.0,0.0,5.5,2025-12-11 05:00:00
9.6,60,955.7,0.0,4.4,2025-12-11 06:00:00
9.0,60,956.0,0.0,3.9,2025-12-11 07:00:00
10.0,55,956.5,0.0,4.5,2025-12-11 08:00:00
12.4,52,957.4,0.0,4.5,2025-12-11 09:00:00
15.7,43,958.0,0.0,2.5,2025-12-11 10:00:00
17.9,38,958.2,0.0,5.8,2025-12-11 11:00:00
19.7,35,957.4,0.0,7.4,2025-12-11 12:00:00
20.7,32,956.4,0.0,9.7,2025-12-11 13:00:00
20.9,32,955.5,0.0,10.6,2025-12-11 14:00:00
20.5,34,954.7,0.0,9.3,2025-12-11 15:00:00
18.6,43,954.1,0.0,8.0,2025-12-11 16:00:00
15.8,54,953.7,0.0,10.7,2025-12-11 17:00:00
14.6,57,953.8,0.0,9.3,2025-12-11 18:00:00
13.0,64,953.8,0.0,5.6,2025-12-11 19:00:00
12.1,67,954.2,0.0,5.0,2025-12-11 20:00:00
11.9,62,954.6,0.0,3.5,2025-12-11 21:00:00
11.9,52,954.6,0.0,3.8,2025-12-11 22:00:00
12.3,49,955.3,0.0,2.2,2025-12-11 23:00:00
11.7,46,955.1,0.0,4.3,2025-12-12 00:00:00
11.3,47,954.5,0.0,4.2,2025-12-12 01:00:00
11.5,46,954.6,0.0,2.8,2025-12-12 02:00:00
11.5,44,954.3,0.0,1.1,2025-12-12 03:00:00
11.1,44,953.5,0.0,1.5,2025-12-12 04:00:00
10.2,52,953.5,0.0,1.5,2025-12-12 05:00:00
10.0,51,954.0,0.0,4.3,2025-12-12 06:00:00
9.3,57,954.0,0.0,4.1,2025-12-12 07:00:00
10.3,56,954.5,0.0,2.6,2025-12-12 08:00:00
12.9,51,955.4,0.0,4.9,2025-12-12 09:00:00
16.2,42,956.1,0.0,1.4,2025-12-12 10:00:00
18.1,36,956.6,0.0,3.1,2025-12-12 11:00:00
19.5,34,955.8,0.0,4.6,2025-12-12 12:00:00
20.0,35,955.2,0.0,5.8,2025-12-12 13:00:00
20.2,36,954.5,0.0,5.2,2025-12-12 14:00:00
19.8,39,954.0,0.0,2.3,2025-12-12 15:00:00
18.4,57,953.7,0.0,0.2,2025-12-12 16:00:00
16.5,61,953.4,0.0,1.8,2025-12-12 17:00:00
16.0,64,954.4,0.0,2.3,2025-12-12 18:00:00
15.1,61,954.7,0.0,5.8,2025-12-12 19:00:00
14.7,60,955.0,0.0,8.2,2025-12-12 20:00:00
14.1,61,955.6,0.0,6.1,2025-12-12 21:00:00
13.8,63,956.1,0.0,6.7,2025-12-12 22:00:00
13.0,66,956.4,0.0,6.8,2025-12-12 23:00:00
12.7,66,956.4,0.0,6.9,2025-12-13 00:00:00
12.4,65,955.9,0.0,7.0,2025-12-13 01:00:00
11.8,68,955.7,0.0,4.8,2025-12-13 02:00:00
11.7,66,954.9,0.0,4.8,2025-12-13 03:00:00
11.8,66,954.7,0.0,2.2,2025-12-13 04:00:00
11.6,65,954.8,0.0,1.7,2025-12-13 05:00:00
11.7,63,954.8,0.0,0.7,2025-12-13 06:00:00
11.7,63,955.0,0.0,0.4,2025-12-13 07:00:00
11.9,63,956.0,0.0,5.0,2025-12-13 08:00:00
13.1,63,957.1,0.0,5.7,2025-12-13 09:00:00
15.1,58,957.6,0.0,0.7,2025-12-13 10:00:00
16.4,52,957.8,0.0,1.6,2025-12-13 11:00:00
17.8,48,958.1,0.0,5.4,2025-12-13 12:00:00
18.4,46,957.1,0.0,3.6,2025-12-13 13:00:00
18.3,46,956.6,0.0,6.2,2025-12-13 14:00:00
18.0,48,956.5,0.0,5.2,2025-12-13 15:00:00
16.9,55,956.4,0.0,4.7,2025-12-13 16:00:00
15.2,66,955.9,0.0,5.1,2025-12-13 17:00:00
15.1,65,956.4,0.0,5.4,2025-12-13 18:00:00
14.2,69,956.8,0.0,5.2,2025-12-13 19:00:00
13.4,73,957.2,0.0,4.0,2025-12-13 20:00:00
13.0,74,957.9,0.0,3.1,2025-12-13 21:00:00
12.5,73,957.8,0.0,3.2,2025-12-13 22:00:00
12.4,73,957.8,0.0,2.1,2025-12-13 23:00:00
12.2,71,957.5,0.0,3.4,2025-12-14 00:00:00
12.0,69,957.6,0.0,2.7,2025-12-14 01:00:00
12.1,68,957.9,0.0,1.2,2025-12-14 02:00:00
11.8,70,957.4,0.0,2.6,2025-12-14 03:00:00
10.7,75,956.8,0.0,2.3,2025-12-14 04:00:00
10.0,79,956.5,0.0,1.3,2025-12-14 05:00:00
11.8,70,957.6,0.0,8.1,2025-12-14 06:00:00
10.4,77,957.5,0.0,5.2,2025-12-14 07:00:00
10.4,78,958.0,0.0,3.8,2025-12-14 08:00:00
12.8,72,959.0,0.0,4.3,2025-12-14 09:00:00
15.6,63,960.0,0.0,1.8,2025-12-14 10:00:00
17.1,58,960.2,0.0,2.5,2025-12-14 11:00:00
18.4,56,959.4,0.0,1.5,2025-12-14 12:00:00
19.0,55,958.7,0.0,3.6,2025-12-14 13:00:00
19.2,55,958.0,0.0,4.7,2025-12-14 14:00:00
19.0,55,957.7,0.0,4.5,2025-12-14 15:00:00
17.6,70,957.4,0.0,2.6,2025-12-14 16:00:00
16.3,70,957.0,0.0,0.5,2025-12-14 17:00:00
15.2,74,957.6,0.0,1.8,2025-12-14 18:00:00
14.5,73,958.0,0.0,2.4,2025-12-14 19:00:00
14.0,68,958.2,0.0,4.5,2025-12-14 20:00:00
13.2,66,958.4,0.0,5.7,2025-12-14 21:00:00
12.6,67,958.4,0.0,5.3,2025-12-14 22:00:00
12.8,67,958.4,0.0,4.0,2025-12-14 23:00:00
12.5,69,958.3,0.0,4.2,2025-12-15 00:00:00
12.0,73,957.9,0.0,2.7,2025-12-15 01:00:00
11.8,73,957.7,0.0,1.8,2025-12-15 02:00:00
11.2,74,957.2,0.0,2.2,2025-12-15 03:00:00
11.3,73,956.7,0.0,3.3,2025-12-15 04:00:00
11.3,72,956.8,0.0,6.9,2025-12-15 05:00:00
10.4,76,956.8,0.0,3.9,2025-12-15 06:00:00
9.5,80,957.0,0.0,4.7,2025-12-15 07:00:00
10.2,76,957.6,0.0,5.9,2025-12-15 08:00:00
13.1,67,959.0,0.0,5.2,2025-12-15 09:00:00
15.9,59,959.8,0.0,2.7,2025-12-15 10:00:00
18.3,51,959.7,0.0,5.2,2025-12-15 11:00:00
19.8,45,959.2,0.0,5.4,2025-12-15 12:00:00
20.4,42,958.5,0.0,7.0,2025-12-15 13:00:00
20.3,41,957.7,0.0,8.2,2025-12-15 14:00:00
19.8,44,957.2,0.0,7.5,2025-12-15 15:00:00
18.4,52,956.6,0.0,5.7,2025-12-15 16:00:00
15.7,65,956.2,0.0,8.9,2025-12-15 17:00:00
14.6,71,956.3,0.0,7.6,2025-12-15 18:00:00
13.2,77,956.7,0.0,6.5,2025-12-15 19:00:00
12.3,79,956.8,0.0,5.9,2025-12-15 20:00:00
12.1,76,957.3,0.0,6.1,2025-12-15 21:00:00
11.8,73,957.6,0.0,6.2,2025-12-15 22:00:00
11.7,73,957.7,0.0,7.6,2025-12-15 23:00:00
11.5,74,957.5,0.0,4.6,2025-12-16 00:00:00
11.0,75,956.9,0.0,3.4,2025-12-16 01:00:00
11.0,73,956.7,0.0,3.9,2025-12-16 02:00:00
11.0,72,956.3,0.0,4.4,2025-12-16 03:00:00
10.5,73,955.4,0.0,4.1,2025-12-16 04:00:00
10.4,68,955.4,0.0,7.2,2025-12-16 05:00:00
9.8,70,955.5,0.0,6.0,2025-12-16 06:00:00
9.6,70,955.9,0.0,6.9,2025-12-16 07:00:00
10.8,65,956.7,0.0,7.5,2025-12-16 08:00:00
13.8,55,957.8,0.0,7.7,2025-12-16 09:00:00
17.1,47,958.5,0.0,5.5,2025-12-16 10:00:00
19.5,42,958.6,0.0,7.9,2025-12-16 11:00:00
21.4,37,958.1,0.0,9.8,2025-12-16 12:00:00
22.4,33,957.5,0.0,12.9,2025-12-16 13:00:00
22.1,35,956.6,0.0,13.4,2025-12-16 14:00:00
21.4,38,956.1,0.0,11.9,2025-12-16 15:00:00
19.7,44,955.3,0.0,11.9,2025-12-16 16:00:00
17.2,53,954.7,0.0,14.6,2025-12-16 17:00:00
16.2,57,955.0,0.0,13.3,2025-12-16 18:00:00
15.3,59,955.2,0.0,11.5,2025-12-16 19:00:00
14.2,60,955.3,0.0,10.5,2025-12-16 20:00:00
13.5,60,955.8,0.0,8.8,2025-12-16 21:00:00
13.4,59,956.2,0.0,8.5,2025-12-16 22:00:00
13.6,57,956.5,0.0,10.2,2025-12-16 23:00:00
13.0,60,956.5,0.0,6.5,2025-12-17 00:00:00
12.3,64,956.3,0.0,6.6,2025-12-17 01:00:00
12.3,64,956.0,0.0,6.3,2025-12-17 02:00:00
12.5,64,955.8,0.0,5.5,2025-12-17 03:00:00
12.1,66,955.4,0.0,5.9,2025-12-17 04:00:00
12.1,63,955.4,0.0,5.8,2025-12-17 05:00:00
11.0,67,955.5,0.0,4.5,2025-12-17 06:00:00
10.8,66,955.8,0.0,4.5,2025-12-17 07:00:00
11.8,62,956.6,0.0,5.1,2025-12-17 08:00:00
14.3,58,957.7,0.0,5.6,2025-12-17 09:00:00
17.3,49,958.7,0.0,2.3,2025-12-17 10:00:00
18.8,43,959.2,0.0,4.9,2025-12-17 11:00:00
20.6,39,958.7,0.0,4.7,2025-12-17 12:00:00
21.7,36,957.9,0.0,6.1,2025-12-17 13:00:00
22.1,34,957.5,0.0,7.2,2025-12-17 14:00:00
21.8,35,956.7,0.0,6.2,2025-12-17 15:00:00
19.7,45,956.2,0.0,5.5,2025-12-17 16:00:00
17.2,56,955.6,0.0,8.3,2025-12-17 17:00:00
16.2,62,955.7,0.0,6.4,2025-12-17 18:00:00
15.4,67,956.1,0.0,5.1,2025-12-17 19:00:00
14.9,66,956.3,0.0,4.2,2025-12-17 20:00:00
14.9,60,956.7,0.0,3.3,2025-12-17 21:00:00
14.6,56,956.7,0.0,4.1,2025-12-17 22:00:00
14.4,56,957.5,0.0,6.2,2025-12-17 23:00:00
13.9,60,956.8,0.0,3.1,2025-12-18 00:00:00
13.6,59,957.1,0.0,2.2,2025-12-18 01:00:00
13.3,59,956.8,0.0,2.6,2025-12-18 02:00:00
13.4,57,956.7,0.0,2.6,2025-12-18 03:00:00
12.9,57,956.3,0.0,2.8,2025-12-18 04:00:00
13.1,57,956.7,0.0,6.8,2025-12-18 05:00:00
12.1,60,956.7,0.0,3.6,2025-12-18 06:00:00
12.7,54,957.2,0.0,1.9,2025-12-18 07:00:00
13.4,48,958.1,0.0,1.8,2025-12-18 08:00:00
15.0,47,958.9,0.0,1.7,2025-12-18 09:00:00
17.3,40,959.6,0.0,0.5,2025-12-18 10:00:00
18.5,37,960.0,0.0,0.2,2025-12-18 11:00:00
20.5,34,959.7,0.0,1.5,2025-12-18 12:00:00
21.4,34,959.1,0.0,3.5,2025-12-18 13:00:00
21.4,36,958.4,0.0,3.8,2025-12-18 14:00:00
20.8,39,957.9,0.0,3.6,2025-12-18 15:00:00
19.5,51,957.6,0.0,2.6,2025-12-18 16:00:00
16.8,64,956.9,0.0,5.0,2025-12-18 17:00:00
15.7,71,957.0,0.0,3.9,2025-12-18 18:00:00
15.0,73,956.9,0.0,4.3,2025-12-18 19:00:00
14.8,68,957.2,0.0,2.1,2025-12-18 20:00:00
14.5,62,957.8,0.0,3.2,2025-12-18 21:00:00
13.6,60,957.5,0.0,2.4,2025-12-18 22:00:00
14.1,54,957.4,0.0,5.1,2025-12-18 23:00:00
13.1,58,956.9,0.0,2.7,2025-12-19 00:00:00
12.6,59,956.7,0.0,2.2,2025-12-19 01:00:00
12.5,57,956.3,0.0,3.2,2025-12-19 02:00:00
12.0,58,956.1,0.0,3.2,2025-12-19 03:00:00
11.3,60,955.3,0.0,3.6,2025-12-19 04:00:00
11.0,59,954.9,0.0,5.2,2025-12-19 05:00:00
11.0,56,955.0,0.0,4.4,2025-12-19 06:00:00
10.2,59,954.7,0.0,3.2,2025-12-19 07:00:00
11.1,55,955.7,0.0,4.3,2025-12-19 08:00:00
13.6,52,956.4,0.0,3.9,2025-12-19 09:00:00
16.3,46,957.3,0.0,1.3,2025-12-19 10:00:00
17.9,43,957.5,0.0,2.8,2025-12-19 11:00:00
19.4,41,956.8,0.0,4.8,2025-12-19 12:00:00
20.5,38,956.0,0.0,5.3,2025-12-19 13:00:00
20.8,35,955.5,0.0,7.7,2025-12-19 14:00:00
20.4,35,954.5,0.0,4.8,2025-12-19 15:00:00
18.8,44,953.6,0.0,3.2,2025-12-19 16:00:00
15.6,58,953.2,0.0,4.1,2025-12-19 17:00:00
14.8,63,953.3,0.0,3.0,2025-12-19 18:00:00
14.6,67,953.5,0.0,6.8,2025-12-19 19:00:00
14.3,66,953.3,0.0,8.2,2025-12-19 20:00:00
14.0,68,953.7,0.0,3.8,2025-12-19 21:00:00
13.7,70,953.4,0.0,2.5,2025-12-19 22:00:00
13.7,69,953.5,0.0,1.0,2025-12-19 23:00:00
13.4,69,952.8,0.0,3.1,2025-12-20 00:00:00
13.3,68,952.6,0.0,1.3,2025-12-20 01:00:00
13.0,66,952.5,0.0,1.7,2025-12-20 02:00:00
12.8,63,952.2,0.0,1.0,2025-12-20 03:00:00
12.4,62,951.6,0.0,1.6,2025-12-20 04:00:00
11.7,64,951.7,0.0,2.6,2025-12-20 05:00:00
11.7,62,951.5,0.0,0.6,2025-12-20 06:00:00
11.2,61,951.9,0.0,1.5,2025-12-20 07:00:00
11.6,63,952.7,0.0,2.0,2025-12-20 08:00:00
13.9,55,953.8,0.0,4.2,2025-12-20 09:00:00
16.1,48,954.9,0.0,1.4,2025-12-20 10:00:00
17.3,41,955.8,0.0,1.8,2025-12-20 11:00:00
18.7,37,955.4,0.0,2.9,2025-12-20 12:00:00
18.9,37,954.6,0.0,4.0,2025-12-20 13:00:00
18.9,38,954.3,0.0,1.3,2025-12-20 14:00:00
19.2,38,953.6,0.0,2.5,2025-12-20 15:00:00
17.8,54,953.5,0.0,2.1,2025-12-20 16:00:00
16.8,56,953.3,0.0,2.7,2025-12-20 17:00:00
15.8,58,953.6,0.0,4.8,2025-12-20 18:00:00
15.2,59,953.8,0.0,3.9,2025-12-20 19:00:00
15.1,62,954.3,0.0,0.4,2025-12-20 20:00:00
15.1,62,954.8,0.0,0.4,2025-12-20 21:00:00
13.9,69,955.2,0.1,1.1,2025-12-20 22:00:00
13.9,65,955.2,0.1,6.1,2025-12-20 23:00:00
12.8,72,955.5,0.0,4.7,2025-12-21 00:00:00
12.5,76,955.6,0.0,5.6,2025-12-21 01:00:00
12.4,78,955.3,0.0,8.2,2025-12-21 02:00:00
12.6,75,955.1,0.1,10.0,2025-12-21 03:00:00
12.8,74,954.3,1.4,9.0,2025-12-21 04:00:00
11.5,84,954.8,0.2,1.7,2025-12-21 05:00:00
11.6,85,955.0,0.0,1.1,2025-12-21 06:00:00
12.5,82,955.3,0.0,1.3,2025-12-21 07:00:00
12.8,79,956.2,0.9,1.4,2025-12-21 08:00:00
13.3,87,957.0,5.2,7.9,2025-12-21 09:00:00
14.0,78,957.9,0.0,8.0,2025-12-21 10:00:00
15.1,72,958.7,1.4,8.8,2025-12-21 11:00:00
15.4,73,958.4,1.8,6.7,2025-12-21 12:00:00
15.3,69,958.1,0.0,7.4,2025-12-21 13:00:00
15.4,68,957.7,1.3,10.5,2025-12-21 14:00:00
14.3,73,957.0,0.3,11.8,2025-12-21 15:00:00
13.8,80,956.7,0.8,10.1,2025-12-21 16:00:00
13.1,92,956.9,0.1,5.5,2025-12-21 17:00:00
12.3,92,957.1,0.0,1.4,2025-12-21 18:00:00
11.7,92,957.1,0.0,2.3,2025-12-21 19:00:00
11.9,88,957.3,0.0,3.4,2025-12-21 20:00:00
11.3,88,957.3,0.0,4.2,2025-12-21 21:00:00
10.3,91,957.2,0.0,5.0,2025-12-21 22:00:00
11.2,85,957.0,0.0,3.2,2025-12-21 23:00:00
11.0,87,957.4,0.2,5.0,2025-12-22 00:00:00
10.8,89,957.3,0.0,3.4,2025-12-22 01:00:00
10.6,91,957.0,0.0,5.9,2025-12-22 02:00:00
9.8,95,957.2,0.0,8.7,2025-12-22 03:00:00
10.1,93,957.0,0.0,11.9,2025-12-22 04:00:00
9.7,93,956.4,0.0,6.7,2025-12-22 05:00:00
9.8,94,956.7,12.4,7.0,2025-12-22 06:00:00
9.8,94,957.0,8.5,8.4,2025-12-22 07:00:00
10.2,98,957.6,2.5,11.5,2025-12-22 08:00:00
11.7,90,958.7,0.0,7.5,2025-12-22 09:00:00
13.8,82,959.8,0.0,3.6,2025-12-22 10:00:00
16.2,69,960.0,0.0,2.5,2025-12-22 11:00:00
16.7,63,959.4,0.2,6.1,2025-12-22 12:00:00
17.7,59,958.8,0.0,6.4,2025-12-22 13:00:00
18.6,56,957.8,0.0,5.7,2025-12-22 14:00:00
17.9,59,957.4,0.0,8.9,2025-12-22 15:00:00
16.8,68,956.7,0.0,6.8,2025-12-22 16:00:00
13.1,95,956.8,0.0,3.3,2025-12-22 17:00:00
13.3,94,956.6,0.1,2.4,2025-12-22 18:00:00
12.6,96,956.9,0.0,6.9,2025-12-22 19:00:00
12.1,95,956.7,0.0,8.3,2025-12-22 20:00:00
11.1,97,956.9,0.0,3.6,2025-12-22 21:00:00
10.1,100,956.7,0.0,3.2,2025-12-22 22:00:00
10.1,99,956.5,0.0,2.4,2025-12-22 23:00:00
9.9,100,956.2,0.0,0.9,2025-12-23 00:00:00
9.6,100,956.3,0.0,1.5,2025-12-23 01:00:00
9.5,100,956.2,0.0,3.3,2025-12-23 02:00:00
9.0,100,956.0,0.0,3.5,2025-12-23 03:00:00
8.8,100,955.5,0.0,5.7,2025-12-23 04:00:00
9.7,88,955.7,0.0,10.4,2025-12-23 05:00:00
9.7,86,955.6,0.0,9.8,2025-12-23 06:00:00
9.2,86,955.7,0.0,8.7,2025-12-23 07:00:00
9.1,88,956.3,0.0,8.4,2025-12-23 08:00:00
11.5,80,957.4,0.0,7.0,2025-12-23 09:00:00
14.1,69,958.3,0.0,5.4,2025-12-23 10:00:00
15.9,64,958.6,0.0,11.4,2025-12-23 11:00:00
17.2,58,957.9,0.0,10.5,2025-12-23 12:00:00
18.2,52,957.1,0.0,10.0,2025-12-23 13:00:00
18.4,51,956.1,0.0,11.1,2025-12-23 14:00:00
17.7,54,955.7,0.0,12.2,2025-12-23 15:00:00
16.4,60,955.3,0.0,13.2,2025-12-23 16:00:00
14.7,67,954.8,0.0,16.3,2025-12-23 17:00:00
14.1,69,954.7,0.0,15.3,2025-12-23 18:00:00
13.7,68,954.8,0.0,14.1,2025-12-23 19:00:00
13.4,65,954.8,0.0,13.7,2025-12-23 20:00:00
12.7,66,954.5,0.0,12.0,2025-12-23 21:00:00
12.1,68,954.2,0.0,12.2,2025-12-23 22:00:00
11.9,70,954.3,0.0,15.3,2025-12-23 23:00:00
12.0,70,953.9,0.0,14.0,2025-12-24 00:00:00
11.7,72,953.5,0.0,12.1,2025-12-24 01:00:00
11.5,76,953.5,0.0,11.1,2025-12-24 02:00:00
11.1,78,953.4,0.0,10.6,2025-12-24 03:00:00
10.7,81,952.8,0.0,10.0,2025-12-24 04:00:00
10.0,85,952.6,0.0,10.9,2025-12-24 05:00:00
9.7,87,952.7,0.0,9.1,2025-12-24 06:00:00
9.5,87,953.1,0.0,8.9,2025-12-24 07:00:00
10.3,82,953.7,0.0,8.8,2025-12-24 08:00:00
12.8,72,954.9,0.0,7.3,2025-12-24 09:00:00
15.6,63,955.8,0.0,4.5,2025-12-24 10:00:00
17.8,53,956.2,0.0,8.1,2025-12-24 11:00:00
19.4,42,955.5,0.0,8.6,2025-12-24 12:00:00
20.1,38,954.6,0.0,9.8,2025-12-24 13:00:00
19.4,44,953.9,0.0,12.7,2025-12-24 14:00:00
18.1,49,953.8,0.0,14.2,2025-12-24 15:00:00
16.4,53,953.5,0.0,13.1,2025-12-24 16:00:00
14.4,55,953.1,0.0,13.6,2025-12-24 17:00:00
13.6,62,953.1,0.0,11.1,2025-12-24 18:00:00
12.2,70,952.9,0.0,9.3,2025-12-24 19:00:00
10.9,75,952.9,0.0,8.1,2025-12-24 20:00:00
10.3,74,953.2,0.0,7.8,2025-12-24 21:00:00
10.1,72,953.1,0.0,7.1,2025-12-24 22:00:00
10.2,68,953.5,0.0,8.6,2025-12-24 23:00:00
10.1,68,953.5,0.0,5.7,2025-12-25 00:00:00
9.9,68,953.3,0.0,4.7,2025-12-25 01:00:00
9.6,70,953.0,0.0,3.5,2025-12-25 02:00:00
9.2,71,952.9,0.0,3.2,2025-12-25 03:00:00
8.8,73,952.5,0.0,3.2,2025-12-25 04:00:00
8.0,80,952.6,0.0,5.3,2025-12-25 05:00:00
8.3,76,953.1,0.0,4.6,2025-12-25 06:00:00
7.9,75,953.5,0.0,3.7,2025-12-25 07:00:00
9.2,70,954.5,0.0,2.6,2025-12-25 08:00:00
12.1,60,956.1,0.0,1.7,2025-12-25 09:00:00
14.1,54,956.7,0.0,1.0,2025-12-25 10:00:00
15.7,53,957.1,0.0,3.4,2025-12-25 11:00:00
17.4,49,956.6,0.0,4.2,2025-12-25 12:00:00
18.3,45,955.9,0.0,5.6,2025-12-25 13:00:00
18.5,44,955.2,0.0,6.3,2025-12-25 14:00:00
18.0,45,954.9,0.0,6.9,2025-12-25 15:00:00
16.4,53,954.6,0.0,6.0,2025-12-25 16:00:00
14.1,60,953.9,0.0,6.9,2025-12-25 17:00:00
13.0,68,954.1,0.0,6.9,2025-12-25 18:00:00
11.6,76,953.8,0.0,5.6,2025-12-25 19:00:00
10.9,76,954.3,0.0,5.2,2025-12-25 20:00:00
10.7,71,955.0,0.0,5.0,2025-12-25 21:00:00
10.3,67,955.0,0.0,4.7,2025-12-25 22:00:00
10.8,64,955.2,0.0,3.6,2025-12-25 23:00:00
10.4,65,955.0,0.0,2.4,2025-12-26 00:00:00
10.7,60,955.0,0.0,1.1,2025-12-26 01:00:00
10.7,55,955.0,0.0,1.1,2025-12-26 02:00:00
10.6,51,955.1,0.0,2.0,2025-12-26 03:00:00
10.4,51,954.4,0.0,2.9,2025-12-26 04:00:00
10.7,48,954.6,0.0,2.0,2025-12-26 05:00:00
10.4,50,954.7,0.0,1.5,2025-12-26 06:00:00
10.1,52,955.2,0.0,2.6,2025-12-26 07:00:00
10.1,56,955.9,0.0,3.9,2025-12-26 08:00:00
11.2,63,956.8,0.0,4.1,2025-12-26 09:00:00
14.0,53,957.9,0.0,0.4,2025-12-26 10:00:00
15.6,48,958.2,0.0,1.5,2025-12-26 11:00:00
16.8,45,957.8,0.0,3.8,2025-12-26 12:00:00
17.7,43,957.3,0.0,3.9,2025-12-26 13:00:00
18.2,40,956.6,0.0,4.5,2025-12-26 14:00:00
18.0,41,956.2,0.0,4.7,2025-12-26 15:00:00
16.6,51,955.7,0.0,4.5,2025-12-26 16:00:00
14.0,62,955.0,0.0,6.6,2025-12-26 17:00:00
12.9,68,955.1,0.0,7.0,2025-12-26 18:00:00
11.3,76,955.0,0.0,5.5,2025-12-26 19:00:00
10.2,78,955.1,0.0,5.5,2025-12-26 20:00:00
9.9,76,955.5,0.0,5.9,2025-12-26 21:00:00
9.5,74,955.5,0.0,6.5,2025-12-26 22:00:00
9.9,68,955.7,0.0,8.3,2025-12-26 23:00:00
9.3,70,955.4,0.0,5.1,2025-12-27 00:00:00
9.0,68,955.1,0.0,5.0,2025-12-27 01:00:00
8.8,66,955.0,0.0,3.9,2025-12-27 02:00:00
8.6,64,954.8,0.0,3.7,2025-12-27 03:00:00
8.5,61,954.3,0.0,3.8,2025-12-27 04:00:00
8.5,58,954.2,0.0,3.4,2025-12-27 05:00:00
8.2,61,954.6,0.0,3.3,2025-12-27 06:00:00
7.9,62,954.9,0.0,4.2,2025-12-27 07:00:00
8.6,63,955.3,0.0,3.6,2025-12-27 08:00:00
10.8,64,956.5,0.0,4.3,2025-12-27 09:00:00
13.9,54,957.3,0.0,2.6,2025-12-27 10:00:00
15.7,49,957.8,0.0,5.5,2025-12-27 11:00:00
17.1,45,957.1,0.0,6.7,2025-12-27 12:00:00
17.9,42,956.5,0.0,6.7,2025-12-27 13:00:00
18.1,42,955.7,0.0,6.4,2025-12-27 14:00:00
17.9,45,955.3,0.0,5.1,2025-12-27 15:00:00
16.3,57,954.8,0.0,4.0,2025-12-27 16:00:00
13.9,62,954.0,0.0,6.4,2025-12-27 17:00:00
12.9,68,954.3,0.0,6.3,2025-12-27 18:00:00
12.1,74,954.6,0.0,5.3,2025-12-27 19:00:00
11.8,73,955.0,0.0,4.9,2025-12-27 20:00:00
11.4,68,955.4,0.0,5.6,2025-12-27 21:00:00
10.5,67,955.2,0.0,4.3,2025-12-27 22:00:00
9.9,67,954.6,0.0,4.1,2025-12-27 23:00:00
10.2,64,954.7,0.0,3.1,2025-12-28 00:00:00
10.7,58,954.4,0.0,2.5,2025-12-28 01:00:00
10.8,57,954.6,0.0,3.2,2025-12-28 02:00:00
10.5,58,954.7,0.0,1.9,2025-12-28 03:00:00
10.0,59,954.2,0.0,1.4,2025-12-28 04:00:00
8.6,69,954.1,0.0,1.2,2025-12-28 05:00:00
8.5,69,954.3,0.0,3.6,2025-12-28 06:00:00
8.6,66,955.0,0.0,3.9,2025-12-28 07:00:00
9.4,62,955.5,0.0,5.0,2025-12-28 08:00:00
11.2,56,956.6,0.0,4.3,2025-12-28 09:00:00
13.2,52,957.7,0.0,3.3,2025-12-28 10:00:00
14.6,49,958.3,0.0,5.1,2025-12-28 11:00:00
15.8,49,957.8,0.0,5.2,2025-12-28 12:00:00
16.7,48,957.1,0.0,3.7,2025-12-28 13:00:00
16.8,50,956.6,0.0,2.9,2025-12-28 14:00:00
16.6,52,956.1,0.0,3.5,2025-12-28 15:00:00
15.5,66,956.0,0.2,2.5,2025-12-28 16:00:00
14.3,70,955.2,0.0,1.9,2025-12-28 17:00:00
14.0,69,955.6,0.0,1.0,2025-12-28 18:00:00
13.6,69,956.1,0.0,1.9,2025-12-28 19:00:00
13.4,69,956.3,0.0,3.3,2025-12-28 20:00:00
12.5,72,956.7,0.0,2.4,2025-12-28 21:00:00
11.8,69,956.6,0.0,0.9,2025-12-28 22:00:00
11.1,67,956.4,0.0,2.1,2025-12-28 23:00:00
10.9,65,956.3,0.0,0.9,2025-12-29 00:00:00
9.8,68,956.0,0.0,2.0,2025-12-29 01:00:00
9.7,66,956.0,0.0,3.7,2025-12-29 02:00:00
9.1,68,955.3,0.0,5.0,2025-12-29 03:00:00
8.3,70,954.4,0.0,4.6,2025-12-29 04:00:00
8.4,68,954.0,0.0,9.1,2025-12-29 05:00:00
8.1,72,953.9,0.0,5.5,2025-12-29 06:00:00
7.8,75,954.3,0.0,3.9,2025-12-29 07:00:00
8.7,74,955.3,0.0,1.6,2025-12-29 08:00:00
11.1,70,956.4,0.0,2.9,2025-12-29 09:00:00
13.6,58,957.7,0.0,2.0,2025-12-29 10:00:00
15.1,55,957.8,0.0,5.9,2025-12-29 11:00:00
16.9,52,956.8,0.0,4.4,2025-12-29 12:00:00
17.9,50,956.1,0.0,4.6,2025-12-29 13:00:00
18.2,50,955.3,0.0,3.4,2025-12-29 14:00:00
17.8,53,954.9,0.0,2.7,2025-12-29 15:00:00
16.6,68,954.5,0.0,1.3,2025-12-29 16:00:00
14.2,70,953.9,0.0,2.9,2025-12-29 17:00:00
13.2,73,954.3,0.0,4.0,2025-12-29 18:00:00
12.7,77,955.0,0.0,5.2,2025-12-29 19:00:00
12.4,77,955.0,0.0,7.8,2025-12-29 20:00:00
12.2,78,955.4,0.0,3.9,2025-12-29 21:00:00
11.5,79,955.6,0.0,2.6,2025-12-29 22:00:00
12.2,73,955.7,0.0,3.0,2025-12-29 23:00:00
10.4,79,955.3,0.0,3.3,2025-12-30 00:00:00
11.4,75,955.3,0.0,4.5,2025-12-30 01:00:00
10.4,80,954.7,0.0,3.8,2025-12-30 02:00:00
10.3,74,954.4,0.0,3.1,2025-12-30 03:00:00
10.8,69,953.7,0.0,1.1,2025-12-30 04:00:00
9.9,78,953.5,0.0,1.8,2025-12-30 05:00:00
9.9,76,953.4,0.0,2.2,2025-12-30 06:00:00
10.9,71,954.0,0.0,3.1,2025-12-30 07:00:00
11.2,72,954.1,0.0,1.0,2025-12-30 08:00:00
12.8,67,954.6,0.0,3.0,2025-12-30 09:00:00
13.8,63,955.5,0.0,2.6,2025-12-30 10:00:00
14.2,64,956.1,0.0,5.4,2025-12-30 11:00:00
13.5,67,954.9,0.0,6.0,2025-12-30 12:00:00
14.2,63,953.6,0.0,4.0,2025-12-30 13:00:00
15.4,58,952.6,0.0,1.8,2025-12-30 14:00:00
14.9,61,951.8,0.0,5.3,2025-12-30 15:00:00
13.6,66,951.9,0.0,9.7,2025-12-30 16:00:00
12.6,70,951.6,0.0,9.9,2025-12-30 17:00:00
11.6,72,951.7,0.0,10.9,2025-12-30 18:00:00
11.4,73,952.1,0.0,10.7,2025-12-30 19:00:00
11.3,75,951.9,0.0,8.8,2025-12-30 20:00:00
10.9,79,952.1,0.0,7.4,2025-12-30 21:00:00
10.2,84,952.0,0.0,6.8,2025-12-30 22:00:00
10.0,88,951.8,0.7,11.1,2025-12-30 23:00:00
10.5,90,951.5,0.1,7.3,2025-12-31 00:00:00
9.7,95,951.5,0.1,4.7,2025-12-31 01:00:00
9.1,95,951.0,0.0,4.6,2025-12-31 02:00:00
7.5,97,950.1,0.0,0.8,2025-12-31 03:00:00
8.1,91,949.9,0.0,4.5,2025-12-31 04:00:00
9.0,92,949.4,0.0,9.3,2025-12-31 05:00:00
9.1,90,949.4,0.0,7.5,2025-12-31 06:00:00
8.5,91,949.8,0.0,2.4,2025-12-31 07:00:00
9.2,86,949.9,0.0,3.2,2025-12-31 08:00:00
11.0,80,951.3,0.0,3.2,2025-12-31 09:00:00
12.7,74,952.2,0.1,3.8,2025-12-31 10:00:00
13.6,66,952.0,0.7,2.4,2025-12-31 11:00:00
13.4,71,951.6,0.1,3.1,2025-12-31 12:00:00
12.7,77,951.2,0.2,4.9,2025-12-31 13:00:00
12.9,78,950.7,0.2,2.7,2025-12-31 14:00:00
12.6,81,950.6,0.3,2.9,2025-12-31 15:00:00
12.1,86,950.6,0.1,4.8,2025-12-31 16:00:00
11.2,93,950.2,0.0,8.1,2025-12-31 17:00:00
10.4,95,950.6,0.0,8.9,2025-12-31 18:00:00
10.4,95,950.8,0.2,7.3,2025-12-31 19:00:00
10.0,96,950.8,0.1,3.2,2025-12-31 20:00:00
10.1,96,951.7,0.0,4.9,2025-12-31 21:00:00
10.1,96,952.0,0.2,3.1,2025-12-31 22:00:00
10.0,94,952.2,0.5,9.3,2025-12-31 23:00:00
9.8,93,952.5,1.0,8.3,2026-01-01 00:00:00
9.4,93,952.6,1.3,5.3,2026-01-01 01:00:00
9.5,96,952.5,1.2,8.9,2026-01-01 02:00:00
9.7,96,952.4,0.8,5.1,2026-01-01 03:00:00
9.5,97,952.3,1.2,4.4,2026-01-01 04:00:00
9.5,96,952.3,1.4,7.3,2026-01-01 05:00:00
9.8,96,952.5,0.5,7.5,2026-01-01 06:00:00
9.8,93,953.0,0.2,7.7,2026-01-01 07:00:00
9.9,93,953.3,0.0,4.6,2026-01-01 08:00:00
10.4,92,954.8,0.0,3.3,2026-01-01 09:00:00
11.5,86,955.6,0.0,1.0,2026-01-01 10:00:00
12.4,79,955.9,0.0,2.4,2026-01-01 11:00:00
13.8,69,955.4,0.0,3.3,2026-01-01 12:00:00
14.2,63,954.9,0.0,4.3,2026-01-01 13:00:00
14.2,63,954.7,0.0,6.0,2026-01-01 14:00:00
14.0,64,954.6,0.0,4.1,2026-01-01 15:00:00
13.7,66,954.6,0.0,2.5,2026-01-01 16:00:00
12.1,82,954.5,0.0,1.8,2026-01-01 17:00:00
11.4,85,955.2,0.0,2.8,2026-01-01 18:00:00
10.9,85,955.6,0.0,6.3,2026-01-01 19:00:00
10.2,86,955.9,0.0,5.6,2026-01-01 20:00:00
9.4,89,956.3,0.0,4.3,2026-01-01 21:00:00
8.6,90,956.1,0.0,3.1,2026-01-01 22:00:00
8.9,88,956.2,0.0,2.4,2026-01-01 23:00:00
8.7,89,955.9,0.0,2.5,2026-01-02 00:00:00
8.7,87,955.8,0.0,3.7,2026-01-02 01:00:00
8.4,87,955.9,0.0,6.5,2026-01-02 02:00:00
8.2,86,955.6,0.0,6.5,2026-01-02 03:00:00
7.5,88,955.1,0.0,7.1,2026-01-02 04:00:00
6.9,90,954.8,0.0,7.6,2026-01-02 05:00:00
6.9,89,955.1,0.0,6.9,2026-01-02 06:00:00
6.7,88,955.3,0.0,6.8,2026-01-02 07:00:00
7.1,87,955.9,0.0,8.7,2026-01-02 08:00:00
9.7,78,957.4,0.0,10.4,2026-01-02 09:00:00
12.5,68,958.6,0.0,8.2,2026-01-02 10:00:00
14.0,63,959.1,0.0,11.5,2026-01-02 11:00:00
15.3,56,958.0,0.0,10.4,2026-01-02 12:00:00
16.2,54,957.2,0.0,9.8,2026-01-02 13:00:00
16.5,54,956.7,0.0,9.5,2026-01-02 14:00:00
16.1,56,956.3,0.0,10.3,2026-01-02 15:00:00
14.9,61,956.1,0.0,10.5,2026-01-02 16:00:00
12.7,70,955.6,0.0,10.2,2026-01-02 17:00:00
11.5,76,955.3,0.0,10.3,2026-01-02 18:00:00
10.7,80,955.7,0.0,9.1,2026-01-02 19:00:00
9.7,83,955.6,0.0,8.0,2026-01-02 20:00:00
8.9,86,955.9,0.0,7.6,2026-01-02 21:00:00
8.4,85,955.8,0.0,6.1,2026-01-02 22:00:00
8.6,83,955.9,0.0,7.3,2026-01-02 23:00:00
8.7,83,955.6,0.0,4.6,2026-01-03 00:00:00
8.9,83,955.5,0.0,3.9,2026-01-03 01:00:00
8.8,83,955.9,0.0,4.2,2026-01-03 02:00:00
8.4,85,955.9,0.0,2.7,2026-01-03 03:00:00
8.1,87,955.1,0.0,2.4,2026-01-03 04:00:00
8.1,87,955.1,0.0,0.8,2026-01-03 05:00:00
8.1,87,955.1,0.0,2.5,2026-01-03 06:00:00
8.4,86,955.4,0.0,0.6,2026-01-03 07:00:00
8.5,86,956.0,0.0,1.7,2026-01-03 08:00:00
10.0,85,956.7,0.0,2.2,2026-01-03 09:00:00
12.1,74,957.7,0.0,1.5,2026-01-03 10:00:00
13.7,66,958.0,0.0,3.1,2026-01-03 11:00:00
15.0,56,957.2,0.0,4.7,2026-01-03 12:00:00
15.8,49,956.5,0.0,5.6,2026-01-03 13:00:00
16.3,48,956.0,0.0,4.9,2026-01-03 14:00:00
16.3,49,955.6,0.0,4.3,2026-01-03 15:00:00
15.5,60,955.5,0.0,2.5,2026-01-03 16:00:00
13.5,65,955.1,0.0,1.9,2026-01-03 17:00:00
11.9,72,955.7,0.0,3.2,2026-01-03 18:00:00
11.0,77,956.1,0.0,4.4,2026-01-03 19:00:00
10.0,81,956.4,0.0,7.8,2026-01-03 20:00:00
9.5,82,957.6,0.0,7.4,2026-01-03 21:00:00
8.6,87,957.9,0.0,9.0,2026-01-03 22:00:00
8.6,90,958.0,0.0,7.5,2026-01-03 23:00:00
8.9,90,957.9,0.0,6.7,2026-01-04 00:00:00
8.8,91,957.7,0.0,5.7,2026-01-04 01:00:00
8.3,94,957.4,0.0,6.1,2026-01-04 02:00:00
7.7,96,957.0,0.0,4.9,2026-01-04 03:00:00
7.0,97,956.6,0.0,3.2,2026-01-04 04:00:00
7.3,92,956.4,0.0,1.5,2026-01-04 05:00:00
7.5,95,957.0,0.0,0.4,2026-01-04 06:00:00
6.9,98,957.3,0.0,1.8,2026-01-04 07:00:00
7.5,97,957.7,0.0,2.4,2026-01-04 08:00:00
9.6,89,958.9,0.0,0.4,2026-01-04 09:00:00
11.3,80,959.9,0.2,2.9,2026-01-04 10:00:00
12.3,78,960.2,0.7,3.9,2026-01-04 11:00:00
13.5,76,959.3,0.1,4.0,2026-01-04 12:00:00
14.4,71,958.4,0.0,5.0,2026-01-04 13:00:00
14.9,66,957.9,0.0,5.2,2026-01-04 14:00:00
15.1,61,957.6,0.0,4.7,2026-01-04 15:00:00
14.6,65,957.4,0.0,5.1,2026-01-04 16:00:00
12.7,80,957.3,0.0,4.0,2026-01-04 17:00:00
11.7,83,958.0,0.0,1.3,2026-01-04 18:00:00
10.8,86,958.6,0.1,1.9,2026-01-04 19:00:00
9.7,92,959.1,1.0,5.6,2026-01-04 20:00:00
9.3,93,959.3,0.0,4.5,2026-01-04 21:00:00
8.4,95,959.2,0.0,4.5,2026-01-04 22:00:00
8.3,94,959.1,0.0,2.2,2026-01-04 23:00:00
8.4,92,959.3,0.0,0.4,2026-01-05 00:00:00
7.9,93,959.1,0.0,1.9,2026-01-05 01:00:00
7.6,94,959.1,0.0,1.6,2026-01-05 02:00:00
7.9,95,959.5,0.0,6.0,2026-01-05 03:00:00
7.3,98,959.5,0.0,2.7,2026-01-05 04:00:00
7.5,96,959.3,0.0,3.6,2026-01-05 05:00:00
7.8,94,959.5,0.0,5.2,2026-01-05 06:00:00
7.5,94,959.7,0.0,2.7,2026-01-05 07:00:00
7.8,91,959.7,0.0,5.0,2026-01-05 08:00:00
9.6,89,960.6,0.0,5.3,2026-01-05 09:00:00
11.4,77,961.4,0.0,4.8,2026-01-05 10:00:00
13.1,64,961.5,0.0,8.8,2026-01-05 11:00:00
14.2,54,960.8,0.0,10.0,2026-01-05 12:00:00
14.8,52,960.1,0.0,9.0,2026-01-05 13:00:00
14.8,54,959.7,0.0,8.6,2026-01-05 14:00:00
14.7,56,959.4,0.0,6.8,2026-01-05 15:00:00
13.9,60,958.8,0.0,4.6,2026-01-05 16:00:00
12.2,71,958.6,0.0,8.4,2026-01-05 17:00:00
10.9,76,958.7,0.0,9.9,2026-01-05 18:00:00
9.9,80,958.6,0.0,9.2,2026-01-05 19:00:00
8.8,84,958.6,0.0,7.4,2026-01-05 20:00:00
8.2,86,958.7,0.0,5.8,2026-01-05 21:00:00
7.9,84,958.6,0.0,5.9,2026-01-05 22:00:00
7.7,81,958.3,0.0,7.4,2026-01-05 23:00:00
7.8,79,958.3,0.0,5.1,2026-01-06 00:00:00
7.5,76,957.9,0.0,4.4,2026-01-06 01:00:00
7.0,75,957.7,0.0,3.3,2026-01-06 02:00:00
6.6,72,957.6,0.0,3.1,2026-01-06 03:00:00
6.4,71,957.2,0.0,3.2,2026-01-06 04:00:00
5.9,74,956.9,0.0,4.3,2026-01-06 05:00:00
6.0,75,957.5,0.0,3.2,2026-01-06 06:00:00
5.8,75,958.1,0.0,2.7,2026-01-06 07:00:00
6.7,73,959.0,0.0,2.4,2026-01-06 08:00:00
9.1,68,960.1,0.0,3.4,2026-01-06 09:00:00
11.6,58,961.1,0.0,1.2,2026-01-06 10:00:00
12.6,60,961.5,0.0,2.7,2026-01-06 11:00:00
13.9,58,960.5,0.0,4.9,2026-01-06 12:00:00
14.8,55,959.7,0.0,5.8,2026-01-06 13:00:00
15.2,53,959.6,0.0,6.5,2026-01-06 14:00:00
15.1,53,959.3,0.0,6.4,2026-01-06 15:00:00
14.2,60,959.2,0.0,4.4,2026-01-06 16:00:00
11.9,67,958.9,0.0,7.6,2026-01-06 17:00:00
10.5,73,959.0,0.0,8.3,2026-01-06 18:00:00
9.5,79,959.1,0.0,7.4,2026-01-06 19:00:00
8.9,82,959.4,0.0,7.0,2026-01-06 20:00:00
8.2,85,959.8,0.0,5.6,2026-01-06 21:00:00
7.7,84,960.0,0.0,4.3,2026-01-06 22:00:00
7.8,83,960.0,0.0,6.9,2026-01-06 23:00:00
7.9,81,959.8,0.0,4.8,2026-01-07 00:00:00
7.6,80,959.6,0.0,4.7,2026-01-07 01:00:00
7.2,80,959.6,0.0,3.8,2026-01-07 02:00:00
6.8,81,959.6,0.0,3.3,2026-01-07 03:00:00
6.8,79,958.9,0.0,3.1,2026-01-07 04:00:00
6.4,77,958.9,0.0,3.8,2026-01-07 05:00:00
6.8,74,959.3,0.0,3.8,2026-01-07 06:00:00
6.4,72,959.7,0.0,2.5,2026-01-07 07:00:00
7.1,69,960.4,0.0,2.1,2026-01-07 08:00:00
9.0,68,961.3,0.0,4.4,2026-01-07 09:00:00
11.4,57,962.3,0.0,3.5,2026-01-07 10:00:00
12.8,56,962.5,0.0,5.2,2026-01-07 11:00:00
14.5,50,961.8,0.0,6.3,2026-01-07 12:00:00
15.4,46,961.0,0.0,6.5,2026-01-07 13:00:00
15.9,44,960.7,0.0,5.9,2026-01-07 14:00:00
15.8,45,960.4,0.0,6.2,2026-01-07 15:00:00
14.4,52,960.1,0.0,7.3,2026-01-07 16:00:00
11.5,60,959.4,0.0,10.9,2026-01-07 17:00:00
10.2,66,959.3,0.0,10.6,2026-01-07 18:00:00
9.3,71,959.4,0.0,8.1,2026-01-07 19:00:00
8.3,76,959.5,0.0,5.5,2026-01-07 20:00:00
7.5,77,959.8,0.0,5.6,2026-01-07 21:00:00
7.1,75,959.6,0.0,3.8,2026-01-07 22:00:00
7.0,71,960.3,0.0,1.3,2026-01-07 23:00:00
7.8,64,960.6,0.0,1.3,2026-01-08 00:00:00
7.3,64,960.2,0.0,1.2,2026-01-08 01:00:00
6.8,63,959.8,0.0,0.6,2026-01-08 02:00:00
6.3,63,959.5,0.0,2.9,2026-01-08 03:00:00
6.0,65,958.6,0.0,4.0,2026-01-08 04:00:00
5.1,72,958.1,0.0,4.8,2026-01-08 05:00:00
4.9,71,958.1,0.0,4.1,2026-01-08 06:00:00
4.1,71,958.5,0.0,3.4,2026-01-08 07:00:00
4.9,67,959.3,0.0,3.5,2026-01-08 08:00:00
7.3,65,960.5,0.0,3.6,2026-01-08 09:00:00
10.0,51,961.8,0.0,1.1,2026-01-08 10:00:00
10.8,45,962.5,0.0,0.9,2026-01-08 11:00:00
12.8,39,962.0,0.0,1.8,2026-01-08 12:00:00
13.8,41,961.1,0.0,3.7,2026-01-08 13:00:00
14.2,47,960.8,0.0,4.2,2026-01-08 14:00:00
14.0,50,960.1,0.0,3.2,2026-01-08 15:00:00
13.5,57,959.5,0.0,2.4,2026-01-08 16:00:00
11.0,69,958.9,0.0,3.6,2026-01-08 17:00:00
10.3,67,958.9,0.0,1.9,2026-01-08 18:00:00
9.2,71,959.0,0.0,3.4,2026-01-08 19:00:00
8.2,74,958.8,0.0,3.6,2026-01-08 20:00:00
7.6,74,958.7,0.0,1.6,2026-01-08 21:00:00
7.2,73,958.4,0.0,0.3,2026-01-08 22:00:00
5.5,89,958.2,0.0,1.3,2026-01-08 23:00:00
6.0,88,958.2,0.0,3.2,2026-01-09 00:00:00
5.8,85,958.2,0.0,4.4,2026-01-09 01:00:00
5.4,81,958.4,0.0,4.8,2026-01-09 02:00:00
5.0,78,958.6,0.0,4.9,2026-01-09 03:00:00
4.7,75,958.3,0.0,6.1,2026-01-09 04:00:00
3.8,80,958.6,0.0,5.2,2026-01-09 05:00:00
4.5,77,959.2,0.0,5.6,2026-01-09 06:00:00
4.2,77,959.9,0.0,5.1,2026-01-09 07:00:00
5.1,75,960.5,0.0,4.5,2026-01-09 08:00:00
7.0,70,961.5,0.0,4.7,2026-01-09 09:00:00
9.3,65,962.5,0.0,3.8,2026-01-09 10:00:00
10.5,64,963.0,0.0,1.9,2026-01-09 11:00:00
12.3,60,962.2,0.0,1.8,2026-01-09 12:00:00
13.5,56,961.7,0.0,2.2,2026-01-09 13:00:00
14.1,55,961.2,0.0,3.1,2026-01-09 14:00:00
14.1,55,960.4,0.0,3.6,2026-01-09 15:00:00
13.4,60,960.1,0.0,4.5,2026-01-09 16:00:00
11.1,72,959.4,0.0,2.6,2026-01-09 17:00:00
10.1,76,959.3,0.0,4.1,2026-01-09 18:00:00
8.8,81,959.1,0.0,6.5,2026-01-09 19:00:00
7.9,82,958.9,0.0,6.5,2026-01-09 20:00:00
7.3,81,958.8,0.0,5.8,2026-01-09 21:00:00
6.5,81,958.5,0.0,5.4,2026-01-09 22:00:00
5.9,81,958.0,0.0,7.3,2026-01-09 23:00:00
5.4,82,957.6,0.0,4.8,2026-01-10 00:00:00
5.4,80,957.4,0.0,4.5,2026-01-10 01:00:00
5.5,77,957.4,0.0,3.9,2026-01-10 02:00:00
5.3,76,957.3,0.0,3.1,2026-01-10 03:00:00
5.3,73,956.6,0.0,1.4,2026-01-10 04:00:00
4.3,78,957.1,0.0,2.1,2026-01-10 05:00:00
4.4,75,957.4,0.0,2.6,2026-01-10 06:00:00
4.8,71,957.9,0.0,0.6,2026-01-10 07:00:00
5.2,72,958.3,0.0,0.9,2026-01-10 08:00:00
7.6,66,959.3,0.0,2.9,2026-01-10 09:00:00
10.2,58,959.9,0.0,0.6,2026-01-10 10:00:00
11.8,54,960.5,0.0,2.4,2026-01-10 11:00:00
13.9,50,959.7,0.0,3.8,2026-01-10 12:00:00
15.0,47,958.8,0.0,4.6,2026-01-10 13:00:00
15.4,47,958.1,0.0,5.1,2026-01-10 14:00:00
15.3,47,957.7,0.0,5.8,2026-01-10 15:00:00
14.3,54,957.7,0.0,4.5,2026-01-10 16:00:00
11.7,64,957.1,0.0,4.6,2026-01-10 17:00:00
10.1,72,957.2,0.0,6.2,2026-01-10 18:00:00
9.0,78,957.7,0.0,5.2,2026-01-10 19:00:00
8.6,79,958.0,0.0,4.7,2026-01-10 20:00:00
8.2,76,958.5,0.0,4.3,2026-01-10 21:00:00
7.8,73,958.8,0.0,3.1,2026-01-10 22:00:00
7.5,71,958.8,0.0,4.8,2026-01-10 23:00:00
6.9,73,959.0,0.0,3.2,2026-01-11 00:00:00
6.4,74,959.4,0.0,3.1,2026-01-11 01:00:00
5.6,78,959.4,0.0,2.4,2026-01-11 02:00:00
5.2,79,959.2,0.0,2.4,2026-01-11 03:00:00
5.0,79,958.3,0.0,2.8,2026-01-11 04:00:00
5.2,75,958.4,0.0,4.2,2026-01-11 05:00:00
4.9,74,958.6,0.0,5.9,2026-01-11 06:00:00
4.3,73,958.9,0.0,6.0,2026-01-11 07:00:00
4.3,74,959.6,0.0,3.0,2026-01-11 08:00:00
6.6,73,961.3,0.0,4.7,2026-01-11 09:00:00
9.8,57,962.7,0.0,1.3,2026-01-11 10:00:00
10.8,58,963.7,0.0,4.0,2026-01-11 11:00:00
13.2,52,962.7,0.0,2.1,2026-01-11 12:00:00
14.7,49,961.5,0.0,2.1,2026-01-11 13:00:00
15.5,45,960.8,0.0,6.3,2026-01-11 14:00:00
15.5,42,960.3,0.0,7.7,2026-01-11 15:00:00
14.3,50,959.6,0.0,5.0,2026-01-11 16:00:00
11.7,61,958.8,0.0,5.8,2026-01-11 17:00:00
9.9,72,958.5,0.0,6.0,2026-01-11 18:00:00
9.0,80,958.7,0.0,4.7,2026-01-11 19:00:00
8.5,80,958.9,0.0,4.8,2026-01-11 20:00:00
8.4,73,958.8,0.0,3.8,2026-01-11 21:00:00
8.3,69,958.5,0.0,3.8,2026-01-11 22:00:00
8.2,67,958.4,0.0,5.2,2026-01-11 23:00:00
8.1,66,957.7,0.0,4.7,2026-01-12 00:00:00
7.7,66,957.3,0.0,4.4,2026-01-12 01:00:00
6.7,70,957.5,0.0,3.3,2026-01-12 02:00:00
6.6,67,957.1,0.0,2.2,2026-01-12 03:00:00
7.1,62,956.7,0.0,0.7,2026-01-12 04:00:00
5.7,73,956.5,0.0,0.2,2026-01-12 05:00:00
5.9,75,957.3,0.0,1.8,2026-01-12 06:00:00
5.7,73,957.7,0.0,4.8,2026-01-12 07:00:00
6.2,68,958.1,0.0,5.1,2026-01-12 08:00:00
8.2,62,958.8,0.0,5.4,2026-01-12 09:00:00
11.0,53,959.7,0.0,2.7,2026-01-12 10:00:00
12.4,47,960.8,0.0,1.1,2026-01-12 11:00:00
14.1,47,960.4,0.0,2.6,2026-01-12 12:00:00
14.9,46,960.0,0.0,1.7,2026-01-12 13:00:00
15.4,45,959.4,0.0,0.0,2026-01-12 14:00:00
15.4,46,959.2,0.0,1.7,2026-01-12 15:00:00
15.1,47,958.7,0.0,1.4,2026-01-12 16:00:00
12.6,66,958.5,0.0,4.5,2026-01-12 17:00:00
11.2,67,958.9,0.0,2.6,2026-01-12 18:00:00
10.4,67,959.6,0.0,2.8,2026-01-12 19:00:00
9.1,71,960.4,0.0,2.9,2026-01-12 20:00:00
7.9,75,960.8,0.0,3.2,2026-01-12 21:00:00
7.4,76,960.8,0.0,2.4,2026-01-12 22:00:00
7.1,78,961.1,0.0,0.4,2026-01-12 23:00:00
7.1,79,960.8,0.0,1.1,2026-01-13 00:00:00
6.8,79,960.6,0.0,1.4,2026-01-13 01:00:00
6.4,79,960.3,0.0,1.5,2026-01-13 02:00:00
6.0,79,959.9,0.0,1.7,2026-01-13 03:00:00
6.1,78,959.5,0.0,3.3,2026-01-13 04:00:00
5.1,80,958.8,0.0,5.1,2026-01-13 05:00:00
4.2,79,958.9,0.0,4.0,2026-01-13 06:00:00
3.7,80,959.5,0.0,3.0,2026-01-13 07:00:00
4.4,77,960.0,0.0,2.6,2026-01-13 08:00:00
7.0,75,960.8,0.0,2.3,2026-01-13 09:00:00
10.0,59,961.4,0.0,1.3,2026-01-13 10:00:00
11.9,55,961.6,0.0,5.3,2026-01-13 11:00:00
14.0,52,960.4,0.0,6.3,2026-01-13 12:00:00
15.3,47,959.2,0.0,7.8,2026-01-13 13:00:00
15.9,45,958.5,0.0,7.9,2026-01-13 14:00:00
15.9,45,957.7,0.0,6.3,2026-01-13 15:00:00
14.9,55,957.0,0.0,3.1,2026-01-13 16:00:00
12.6,63,956.3,0.0,1.4,2026-01-13 17:00:00
11.0,68,956.3,0.0,2.0,2026-01-13 18:00:00
10.4,74,956.5,0.0,5.4,2026-01-13 19:00:00
9.6,78,956.1,0.0,5.8,2026-01-13 20:00:00
8.9,78,956.1,0.0,3.7,2026-01-13 21:00:00
8.2,78,955.8,0.0,1.8,2026-01-13 22:00:00
7.8,76,955.6,0.0,2.6,2026-01-13 23:00:00
7.6,73,955.2,0.0,2.4,2026-01-14 00:00:00
7.5,68,954.7,0.0,1.8,2026-01-14 01:00:00
7.4,66,955.0,0.0,1.5,2026-01-14 02:00:00
6.9,66,954.4,0.0,1.5,2026-01-14 03:00:00
6.3,69,953.8,0.0,2.2,2026-01-14 04:00:00
5.3,75,953.4,0.0,3.7,2026-01-14 05:00:00
5.3,74,953.8,0.0,2.5,2026-01-14 06:00:00
5.2,73,954.1,0.0,3.1,2026-01-14 07:00:00
6.1,73,954.6,0.0,2.6,2026-01-14 08:00:00
8.3,70,955.4,0.0,2.4,2026-01-14 09:00:00
11.2,64,956.5,0.0,1.9,2026-01-14 10:00:00
13.0,59,957.0,0.0,4.5,2026-01-14 11:00:00
15.0,52,956.2,0.0,5.1,2026-01-14 12:00:00
16.2,48,955.3,0.0,7.5,2026-01-14 13:00:00
16.8,45,954.7,0.0,7.2,2026-01-14 14:00:00
16.8,45,954.1,0.0,6.1,2026-01-14 15:00:00
15.7,52,953.9,0.0,6.0,2026-01-14 16:00:00
13.5,61,953.2,0.0,5.4,2026-01-14 17:00:00
11.3,71,953.3,0.0,5.0,2026-01-14 18:00:00
10.1,75,953.6,0.0,4.5,2026-01-14 19:00:00
9.7,73,954.3,0.0,6.6,2026-01-14 20:00:00
9.6,70,954.8,0.0,5.6,2026-01-14 21:00:00
9.0,74,955.2,0.0,5.5,2026-01-14 22:00:00
7.5,81,955.0,0.0,3.1,2026-01-14 23:00:00
7.4,83,955.7,0.0,3.4,2026-01-15 00:00:00
7.0,84,955.7,0.0,5.1,2026-01-15 01:00:00
6.6,83,955.4,0.0,4.7,2026-01-15 02:00:00
6.1,81,955.2,0.0,3.6,2026-01-15 03:00:00
6.0,77,954.8,0.0,3.8,2026-01-15 04:00:00
4.6,94,954.5,0.0,0.7,2026-01-15 05:00:00
6.0,81,954.9,0.0,0.6,2026-01-15 06:00:00
5.6,78,955.3,0.0,1.5,2026-01-15 07:00:00
6.1,73,955.8,0.0,1.9,2026-01-15 08:00:00
8.5,69,956.8,0.0,3.2,2026-01-15 09:00:00
11.3,63,957.6,0.0,3.3,2026-01-15 10:00:00
13.1,60,958.3,0.0,3.8,2026-01-15 11:00:00
14.9,52,957.9,0.0,5.8,2026-01-15 12:00:00
16.7,45,956.9,0.0,3.3,2026-01-15 13:00:00
17.4,43,956.2,0.0,4.4,2026-01-15 14:00:00
17.3,45,955.5,0.0,5.5,2026-01-15 15:00:00
16.2,55,955.0,0.0,4.4,2026-01-15 16:00:00
13.9,67,954.3,0.0,3.6,2026-01-15 17:00:00
12.5,72,954.4,0.0,3.4,2026-01-15 18:00:00
11.5,76,954.8,0.0,3.6,2026-01-15 19:00:00
10.5,80,954.9,0.0,5.2,2026-01-15 20:00:00
9.7,81,955.1,0.0,3.2,2026-01-15 21:00:00
9.7,79,955.2,0.0,2.2,2026-01-15 22:00:00
9.9,73,955.4,0.0,0.6,2026-01-15 23:00:00
9.6,75,955.0,0.0,0.9,2026-01-16 00:00:00
9.1,74,954.4,0.0,0.9,2026-01-16 01:00:00
9.0,72,954.1,0.0,0.6,2026-01-16 02:00:00
8.8,70,953.7,0.0,0.7,2026-01-16 03:00:00
8.9,68,953.2,0.0,1.5,2026-01-16 04:00:00
8.7,68,953.1,0.0,3.1,2026-01-16 05:00:00
8.7,66,953.1,0.0,1.8,2026-01-16 06:00:00
8.9,63,953.3,0.0,2.3,2026-01-16 07:00:00
8.9,63,954.0,0.0,2.4,2026-01-16 08:00:00
10.3,58,955.6,0.0,1.1,2026-01-16 09:00:00
11.2,56,956.2,0.0,5.8,2026-01-16 10:00:00
11.8,52,957.2,0.0,6.0,2026-01-16 11:00:00
12.4,54,956.0,0.1,6.0,2026-01-16 12:00:00
14.1,52,955.9,0.1,3.1,2026-01-16 13:00:00
15.2,53,955.0,0.0,5.0,2026-01-16 14:00:00
15.1,57,954.4,0.1,5.6,2026-01-16 15:00:00
14.4,62,953.7,0.0,6.5,2026-01-16 16:00:00
13.7,67,953.3,0.0,6.3,2026-01-16 17:00:00
11.9,76,953.5,0.0,6.3,2026-01-16 18:00:00
10.8,78,953.8,0.0,2.7,2026-01-16 19:00:00
10.0,80,953.8,0.0,3.0,2026-01-16 20:00:00
9.4,78,953.8,0.0,2.9,2026-01-16 21:00:00
9.5,72,953.9,0.0,1.4,2026-01-16 22:00:00
9.6,71,954.2,0.0,2.0,2026-01-16 23:00:00
8.6,75,954.2,0.0,5.2,2026-01-17 00:00:00
7.8,75,953.9,0.0,4.8,2026-01-17 01:00:00
7.7,72,953.7,0.0,4.4,2026-01-17 02:00:00
7.7,70,953.4,0.0,4.6,2026-01-17 03:00:00
7.5,70,953.1,0.0,4.5,2026-01-17 04:00:00
8.1,66,953.5,0.0,2.7,2026-01-17 05:00:00
7.4,69,953.4,0.0,1.5,2026-01-17 06:00:00
7.0,71,953.8,0.0,3.1,2026-01-17 07:00:00
7.3,73,954.1,0.0,2.6,2026-01-17 08:00:00
9.7,68,955.1,0.0,2.2,2026-01-17 09:00:00
12.3,57,956.0,0.0,0.9,2026-01-17 10:00:00
13.5,50,956.6,0.0,1.4,2026-01-17 11:00:00
15.5,47,956.1,0.0,1.8,2026-01-17 12:00:00
16.6,46,955.5,0.0,2.1,2026-01-17 13:00:00
17.2,46,954.8,0.0,3.0,2026-01-17 14:00:00
17.3,47,954.1,0.0,2.7,2026-01-17 15:00:00
16.8,53,953.4,0.0,1.7,2026-01-17 16:00:00
14.7,65,953.1,0.0,4.2,2026-01-17 17:00:00
13.2,70,953.1,0.0,8.5,2026-01-17 18:00:00
11.8,76,952.7,0.0,7.8,2026-01-17 19:00:00
10.4,84,952.3,0.0,7.2,2026-01-17 20:00:00
9.7,85,952.4,0.0,7.3,2026-01-17 21:00:00
9.0,85,952.0,0.0,6.8,2026-01-17 22:00:00
9.0,81,951.9,0.0,9.4,2026-01-17 23:00:00
9.2,78,951.7,0.0,7.1,2026-01-18 00:00:00
8.8,77,951.4,0.0,7.3,2026-01-18 01:00:00
8.4,76,951.1,0.0,7.0,2026-01-18 02:00:00
8.0,76,950.7,0.0,6.5,2026-01-18 03:00:00
7.6,76,950.2,0.0,6.0,2026-01-18 04:00:00
7.9,72,949.5,0.0,10.2,2026-01-18 05:00:00
7.8,73,949.9,0.0,9.4,2026-01-18 06:00:00
7.6,75,950.4,0.0,8.4,2026-01-18 07:00:00
8.2,72,950.9,0.0,6.8,2026-01-18 08:00:00
11.1,62,952.2,0.0,5.7,2026-01-18 09:00:00
14.1,54,953.2,0.0,2.2,2026-01-18 10:00:00
16.7,47,953.8,0.0,5.7,2026-01-18 11:00:00
18.1,41,953.2,0.0,7.6,2026-01-18 12:00:00
19.0,36,952.5,0.0,8.9,2026-01-18 13:00:00
19.3,35,952.1,0.0,9.8,2026-01-18 14:00:00
18.9,37,951.6,0.0,10.2,2026-01-18 15:00:00
17.8,42,951.4,0.0,9.5,2026-01-18 16:00:00
15.3,52,950.9,0.0,11.1,2026-01-18 17:00:00
13.9,55,950.9,0.0,12.0,2026-01-18 18:00:00
12.6,59,951.1,0.0,9.6,2026-01-18 19:00:00
11.5,64,951.5,0.0,7.3,2026-01-18 20:00:00
10.9,65,952.1,0.0,6.0,2026-01-18 21:00:00
10.3,68,952.3,0.0,3.5,2026-01-18 22:00:00
10.3,61,952.5,0.0,5.6,2026-01-18 23:00:00
10.3,58,952.9,0.0,6.2,2026-01-19 00:00:00
9.9,58,953.1,0.0,4.5,2026-01-19 01:00:00
9.9,55,953.3,0.0,4.4,2026-01-19 02:00:00
9.9,53,953.6,0.0,5.4,2026-01-19 03:00:00
9.5,54,953.3,0.0,5.9,2026-01-19 04:00:00
8.8,66,952.9,0.0,3.2,2026-01-19 05:00:00
9.3,64,953.5,0.0,4.1,2026-01-19 06:00:00
8.8,66,954.0,0.0,4.1,2026-01-19 07:00:00
9.2,63,954.8,0.0,4.0,2026-01-19 08:00:00
11.1,55,955.9,0.0,5.8,2026-01-19 09:00:00
13.5,46,956.9,0.0,4.3,2026-01-19 10:00:00
15.7,43,957.4,0.0,5.4,2026-01-19 11:00:00
17.1,46,956.8,0.0,4.9,2026-01-19 12:00:00
18.1,46,956.2,0.0,3.5,2026-01-19 13:00:00
18.8,42,955.4,0.0,4.5,2026-01-19 14:00:00
17.0,53,955.4,1.1,7.6,2026-01-19 15:00:00
17.0,50,955.1,0.0,2.2,2026-01-19 16:00:00
16.1,53,954.5,0.0,0.3,2026-01-19 17:00:00
15.0,54,954.3,0.0,2.8,2026-01-19 18:00:00
13.5,61,954.4,0.0,2.7,2026-01-19 19:00:00
12.4,65,954.7,0.0,1.9,2026-01-19 20:00:00
11.6,69,954.8,0.0,2.4,2026-01-19 21:00:00
11.2,69,954.9,0.0,2.6,2026-01-19 22:00:00
11.3,70,954.4,0.0,4.6,2026-01-19 23:00:00
10.6,73,954.4,0.0,4.1,2026-01-20 00:00:00
9.4,80,954.3,0.0,4.3,2026-01-20 01:00:00
8.6,83,954.1,0.0,7.3,2026-01-20 02:00:00
8.3,82,954.3,0.0,5.8,2026-01-20 03:00:00
8.1,83,953.6,0.0,5.4,2026-01-20 04:00:00
7.7,84,953.5,0.0,5.4,2026-01-20 05:00:00
7.8,82,953.9,0.0,5.8,2026-01-20 06:00:00
6.9,86,954.2,0.0,2.5,2026-01-20 07:00:00
7.2,84,954.9,0.0,0.7,2026-01-20 08:00:00
10.3,70,956.2,0.0,1.9,2026-01-20 09:00:00
13.8,53,957.5,0.0,3.3,2026-01-20 10:00:00
15.8,47,958.0,0.0,3.9,2026-01-20 11:00:00
17.3,43,957.6,0.0,5.3,2026-01-20 12:00:00
18.1,40,957.3,0.0,6.6,2026-01-20 13:00:00
18.8,37,956.6,0.0,5.6,2026-01-20 14:00:00
18.5,36,956.2,0.0,5.6,2026-01-20 15:00:00
17.6,38,956.2,0.0,8.3,2026-01-20 16:00:00
16.0,46,955.8,0.0,10.6,2026-01-20 17:00:00
14.3,53,955.8,0.0,10.7,2026-01-20 18:00:00
12.7,59,956.0,0.0,11.2,2026-01-20 19:00:00
11.9,62,956.2,0.0,11.2,2026-01-20 20:00:00
11.3,64,956.5,0.0,10.7,2026-01-20 21:00:00
10.9,65,956.4,0.0,9.7,2026-01-20 22:00:00
10.2,72,956.1,0.0,10.6,2026-01-20 23:00:00
10.1,72,956.0,0.0,8.9,2026-01-21 00:00:00
9.6,72,955.8,0.0,8.9,2026-01-21 01:00:00
9.6,70,955.9,0.0,8.3,2026-01-21 02:00:00
9.2,68,955.7,0.0,7.6,2026-01-21 03:00:00
8.8,64,955.4,0.0,8.3,2026-01-21 04:00:00
8.8,59,955.4,0.0,8.6,2026-01-21 05:00:00
9.2,52,955.8,0.0,7.9,2026-01-21 06:00:00
8.8,50,956.2,0.0,6.8,2026-01-21 07:00:00
8.9,49,956.7,0.0,7.0,2026-01-21 08:00:00
11.0,42,957.6,0.0,5.4,2026-01-21 09:00:00
13.8,35,958.6,0.0,2.1,2026-01-21 10:00:00
15.8,31,959.0,0.0,1.8,2026-01-21 11:00:00
17.8,29,958.5,0.0,4.2,2026-01-21 12:00:00
18.8,29,957.7,0.0,6.5,2026-01-21 13:00:00
19.0,30,957.3,0.0,8.8,2026-01-21 14:00:00
18.5,33,956.5,0.0,9.3,2026-01-21 15:00:00
17.6,35,956.2,0.0,9.1,2026-01-21 16:00:00
15.7,41,955.9,0.0,8.3,2026-01-21 17:00:00
14.3,48,955.7,0.0,6.8,2026-01-21 18:00:00
12.5,57,955.7,0.0,5.0,2026-01-21 19:00:00
10.9,63,955.6,0.0,4.5,2026-01-21 20:00:00
10.3,60,955.7,0.0,6.7,2026-01-21 21:00:00
10.2,54,955.6,0.0,7.6,2026-01-21 22:00:00
10.8,51,956.2,0.0,3.8,2026-01-21 23:00:00
10.5,49,956.4,0.0,6.0,2026-01-22 00:00:00
9.7,49,956.1,0.0,5.8,2026-01-22 01:00:00
8.7,52,956.0,0.0,5.9,2026-01-22 02:00:00
7.7,56,955.3,0.0,6.5,2026-01-22 03:00:00
7.2,56,954.0,0.0,8.3,2026-01-22 04:00:00
8.0,54,953.4,0.0,5.3,2026-01-22 05:00:00
8.5,51,953.5,0.0,4.8,2026-01-22 06:00:00
8.3,51,953.4,0.0,6.4,2026-01-22 07:00:00
8.6,49,953.9,0.0,8.1,2026-01-22 08:00:00
10.1,45,954.4,0.0,9.1,2026-01-22 09:00:00
11.9,40,954.9,0.0,9.3,2026-01-22 10:00:00
13.6,39,955.1,0.0,9.5,2026-01-22 11:00:00
15.4,35,954.9,0.0,11.2,2026-01-22 12:00:00
16.1,34,953.9,0.0,13.5,2026-01-22 13:00:00
16.2,32,952.6,0.0,14.8,2026-01-22 14:00:00
15.4,35,950.8,0.0,14.4,2026-01-22 15:00:00
15.2,35,949.4,0.0,17.5,2026-01-22 16:00:00
12.8,56,950.3,0.0,7.5,2026-01-22 17:00:00
12.7,61,950.1,0.0,5.4,2026-01-22 18:00:00
11.7,71,950.0,0.0,11.9,2026-01-22 19:00:00
10.6,76,950.7,0.5,11.0,2026-01-22 20:00:00
9.1,88,949.6,1.4,17.4,2026-01-22 21:00:00
9.2,89,948.7,2.5,19.7,2026-01-22 22:00:00
9.6,95,949.2,3.5,16.1,2026-01-22 23:00:00
9.8,95,948.3,4.3,16.3,2026-01-23 00:00:00
10.0,95,947.3,1.7,16.0,2026-01-23 01:00:00
9.8,94,946.0,1.6,19.5,2026-01-23 02:00:00
10.1,96,945.2,1.0,21.4,2026-01-23 03:00:00
10.2,97,944.7,0.8,24.2,2026-01-23 04:00:00
9.6,95,945.0,0.4,24.1,2026-01-23 05:00:00
9.5,94,945.3,1.1,22.6,2026-01-23 06:00:00
8.7,94,946.5,2.8,26.0,2026-01-23 07:00:00
8.5,98,947.5,3.7,27.8,2026-01-23 08:00:00
8.6,92,949.1,0.4,27.4,2026-01-23 09:00:00
9.2,84,949.9,0.2,25.4,2026-01-23 10:00:00
9.8,83,950.8,0.1,18.5,2026-01-23 11:00:00
9.1,82,950.9,0.2,16.2,2026-01-23 12:00:00
7.5,86,950.9,0.9,12.9,2026-01-23 13:00:00
9.4,79,950.4,1.5,13.7,2026-01-23 14:00:00
8.7,77,950.9,1.1,17.6,2026-01-23 15:00:00
7.7,87,950.8,0.1,16.7,2026-01-23 16:00:00
7.7,87,952.3,0.0,15.9,2026-01-23 17:00:00
6.7,86,953.2,0.0,12.4,2026-01-23 18:00:00
6.0,85,954.2,0.0,9.2,2026-01-23 19:00:00
4.6,91,955.6,0.0,12.3,2026-01-23 20:00:00
4.1,90,956.0,0.0,3.5,2026-01-23 21:00:00
4.0,91,957.4,0.0,3.6,2026-01-23 22:00:00
4.3,94,958.3,0.0,3.6,2026-01-23 23:00:00
5.0,92,958.5,0.0,4.6,2026-01-24 00:00:00
4.2,93,958.7,0.0,3.0,2026-01-24 01:00:00
4.2,91,959.0,0.0,2.5,2026-01-24 02:00:00
3.8,91,959.8,0.0,9.8,2026-01-24 03:00:00
3.4,92,960.5,0.0,6.1,2026-01-24 04:00:00
3.2,94,960.8,0.0,6.5,2026-01-24 05:00:00
3.6,89,961.9,0.0,6.4,2026-01-24 06:00:00
2.8,91,962.2,0.0,1.3,2026-01-24 07:00:00
3.5,90,963.6,0.0,1.9,2026-01-24 08:00:00
5.5,80,964.9,0.0,0.6,2026-01-24 09:00:00
7.2,79,966.0,0.0,4.7,2026-01-24 10:00:00
8.3,74,966.6,0.0,8.4,2026-01-24 11:00:00
10.0,66,966.3,0.0,10.4,2026-01-24 12:00:00
10.9,63,965.1,0.0,12.0,2026-01-24 13:00:00
11.6,59,964.1,0.0,11.2,2026-01-24 14:00:00
12.0,57,963.1,0.0,11.0,2026-01-24 15:00:00
11.4,60,962.5,0.0,12.2,2026-01-24 16:00:00
9.6,71,962.1,0.0,19.1,2026-01-24 17:00:00
8.8,70,961.6,0.0,19.1,2026-01-24 18:00:00
8.7,67,961.4,0.0,15.6,2026-01-24 19:00:00
8.1,71,961.9,0.0,12.5,2026-01-24 20:00:00
8.0,71,961.6,0.0,11.5,2026-01-24 21:00:00
8.1,69,961.1,0.0,11.1,2026-01-24 22:00:00
8.6,66,960.4,0.0,11.2,2026-01-24 23:00:00
8.7,62,959.9,0.0,9.6,2026-01-25 00:00:00
8.7,59,959.6,0.0,8.8,2026-01-25 01:00:00
7.9,59,959.1,0.0,9.3,2026-01-25 02:00:00
7.4,59,958.7,0.0,10.9,2026-01-25 03:00:00
6.7,62,958.0,0.0,11.8,2026-01-25 04:00:00
5.8,69,957.8,0.0,11.3,2026-01-25 05:00:00
5.9,69,958.2,0.0,9.3,2026-01-25 06:00:00
5.3,72,958.7,0.0,9.3,2026-01-25 07:00:00
5.9,69,959.0,0.0,10.8,2026-01-25 08:00:00
8.8,60,959.8,0.0,10.7,2026-01-25 09:00:00
11.8,51,960.5,0.0,7.9,2026-01-25 10:00:00
14.0,48,960.7,0.0,8.7,2026-01-25 11:00:00
15.7,42,959.8,0.0,11.6,2026-01-25 12:00:00
16.5,39,959.0,0.0,13.7,2026-01-25 13:00:00
16.6,40,958.3,0.0,15.9,2026-01-25 14:00:00
15.9,42,957.9,0.0,16.5,2026-01-25 15:00:00
15.0,46,957.8,0.0,15.8,2026-01-25 16:00:00
13.2,52,957.3,0.0,15.5,2026-01-25 17:00:00
11.6,60,956.6,0.0,14.1,2026-01-25 18:00:00
11.1,61,957.1,0.0,14.3,2026-01-25 19:00:00
10.6,61,957.5,0.0,13.5,2026-01-25 20:00:00
9.8,64,957.4,0.0,11.6,2026-01-25 21:00:00
9.2,66,957.4,0.0,11.5,2026-01-25 22:00:00
8.7,70,957.1,0.0,12.0,2026-01-25 23:00:00
9.1,69,957.0,0.0,10.4,2026-01-26 00:00:00
9.1,70,956.7,0.0,8.9,2026-01-26 01:00:00
8.6,74,956.1,0.0,7.4,2026-01-26 02:00:00
8.3,76,955.8,0.0,7.4,2026-01-26 03:00:00
8.5,73,955.8,0.0,8.4,2026-01-26 04:00:00
8.1,68,956.2,0.0,8.7,2026-01-26 05:00:00
8.3,68,956.1,0.0,5.4,2026-01-26 06:00:00
8.3,69,956.5,0.0,5.0,2026-01-26 07:00:00
9.0,66,957.1,0.0,5.1,2026-01-26 08:00:00
10.2,58,958.1,0.0,5.3,2026-01-26 09:00:00
12.7,52,958.9,0.0,2.3,2026-01-26 10:00:00
13.1,50,959.7,0.0,1.1,2026-01-26 11:00:00
13.4,53,959.2,0.0,2.8,2026-01-26 12:00:00
13.3,56,958.8,0.0,3.6,2026-01-26 13:00:00
14.0,55,958.3,0.0,3.6,2026-01-26 14:00:00
14.1,57,957.5,0.0,2.6,2026-01-26 15:00:00
13.4,67,956.9,0.0,2.3,2026-01-26 16:00:00
12.5,69,958.2,0.0,3.7,2026-01-26 17:00:00
12.0,70,957.9,0.0,7.1,2026-01-26 18:00:00
12.8,56,958.2,0.2,11.0,2026-01-26 19:00:00
12.1,58,958.6,0.0,7.4,2026-01-26 20:00:00
11.3,66,958.4,0.0,4.9,2026-01-26 21:00:00
9.6,77,958.1,0.0,3.6,2026-01-26 22:00:00
9.8,82,958.4,0.0,11.4,2026-01-26 23:00:00
9.9,82,958.7,0.2,8.9,2026-01-27 00:00:00
9.6,90,958.6,0.6,5.9,2026-01-27 01:00:00
9.5,92,958.9,0.9,5.8,2026-01-27 02:00:00
9.3,91,958.7,0.6,5.8,2026-01-27 03:00:00
9.3,88,957.8,0.0,5.0,2026-01-27 04:00:00
9.0,90,958.2,0.0,4.0,2026-01-27 05:00:00
8.8,95,958.4,0.6,6.3,2026-01-27 06:00:00
8.5,94,958.4,0.9,8.8,2026-01-27 07:00:00
8.7,95,958.5,0.4,8.9,2026-01-27 08:00:00
9.3,92,958.4,0.6,5.3,2026-01-27 09:00:00
9.9,92,958.6,0.2,4.8,2026-01-27 10:00:00
9.9,94,959.4,0.3,4.1,2026-01-27 11:00:00
10.5,90,958.6,1.1,3.6,2026-01-27 12:00:00
11.8,71,957.8,0.6,4.7,2026-01-27 13:00:00
11.1,70,957.1,0.1,7.0,2026-01-27 14:00:00
11.5,65,956.8,0.0,4.8,2026-01-27 15:00:00
11.3,66,956.9,0.0,3.8,2026-01-27 16:00:00
11.0,74,957.2,0.0,0.5,2026-01-27 17:00:00
9.9,76,957.2,0.0,9.1,2026-01-27 18:00:00
8.5,87,957.5,0.0,7.4,2026-01-27 19:00:00
7.7,91,957.7,0.0,4.6,2026-01-27 20:00:00
7.2,91,958.3,0.0,3.6,2026-01-27 21:00:00
7.1,89,958.7,0.0,5.0,2026-01-27 22:00:00
7.8,92,959.2,0.0,8.6,2026-01-27 23:00:00
7.4,92,959.1,0.0,8.0,2026-01-28 00:00:00
6.6,91,958.5,0.0,7.6,2026-01-28 01:00:00
5.6,94,958.2,0.0,6.5,2026-01-28 02:00:00
5.0,95,957.9,0.0,6.5,2026-01-28 03:00:00
4.8,95,957.6,0.0,8.1,2026-01-28 04:00:00
5.6,88,957.1,0.0,9.1,2026-01-28 05:00:00
5.6,88,957.4,0.0,7.8,2026-01-28 06:00:00
5.3,89,957.7,0.0,6.7,2026-01-28 07:00:00
6.0,86,958.3,0.0,7.3,2026-01-28 08:00:00
8.4,79,959.6,0.0,3.9,2026-01-28 09:00:00
10.9,70,960.7,0.0,1.5,2026-01-28 10:00:00
12.7,65,960.9,0.0,1.5,2026-01-28 11:00:00
14.2,62,960.7,0.0,2.7,2026-01-28 12:00:00
15.0,58,960.2,0.0,4.5,2026-01-28 13:00:00
15.3,55,959.9,0.0,5.0,2026-01-28 14:00:00
15.2,53,959.5,0.0,3.0,2026-01-28 15:00:00
14.9,52,959.1,0.0,0.5,2026-01-28 16:00:00
13.2,69,959.0,0.0,1.9,2026-01-28 17:00:00
11.8,71,959.1,0.0,6.0,2026-01-28 18:00:00
10.6,76,959.3,0.0,7.0,2026-01-28 19:00:00
9.6,81,959.4,0.0,6.7,2026-01-28 20:00:00
8.6,86,959.7,0.0,6.0,2026-01-28 21:00:00
8.0,87,959.5,0.0,4.7,2026-01-28 22:00:00
7.7,87,959.6,0.0,5.3,2026-01-28 23:00:00
7.6,87,959.4,0.0,3.7,2026-01-29 00:00:00
7.8,84,959.3,0.0,5.9,2026-01-29 01:00:00
7.5,84,958.8,0.0,6.3,2026-01-29 02:00:00
7.1,85,958.6,0.0,5.9,2026-01-29 03:00:00
6.6,86,957.9,0.0,6.3,2026-01-29 04:00:00
6.8,83,957.5,0.0,7.8,2026-01-29 05:00:00
6.7,83,957.9,0.0,7.5,2026-01-29 06:00:00
6.4,84,958.2,0.0,7.1,2026-01-29 07:00:00
7.1,81,958.7,0.0,7.6,2026-01-29 08:00:00
9.9,72,959.9,0.0,5.9,2026-01-29 09:00:00
12.7,63,960.6,0.0,2.9,2026-01-29 10:00:00
14.5,57,960.7,0.0,4.8,2026-01-29 11:00:00
15.9,52,960.3,0.0,7.2,2026-01-29 12:00:00
16.5,49,959.7,0.0,10.2,2026-01-29 13:00:00
16.5,49,959.2,0.0,11.4,2026-01-29 14:00:00
16.5,49,958.8,0.0,10.4,2026-01-29 15:00:00
16.1,51,958.1,0.0,8.6,2026-01-29 16:00:00
14.4,60,957.3,0.0,8.4,2026-01-29 17:00:00
12.1,68,957.1,0.0,8.1,2026-01-29 18:00:00
10.7,74,957.5,0.0,8.2,2026-01-29 19:00:00
9.8,77,957.3,0.0,7.5,2026-01-29 20:00:00
9.5,76,958.0,0.0,7.1,2026-01-29 21:00:00
9.3,75,958.4,0.0,5.8,2026-01-29 22:00:00
9.2,74,958.4,0.0,5.5,2026-01-29 23:00:00
9.2,73,957.9,0.0,5.2,2026-01-30 00:00:00
9.2,74,957.7,0.0,3.6,2026-01-30 01:00:00
9.8,71,957.3,0.0,3.6,2026-01-30 02:00:00
9.7,70,956.9,0.0,2.7,2026-01-30 03:00:00
9.8,66,956.6,0.0,3.3,2026-01-30 04:00:00
9.8,74,956.8,0.0,7.0,2026-01-30 05:00:00
9.0,73,957.0,0.0,5.5,2026-01-30 06:00:00
8.2,74,957.2,0.0,4.1,2026-01-30 07:00:00
9.3,70,957.9,0.0,3.6,2026-01-30 08:00:00
11.5,65,959.0,0.0,3.7,2026-01-30 09:00:00
13.7,55,959.6,0.0,0.4,2026-01-30 10:00:00
15.7,47,960.0,0.0,2.0,2026-01-30 11:00:00
17.3,42,959.6,0.0,1.5,2026-01-30 12:00:00
18.2,41,958.5,0.0,1.8,2026-01-30 13:00:00
18.6,41,957.3,0.0,2.0,2026-01-30 14:00:00
18.5,43,956.8,0.0,3.5,2026-01-30 15:00:00
17.5,47,956.6,0.0,5.2,2026-01-30 16:00:00
15.4,52,956.2,0.0,8.3,2026-01-30 17:00:00
13.6,62,955.6,0.0,7.0,2026-01-30 18:00:00
12.0,74,955.4,0.0,4.6,2026-01-30 19:00:00
10.9,79,955.4,0.0,3.5,2026-01-30 20:00:00
10.7,76,955.8,0.0,5.0,2026-01-30 21:00:00
10.6,73,956.1,0.0,6.6,2026-01-30 22:00:00
10.5,73,956.1,0.0,8.5,2026-01-30 23:00:00
10.5,75,956.0,0.0,4.2,2026-01-31 00:00:00
9.7,76,955.4,0.0,3.8,2026-01-31 01:00:00
9.3,76,955.3,0.0,3.6,2026-01-31 02:00:00
8.9,74,955.2,0.0,4.5,2026-01-31 03:00:00
8.7,71,955.3,0.0,5.8,2026-01-31 04:00:00
9.5,65,955.4,0.0,3.6,2026-01-31 05:00:00
8.9,69,955.7,0.0,4.9,2026-01-31 06:00:00
7.9,72,956.1,0.0,4.5,2026-01-31 07:00:00
8.5,71,957.1,0.0,5.6,2026-01-31 08:00:00
10.5,65,958.3,0.0,5.8,2026-01-31 09:00:00
13.5,54,959.4,0.0,5.2,2026-01-31 10:00:00
15.3,50,959.9,0.0,5.0,2026-01-31 11:00:00
16.6,47,959.4,0.0,3.8,2026-01-31 12:00:00
17.3,46,958.4,0.0,4.1,2026-01-31 13:00:00
17.5,43,957.5,0.0,3.3,2026-01-31 14:00:00
17.6,41,957.1,0.0,2.4,2026-01-31 15:00:00
17.4,41,956.9,0.0,1.9,2026-01-31 16:00:00
16.2,54,956.4,0.0,3.8,2026-01-31 17:00:00
14.3,64,956.4,0.0,2.6,2026-01-31 18:00:00
13.3,67,956.6,0.0,2.6,2026-01-31 19:00:00
12.1,74,956.7,0.0,3.0,2026-01-31 20:00:00
11.6,75,957.2,0.0,4.4,2026-01-31 21:00:00
11.3,73,957.6,0.0,5.5,2026-01-31 22:00:00
11.0,74,958.1,0.0,8.0,2026-01-31 23:00:00
10.7,75,958.3,0.0,7.3,2026-02-01 00:00:00
10.6,74,958.2,0.0,8.4,2026-02-01 01:00:00
10.6,73,958.2,0.0,6.9,2026-02-01 02:00:00
10.2,75,957.9,0.0,3.7,2026-02-01 03:00:00
9.9,77,957.3,0.0,2.7,2026-02-01 04:00:00
10.7,73,957.2,0.0,2.9,2026-02-01 05:00:00
10.1,77,957.5,0.0,3.1,2026-02-01 06:00:00
9.2,81,958.0,0.0,3.8,2026-02-01 07:00:00
9.9,78,958.4,0.0,4.8,2026-02-01 08:00:00
12.0,69,959.5,0.0,5.9,2026-02-01 09:00:00
14.7,58,960.0,0.0,4.0,2026-02-01 10:00:00
15.8,54,960.8,0.0,4.6,2026-02-01 11:00:00
16.3,51,960.5,0.0,5.4,2026-02-01 12:00:00
16.4,50,959.7,0.1,5.7,2026-02-01 13:00:00
16.6,49,959.4,0.2,4.7,2026-02-01 14:00:00
16.5,49,959.1,0.0,2.8,2026-02-01 15:00:00
16.4,50,958.9,0.0,3.0,2026-02-01 16:00:00
15.6,58,958.4,0.0,2.2,2026-02-01 17:00:00
13.3,71,958.4,0.0,4.8,2026-02-01 18:00:00
12.0,77,958.7,0.0,6.3,2026-02-01 19:00:00
11.1,80,958.8,0.0,2.7,2026-02-01 20:00:00
10.3,81,959.3,0.0,1.8,2026-02-01 21:00:00
9.8,79,959.6,0.0,1.4,2026-02-01 22:00:00
10.8,72,959.8,0.0,2.5,2026-02-01 23:00:00
10.6,73,960.0,0.0,0.7,2026-02-02 00:00:00
9.1,80,959.8,0.0,3.6,2026-02-02 01:00:00
8.9,81,960.0,0.0,5.1,2026-02-02 02:00:00
8.7,80,960.2,0.0,4.8,2026-02-02 03:00:00
8.1,82,959.8,0.0,2.7,2026-02-02 04:00:00
8.7,74,959.9,0.0,1.3,2026-02-02 05:00:00
9.0,75,959.8,0.0,2.4,2026-02-02 06:00:00
8.8,77,960.2,0.0,3.1,2026-02-02 07:00:00
9.9,76,960.7,0.0,5.3,2026-02-02 08:00:00
12.4,71,961.3,0.0,5.1,2026-02-02 09:00:00
14.8,63,961.9,0.0,3.4,2026-02-02 10:00:00
16.3,56,962.2,0.0,4.7,2026-02-02 11:00:00
17.5,46,961.3,0.0,6.7,2026-02-02 12:00:00
18.2,42,960.3,0.0,8.4,2026-02-02 13:00:00
18.4,43,959.5,0.0,9.1,2026-02-02 14:00:00
17.8,48,958.9,0.0,11.3,2026-02-02 15:00:00
16.8,52,958.5,0.0,12.3,2026-02-02 16:00:00
15.6,57,957.9,0.0,12.2,2026-02-02 17:00:00
13.9,64,957.5,0.0,12.2,2026-02-02 18:00:00
12.9,69,957.6,0.0,12.2,2026-02-02 19:00:00
12.4,68,957.4,0.0,11.4,2026-02-02 20:00:00
11.7,71,957.4,0.0,9.5,2026-02-02 21:00:00
11.3,74,957.2,0.0,9.4,2026-02-02 22:00:00
11.4,76,957.1,0.0,11.5,2026-02-02 23:00:00
11.4,76,956.5,0.0,9.7,2026-02-03 00:00:00
11.1,77,956.2,0.0,8.7,2026-02-03 01:00:00
10.3,80,956.1,0.0,8.4,2026-02-03 02:00:00
9.7,81,956.0,0.0,9.2,2026-02-03 03:00:00
9.7,79,955.7,0.0,9.0,2026-02-03 04:00:00
9.2,83,956.0,0.0,9.1,2026-02-03 05:00:00
8.9,84,956.3,0.0,8.4,2026-02-03 06:00:00
8.4,85,956.6,0.0,4.2,2026-02-03 07:00:00
9.2,82,957.9,0.0,3.1,2026-02-03 08:00:00
11.6,69,959.4,0.0,4.4,2026-02-03 09:00:00
13.7,52,960.3,0.0,3.4,2026-02-03 10:00:00
15.3,50,960.8,0.0,3.4,2026-02-03 11:00:00
17.0,49,960.5,0.0,8.4,2026-02-03 12:00:00
17.9,49,959.9,0.0,11.2,2026-02-03 13:00:00
16.9,54,959.7,0.5,7.6,2026-02-03 14:00:00
16.4,58,959.8,1.0,11.3,2026-02-03 15:00:00
15.0,58,959.9,0.0,12.2,2026-02-03 16:00:00
16.3,55,959.5,0.0,5.8,2026-02-03 17:00:00
14.6,59,959.5,0.0,7.6,2026-02-03 18:00:00
13.0,64,960.1,0.0,7.9,2026-02-03 19:00:00
11.4,68,960.4,0.0,7.3,2026-02-03 20:00:00
10.4,70,960.8,0.0,6.8,2026-02-03 21:00:00
9.9,72,961.2,0.0,5.7,2026-02-03 22:00:00
9.9,72,961.3,0.0,4.4,2026-02-03 23:00:00
10.6,67,961.6,0.0,5.2,2026-02-04 00:00:00
10.1,68,961.5,0.0,4.8,2026-02-04 01:00:00
10.2,65,961.7,0.0,2.7,2026-02-04 02:00:00
10.0,64,961.6,0.0,2.7,2026-02-04 03:00:00
10.0,63,961.5,0.0,1.9,2026-02-04 04:00:00
10.9,65,961.6,0.0,5.0,2026-02-04 05:00:00
9.6,74,961.5,0.0,2.8,2026-02-04 06:00:00
9.2,73,961.6,0.0,3.7,2026-02-04 07:00:00
9.3,75,962.1,0.0,7.6,2026-02-04 08:00:00
12.5,62,963.1,0.0,8.8,2026-02-04 09:00:00
15.7,52,964.3,0.0,8.5,2026-02-04 10:00:00
17.4,39,964.6,0.0,14.0,2026-02-04 11:00:00
18.3,36,964.0,0.0,15.7,2026-02-04 12:00:00
19.0,34,963.0,0.0,15.6,2026-02-04 13:00:00
19.4,30,962.0,0.0,14.4,2026-02-04 14:00:00
19.3,30,961.4,0.0,13.8,2026-02-04 15:00:00
18.6,34,961.3,0.0,13.6,2026-02-04 16:00:00
16.5,46,960.9,0.0,16.1,2026-02-04 17:00:00
14.5,58,960.2,0.0,15.8,2026-02-04 18:00:00
13.5,60,960.1,0.0,14.7,2026-02-04 19:00:00
12.8,59,960.1,0.0,13.8,2026-02-04 20:00:00
12.3,60,960.1,0.0,12.9,2026-02-04 21:00:00
12.0,61,959.8,0.0,13.0,2026-02-04 22:00:00
11.8,65,959.6,0.0,14.2,2026-02-04 23:00:00
12.1,64,959.5,0.0,13.2,2026-02-05 00:00:00
11.8,66,959.0,0.0,11.7,2026-02-05 01:00:00
11.2,69,958.7,0.0,11.5,2026-02-05 02:00:00
10.7,68,958.0,0.0,10.8,2026-02-05 03:00:00
10.0,68,957.5,0.0,10.1,2026-02-05 04:00:00
8.8,69,957.1,0.0,11.3,2026-02-05 05:00:00
9.2,61,957.1,0.0,9.8,2026-02-05 06:00:00
9.1,56,957.4,0.0,8.7,2026-02-05 07:00:00
9.7,53,957.8,0.0,8.4,2026-02-05 08:00:00
12.4,48,959.1,0.0,6.4,2026-02-05 09:00:00
15.4,41,960.1,0.0,3.2,2026-02-05 10:00:00
17.3,36,960.6,0.0,5.5,2026-02-05 11:00:00
19.1,32,960.2,0.0,6.4,2026-02-05 12:00:00
19.9,30,959.4,0.0,6.5,2026-02-05 13:00:00
20.1,30,958.7,0.0,7.5,2026-02-05 14:00:00
19.8,32,958.3,0.0,8.4,2026-02-05 15:00:00
19.0,34,958.2,0.0,9.0,2026-02-05 16:00:00
16.9,44,958.4,0.0,7.5,2026-02-05 17:00:00
14.4,53,958.0,0.0,7.8,2026-02-05 18:00:00
12.8,58,958.1,0.0,8.7,2026-02-05 19:00:00
11.7,59,957.9,0.0,8.3,2026-02-05 20:00:00
10.9,60,957.9,0.0,5.4,2026-02-05 21:00:00
10.5,60,958.0,0.0,4.5,2026-02-05 22:00:00
10.9,51,958.6,0.0,8.8,2026-02-05 23:00:00
10.8,53,958.4,0.0,4.0,2026-02-06 00:00:00
9.9,59,957.8,0.0,3.4,2026-02-06 01:00:00
9.5,58,957.6,0.0,2.2,2026-02-06 02:00:00
9.0,56,957.2,0.0,2.8,2026-02-06 03:00:00
8.7,56,956.7,0.0,3.2,2026-02-06 04:00:00
9.5,56,956.7,0.0,2.4,2026-02-06 05:00:00
9.4,58,957.1,0.0,2.7,2026-02-06 06:00:00
8.7,60,957.6,0.0,1.5,2026-02-06 07:00:00
9.8,59,958.2,0.0,2.3,2026-02-06 08:00:00
12.6,50,959.0,0.0,1.5,2026-02-06 09:00:00
15.1,42,959.7,0.0,2.0,2026-02-06 10:00:00
17.1,36,960.3,0.0,4.3,2026-02-06 11:00:00
18.6,30,959.6,0.0,4.7,2026-02-06 12:00:00
19.2,30,958.9,0.0,7.0,2026-02-06 13:00:00
18.2,35,958.0,0.0,10.0,2026-02-06 14:00:00
14.7,65,957.9,0.6,20.2,2026-02-06 15:00:00
12.7,58,957.5,0.6,17.7,2026-02-06 16:00:00
13.4,76,956.9,2.3,12.0,2026-02-06 17:00:00
11.8,80,957.0,0.0,7.5,2026-02-06 18:00:00
11.0,80,958.2,3.3,8.4,2026-02-06 19:00:00
10.0,94,958.0,2.1,10.7,2026-02-06 20:00:00
9.7,94,958.5,0.0,5.8,2026-02-06 21:00:00
8.6,96,958.5,0.0,1.7,2026-02-06 22:00:00
8.9,96,958.9,0.0,6.0,2026-02-06 23:00:00
8.9,95,958.6,0.0,4.6,2026-02-07 00:00:00
8.6,93,958.3,0.0,5.1,2026-02-07 01:00:00
8.2,91,957.9,0.0,6.1,2026-02-07 02:00:00
7.9,91,957.4,0.0,7.1,2026-02-07 03:00:00
7.6,90,956.6,0.0,6.3,2026-02-07 04:00:00
7.5,84,956.6,0.0,11.1,2026-02-07 05:00:00
7.9,79,956.9,0.0,10.8,2026-02-07 06:00:00
8.3,74,957.2,0.0,10.8,2026-02-07 07:00:00
9.3,71,957.5,0.0,10.2,2026-02-07 08:00:00
12.2,64,958.5,0.0,9.5,2026-02-07 09:00:00
14.6,53,958.8,0.0,9.4,2026-02-07 10:00:00
15.8,50,959.1,0.0,13.5,2026-02-07 11:00:00
17.2,46,958.6,0.0,13.9,2026-02-07 12:00:00
18.2,42,957.5,0.0,13.8,2026-02-07 13:00:00
18.3,41,956.6,0.0,15.6,2026-02-07 14:00:00
18.1,40,956.2,0.0,15.7,2026-02-07 15:00:00
17.6,42,955.6,0.0,14.1,2026-02-07 16:00:00
15.9,49,954.9,0.0,14.1,2026-02-07 17:00:00
13.8,55,954.8,0.0,13.5,2026-02-07 18:00:00
12.4,60,954.8,0.0,12.4,2026-02-07 19:00:00
11.0,63,954.6,0.0,9.8,2026-02-07 20:00:00
10.1,64,955.0,0.0,8.1,2026-02-07 21:00:00
9.6,65,955.2,0.0,7.1,2026-02-07 22:00:00
10.0,63,955.3,0.0,11.2,2026-02-07 23:00:00
10.1,64,955.2,0.0,8.3,2026-02-08 00:00:00
9.8,66,954.9,0.0,6.8,2026-02-08 01:00:00
9.4,68,954.6,0.0,6.0,2026-02-08 02:00:00
9.2,70,954.3,0.0,6.0,2026-02-08 03:00:00
8.9,71,953.7,0.0,6.2,2026-02-08 04:00:00
8.3,70,953.4,0.0,7.5,2026-02-08 05:00:00
8.3,67,953.5,0.0,8.4,2026-02-08 06:00:00
8.1,65,953.7,0.0,7.5,2026-02-08 07:00:00
9.2,61,954.5,0.0,7.5,2026-02-08 08:00:00
12.8,52,955.8,0.0,6.9,2026-02-08 09:00:00
15.8,43,956.6,0.0,4.6,2026-02-08 10:00:00
17.7,38,957.1,0.0,8.9,2026-02-08 11:00:00
19.4,33,956.6,0.0,9.9,2026-02-08 12:00:00
20.2,31,955.6,0.0,10.4,2026-02-08 13:00:00
20.4,32,954.6,0.0,10.7,2026-02-08 14:00:00
20.0,34,954.0,0.0,10.3,2026-02-08 15:00:00
18.9,38,953.5,0.0,10.0,2026-02-08 16:00:00
16.8,50,953.0,0.0,8.1,2026-02-08 17:00:00
14.6,59,952.6,0.0,8.9,2026-02-08 18:00:00
13.3,63,952.5,0.0,8.5,2026-02-08 19:00:00
12.3,67,952.6,0.0,6.7,2026-02-08 20:00:00
11.7,67,952.8,0.0,5.8,2026-02-08 21:00:00
11.5,63,952.8,0.0,5.2,2026-02-08 22:00:00
12.3,58,953.2,0.0,6.0,2026-02-08 23:00:00
12.1,62,953.1,0.0,3.8,2026-02-09 00:00:00
12.0,63,952.4,0.0,2.8,2026-02-09 01:00:00
12.6,56,952.6,0.0,1.5,2026-02-09 02:00:00
12.3,53,952.6,0.0,1.6,2026-02-09 03:00:00
11.8,53,951.7,0.0,3.1,2026-02-09 04:00:00
11.0,60,951.6,0.0,1.2,2026-02-09 05:00:00
11.1,57,952.1,0.0,1.3,2026-02-09 06:00:00
10.7,56,952.6,0.0,4.1,2026-02-09 07:00:00
11.1,56,953.4,0.0,4.8,2026-02-09 08:00:00
12.7,52,954.5,0.0,6.5,2026-02-09 09:00:00
14.6,50,955.1,0.0,5.6,2026-02-09 10:00:00
16.9,40,955.9,0.0,5.7,2026-02-09 11:00:00
18.5,38,956.0,0.0,4.8,2026-02-09 12:00:00
18.8,36,955.4,0.0,4.5,2026-02-09 13:00:00
19.0,36,954.8,0.0,4.3,2026-02-09 14:00:00
19.2,35,954.4,0.0,4.5,2026-02-09 15:00:00
19.2,36,954.1,0.0,3.6,2026-02-09 16:00:00
18.5,49,953.7,0.0,1.4,2026-02-09 17:00:00
16.3,50,953.6,0.0,2.9,2026-02-09 18:00:00
15.4,53,953.9,0.0,6.1,2026-02-09 19:00:00
14.1,60,954.4,0.0,4.3,2026-02-09 20:00:00
13.8,59,955.7,0.0,8.1,2026-02-09 21:00:00
13.5,62,956.1,0.0,8.2,2026-02-09 22:00:00
12.8,72,956.8,0.1,8.8,2026-02-09 23:00:00
11.4,84,957.4,0.5,17.4,2026-02-10 00:00:00
10.8,90,957.0,1.6,10.5,2026-02-10 01:00:00
10.7,92,956.4,4.3,12.0,2026-02-10 02:00:00
10.6,85,956.3,3.9,10.4,2026-02-10 03:00:00
10.7,80,955.8,2.8,11.6,2026-02-10 04:00:00
11.0,88,955.4,1.3,7.3,2026-02-10 05:00:00
9.6,92,956.4,0.0,3.6,2026-02-10 06:00:00
9.9,94,957.3,1.4,6.0,2026-02-10 07:00:00
10.3,83,957.7,0.4,13.8,2026-02-10 08:00:00
11.1,77,958.4,0.2,12.7,2026-02-10 09:00:00
11.7,78,958.8,0.5,8.8,2026-02-10 10:00:00
13.2,79,959.7,1.9,5.2,2026-02-10 11:00:00
14.3,71,959.3,0.0,7.0,2026-02-10 12:00:00
14.9,63,958.8,0.0,11.7,2026-02-10 13:00:00
14.1,63,958.3,0.0,11.6,2026-02-10 14:00:00
15.4,57,958.2,0.0,9.6,2026-02-10 15:00:00
15.3,58,958.0,0.0,8.6,2026-02-10 16:00:00
14.3,76,957.9,0.0,1.4,2026-02-10 17:00:00
12.7,86,957.9,0.0,1.5,2026-02-10 18:00:00
11.3,92,958.5,0.0,2.6,2026-02-10 19:00:00
10.4,93,958.7,0.0,3.1,2026-02-10 20:00:00
10.2,92,959.5,0.0,3.5,2026-02-10 21:00:00
9.6,91,959.5,0.0,4.6,2026-02-10 22:00:00
10.8,88,959.5,0.0,9.3,2026-02-10 23:00:00
10.6,89,959.6,0.0,7.4,2026-02-11 00:00:00
10.4,87,959.7,0.0,8.2,2026-02-11 01:00:00
9.9,87,959.2,0.0,6.5,2026-02-11 02:00:00
9.2,88,959.1,0.0,5.6,2026-02-11 03:00:00
8.8,87,958.8,0.0,6.0,2026-02-11 04:00:00
8.9,83,959.4,0.0,11.2,2026-02-11 05:00:00
9.1,80,959.7,0.0,8.6,2026-02-11 06:00:00
8.8,80,959.8,0.0,6.5,2026-02-11 07:00:00
9.9,78,960.2,0.0,7.1,2026-02-11 08:00:00
13.4,67,961.4,0.0,7.4,2026-02-11 09:00:00
16.0,57,962.0,0.0,5.4,2026-02-11 10:00:00
17.6,50,962.8,0.0,10.7,2026-02-11 11:00:00
18.6,46,962.1,0.0,11.2,2026-02-11 12:00:00
19.3,44,961.2,0.0,11.9,2026-02-11 13:00:00
18.9,48,960.6,0.0,14.2,2026-02-11 14:00:00
18.7,50,960.2,0.0,15.1,2026-02-11 15:00:00
18.4,49,959.7,0.0,13.9,2026-02-11 16:00:00
16.9,56,958.9,0.0,13.8,2026-02-11 17:00:00
14.9,65,958.6,0.0,12.7,2026-02-11 18:00:00
13.6,72,958.7,0.0,13.0,2026-02-11 19:00:00
12.6,75,958.4,0.0,11.2,2026-02-11 20:00:00
12.2,74,958.6,0.0,11.2,2026-02-11 21:00:00
12.3,71,958.5,0.0,11.3,2026-02-11 22:00:00
12.9,68,958.6,0.0,11.9,2026-02-11 23:00:00
11.9,72,957.8,0.0,7.7,2026-02-12 00:00:00
11.6,72,957.7,0.0,6.0,2026-02-12 01:00:00
10.8,74,957.1,0.0,4.6,2026-02-12 02:00:00
10.4,74,956.7,0.0,5.0,2026-02-12 03:00:00
10.0,74,956.0,0.0,6.8,2026-02-12 04:00:00
9.1,77,955.8,0.0,8.5,2026-02-12 05:00:00
9.2,72,955.9,0.0,7.5,2026-02-12 06:00:00
9.3,66,956.1,0.0,7.4,2026-02-12 07:00:00
10.9,60,956.8,0.0,6.0,2026-02-12 08:00:00
14.4,55,958.0,0.0,3.9,2026-02-12 09:00:00
17.1,49,958.7,0.0,2.3,2026-02-12 10:00:00
18.9,47,959.2,0.0,3.3,2026-02-12 11:00:00
20.5,43,958.7,0.0,6.9,2026-02-12 12:00:00
21.1,38,957.7,0.0,10.7,2026-02-12 13:00:00
21.4,36,957.0,0.0,11.7,2026-02-12 14:00:00
21.4,35,956.6,0.0,10.6,2026-02-12 15:00:00
20.7,38,956.2,0.0,7.9,2026-02-12 16:00:00
18.9,50,955.5,0.0,5.2,2026-02-12 17:00:00
15.7,63,955.2,0.0,5.0,2026-02-12 18:00:00
14.2,69,955.0,0.0,3.9,2026-02-12 19:00:00
13.4,68,955.2,0.0,3.6,2026-02-12 20:00:00
13.0,62,955.8,0.0,5.6,2026-02-12 21:00:00
12.7,58,955.7,0.0,4.7,2026-02-12 22:00:00
13.4,53,955.8,0.0,3.9,2026-02-12 23:00:00
12.3,60,955.4,0.0,2.5,2026-02-13 00:00:00
11.8,57,955.0,0.0,2.0,2026-02-13 01:00:00
11.4,57,954.4,0.0,3.1,2026-02-13 02:00:00
11.1,57,953.8,0.0,2.6,2026-02-13 03:00:00
10.7,60,953.2,0.0,3.1,2026-02-13 04:00:00
10.5,65,953.2,0.0,5.0,2026-02-13 05:00:00
10.4,67,953.3,0.0,3.9,2026-02-13 06:00:00
10.0,70,953.6,0.0,3.2,2026-02-13 07:00:00
11.7,66,954.3,0.0,3.0,2026-02-13 08:00:00
14.7,61,955.5,0.0,3.5,2026-02-13 09:00:00
17.2,51,956.3,0.0,1.7,2026-02-13 10:00:00
18.9,49,956.7,0.0,3.5,2026-02-13 11:00:00
20.6,44,956.4,0.0,5.6,2026-02-13 12:00:00
21.8,38,955.7,0.0,7.6,2026-02-13 13:00:00
22.1,36,954.8,0.0,7.7,2026-02-13 14:00:00
22.2,35,954.6,0.0,7.4,2026-02-13 15:00:00
21.6,38,954.2,0.0,6.2,2026-02-13 16:00:00
19.9,48,953.7,0.0,6.9,2026-02-13 17:00:00
17.1,61,953.5,0.0,5.2,2026-02-13 18:00:00
15.5,68,953.8,0.0,3.7,2026-02-13 19:00:00
14.4,70,954.3,0.0,2.9,2026-02-13 20:00:00
14.2,64,954.7,0.0,3.8,2026-02-13 21:00:00
13.3,61,954.8,0.0,4.9,2026-02-13 22:00:00
13.8,57,955.0,0.0,4.3,2026-02-13 23:00:00
13.1,60,955.1,0.0,1.7,2026-02-14 00:00:00
12.8,56,954.8,0.0,0.4,2026-02-14 01:00:00
11.5,59,954.6,0.0,3.1,2026-02-14 02:00:00
11.0,61,954.2,0.0,3.6,2026-02-14 03:00:00
11.0,64,953.7,0.0,3.0,2026-02-14 04:00:00
12.5,58,954.1,0.0,3.3,2026-02-14 05:00:00
12.7,58,954.5,0.0,1.7,2026-02-14 06:00:00
11.6,62,954.8,0.0,4.2,2026-02-14 07:00:00
12.6,64,955.5,0.0,5.6,2026-02-14 08:00:00
15.1,59,956.6,0.0,5.7,2026-02-14 09:00:00
18.1,51,957.0,0.0,2.8,2026-02-14 10:00:00
20.8,42,957.6,0.0,6.8,2026-02-14 11:00:00
22.0,34,956.8,0.0,10.4,2026-02-14 12:00:00
22.3,34,956.1,0.0,12.9,2026-02-14 13:00:00
22.4,34,955.1,0.0,13.0,2026-02-14 14:00:00
22.1,34,954.6,0.0,12.3,2026-02-14 15:00:00
21.2,38,954.0,0.0,10.7,2026-02-14 16:00:00
19.2,47,953.3,0.0,12.6,2026-02-14 17:00:00
16.9,57,953.2,0.0,11.1,2026-02-14 18:00:00
15.4,63,953.0,0.0,11.6,2026-02-14 19:00:00
14.5,61,953.0,0.0,11.6,2026-02-14 20:00:00
13.9,57,953.2,0.0,10.7,2026-02-14 21:00:00
13.3,58,953.0,0.0,9.0,2026-02-14 22:00:00
13.8,58,953.3,0.0,11.4,2026-02-14 23:00:00
13.3,61,953.2,0.0,8.8,2026-02-15 00:00:00
12.9,63,953.2,0.0,8.3,2026-02-15 01:00:00
12.4,66,953.1,0.0,7.4,2026-02-15 02:00:00
12.2,67,952.8,0.0,6.9,2026-02-15 03:00:00
11.8,70,952.5,0.0,5.3,2026-02-15 04:00:00
11.9,67,951.9,0.0,3.8,2026-02-15 05:00:00
11.9,66,952.3,0.0,2.2,2026-02-15 06:00:00
11.3,66,952.5,0.0,3.7,2026-02-15 07:00:00
12.6,64,953.5,0.0,5.8,2026-02-15 08:00:00
15.3,58,954.6,0.0,4.7,2026-02-15 09:00:00
18.1,49,955.4,0.0,0.5,2026-02-15 10:00:00
20.1,46,955.8,0.0,3.8,2026-02-15 11:00:00
21.8,40,955.4,0.0,5.2,2026-02-15 12:00:00
22.8,34,954.8,0.0,7.8,2026-02-15 13:00:00
23.1,31,954.2,0.0,9.9,2026-02-15 14:00:00
22.9,32,953.6,0.0,10.1,2026-02-15 15:00:00
22.0,36,953.0,0.0,9.9,2026-02-15 16:00:00
19.9,46,952.8,0.0,8.5,2026-02-15 17:00:00
17.4,56,952.7,0.0,7.5,2026-02-15 18:00:00
15.7,62,952.5,0.0,7.8,2026-02-15 19:00:00
14.7,64,952.7,0.0,7.5,2026-02-15 20:00:00
14.1,61,953.0,0.0,6.3,2026-02-15 21:00:00
13.8,57,953.3,0.0,4.8,2026-02-15 22:00:00
14.3,52,953.6,0.0,5.8,2026-02-15 23:00:00
13.4,58,953.5,0.0,3.1,2026-02-16 00:00:00
13.2,54,953.0,0.0,3.5,2026-02-16 01:00:00
12.9,53,952.7,0.0,3.8,2026-02-16 02:00:00
13.1,51,952.3,0.0,1.9,2026-02-16 03:00:00
12.9,49,951.9,0.0,2.6,2026-02-16 04:00:00
13.0,53,951.9,0.0,4.6,2026-02-16 05:00:00
12.3,55,951.8,0.0,4.0,2026-02-16 06:00:00
11.5,57,952.3,0.0,4.0,2026-02-16 07:00:00
12.6,55,952.9,0.0,5.3,2026-02-16 08:00:00
15.8,48,953.8,0.0,4.1,2026-02-16 09:00:00
18.7,42,954.8,0.0,0.6,2026-02-16 10:00:00
20.7,39,955.2,0.0,3.5,2026-02-16 11:00:00
22.5,32,954.9,0.0,5.6,2026-02-16 12:00:00
23.4,27,954.0,0.0,7.7,2026-02-16 13:00:00
23.7,24,953.1,0.0,9.4,2026-02-16 14:00:00
23.3,27,952.4,0.0,10.3,2026-02-16 15:00:00
22.6,31,952.1,0.0,9.2,2026-02-16 16:00:00
21.4,40,951.8,0.0,6.4,2026-02-16 17:00:00
18.4,52,951.6,0.0,8.0,2026-02-16 18:00:00
16.3,61,951.6,0.0,7.0,2026-02-16 19:00:00
15.3,62,952.2,0.0,7.3,2026-02-16 20:00:00
14.9,58,952.7,0.0,6.8,2026-02-16 21:00:00
14.3,59,952.9,0.0,4.0,2026-02-16 22:00:00
15.0,51,953.3,0.0,3.1,2026-02-16 23:00:00
14.1,58,953.1,0.0,2.9,2026-02-17 00:00:00
13.1,59,953.1,0.0,3.5,2026-02-17 01:00:00
12.6,59,952.9,0.0,3.2,2026-02-17 02:00:00
12.3,58,953.1,0.0,3.6,2026-02-17 03:00:00
12.1,60,953.1,0.0,3.2,2026-02-17 04:00:00
13.9,51,952.9,0.0,0.5,2026-02-17 05:00:00
13.8,52,953.5,0.0,0.9,2026-02-17 06:00:00
13.2,51,954.5,0.0,5.8,2026-02-17 07:00:00
13.0,57,955.7,0.0,9.7,2026-02-17 08:00:00
16.4,53,956.8,0.0,6.7,2026-02-17 09:00:00
19.2,47,957.5,0.0,1.4,2026-02-17 10:00:00
21.1,41,958.4,0.0,2.2,2026-02-17 11:00:00
22.2,37,958.5,0.0,5.5,2026-02-17 12:00:00
21.5,44,957.8,0.0,9.9,2026-02-17 13:00:00
21.8,45,957.2,0.0,9.6,2026-02-17 14:00:00
21.6,44,956.9,0.0,9.7,2026-02-17 15:00:00
21.2,44,956.7,0.0,7.8,2026-02-17 16:00:00
21.2,41,955.8,0.0,8.0,2026-02-17 17:00:00
18.8,51,955.0,0.0,8.8,2026-02-17 18:00:00
16.4,61,954.9,0.0,9.0,2026-02-17 19:00:00
14.9,66,954.9,0.0,8.7,2026-02-17 20:00:00
14.1,64,955.2,0.0,9.1,2026-02-17 21:00:00
13.8,58,954.7,0.0,8.9,2026-02-17 22:00:00
14.3,52,954.2,0.0,11.6,2026-02-17 23:00:00
14.3,50,953.8,0.0,8.8,2026-02-18 00:00:00
14.0,50,953.8,0.0,7.8,2026-02-18 01:00:00
13.7,51,953.3,0.0,7.7,2026-02-18 02:00:00
13.3,53,953.1,0.0,6.3,2026-02-18 03:00:00
12.5,58,952.8,0.0,4.0,2026-02-18 04:00:00
12.2,61,953.4,0.0,3.4,2026-02-18 05:00:00
12.0,63,953.8,0.0,2.5,2026-02-18 06:00:00
12.0,61,954.3,0.0,1.3,2026-02-18 07:00:00
13.7,61,955.4,0.0,1.0,2026-02-18 08:00:00
16.2,45,956.4,0.0,1.8,2026-02-18 09:00:00
19.0,39,957.2,0.0,1.6,2026-02-18 10:00:00
20.5,36,958.1,0.0,0.0,2026-02-18 11:00:00
22.3,31,957.8,0.0,4.6,2026-02-18 12:00:00
23.2,29,957.3,0.0,6.6,2026-02-18 13:00:00
23.4,31,956.5,0.0,8.1,2026-02-18 14:00:00
22.2,37,956.2,0.0,11.4,2026-02-18 15:00:00
22.0,39,956.0,0.0,12.1,2026-02-18 16:00:00
21.4,40,955.7,0.0,9.4,2026-02-18 17:00:00
19.6,47,955.6,0.0,7.9,2026-02-18 18:00:00
18.3,52,955.8,0.0,6.6,2026-02-18 19:00:00
17.1,54,956.0,0.0,6.3,2026-02-18 20:00:00
16.0,57,956.1,0.0,7.1,2026-02-18 21:00:00
15.2,58,956.3,0.0,5.5,2026-02-18 22:00:00
15.6,55,956.2,0.0,2.1,2026-02-18 23:00:00
15.5,52,956.1,0.0,2.8,2026-02-19 00:00:00
15.1,51,955.9,0.0,3.9,2026-02-19 01:00:00
14.2,54,955.7,0.0,3.2,2026-02-19 02:00:00
14.0,54,955.6,0.0,4.3,2026-02-19 03:00:00
12.7,59,955.5,0.0,2.4,2026-02-19 04:00:00
12.6,66,955.4,0.0,3.8,2026-02-19 05:00:00
12.0,69,956.0,0.0,2.8,2026-02-19 06:00:00
11.5,71,956.3,0.0,1.8,2026-02-19 07:00:00
13.7,61,957.5,0.0,2.1,2026-02-19 08:00:00
16.6,51,958.5,0.0,1.2,2026-02-19 09:00:00
19.2,43,959.3,0.0,2.7,2026-02-19 10:00:00
21.0,40,959.8,0.0,3.3,2026-02-19 11:00:00
23.2,36,959.4,0.0,4.1,2026-02-19 12:00:00
24.4,31,958.5,0.0,5.8,2026-02-19 13:00:00
25.1,25,957.7,0.0,6.9,2026-02-19 14:00:00
25.0,25,957.1,0.0,8.0,2026-02-19 15:00:00
24.2,29,956.6,0.0,8.9,2026-02-19 16:00:00
23.1,35,956.8,0.0,7.7,2026-02-19 17:00:00
20.7,43,956.8,0.0,7.7,2026-02-19 18:00:00
19.0,47,957.1,0.0,6.6,2026-02-19 19:00:00
18.2,48,957.4,0.0,6.5,2026-02-19 20:00:00
17.3,48,957.7,0.0,6.6,2026-02-19 21:00:00
16.6,47,958.0,0.0,4.3,2026-02-19 22:00:00
17.1,46,958.5,0.0,5.0,2026-02-19 23:00:00
16.1,50,958.8,0.0,0.5,2026-02-20 00:00:00
14.3,55,958.4,0.0,2.2,2026-02-20 01:00:00
13.8,57,958.1,0.0,4.3,2026-02-20 02:00:00
13.5,58,957.9,0.0,3.3,2026-02-20 03:00:00
13.4,60,957.8,0.0,2.7,2026-02-20 04:00:00
13.6,63,958.1,0.0,3.1,2026-02-20 05:00:00
13.7,63,958.4,0.0,1.3,2026-02-20 06:00:00
13.2,64,958.9,0.0,1.8,2026-02-20 07:00:00
15.1,57,960.1,0.0,2.8,2026-02-20 08:00:00
17.6,50,961.4,0.0,3.5,2026-02-20 09:00:00
20.4,43,962.0,0.0,1.8,2026-02-20 10:00:00
21.7,38,962.5,0.0,1.9,2026-02-20 11:00:00
23.8,35,962.0,0.0,5.1,2026-02-20 12:00:00
24.8,30,961.1,0.0,8.6,2026-02-20 13:00:00
25.0,29,960.1,0.0,11.6,2026-02-20 14:00:00
24.9,29,959.3,0.0,11.7,2026-02-20 15:00:00
24.3,30,958.6,0.0,10.8,2026-02-20 16:00:00
23.2,34,958.2,0.0,8.8,2026-02-20 17:00:00
20.8,42,957.9,0.0,6.9,2026-02-20 18:00:00
18.4,48,957.5,0.0,8.7,2026-02-20 19:00:00
17.1,50,957.2,0.0,10.3,2026-02-20 20:00:00
16.4,52,956.9,0.0,9.8,2026-02-20 21:00:00
16.3,51,956.5,0.0,9.5,2026-02-20 22:00:00
16.5,51,956.4,0.0,11.8,2026-02-20 23:00:00
16.3,50,956.1,0.0,9.7,2026-02-21 00:00:00
15.9,52,955.5,0.0,9.0,2026-02-21 01:00:00
15.5,54,954.7,0.0,8.0,2026-02-21 02:00:00
15.0,56,953.9,0.0,6.9,2026-02-21 03:00:00
14.1,57,953.2,0.0,5.7,2026-02-21 04:00:00
13.6,58,952.8,0.0,6.2,2026-02-21 05:00:00
12.9,60,952.7,0.0,3.8,2026-02-21 06:00:00
12.3,62,952.8,0.0,4.2,2026-02-21 07:00:00
13.7,57,953.4,0.0,4.9,2026-02-21 08:00:00
17.1,45,954.4,0.0,0.6,2026-02-21 09:00:00
19.8,38,955.0,0.0,3.0,2026-02-21 10:00:00
21.1,36,955.5,0.0,2.8,2026-02-21 11:00:00
23.5,32,955.0,0.0,4.7,2026-02-21 12:00:00
24.7,27,954.3,0.0,5.2,2026-02-21 13:00:00
25.4,23,953.2,0.0,5.8,2026-02-21 14:00:00
25.6,18,952.4,0.0,7.2,2026-02-21 15:00:00
24.8,17,951.7,0.0,8.8,2026-02-21 16:00:00
23.8,22,951.3,0.0,8.8,2026-02-21 17:00:00
21.5,30,951.0,0.0,7.9,2026-02-21 18:00:00
19.4,38,951.0,0.0,7.0,2026-02-21 19:00:00
17.3,46,950.8,0.0,8.3,2026-02-21 20:00:00
15.9,49,950.7,0.0,6.3,2026-02-21 21:00:00
15.6,50,950.6,0.0,4.9,2026-02-21 22:00:00
18.0,42,951.1,0.0,6.0,2026-02-21 23:00:00
17.0,45,950.7,0.0,3.2,2026-02-22 00:00:00
16.0,48,950.3,0.0,3.7,2026-02-22 01:00:00
15.1,52,949.9,0.0,3.6,2026-02-22 02:00:00
14.5,56,949.3,0.0,3.8,2026-02-22 03:00:00
13.9,61,948.6,0.0,3.9,2026-02-22 04:00:00
14.2,66,948.7,0.0,7.3,2026-02-22 05:00:00
14.1,70,948.9,0.0,6.1,2026-02-22 06:00:00
13.4,74,949.2,0.0,3.1,2026-02-22 07:00:00
14.8,68,949.9,0.0,3.1,2026-02-22 08:00:00
17.8,57,950.9,0.0,0.3,2026-02-22 09:00:00
20.5,48,951.4,0.0,1.6,2026-02-22 10:00:00
21.9,42,951.7,0.0,2.3,2026-02-22 11:00:00
24.0,34,951.3,0.0,4.0,2026-02-22 12:00:00
25.1,29,950.8,0.0,5.1,2026-02-22 13:00:00
25.7,26,950.0,0.0,5.6,2026-02-22 14:00:00
25.8,24,949.6,0.0,5.4,2026-02-22 15:00:00
25.3,24,949.3,0.0,4.3,2026-02-22 16:00:00
24.4,28,949.2,0.0,3.3,2026-02-22 17:00:00
21.8,35,949.2,0.0,2.9,2026-02-22 18:00:00
20.1,40,949.7,0.0,3.6,2026-02-22 19:00:00
19.1,43,949.8,0.0,4.9,2026-02-22 20:00:00
18.4,45,950.2,0.0,7.3,2026-02-22 21:00:00
17.5,47,950.2,0.0,6.8,2026-02-22 22:00:00
17.4,49,950.4,0.0,2.5,2026-02-22 23:00:00
16.4,52,950.2,0.0,4.6,2026-02-23 00:00:00
14.9,58,949.9,0.0,4.0,2026-02-23 01:00:00
14.2,59,949.4,0.0,3.7,2026-02-23 02:00:00
14.2,58,948.8,0.0,3.3,2026-02-23 03:00:00
14.2,57,948.4,0.0,2.7,2026-02-23 04:00:00
14.8,55,948.6,0.0,4.7,2026-02-23 05:00:00
14.3,53,948.7,0.0,4.7,2026-02-23 06:00:00
13.5,54,949.1,0.0,6.9,2026-02-23 07:00:00
14.7,50,950.0,0.0,7.1,2026-02-23 08:00:00
18.5,40,951.5,0.0,3.6,2026-02-23 09:00:00
21.7,33,952.1,0.0,3.1,2026-02-23 10:00:00
23.4,32,952.6,0.0,5.9,2026-02-23 11:00:00
24.8,29,952.2,0.0,8.9,2026-02-23 12:00:00
25.3,27,952.0,0.0,9.8,2026-02-23 13:00:00
25.6,26,951.3,0.0,9.3,2026-02-23 14:00:00
25.7,26,950.8,0.0,8.2,2026-02-23 15:00:00
25.2,28,950.4,0.0,6.8,2026-02-23 16:00:00
24.4,29,950.4,0.0,5.4,2026-02-23 17:00:00
21.8,37,950.2,0.0,4.5,2026-02-23 18:00:00
19.9,44,950.6,0.0,4.8,2026-02-23 19:00:00
18.6,46,950.6,0.0,6.9,2026-02-23 20:00:00
17.2,49,951.0,0.0,8.4,2026-02-23 21:00:00
16.3,51,951.0,0.0,7.7,2026-02-23 22:00:00
17.0,48,951.5,0.0,6.3,2026-02-23 23:00:00
16.3,49,951.2,0.0,2.3,2026-02-24 00:00:00
15.4,51,951.1,0.0,2.6,2026-02-24 01:00:00
14.8,53,950.7,0.0,3.9,2026-02-24 02:00:00
14.1,55,950.0,0.0,3.4,2026-02-24 03:00:00
13.5,56,949.7,0.0,2.6,2026-02-24 04:00:00
14.3,56,950.0,0.0,3.3,2026-02-24 05:00:00
13.4,60,950.3,0.0,1.9,2026-02-24 06:00:00
13.1,60,950.9,0.0,2.1,2026-02-24 07:00:00
14.6,56,952.2,0.0,4.1,2026-02-24 08:00:00
17.9,47,953.2,0.0,1.2,2026-02-24 09:00:00
20.9,39,954.0,0.0,1.5,2026-02-24 10:00:00
22.9,35,954.4,0.0,2.4,2026-02-24 11:00:00
25.1,28,954.5,0.0,5.0,2026-02-24 12:00:00
26.1,24,953.8,0.0,6.7,2026-02-24 13:00:00
26.5,22,953.0,0.0,7.1,2026-02-24 14:00:00
26.3,22,952.5,0.0,6.7,2026-02-24 15:00:00
25.9,23,952.3,0.0,6.2,2026-02-24 16:00:00
25.1,24,952.1,0.0,4.6,2026-02-24 17:00:00
22.0,33,952.2,0.0,4.6,2026-02-24 18:00:00
19.9,40,952.5,0.0,6.2,2026-02-24 19:00:00
18.3,44,952.5,0.0,6.9,2026-02-24 20:00:00
16.8,48,952.6,0.0,8.8,2026-02-24 21:00:00
16.3,51,952.8,0.0,3.3,2026-02-24 22:00:00
15.7,55,953.3,0.0,1.5,2026-02-24 23:00:00
16.3,52,953.5,0.0,3.2,2026-02-25 00:00:00
15.9,53,953.1,0.0,3.3,2026-02-25 01:00:00
15.7,51,953.0,0.0,3.4,2026-02-25 02:00:00
15.3,50,952.5,0.0,4.0,2026-02-25 03:00:00
14.9,52,952.2,0.0,3.4,2026-02-25 04:00:00
15.1,55,952.0,0.0,2.3,2026-02-25 05:00:00
15.1,55,952.4,0.0,1.5,2026-02-25 06:00:00
14.4,56,952.8,0.0,2.4,2026-02-25 07:00:00
16.6,49,953.9,0.0,3.4,2026-02-25 08:00:00
19.4,40,954.8,0.0,1.7,2026-02-25 09:00:00
22.1,34,955.3,0.0,1.9,2026-02-25 10:00:00
23.7,32,955.5,0.0,4.3,2026-02-25 11:00:00
25.3,29,955.1,0.0,5.5,2026-02-25 12:00:00
26.2,24,954.3,0.0,6.6,2026-02-25 13:00:00
26.5,22,953.5,0.0,8.1,2026-02-25 14:00:00
26.3,22,953.0,0.0,9.1,2026-02-25 15:00:00
25.8,23,952.5,0.0,10.3,2026-02-25 16:00:00
25.3,23,952.1,0.0,9.6,2026-02-25 17:00:00
22.9,30,952.2,0.0,6.2,2026-02-25 18:00:00
20.8,39,952.5,0.0,6.7,2026-02-25 19:00:00
18.9,50,952.7,0.0,8.5,2026-02-25 20:00:00
17.6,56,952.9,0.0,7.5,2026-02-25 21:00:00
16.5,59,953.3,0.0,6.9,2026-02-25 22:00:00
16.6,59,953.4,0.0,5.7,2026-02-25 23:00:00
16.4,59,953.4,0.0,1.6,2026-02-26 00:00:00
16.6,56,953.3,0.0,3.1,2026-02-26 01:00:00
16.1,55,952.7,0.0,2.8,2026-02-26 02:00:00
15.3,57,952.2,0.0,2.3,2026-02-26 03:00:00
14.9,57,951.4,0.0,2.3,2026-02-26 04:00:00
15.8,55,951.5,0.0,1.4,2026-02-26 05:00:00
15.2,55,951.3,0.0,2.4,2026-02-26 06:00:00
15.0,53,951.2,0.0,2.3,2026-02-26 07:00:00
17.1,45,952.4,0.0,8.0,2026-02-26 08:00:00
19.8,38,953.0,0.0,4.8,2026-02-26 09:00:00
22.5,32,953.2,0.0,4.7,2026-02-26 10:00:00
23.7,30,953.3,0.0,5.4,2026-02-26 11:00:00
25.2,27,952.8,0.0,5.4,2026-02-26 12:00:00
25.9,25,951.8,0.0,6.8,2026-02-26 13:00:00
26.2,25,950.9,0.0,8.6,2026-02-26 14:00:00
25.9,26,950.3,0.0,9.3,2026-02-26 15:00:00
25.3,26,949.6,0.0,8.1,2026-02-26 16:00:00
24.6,28,949.3,0.0,9.6,2026-02-26 17:00:00
22.5,36,949.1,0.0,8.9,2026-02-26 18:00:00
20.5,42,949.0,0.0,9.3,2026-02-26 19:00:00
18.7,46,948.8,0.0,8.2,2026-02-26 20:00:00
17.4,48,948.9,0.0,6.6,2026-02-26 21:00:00
16.6,48,948.9,0.0,6.6,2026-02-26 22:00:00
17.6,45,949.1,0.0,9.2,2026-02-26 23:00:00
17.2,45,949.1,0.0,5.6,2026-02-27 00:00:00
16.0,49,948.9,0.0,5.2,2026-02-27 01:00:00
15.7,50,948.5,0.0,4.5,2026-02-27 02:00:00
15.4,51,948.0,0.0,3.1,2026-02-27 03:00:00
14.9,53,947.6,0.0,2.3,2026-02-27 04:00:00
15.1,51,948.1,0.0,1.9,2026-02-27 05:00:00
15.2,49,948.2,0.0,1.1,2026-02-27 06:00:00
14.8,49,948.5,0.0,3.0,2026-02-27 07:00:00
17.0,42,949.3,0.0,2.9,2026-02-27 08:00:00
19.8,36,950.3,0.0,1.6,2026-02-27 09:00:00
23.0,29,950.8,0.0,3.4,2026-02-27 10:00:00
24.4,24,951.0,0.0,3.0,2026-02-27 11:00:00
26.1,21,950.8,0.0,1.5,2026-02-27 12:00:00
26.9,20,950.1,0.0,6.0,2026-02-27 13:00:00
26.2,22,949.2,0.0,8.3,2026-02-27 14:00:00
26.3,21,948.8,0.0,1.3,2026-02-27 15:00:00
25.9,22,948.4,0.0,1.8,2026-02-27 16:00:00
25.4,20,947.7,0.0,8.5,2026-02-27 17:00:00
22.9,31,947.7,0.0,9.0,2026-02-27 18:00:00
21.8,32,948.2,0.0,10.1,2026-02-27 19:00:00
20.0,35,948.1,0.0,11.0,2026-02-27 20:00:00
18.0,41,948.3,0.0,8.5,2026-02-27 21:00:00
16.3,49,948.0,0.0,6.6,2026-02-27 22:00:00
16.6,51,948.2,0.0,4.9,2026-02-27 23:00:00
16.8,47,948.5,0.0,7.0,2026-02-28 00:00:00
16.8,43,948.6,0.0,7.1,2026-02-28 01:00:00
16.4,43,948.5,0.0,6.9,2026-02-28 02:00:00
15.7,44,948.1,0.0,6.7,2026-02-28 03:00:00
15.2,45,947.8,0.0,5.5,2026-02-28 04:00:00
15.8,47,947.9,0.0,1.8,2026-02-28 05:00:00
16.1,46,948.6,0.0,2.4,2026-02-28 06:00:00
16.3,46,949.3,0.0,2.2,2026-02-28 07:00:00
17.8,42,950.5,0.0,4.0,2026-02-28 08:00:00
20.0,37,951.5,0.0,1.4,2026-02-28 09:00:00
22.9,31,952.1,0.0,1.9,2026-02-28 10:00:00
24.4,28,952.2,0.0,4.2,2026-02-28 11:00:00
26.0,24,952.0,0.0,3.9,2026-02-28 12:00:00
26.7,21,951.2,0.0,6.2,2026-02-28 13:00:00
26.6,20,950.2,0.0,9.8,2026-02-28 14:00:00
26.3,20,949.9,0.0,12.2,2026-02-28 15:00:00
25.8,19,949.5,0.0,12.4,2026-02-28 16:00:00
25.0,23,949.4,0.0,12.5,2026-02-28 17:00:00
22.7,32,949.8,0.0,10.7,2026-02-28 18:00:00
20.8,38,949.6,0.0,10.1,2026-02-28 19:00:00
18.5,44,949.5,0.0,10.3,2026-02-28 20:00:00
16.9,50,949.5,0.0,9.7,2026-02-28 21:00:00
16.2,52,949.5,0.0,7.4,2026-02-28 22:00:00
16.3,45,949.3,0.0,10.1,2026-02-28 23:00:00
16.6,38,949.6,0.0,8.8,2026-03-01 00:00:00
16.6,35,949.5,0.0,9.2,2026-03-01 01:00:00
16.9,33,949.1,0.0,8.7,2026-03-01 02:00:00
16.4,34,948.6,0.0,7.0,2026-03-01 03:00:00
15.7,36,948.3,0.0,5.7,2026-03-01 04:00:00
15.4,40,948.1,0.0,7.8,2026-03-01 05:00:00
14.5,44,948.3,0.0,3.7,2026-03-01 06:00:00
14.2,45,948.9,0.0,5.3,2026-03-01 07:00:00
16.1,40,949.9,0.0,7.1,2026-03-01 08:00:00
20.5,30,950.9,0.0,3.6,2026-03-01 09:00:00
24.0,24,951.5,0.0,4.7,2026-03-01 10:00:00
25.8,19,952.0,0.0,10.6,2026-03-01 11:00:00
26.6,18,951.7,0.0,12.5,2026-03-01 12:00:00
26.9,17,951.4,0.0,13.7,2026-03-01 13:00:00
27.0,17,950.9,0.0,13.2,2026-03-01 14:00:00
26.8,18,950.6,0.0,12.2,2026-03-01 15:00:00
26.2,19,950.2,0.0,10.9,2026-03-01 16:00:00
25.5,20,950.2,0.0,10.9,2026-03-01 17:00:00
23.2,28,950.5,0.0,8.0,2026-03-01 18:00:00
21.1,33,950.4,0.0,8.0,2026-03-01 19:00:00
18.8,38,950.4,0.0,8.4,2026-03-01 20:00:00
17.2,43,950.6,0.0,7.7,2026-03-01 21:00:00
16.7,43,951.0,0.0,6.6,2026-03-01 22:00:00
17.3,36,951.2,0.0,9.0,2026-03-01 23:00:00
16.8,32,951.1,0.0,6.4,2026-03-02 00:00:00
16.2,30,950.9,0.0,5.6,2026-03-02 01:00:00
16.1,28,950.5,0.0,6.4,2026-03-02 02:00:00
15.5,26,950.2,0.0,4.7,2026-03-02 03:00:00
14.5,27,950.1,0.0,3.4,2026-03-02 04:00:00
13.9,31,950.0,0.0,6.4,2026-03-02 05:00:00
13.9,32,950.6,0.0,4.1,2026-03-02 06:00:00
14.2,32,951.1,0.0,4.6,2026-03-02 07:00:00
16.3,29,952.3,0.0,7.6,2026-03-02 08:00:00
20.4,23,953.8,0.0,4.7,2026-03-02 09:00:00
24.1,20,954.7,0.0,6.0,2026-03-02 10:00:00
26.0,19,955.2,0.0,10.6,2026-03-02 11:00:00
26.8,18,955.1,0.0,13.6,2026-03-02 12:00:00
27.1,18,954.6,0.0,14.8,2026-03-02 13:00:00
27.4,15,953.9,0.0,14.4,2026-03-02 14:00:00
27.4,13,953.3,0.0,14.3,2026-03-02 15:00:00
26.7,14,952.8,0.0,14.0,2026-03-02 16:00:00
25.4,19,952.7,0.0,13.1,2026-03-02 17:00:00
23.2,27,952.8,0.0,8.9,2026-03-02 18:00:00
20.9,34,952.6,0.0,9.4,2026-03-02 19:00:00
18.8,39,952.5,0.0,10.5,2026-03-02 20:00:00
18.1,36,952.7,0.0,9.1,2026-03-02 21:00:00
17.3,32,953.2,0.0,7.3,2026-03-02 22:00:00
17.0,27,953.0,0.0,10.8,2026-03-02 23:00:00
17.5,25,953.1,0.0,9.2,2026-03-03 00:00:00
17.5,26,953.0,0.0,9.6,2026-03-03 01:00:00
17.8,26,952.8,0.0,10.2,2026-03-03 02:00:00
18.2,29,952.2,0.0,10.1,2026-03-03 03:00:00
18.4,30,951.7,0.0,8.6,2026-03-03 04:00:00
15.9,39,951.2,0.0,6.8,2026-03-03 05:00:00
14.7,45,951.2,0.0,7.3,2026-03-03 06:00:00
14.7,43,951.5,0.0,8.7,2026-03-03 07:00:00
17.2,36,952.6,0.0,10.3,2026-03-03 08:00:00
22.1,26,954.1,0.0,8.8,2026-03-03 09:00:00
26.0,19,954.6,0.0,8.5,2026-03-03 10:00:00
27.7,16,954.8,0.0,9.0,2026-03-03 11:00:00
28.6,15,954.7,0.0,11.9,2026-03-03 12:00:00
28.7,18,954.2,0.0,12.5,2026-03-03 13:00:00
29.1,18,953.3,0.0,12.8,2026-03-03 14:00:00
28.8,19,952.8,0.0,13.7,2026-03-03 15:00:00
28.1,19,952.2,0.0,11.6,2026-03-03 16:00:00
27.7,21,951.7,0.0,9.7,2026-03-03 17:00:00
25.0,28,952.1,0.0,10.4,2026-03-03 18:00:00
22.7,35,952.0,0.0,10.8,2026-03-03 19:00:00
21.1,39,952.3,0.0,10.8,2026-03-03 20:00:00
20.1,40,952.9,0.0,9.8,2026-03-03 21:00:00
19.6,37,953.2,0.0,8.8,2026-03-03 22:00:00
19.9,30,953.2,0.0,10.7,2026-03-03 23:00:00
19.8,27,953.4,0.0,8.7,2026-03-04 00:00:00
19.3,28,953.2,0.0,8.5,2026-03-04 01:00:00
18.5,30,952.7,0.0,6.8,2026-03-04 02:00:00
17.8,33,952.6,0.0,3.8,2026-03-04 03:00:00
18.1,32,952.4,0.0,5.5,2026-03-04 04:00:00
18.4,36,952.5,0.0,3.1,2026-03-04 05:00:00
17.2,45,953.0,0.0,2.1,2026-03-04 06:00:00
17.6,45,953.6,0.0,1.9,2026-03-04 07:00:00
20.1,35,954.9,0.0,3.7,2026-03-04 08:00:00
23.0,28,955.9,0.0,0.6,2026-03-04 09:00:00
25.9,23,956.7,0.0,1.5,2026-03-04 10:00:00
27.7,20,956.7,0.0,1.5,2026-03-04 11:00:00
28.7,19,956.7,0.0,5.4,2026-03-04 12:00:00
29.7,20,956.4,0.0,7.3,2026-03-04 13:00:00
30.3,20,955.3,0.0,6.5,2026-03-04 14:00:00
30.4,20,954.5,0.0,7.0,2026-03-04 15:00:00
29.7,22,954.1,0.0,8.3,2026-03-04 16:00:00
29.0,22,953.7,0.0,9.6,2026-03-04 17:00:00
26.6,28,953.4,0.0,8.3,2026-03-04 18:00:00
24.6,34,953.3,0.0,10.2,2026-03-04 19:00:00
23.5,37,953.4,0.0,9.7,2026-03-04 20:00:00
22.2,40,953.7,0.0,8.6,2026-03-04 21:00:00
21.3,42,953.6,0.0,7.7,2026-03-04 22:00:00
20.8,42,953.2,0.0,7.6,2026-03-04 23:00:00
20.3,41,953.2,0.0,7.6,2026-03-05 00:00:00
20.1,38,953.3,0.0,10.3,2026-03-05 01:00:00
20.2,38,953.0,0.0,10.3,2026-03-05 02:00:00
20.1,38,952.2,0.0,8.4,2026-03-05 03:00:00
19.5,39,951.4,0.0,5.4,2026-03-05 04:00:00
17.5,45,951.3,0.0,6.5,2026-03-05 05:00:00
17.9,43,951.5,0.0,4.5,2026-03-05 06:00:00
18.5,40,951.9,0.0,5.7,2026-03-05 07:00:00
21.0,34,952.8,0.0,7.0,2026-03-05 08:00:00
24.8,27,953.6,0.0,4.4,2026-03-05 09:00:00
27.8,23,954.2,0.0,4.5,2026-03-05 10:00:00
29.5,23,954.6,0.0,7.0,2026-03-05 11:00:00
31.3,22,954.1,0.0,7.4,2026-03-05 12:00:00
32.0,21,953.5,0.0,9.3,2026-03-05 13:00:00
32.3,22,952.1,0.0,9.4,2026-03-05 14:00:00
32.2,22,951.3,0.0,9.0,2026-03-05 15:00:00
31.4,24,950.6,0.0,9.0,2026-03-05 16:00:00
29.7,28,950.1,0.0,7.2,2026-03-05 17:00:00
27.5,34,949.9,0.0,7.7,2026-03-05 18:00:00
25.3,40,949.7,0.0,8.8,2026-03-05 19:00:00
23.9,42,949.7,0.0,8.1,2026-03-05 20:00:00
22.9,42,950.2,0.0,6.7,2026-03-05 21:00:00
22.3,43,950.4,0.0,5.3,2026-03-05 22:00:00
22.6,39,950.4,0.0,4.8,2026-03-05 23:00:00
21.9,41,950.1,0.0,2.9,2026-03-06 00:00:00
21.1,41,949.8,0.0,2.9,2026-03-06 01:00:00
20.5,40,949.6,0.0,3.0,2026-03-06 02:00:00
20.0,40,949.0,0.0,3.1,2026-03-06 03:00:00
20.2,39,948.9,0.0,1.4,2026-03-06 04:00:00
18.7,53,948.5,0.0,2.0,2026-03-06 05:00:00
20.1,50,949.4,0.0,0.9,2026-03-06 06:00:00
20.6,47,949.9,0.0,1.3,2026-03-06 07:00:00
22.3,40,950.9,0.0,3.3,2026-03-06 08:00:00
24.6,34,951.8,0.0,1.5,2026-03-06 09:00:00
27.6,26,952.5,0.0,1.3,2026-03-06 10:00:00
29.6,22,952.7,0.0,3.2,2026-03-06 11:00:00
31.5,21,952.5,0.0,4.4,2026-03-06 12:00:00
32.3,20,951.9,0.0,5.2,2026-03-06 13:00:00
32.8,20,950.8,0.0,4.7,2026-03-06 14:00:00
33.1,19,950.1,0.0,4.8,2026-03-06 15:00:00
32.4,19,949.9,0.0,3.1,2026-03-06 16:00:00
32.2,18,949.6,0.0,3.6,2026-03-06 17:00:00
29.0,23,949.3,0.0,2.5,2026-03-06 18:00:00
26.9,33,949.6,0.0,6.4,2026-03-06 19:00:00
25.5,38,950.0,0.0,9.4,2026-03-06 20:00:00
25.0,32,950.7,0.0,11.4,2026-03-06 21:00:00
23.8,33,950.9,0.0,12.0,2026-03-06 22:00:00
23.6,39,951.4,0.0,9.7,2026-03-06 23:00:00
22.3,47,951.6,0.0,9.6,2026-03-07 00:00:00
21.9,52,951.7,0.0,9.8,2026-03-07 01:00:00
21.5,54,951.4,0.0,11.4,2026-03-07 02:00:00
21.3,52,951.4,0.0,12.3,2026-03-07 03:00:00
20.8,47,951.3,0.0,11.1,2026-03-07 04:00:00
20.8,50,951.1,0.0,9.1,2026-03-07 05:00:00
20.5,53,951.4,0.0,8.4,2026-03-07 06:00:00
20.2,52,951.9,0.0,8.1,2026-03-07 07:00:00
21.6,46,952.8,0.0,7.6,2026-03-07 08:00:00
24.3,38,954.0,0.0,4.8,2026-03-07 09:00:00
26.5,39,954.6,0.0,7.0,2026-03-07 10:00:00
26.9,45,955.3,0.0,10.6,2026-03-07 11:00:00
27.4,43,955.2,0.0,12.2,2026-03-07 12:00:00
28.1,35,954.5,0.0,11.4,2026-03-07 13:00:00
29.1,30,953.8,0.0,12.1,2026-03-07 14:00:00
28.4,32,953.5,0.0,11.6,2026-03-07 15:00:00
28.6,33,953.3,0.0,9.4,2026-03-07 16:00:00
28.6,33,953.3,0.0,7.9,2026-03-07 17:00:00
26.8,39,953.4,0.0,4.7,2026-03-07 18:00:00
24.9,47,953.7,0.0,4.8,2026-03-07 19:00:00
23.6,51,953.9,0.0,5.6,2026-03-07 20:00:00
21.8,56,954.1,0.0,5.7,2026-03-07 21:00:00
20.4,61,954.5,0.0,5.1,2026-03-07 22:00:00
20.8,61,954.3,0.0,4.9,2026-03-07 23:00:00
19.5,64,954.1,0.0,2.9,2026-03-08 00:00:00
18.6,66,954.0,0.0,3.6,2026-03-08 01:00:00
17.7,67,953.5,0.0,2.3,2026-03-08 02:00:00
17.0,68,953.1,0.0,1.6,2026-03-08 03:00:00
16.5,67,952.7,0.0,3.6,2026-03-08 04:00:00
18.9,63,952.7,0.0,3.2,2026-03-08 05:00:00
18.0,62,952.9,0.0,4.6,2026-03-08 06:00:00
17.4,60,953.3,0.0,7.7,2026-03-08 07:00:00
19.9,49,954.4,0.0,7.1,2026-03-08 08:00:00
23.9,35,955.7,0.0,3.8,2026-03-08 09:00:00
26.9,28,956.4,0.0,4.3,2026-03-08 10:00:00
28.7,27,956.6,0.0,6.3,2026-03-08 11:00:00
30.8,23,956.1,0.0,7.0,2026-03-08 12:00:00
31.8,21,955.5,0.0,7.3,2026-03-08 13:00:00
32.1,19,954.3,0.0,7.3,2026-03-08 14:00:00
32.4,16,953.6,0.0,7.4,2026-03-08 15:00:00
32.0,16,953.1,0.0,7.0,2026-03-08 16:00:00
29.2,32,953.1,0.0,9.9,2026-03-08 17:00:00
26.7,39,952.9,0.0,10.1,2026-03-08 18:00:00
24.5,48,953.1,0.0,11.7,2026-03-08 19:00:00
23.4,52,953.5,0.0,11.4,2026-03-08 20:00:00
22.2,54,953.4,0.0,9.2,2026-03-08 21:00:00
21.1,57,953.7,0.0,8.3,2026-03-08 22:00:00
21.4,55,953.6,0.0,9.7,2026-03-08 23:00:00
21.5,50,953.6,0.0,5.4,2026-03-09 00:00:00
21.5,45,953.5,0.0,5.5,2026-03-09 01:00:00
21.0,42,952.8,0.0,3.8,2026-03-09 02:00:00
20.7,41,952.4,0.0,1.4,2026-03-09 03:00:00
20.4,40,952.0,0.0,1.3,2026-03-09 04:00:00
19.3,56,951.9,0.0,6.5,2026-03-09 05:00:00
18.9,58,952.3,0.0,3.3,2026-03-09 06:00:00
19.5,52,952.6,0.0,3.4,2026-03-09 07:00:00
21.6,42,953.4,0.0,6.9,2026-03-09 08:00:00
24.2,32,954.1,0.0,6.2,2026-03-09 09:00:00
26.5,26,954.6,0.0,3.5,2026-03-09 10:00:00
28.9,22,954.9,0.0,1.5,2026-03-09 11:00:00
30.7,19,954.9,0.0,2.7,2026-03-09 12:00:00
31.1,21,954.3,0.0,8.3,2026-03-09 13:00:00
30.2,25,953.4,0.0,13.6,2026-03-09 14:00:00
29.5,28,952.8,0.0,12.6,2026-03-09 15:00:00
29.3,29,952.7,0.0,9.7,2026-03-09 16:00:00
27.7,35,952.3,0.0,13.8,2026-03-09 17:00:00
25.4,40,952.5,0.0,13.9,2026-03-09 18:00:00
24.2,42,953.1,0.0,13.1,2026-03-09 19:00:00
23.1,44,953.9,0.0,14.6,2026-03-09 20:00:00
21.9,46,955.2,0.0,22.7,2026-03-09 21:00:00
19.4,61,956.0,0.7,24.5,2026-03-09 22:00:00
19.9,65,956.2,0.4,17.9,2026-03-09 23:00:00
19.7,64,955.6,0.2,10.3,2026-03-10 00:00:00
19.3,69,955.3,0.0,7.8,2026-03-10 01:00:00
19.1,68,954.7,0.0,7.9,2026-03-10 02:00:00
19.7,62,954.5,0.0,5.4,2026-03-10 03:00:00
18.4,71,954.9,0.0,8.7,2026-03-10 04:00:00
18.0,77,954.9,0.0,3.6,2026-03-10 05:00:00
17.4,86,955.8,1.6,12.8,2026-03-10 06:00:00
17.1,90,956.1,0.1,5.3,2026-03-10 07:00:00
18.1,87,957.3,0.0,11.4,2026-03-10 08:00:00
18.9,77,958.0,0.0,2.2,2026-03-10 09:00:00
21.1,61,958.3,0.0,0.9,2026-03-10 10:00:00
23.0,53,959.0,0.0,7.4,2026-03-10 11:00:00
25.9,41,958.6,0.0,6.2,2026-03-10 12:00:00
23.8,52,957.7,0.4,7.7,2026-03-10 13:00:00
25.4,45,956.4,0.0,5.7,2026-03-10 14:00:00
24.3,54,955.3,0.0,14.7,2026-03-10 15:00:00
23.9,48,954.5,0.0,13.2,2026-03-10 16:00:00
25.3,49,953.7,0.0,14.5,2026-03-10 17:00:00
20.1,71,955.0,0.4,18.2,2026-03-10 18:00:00
19.6,71,954.6,0.8,21.0,2026-03-10 19:00:00
19.3,67,956.1,0.4,11.5,2026-03-10 20:00:00
17.9,77,956.2,0.0,15.6,2026-03-10 21:00:00
17.9,70,955.6,0.0,10.8,2026-03-10 22:00:00
17.8,82,954.8,0.0,3.9,2026-03-10 23:00:00
18.2,77,954.6,0.0,10.4,2026-03-11 00:00:00
17.5,76,954.7,2.9,10.6,2026-03-11 01:00:00
16.6,91,954.9,8.1,11.3,2026-03-11 02:00:00
16.2,96,955.5,9.0,11.4,2026-03-11 03:00:00
15.9,90,954.9,0.1,11.2,2026-03-11 04:00:00
16.2,87,954.7,0.9,14.4,2026-03-11 05:00:00
17.2,78,954.6,0.0,7.2,2026-03-11 06:00:00
17.5,76,954.9,1.0,8.7,2026-03-11 07:00:00
18.6,75,956.3,2.1,6.7,2026-03-11 08:00:00
19.5,73,956.5,1.8,7.4,2026-03-11 09:00:00
21.3,66,957.3,3.3,5.8,2026-03-11 10:00:00
24.1,49,956.4,2.4,5.7,2026-03-11 11:00:00
22.8,56,956.5,0.5,7.3,2026-03-11 12:00:00
20.3,70,956.4,3.7,5.2,2026-03-11 13:00:00
20.7,70,954.6,3.4,11.2,2026-03-11 14:00:00
22.9,60,953.8,0.0,7.4,2026-03-11 15:00:00
23.4,55,953.5,0.0,2.6,2026-03-11 16:00:00
23.3,54,953.2,0.0,7.1,2026-03-11 17:00:00
21.4,63,952.9,0.0,4.5,2026-03-11 18:00:00
20.3,65,953.0,0.0,4.4,2026-03-11 19:00:00
19.4,66,953.2,0.0,4.9,2026-03-11 20:00:00
18.1,72,952.5,0.0,5.0,2026-03-11 21:00:00
17.6,74,951.7,0.0,4.0,2026-03-11 22:00:00
17.7,75,952.6,0.0,1.6,2026-03-11 23:00:00
18.6,70,952.1,0.0,1.1,2026-03-12 00:00:00
18.3,71,951.3,0.0,8.2,2026-03-12 01:00:00
17.6,74,950.6,0.0,9.6,2026-03-12 02:00:00
17.0,75,950.3,0.2,5.0,2026-03-12 03:00:00
15.2,90,950.8,1.5,6.0,2026-03-12 04:00:00
15.4,86,950.5,0.1,9.2,2026-03-12 05:00:00
15.1,91,950.2,0.2,8.4,2026-03-12 06:00:00
15.1,89,950.3,0.0,3.2,2026-03-12 07:00:00
16.9,83,951.0,0.0,4.5,2026-03-12 08:00:00
18.3,74,951.5,0.0,6.5,2026-03-12 09:00:00
20.2,62,952.0,0.0,4.2,2026-03-12 10:00:00
21.6,62,953.1,0.0,8.9,2026-03-12 11:00:00
21.7,62,952.9,0.0,8.3,2026-03-12 12:00:00
22.3,59,951.9,0.0,6.8,2026-03-12 13:00:00
22.7,55,951.1,0.0,3.1,2026-03-12 14:00:00
23.2,49,950.6,0.0,2.5,2026-03-12 15:00:00
23.3,47,950.6,0.0,1.7,2026-03-12 16:00:00
22.9,55,950.5,0.0,4.3,2026-03-12 17:00:00
20.9,68,950.4,0.0,3.2,2026-03-12 18:00:00
18.8,67,951.1,0.0,6.6,2026-03-12 19:00:00
16.8,72,951.2,0.0,6.7,2026-03-12 20:00:00
15.6,77,951.3,0.0,6.1,2026-03-12 21:00:00
14.7,78,951.4,0.0,4.8,2026-03-12 22:00:00
14.7,91,951.4,0.0,2.8,2026-03-12 23:00:00
15.5,87,951.5,0.0,1.9,2026-03-13 00:00:00
15.1,86,951.5,0.0,0.2,2026-03-13 01:00:00
15.2,82,951.7,0.0,0.9,2026-03-13 02:00:00
15.4,75,951.1,0.0,2.8,2026-03-13 03:00:00
15.3,71,951.0,0.0,3.6,2026-03-13 04:00:00
14.8,74,950.7,0.0,8.0,2026-03-13 05:00:00
14.7,73,950.9,0.0,7.1,2026-03-13 06:00:00
14.7,73,951.2,0.0,7.0,2026-03-13 07:00:00
17.2,68,952.5,0.0,7.2,2026-03-13 08:00:00
20.2,59,953.8,0.0,4.5,2026-03-13 09:00:00
22.3,49,954.2,0.0,6.1,2026-03-13 10:00:00
23.3,46,954.3,0.0,10.0,2026-03-13 11:00:00
24.1,42,953.8,0.0,9.3,2026-03-13 12:00:00
24.5,38,953.0,0.0,9.3,2026-03-13 13:00:00
24.2,37,952.1,0.0,9.7,2026-03-13 14:00:00
24.3,37,951.4,0.0,10.0,2026-03-13 15:00:00
23.8,38,951.2,0.0,9.9,2026-03-13 16:00:00
22.7,47,950.9,0.0,10.1,2026-03-13 17:00:00
20.1,56,950.8,0.0,9.6,2026-03-13 18:00:00
18.2,63,950.7,0.0,9.9,2026-03-13 19:00:00
16.7,70,950.5,0.0,9.4,2026-03-13 20:00:00
15.7,74,950.7,0.0,9.2,2026-03-13 21:00:00
15.5,74,950.7,0.0,9.0,2026-03-13 22:00:00
16.4,70,950.7,0.0,11.0,2026-03-13 23:00:00
16.2,71,950.5,0.0,8.2,2026-03-14 00:00:00
15.3,75,950.0,0.0,5.3,2026-03-14 01:00:00
14.7,76,949.7,0.0,6.2,2026-03-14 02:00:00
14.9,72,949.3,0.0,8.9,2026-03-14 03:00:00
15.3,70,948.9,0.0,8.8,2026-03-14 04:00:00
15.0,69,948.7,0.0,9.9,2026-03-14 05:00:00
14.9,68,948.8,0.0,7.4,2026-03-14 06:00:00
14.9,65,949.1,0.0,7.7,2026-03-14 07:00:00
17.0,59,950.0,0.0,7.7,2026-03-14 08:00:00
20.5,50,951.2,0.0,5.8,2026-03-14 09:00:00
23.2,39,951.6,0.0,7.0,2026-03-14 10:00:00
24.7,33,951.9,0.0,8.3,2026-03-14 11:00:00
25.2,32,951.3,0.0,9.3,2026-03-14 12:00:00
25.9,33,950.7,0.0,9.3,2026-03-14 13:00:00
26.3,32,949.7,0.0,7.8,2026-03-14 14:00:00
26.4,31,948.9,0.0,6.3,2026-03-14 15:00:00
26.0,33,948.2,0.0,4.9,2026-03-14 16:00:00
24.7,43,947.9,0.0,4.8,2026-03-14 17:00:00
21.4,56,947.4,0.0,5.8,2026-03-14 18:00:00
19.2,61,947.2,0.0,6.7,2026-03-14 19:00:00
18.5,61,947.6,0.0,6.6,2026-03-14 20:00:00
18.0,59,948.1,0.0,7.1,2026-03-14 21:00:00
17.7,59,948.2,0.0,4.3,2026-03-14 22:00:00
18.7,48,948.6,0.0,3.3,2026-03-14 23:00:00
17.8,59,948.6,0.0,4.2,2026-03-15 00:00:00
17.4,51,948.4,0.0,8.1,2026-03-15 01:00:00
17.1,55,948.1,0.0,3.4,2026-03-15 02:00:00
16.8,56,947.7,0.0,3.6,2026-03-15 03:00:00
16.2,56,948.3,0.0,12.0,2026-03-15 04:00:00
17.0,59,948.0,0.3,10.7,2026-03-15 05:00:00
16.4,65,948.6,0.0,19.8,2026-03-15 06:00:00
15.3,71,949.6,0.1,15.9,2026-03-15 07:00:00
14.6,77,949.9,0.7,16.3,2026-03-15 08:00:00
14.9,79,949.8,0.8,12.4,2026-03-15 09:00:00
17.2,72,950.8,0.2,4.0,2026-03-15 10:00:00
18.9,62,951.1,0.1,2.9,2026-03-15 11:00:00
19.5,61,951.0,0.1,5.0,2026-03-15 12:00:00
15.0,82,951.0,3.5,4.0,2026-03-15 13:00:00
15.7,76,949.6,0.0,5.2,2026-03-15 14:00:00
15.7,73,949.7,0.2,9.4,2026-03-15 15:00:00
15.6,74,949.4,0.1,4.1,2026-03-15 16:00:00
14.8,84,950.1,3.8,3.0,2026-03-15 17:00:00
13.8,89,949.7,0.7,11.2,2026-03-15 18:00:00
13.2,87,949.3,0.0,13.6,2026-03-15 19:00:00
13.6,80,949.9,0.0,12.3,2026-03-15 20:00:00
13.7,78,950.7,0.0,14.8,2026-03-15 21:00:00
13.4,78,951.1,0.0,11.4,2026-03-15 22:00:00
13.4,80,950.9,0.0,8.9,2026-03-15 23:00:00
12.5,84,950.6,0.0,4.5,2026-03-16 00:00:00
12.5,81,949.5,0.0,11.0,2026-03-16 01:00:00
12.3,81,949.2,0.0,6.0,2026-03-16 02:00:00
10.9,90,949.8,1.2,5.7,2026-03-16 03:00:00
11.3,92,949.6,0.3,8.2,2026-03-16 04:00:00
10.8,93,949.7,0.0,6.2,2026-03-16 05:00:00
10.5,90,949.9,0.0,6.6,2026-03-16 06:00:00
10.7,87,950.8,0.0,4.6,2026-03-16 07:00:00
12.0,87,951.7,0.0,5.6,2026-03-16 08:00:00
13.5,77,952.3,0.0,6.8,2026-03-16 09:00:00
15.2,71,952.5,0.0,7.5,2026-03-16 10:00:00
16.2,65,952.3,0.0,4.6,2026-03-16 11:00:00
17.1,59,952.4,0.2,5.4,2026-03-16 12:00:00
18.0,54,952.1,0.0,7.4,2026-03-16 13:00:00
18.5,49,951.4,0.0,6.6,2026-03-16 14:00:00
18.8,46,950.7,0.0,3.6,2026-03-16 15:00:00
18.7,46,950.1,0.0,1.3,2026-03-16 16:00:00
18.8,48,950.2,0.0,3.1,2026-03-16 17:00:00
16.7,67,950.1,0.0,4.2,2026-03-16 18:00:00
15.9,63,950.6,0.0,2.1,2026-03-16 19:00:00
15.7,60,951.1,0.0,1.8,2026-03-16 20:00:00
14.4,66,951.6,0.0,5.0,2026-03-16 21:00:00
12.6,77,951.8,0.0,6.2,2026-03-16 22:00:00
12.5,80,951.9,0.0,2.9,2026-03-16 23:00:00
12.2,85,952.1,0.0,1.6,2026-03-17 00:00:00
12.1,84,951.9,0.0,2.3,2026-03-17 01:00:00
12.0,84,951.5,0.0,3.1,2026-03-17 02:00:00
11.9,82,951.1,0.0,3.2,2026-03-17 03:00:00
11.9,81,951.0,0.0,2.2,2026-03-17 04:00:00
13.5,64,950.6,0.0,7.3,2026-03-17 05:00:00
13.0,68,950.6,0.0,5.3,2026-03-17 06:00:00
12.7,72,950.9,0.0,4.0,2026-03-17 07:00:00
14.7,69,952.0,0.0,5.2,2026-03-17 08:00:00
16.3,62,952.7,0.0,4.9,2026-03-17 09:00:00
19.0,48,953.1,0.0,7.3,2026-03-17 10:00:00
19.0,48,953.4,0.0,5.2,2026-03-17 11:00:00
21.1,41,953.0,0.0,6.4,2026-03-17 12:00:00
21.4,42,952.7,0.0,9.4,2026-03-17 13:00:00
21.0,46,951.7,0.0,10.0,2026-03-17 14:00:00
21.5,46,951.0,0.0,7.7,2026-03-17 15:00:00
21.3,46,950.5,0.0,7.3,2026-03-17 16:00:00
20.0,49,950.5,0.0,10.8,2026-03-17 17:00:00
18.0,60,950.1,0.0,8.8,2026-03-17 18:00:00
16.6,69,950.3,0.0,7.7,2026-03-17 19:00:00
16.2,73,950.8,0.0,10.2,2026-03-17 20:00:00
16.0,74,951.3,0.0,11.1,2026-03-17 21:00:00
15.7,72,951.9,0.0,11.7,2026-03-17 22:00:00
16.2,71,951.9,0.0,12.2,2026-03-17 23:00:00
16.3,71,951.9,0.0,8.4,2026-03-18 00:00:00
15.8,75,952.1,0.0,8.9,2026-03-18 01:00:00
15.1,75,951.7,0.0,9.4,2026-03-18 02:00:00
14.2,73,952.1,0.0,11.5,2026-03-18 03:00:00
13.9,74,952.0,0.3,13.1,2026-03-18 04:00:00
13.9,80,951.5,0.0,7.3,2026-03-18 05:00:00
14.5,75,951.8,0.0,9.4,2026-03-18 06:00:00
15.0,73,952.0,0.0,5.1,2026-03-18 07:00:00
14.4,82,953.2,0.0,9.9,2026-03-18 08:00:00
14.7,85,954.0,0.2,8.8,2026-03-18 09:00:00
14.7,92,954.4,0.9,7.0,2026-03-18 10:00:00
13.9,95,955.8,1.0,5.4,2026-03-18 11:00:00
14.5,91,955.2,2.1,7.7,2026-03-18 12:00:00
15.9,77,955.2,0.7,5.5,2026-03-18 13:00:00
16.7,63,954.3,0.1,7.0,2026-03-18 14:00:00
17.0,61,953.6,0.0,8.1,2026-03-18 15:00:00
16.5,67,953.4,0.0,7.8,2026-03-18 16:00:00
15.8,73,954.1,0.0,13.5,2026-03-18 17:00:00
14.1,87,954.3,0.3,11.6,2026-03-18 18:00:00
13.9,91,954.6,0.1,7.7,2026-03-18 19:00:00
13.8,91,954.7,0.0,7.2,2026-03-18 20:00:00
13.3,92,954.7,0.0,2.6,2026-03-18 21:00:00
13.4,88,954.9,0.0,1.2,2026-03-18 22:00:00
14.1,88,955.2,0.0,2.4,2026-03-18 23:00:00
13.9,91,955.2,0.7,3.0,2026-03-19 00:00:00
13.8,89,954.9,1.2,3.1,2026-03-19 01:00:00
13.7,91,954.6,0.7,2.7,2026-03-19 02:00:00
13.5,92,954.3,0.6,3.1,2026-03-19 03:00:00
13.5,91,953.7,0.9,2.9,2026-03-19 04:00:00
13.4,85,953.5,0.2,8.2,2026-03-19 05:00:00
13.7,82,953.7,0.0,3.2,2026-03-19 06:00:00
13.9,85,954.3,0.0,4.6,2026-03-19 07:00:00
14.3,84,955.2,0.0,3.1,2026-03-19 08:00:00
15.6,76,955.5,0.0,2.1,2026-03-19 09:00:00
17.9,63,956.1,0.0,5.0,2026-03-19 10:00:00
18.5,61,956.5,0.0,8.4,2026-03-19 11:00:00
18.4,64,956.4,0.0,6.4,2026-03-19 12:00:00
18.4,63,955.7,0.0,6.1,2026-03-19 13:00:00
17.4,69,954.4,0.3,7.8,2026-03-19 14:00:00
18.4,65,953.6,0.0,4.5,2026-03-19 15:00:00
18.5,63,952.7,0.0,3.3,2026-03-19 16:00:00
15.3,84,952.6,0.0,9.9,2026-03-19 17:00:00
15.8,84,952.5,0.0,4.5,2026-03-19 18:00:00
14.8,90,952.5,0.0,3.7,2026-03-19 19:00:00
14.5,90,952.7,0.0,7.7,2026-03-19 20:00:00
14.0,88,952.9,0.0,6.0,2026-03-19 21:00:00
13.7,90,953.1,0.0,6.6,2026-03-19 22:00:00
13.3,93,953.2,0.0,4.4,2026-03-19 23:00:00
13.4,92,952.8,0.0,1.8,2026-03-20 00:00:00
12.9,92,952.3,0.0,0.3,2026-03-20 01:00:00
12.0,95,951.9,0.5,3.8,2026-03-20 02:00:00
12.5,95,952.0,7.7,4.8,2026-03-20 03:00:00
11.6,97,950.9,0.3,3.0,2026-03-20 04:00:00
11.9,96,950.8,0.2,0.9,2026-03-20 05:00:00
12.1,98,950.6,0.0,2.8,2026-03-20 06:00:00
12.2,99,950.8,0.0,3.7,2026-03-20 07:00:00
14.3,88,951.6,0.0,1.3,2026-03-20 08:00:00
16.1,78,951.9,0.0,1.5,2026-03-20 09:00:00
17.7,69,952.4,0.0,2.2,2026-03-20 10:00:00
18.2,66,952.4,0.0,2.9,2026-03-20 11:00:00
19.2,64,951.7,0.1,2.6,2026-03-20 12:00:00
19.7,61,951.1,0.1,6.4,2026-03-20 13:00:00
17.6,69,950.4,2.1,6.4,2026-03-20 14:00:00
18.0,67,950.2,0.1,5.6,2026-03-20 15:00:00
17.2,69,950.1,0.2,4.7,2026-03-20 16:00:00
17.2,71,950.1,0.0,8.5,2026-03-20 17:00:00
16.4,77,950.3,0.0,3.1,2026-03-20 18:00:00
15.3,83,950.5,0.0,4.0,2026-03-20 19:00:00
14.9,81,951.4,0.0,9.6,2026-03-20 20:00:00
13.7,85,952.0,0.0,5.0,2026-03-20 21:00:00
12.8,87,952.4,0.0,2.7,2026-03-20 22:00:00
13.1,85,952.4,0.0,2.8,2026-03-20 23:00:00
13.2,82,952.3,0.0,5.1,2026-03-21 00:00:00
12.6,84,951.7,0.0,5.7,2026-03-21 01:00:00
12.3,84,951.4,0.0,4.8,2026-03-21 02:00:00
11.7,86,951.3,0.0,4.3,2026-03-21 03:00:00
11.2,86,951.3,0.0,0.9,2026-03-21 04:00:00
12.6,76,951.2,0.0,2.8,2026-03-21 05:00:00
12.3,78,951.8,0.0,1.0,2026-03-21 06:00:00
13.0,78,952.7,0.0,1.7,2026-03-21 07:00:00
14.1,76,954.1,0.0,6.4,2026-03-21 08:00:00
16.0,71,955.3,0.0,5.6,2026-03-21 09:00:00
18.2,63,955.8,0.0,5.2,2026-03-21 10:00:00
19.5,59,956.0,0.0,4.5,2026-03-21 11:00:00
20.5,56,955.8,0.0,5.2,2026-03-21 12:00:00
21.3,54,955.2,0.0,6.6,2026-03-21 13:00:00
21.7,53,954.5,0.0,7.8,2026-03-21 14:00:00
21.8,50,953.8,0.0,6.7,2026-03-21 15:00:00
21.4,50,953.7,0.0,6.7,2026-03-21 16:00:00
21.3,50,954.2,0.0,6.3,2026-03-21 17:00:00
19.2,65,953.9,0.0,4.7,2026-03-21 18:00:00
17.1,72,954.1,0.0,6.6,2026-03-21 19:00:00
15.7,76,953.9,0.0,7.6,2026-03-21 20:00:00
15.0,78,954.5,0.0,8.7,2026-03-21 21:00:00
14.5,78,954.4,0.0,8.0,2026-03-21 22:00:00
15.2,70,954.7,0.0,11.5,2026-03-21 23:00:00
15.2,71,954.8,0.0,9.2,2026-03-22 00:00:00
14.7,73,954.3,0.0,8.8,2026-03-22 01:00:00
14.5,74,953.7,0.0,8.0,2026-03-22 02:00:00
14.2,75,953.4,0.0,8.0,2026-03-22 03:00:00
13.9,78,953.1,0.0,7.4,2026-03-22 04:00:00
13.6,75,952.8,0.0,9.4,2026-03-22 05:00:00
13.2,79,952.8,0.0,6.4,2026-03-22 06:00:00
13.7,79,953.3,0.0,6.6,2026-03-22 07:00:00
16.4,72,954.2,0.0,5.9,2026-03-22 08:00:00
18.9,63,954.6,0.0,5.4,2026-03-22 09:00:00
20.8,54,954.8,0.0,11.1,2026-03-22 10:00:00
21.4,53,955.1,0.0,15.8,2026-03-22 11:00:00
22.2,50,954.6,0.0,14.9,2026-03-22 12:00:00
23.0,46,954.1,0.0,14.5,2026-03-22 13:00:00
23.2,44,953.1,0.0,13.0,2026-03-22 14:00:00
23.2,42,952.4,0.0,11.4,2026-03-22 15:00:00
22.5,44,951.9,0.0,9.6,2026-03-22 16:00:00
22.3,48,951.6,0.0,8.0,2026-03-22 17:00:00
20.2,55,951.1,0.0,8.6,2026-03-22 18:00:00
18.3,62,951.0,0.0,7.0,2026-03-22 19:00:00
16.9,72,951.1,0.0,6.4,2026-03-22 20:00:00
15.9,77,951.2,0.0,7.5,2026-03-22 21:00:00
16.0,70,951.5,0.0,7.0,2026-03-22 22:00:00
16.9,60,951.8,0.0,9.7,2026-03-22 23:00:00
16.0,69,951.6,0.0,3.3,2026-03-23 00:00:00
15.6,66,951.6,0.0,0.3,2026-03-23 01:00:00
14.6,68,951.4,0.0,0.7,2026-03-23 02:00:00
13.6,71,951.0,0.0,3.1,2026-03-23 03:00:00
13.5,70,950.7,0.0,3.6,2026-03-23 04:00:00
13.7,80,950.6,0.0,2.0,2026-03-23 05:00:00
14.4,79,951.2,0.0,2.5,2026-03-23 06:00:00
15.4,76,952.0,0.0,4.2,2026-03-23 07:00:00
18.0,70,952.6,0.0,4.2,2026-03-23 08:00:00
20.6,59,953.2,0.0,0.7,2026-03-23 09:00:00
22.5,53,953.5,0.0,2.4,2026-03-23 10:00:00
24.0,40,953.5,0.0,5.8,2026-03-23 11:00:00
24.6,37,953.0,0.0,6.5,2026-03-23 12:00:00
24.6,35,952.8,0.4,6.2,2026-03-23 13:00:00
24.1,36,951.8,0.0,3.3,2026-03-23 14:00:00
24.6,35,951.5,0.0,5.1,2026-03-23 15:00:00
23.9,36,951.4,0.0,7.2,2026-03-23 16:00:00
23.6,40,950.3,0.0,14.9,2026-03-23 17:00:00
20.8,52,950.3,0.0,9.4,2026-03-23 18:00:00
18.2,62,950.6,0.0,8.3,2026-03-23 19:00:00
17.3,63,951.1,0.0,7.0,2026-03-23 20:00:00
16.6,65,951.7,0.0,6.2,2026-03-23 21:00:00
16.2,61,951.8,0.0,7.6,2026-03-23 22:00:00
17.7,59,951.9,0.0,8.3,2026-03-23 23:00:00
16.4,65,952.2,0.0,8.4,2026-03-24 00:00:00
16.2,61,952.8,0.0,9.6,2026-03-24 01:00:00
15.8,61,952.5,0.1,9.9,2026-03-24 02:00:00
16.0,61,952.2,0.0,9.0,2026-03-24 03:00:00
15.1,66,951.7,0.0,6.1,2026-03-24 04:00:00
15.5,62,951.8,0.0,3.1,2026-03-24 05:00:00
15.7,62,952.0,0.0,3.1,2026-03-24 06:00:00
16.5,62,952.4,0.0,2.5,2026-03-24 07:00:00
18.5,57,953.4,0.0,1.5,2026-03-24 08:00:00
20.9,52,954.3,0.0,0.6,2026-03-24 09:00:00
22.6,48,954.9,0.0,3.8,2026-03-24 10:00:00
23.4,47,955.3,0.0,7.2,2026-03-24 11:00:00
24.3,42,954.6,0.0,9.0,2026-03-24 12:00:00
24.9,36,953.9,0.0,10.1,2026-03-24 13:00:00
25.4,33,952.5,0.0,10.9,2026-03-24 14:00:00
25.3,32,951.8,0.0,11.3,2026-03-24 15:00:00
24.9,34,950.8,0.0,10.5,2026-03-24 16:00:00
24.1,37,951.0,0.0,9.7,2026-03-24 17:00:00
21.6,48,950.7,0.0,8.4,2026-03-24 18:00:00
20.1,53,950.4,0.0,9.8,2026-03-24 19:00:00
19.0,54,950.4,0.0,9.6,2026-03-24 20:00:00
18.2,56,950.4,0.0,10.2,2026-03-24 21:00:00
18.0,56,950.2,0.0,10.2,2026-03-24 22:00:00
18.2,57,950.8,0.0,12.2,2026-03-24 23:00:00
17.6,61,950.5,0.0,10.6,2026-03-25 00:00:00
17.5,59,950.3,0.0,9.8,2026-03-25 01:00:00
17.2,57,949.8,0.0,9.4,2026-03-25 02:00:00
16.9,56,949.3,0.0,9.0,2026-03-25 03:00:00
16.5,56,948.6,0.0,7.9,2026-03-25 04:00:00
16.4,61,948.9,0.0,6.9,2026-03-25 05:00:00
16.1,64,949.3,0.0,4.3,2026-03-25 06:00:00
17.1,62,949.9,0.0,3.8,2026-03-25 07:00:00
19.8,59,950.8,0.0,2.2,2026-03-25 08:00:00
21.7,50,951.8,0.0,4.4,2026-03-25 09:00:00
23.7,46,952.3,0.0,3.3,2026-03-25 10:00:00
25.4,41,952.9,0.0,7.1,2026-03-25 11:00:00
26.4,37,952.4,0.0,6.9,2026-03-25 12:00:00
27.1,36,951.6,0.0,5.7,2026-03-25 13:00:00
27.1,34,951.2,0.0,7.7,2026-03-25 14:00:00
26.7,36,950.5,0.0,5.7,2026-03-25 15:00:00
26.1,40,950.3,0.0,4.6,2026-03-25 16:00:00
23.1,52,951.2,0.0,12.7,2026-03-25 17:00:00
20.3,65,952.4,0.1,13.9,2026-03-25 18:00:00
18.7,77,952.3,0.3,9.0,2026-03-25 19:00:00
18.2,81,952.9,0.2,6.2,2026-03-25 20:00:00
17.8,90,954.2,1.6,3.2,2026-03-25 21:00:00
17.3,91,953.6,1.3,10.0,2026-03-25 22:00:00
17.7,78,953.8,0.1,10.2,2026-03-25 23:00:00
18.4,70,953.6,0.0,9.3,2026-03-26 00:00:00
17.5,75,954.5,0.1,6.6,2026-03-26 01:00:00
16.7,88,953.8,0.9,4.5,2026-03-26 02:00:00
16.4,79,954.0,0.0,2.6,2026-03-26 03:00:00
15.9,87,954.1,0.0,11.2,2026-03-26 04:00:00
16.0,86,954.4,0.0,3.9,2026-03-26 05:00:00
16.2,85,954.8,0.0,7.5,2026-03-26 06:00:00
16.7,83,955.2,0.0,9.0,2026-03-26 07:00:00
17.7,78,955.8,0.0,7.1,2026-03-26 08:00:00
19.1,72,956.6,0.0,5.8,2026-03-26 09:00:00
20.3,68,956.9,0.0,6.5,2026-03-26 10:00:00
22.6,57,957.4,0.0,6.5,2026-03-26 11:00:00
23.4,52,956.8,0.0,5.6,2026-03-26 12:00:00
23.3,55,956.1,0.0,9.5,2026-03-26 13:00:00
23.1,57,955.4,0.1,11.2,2026-03-26 14:00:00
23.6,53,954.7,0.0,8.6,2026-03-26 15:00:00
23.3,54,954.2,0.0,9.2,2026-03-26 16:00:00
22.8,53,954.1,0.0,9.6,2026-03-26 17:00:00
21.0,62,954.0,0.0,11.1,2026-03-26 18:00:00
19.5,67,954.0,0.0,11.7,2026-03-26 19:00:00
18.9,70,953.8,0.0,10.3,2026-03-26 20:00:00
18.2,74,954.3,0.0,10.0,2026-03-26 21:00:00
17.3,78,954.2,0.0,9.4,2026-03-26 22:00:00
17.6,81,953.7,0.0,9.9,2026-03-26 23:00:00
17.4,81,953.3,0.0,8.2,2026-03-27 00:00:00
17.0,83,952.6,0.0,7.3,2026-03-27 01:00:00
16.5,83,951.7,0.0,7.1,2026-03-27 02:00:00
16.1,84,950.7,0.0,6.2,2026-03-27 03:00:00
15.9,82,949.5,0.0,6.5,2026-03-27 04:00:00
16.7,72,950.2,0.0,13.1,2026-03-27 05:00:00
16.4,73,949.6,0.0,8.2,2026-03-27 06:00:00
16.3,75,949.5,0.0,4.4,2026-03-27 07:00:00
19.1,69,950.4,0.0,4.0,2026-03-27 08:00:00
21.5,58,952.0,0.0,8.1,2026-03-27 09:00:00
23.1,53,952.4,0.0,9.9,2026-03-27 10:00:00
24.6,47,952.6,0.0,9.0,2026-03-27 11:00:00
25.7,43,951.8,0.0,6.4,2026-03-27 12:00:00
26.6,38,950.9,0.0,0.8,2026-03-27 13:00:00
27.0,36,949.8,0.0,5.1,2026-03-27 14:00:00
27.0,35,948.8,0.0,5.2,2026-03-27 15:00:00
26.8,34,948.1,0.0,5.3,2026-03-27 16:00:00
26.8,33,947.7,0.0,5.8,2026-03-27 17:00:00
24.7,52,947.3,0.0,3.3,2026-03-27 18:00:00
23.6,48,947.7,0.0,1.8,2026-03-27 19:00:00
23.0,47,948.0,0.0,0.8,2026-03-27 20:00:00
21.4,52,948.4,0.0,2.1,2026-03-27 21:00:00
19.8,57,948.2,0.0,4.6,2026-03-27 22:00:00
19.7,58,948.0,0.0,2.8,2026-03-27 23:00:00
19.8,58,947.7,0.0,3.1,2026-03-28 00:00:00
19.5,58,947.4,0.0,0.5,2026-03-28 01:00:00
18.1,63,946.3,0.0,2.0,2026-03-28 02:00:00
17.2,66,945.6,0.0,3.5,2026-03-28 03:00:00
16.9,68,945.0,0.0,2.3,2026-03-28 04:00:00
16.8,66,944.9,0.0,0.3,2026-03-28 05:00:00
16.5,71,945.3,0.0,1.0,2026-03-28 06:00:00
17.7,66,946.2,0.0,2.4,2026-03-28 07:00:00
19.6,62,946.8,0.0,4.4,2026-03-28 08:00:00
21.8,53,947.1,0.0,4.7,2026-03-28 09:00:00
23.8,48,947.2,0.0,4.4,2026-03-28 10:00:00
25.7,42,947.6,0.0,3.7,2026-03-28 11:00:00
27.3,35,947.4,0.0,4.2,2026-03-28 12:00:00
28.1,33,947.2,0.0,7.4,2026-03-28 13:00:00
27.1,34,946.4,0.0,6.9,2026-03-28 14:00:00
27.2,34,945.7,0.0,1.4,2026-03-28 15:00:00
27.5,34,945.4,0.0,1.7,2026-03-28 16:00:00
26.7,39,944.8,0.0,5.4,2026-03-28 17:00:00
25.0,46,944.7,0.0,7.0,2026-03-28 18:00:00
24.2,47,945.0,0.0,10.9,2026-03-28 19:00:00
23.1,52,945.6,0.0,10.0,2026-03-28 20:00:00
21.8,54,946.4,0.0,7.6,2026-03-28 21:00:00
21.6,57,946.3,0.0,9.4,2026-03-28 22:00:00
21.5,67,946.9,0.0,4.0,2026-03-28 23:00:00
20.6,66,947.4,0.0,8.4,2026-03-29 00:00:00
18.3,89,947.4,2.5,4.1,2026-03-29 01:00:00
17.7,92,947.1,3.3,11.3,2026-03-29 02:00:00
17.1,92,946.8,2.7,10.1,2026-03-29 03:00:00
17.1,91,946.6,2.7,5.4,2026-03-29 04:00:00
17.0,93,947.7,1.7,4.8,2026-03-29 05:00:00
17.2,93,947.8,0.0,5.1,2026-03-29 06:00:00
17.7,92,949.1,0.0,6.2,2026-03-29 07:00:00
19.1,83,950.1,0.0,2.7,2026-03-29 08:00:00
20.3,74,950.8,0.0,5.2,2026-03-29 09:00:00
21.5,67,951.3,0.0,8.9,2026-03-29 10:00:00
21.8,66,951.8,0.1,10.0,2026-03-29 11:00:00
23.1,58,951.9,0.1,8.6,2026-03-29 12:00:00
23.9,53,951.0,0.0,8.8,2026-03-29 13:00:00
24.5,53,950.6,0.0,7.8,2026-03-29 14:00:00
24.2,54,949.6,0.0,2.9,2026-03-29 15:00:00
24.0,54,948.7,0.0,6.1,2026-03-29 16:00:00
23.7,55,949.3,0.0,6.2,2026-03-29 17:00:00
22.1,67,949.2,0.0,3.9,2026-03-29 18:00:00
20.4,74,948.8,0.0,6.0,2026-03-29 19:00:00
19.3,75,948.8,0.0,6.3,2026-03-29 20:00:00
18.2,82,949.1,0.0,4.7,2026-03-29 21:00:00
17.9,83,948.9,0.0,7.0,2026-03-29 22:00:00
19.1,80,948.4,0.0,5.9,2026-03-29 23:00:00
19.2,79,948.2,0.0,5.2,2026-03-30 00:00:00
19.3,74,948.0,0.0,5.5,2026-03-30 01:00:00
18.7,79,947.7,0.2,2.9,2026-03-30 02:00:00
17.1,89,948.5,3.1,14.5,2026-03-30 03:00:00
16.8,87,948.1,0.0,9.2,2026-03-30 04:00:00
17.0,85,947.8,0.0,6.2,2026-03-30 05:00:00
17.0,88,948.6,1.5,14.2,2026-03-30 06:00:00
16.7,87,949.7,0.9,11.7,2026-03-30 07:00:00
17.4,83,950.1,0.5,13.3,2026-03-30 08:00:00
18.2,84,951.4,1.1,17.0,2026-03-30 09:00:00
17.4,88,951.4,0.9,8.5,2026-03-30 10:00:00
18.0,86,952.3,3.1,8.2,2026-03-30 11:00:00
19.0,79,952.1,0.7,15.8,2026-03-30 12:00:00
22.2,62,950.8,0.0,10.5,2026-03-30 13:00:00
24.2,57,949.8,0.0,11.8,2026-03-30 14:00:00
19.9,78,949.8,5.5,11.3,2026-03-30 15:00:00
17.2,91,951.4,7.1,7.7,2026-03-30 16:00:00
17.8,84,948.9,0.6,10.8,2026-03-30 17:00:00
17.8,88,949.6,0.0,5.3,2026-03-30 18:00:00
16.8,94,950.1,0.0,3.4,2026-03-30 19:00:00
16.0,94,950.9,1.2,6.1,2026-03-30 20:00:00
15.7,95,951.5,0.0,4.8,2026-03-30 21:00:00
15.6,94,951.5,0.0,5.7,2026-03-30 22:00:00
15.0,97,952.2,0.0,12.3,2026-03-30 23:00:00
15.3,92,951.7,0.0,7.6,2026-03-31 00:00:00
15.0,93,952.1,0.0,7.9,2026-03-31 01:00:00
14.8,89,951.4,0.0,5.8,2026-03-31 02:00:00
13.9,92,950.7,0.0,7.8,2026-03-31 03:00:00
13.1,95,950.4,0.0,7.5,2026-03-31 04:00:00
14.5,88,951.2,0.0,8.2,2026-03-31 05:00:00
13.9,91,951.2,0.0,9.8,2026-03-31 06:00:00
14.4,88,951.8,0.0,9.8,2026-03-31 07:00:00
17.0,76,953.2,0.0,7.5,2026-03-31 08:00:00
19.5,65,953.7,0.0,9.0,2026-03-31 09:00:00
21.7,56,954.1,0.0,10.4,2026-03-31 10:00:00
23.2,49,954.4,0.0,5.6,2026-03-31 11:00:00
24.3,47,953.9,0.0,3.3,2026-03-31 12:00:00
24.9,46,953.2,0.0,3.2,2026-03-31 13:00:00
25.3,46,951.9,0.0,2.8,2026-03-31 14:00:00
25.5,45,950.8,0.0,3.4,2026-03-31 15:00:00
25.4,45,950.0,0.0,3.8,2026-03-31 16:00:00
25.4,41,949.8,0.0,4.4,2026-03-31 17:00:00
22.1,60,949.6,0.0,10.0,2026-03-31 18:00:00
19.6,71,949.6,0.0,9.9,2026-03-31 19:00:00
18.6,75,950.3,0.0,11.3,2026-03-31 20:00:00
18.2,73,950.7,0.0,10.0,2026-03-31 21:00:00
17.6,73,950.7,0.0,8.4,2026-03-31 22:00:00
17.5,78,951.0,0.0,9.4,2026-03-31 23:00:00
17.6,78,951.4,0.0,5.4,2026-04-01 00:00:00
17.0,77,951.3,0.0,6.5,2026-04-01 01:00:00
16.8,74,950.8,0.0,6.5,2026-04-01 02:00:00
16.6,72,950.8,0.0,4.7,2026-04-01 03:00:00
16.2,72,950.5,0.0,3.0,2026-04-01 04:00:00
17.6,64,951.7,0.0,3.1,2026-04-01 05:00:00
16.4,69,952.2,0.0,4.7,2026-04-01 06:00:00
16.7,70,952.9,0.0,8.5,2026-04-01 07:00:00
18.8,68,953.7,0.0,8.4,2026-04-01 08:00:00
21.5,57,954.5,0.0,7.4,2026-04-01 09:00:00
22.9,53,955.0,0.0,6.9,2026-04-01 10:00:00
24.1,50,955.6,0.0,5.7,2026-04-01 11:00:00
24.9,46,955.4,0.0,4.8,2026-04-01 12:00:00
25.1,44,954.5,0.0,4.5,2026-04-01 13:00:00
25.7,42,953.5,0.0,4.2,2026-04-01 14:00:00
25.9,41,952.5,0.0,4.0,2026-04-01 15:00:00
25.7,41,951.6,0.0,3.1,2026-04-01 16:00:00
25.4,43,951.8,0.0,4.4,2026-04-01 17:00:00
23.3,60,951.8,0.0,2.9,2026-04-01 18:00:00
21.3,62,951.9,0.0,3.6,2026-04-01 19:00:00
20.4,66,952.1,0.0,4.1,2026-04-01 20:00:00
19.2,73,952.6,0.0,4.7,2026-04-01 21:00:00
18.3,76,952.5,0.0,2.7,2026-04-01 22:00:00
19.7,65,952.3,0.0,1.8,2026-04-01 23:00:00
20.1,67,952.6,0.0,1.9,2026-04-02 00:00:00
19.3,69,952.5,0.0,2.7,2026-04-02 01:00:00
18.7,68,951.8,0.0,3.3,2026-04-02 02:00:00
18.8,67,951.7,0.0,3.3,2026-04-02 03:00:00
18.9,66,951.7,0.0,3.1,2026-04-02 04:00:00
18.7,71,951.3,0.1,10.7,2026-04-02 05:00:00
18.9,71,951.2,0.0,9.0,2026-04-02 06:00:00
19.0,73,952.0,0.0,4.6,2026-04-02 07:00:00
19.8,73,952.9,0.0,4.3,2026-04-02 08:00:00
22.2,66,953.7,0.0,1.7,2026-04-02 09:00:00
22.5,64,954.3,0.0,4.1,2026-04-02 10:00:00
25.7,51,955.0,0.0,7.3,2026-04-02 11:00:00
26.1,51,954.6,0.0,7.7,2026-04-02 12:00:00
23.9,57,955.0,3.1,5.9,2026-04-02 13:00:00
22.6,62,953.7,0.0,6.2,2026-04-02 14:00:00
23.5,61,952.9,0.0,5.9,2026-04-02 15:00:00
24.7,55,952.0,0.0,9.0,2026-04-02 16:00:00
24.2,56,951.7,0.0,12.8,2026-04-02 17:00:00
22.8,61,951.1,0.0,9.3,2026-04-02 18:00:00
21.1,69,950.8,0.0,11.6,2026-04-02 19:00:00
19.5,75,950.6,0.0,11.8,2026-04-02 20:00:00
18.9,77,950.7,0.0,10.3,2026-04-02 21:00:00
18.5,78,950.4,0.0,7.4,2026-04-02 22:00:00
18.7,84,950.2,0.0,9.9,2026-04-02 23:00:00
19.6,76,950.1,0.0,8.4,2026-04-03 00:00:00
19.6,73,949.8,0.0,10.2,2026-04-03 01:00:00
19.4,71,949.1,0.0,9.8,2026-04-03 02:00:00
18.7,73,948.4,0.0,8.6,2026-04-03 03:00:00
17.6,84,949.8,0.0,9.7,2026-04-03 04:00:00
18.6,70,948.4,1.0,9.7,2026-04-03 05:00:00
17.9,76,949.6,0.2,5.0,2026-04-03 06:00:00
17.3,87,949.9,0.2,7.3,2026-04-03 07:00:00
18.1,80,950.8,2.6,15.6,2026-04-03 08:00:00
18.9,75,950.3,0.3,18.0,2026-04-03 09:00:00
20.3,67,951.3,1.0,17.6,2026-04-03 10:00:00
20.6,64,950.8,0.2,17.3,2026-04-03 11:00:00
19.6,79,951.9,5.2,11.8,2026-04-03 12:00:00
17.6,92,951.8,2.2,10.0,2026-04-03 13:00:00
18.2,88,950.8,0.7,16.4,2026-04-03 14:00:00
20.3,75,949.9,0.1,14.9,2026-04-03 15:00:00
20.3,70,949.2,0.0,15.9,2026-04-03 16:00:00
19.6,71,950.2,0.8,10.7,2026-04-03 17:00:00
19.1,75,950.1,0.0,3.7,2026-04-03 18:00:00
18.3,75,949.7,0.0,4.2,2026-04-03 19:00:00
18.3,77,949.7,0.0,0.4,2026-04-03 20:00:00
16.3,82,950.7,3.2,2.9,2026-04-03 21:00:00
15.4,95,951.0,3.5,9.5,2026-04-03 22:00:00
15.5,95,951.4,1.3,14.0,2026-04-03 23:00:00
15.4,93,952.1,1.4,23.0,2026-04-04 00:00:00
14.7,92,952.4,0.4,24.3,2026-04-04 01:00:00
14.6,89,951.9,0.0,17.1,2026-04-04 02:00:00
14.3,84,951.4,0.0,13.6,2026-04-04 03:00:00
14.5,80,951.1,0.0,13.2,2026-04-04 04:00:00
13.5,90,951.6,0.0,8.3,2026-04-04 05:00:00
14.3,82,950.7,0.0,13.2,2026-04-04 06:00:00
15.3,77,952.3,0.0,3.3,2026-04-04 07:00:00
16.2,77,953.3,0.0,2.2,2026-04-04 08:00:00
17.9,70,953.9,0.0,2.8,2026-04-04 09:00:00
19.2,62,954.0,0.1,6.6,2026-04-04 10:00:00
20.3,59,953.9,0.0,5.3,2026-04-04 11:00:00
17.9,71,954.2,1.9,9.9,2026-04-04 12:00:00
19.2,68,953.3,0.5,7.4,2026-04-04 13:00:00
19.1,65,952.1,0.4,11.0,2026-04-04 14:00:00
19.8,62,951.4,0.0,6.6,2026-04-04 15:00:00
20.1,62,951.0,0.0,4.7,2026-04-04 16:00:00
19.3,63,951.4,0.0,6.6,2026-04-04 17:00:00
18.2,73,951.2,0.0,4.0,2026-04-04 18:00:00
16.9,77,951.3,0.0,2.2,2026-04-04 19:00:00
16.3,77,951.4,0.0,6.7,2026-04-04 20:00:00
15.2,81,951.3,0.0,4.4,2026-04-04 21:00:00
14.5,84,951.3,0.0,4.8,2026-04-04 22:00:00
15.2,72,951.7,0.0,3.8,2026-04-04 23:00:00
14.5,79,951.2,0.0,3.1,2026-04-05 00:00:00
14.2,79,951.2,0.0,5.4,2026-04-05 01:00:00
13.8,79,950.7,0.0,7.7,2026-04-05 02:00:00
13.5,79,950.5,0.0,8.3,2026-04-05 03:00:00
13.4,78,950.3,0.0,9.2,2026-04-05 04:00:00
13.2,82,950.1,0.0,7.8,2026-04-05 05:00:00
12.4,87,950.0,0.0,7.0,2026-04-05 06:00:00
13.6,84,950.3,0.0,6.8,2026-04-05 07:00:00
17.0,73,951.5,0.0,4.2,2026-04-05 08:00:00
19.5,61,952.0,0.0,3.8,2026-04-05 09:00:00
21.6,51,952.2,0.0,2.8,2026-04-05 10:00:00
22.7,42,952.7,0.0,1.6,2026-04-05 11:00:00
24.1,41,952.0,0.0,3.8,2026-04-05 12:00:00
23.4,40,951.3,0.1,6.7,2026-04-05 13:00:00
22.5,46,950.6,0.0,6.5,2026-04-05 14:00:00
22.1,51,950.2,0.0,4.9,2026-04-05 15:00:00
20.9,54,949.8,0.1,8.8,2026-04-05 16:00:00
21.6,52,949.5,0.0,7.0,2026-04-05 17:00:00
20.0,58,949.3,0.0,9.5,2026-04-05 18:00:00
18.3,64,949.0,0.0,8.9,2026-04-05 19:00:00
17.4,69,949.1,0.0,6.9,2026-04-05 20:00:00
16.3,71,949.3,0.0,6.4,2026-04-05 21:00:00
15.4,75,949.2,0.0,3.8,2026-04-05 22:00:00
16.4,67,949.7,0.0,1.3,2026-04-05 23:00:00
16.3,69,949.8,0.0,3.9,2026-04-06 00:00:00
15.9,67,949.4,0.0,4.2,2026-04-06 01:00:00
15.5,69,949.0,0.0,4.8,2026-04-06 02:00:00
15.2,72,948.9,0.0,4.3,2026-04-06 03:00:00
15.1,73,948.5,0.0,3.8,2026-04-06 04:00:00
15.1,72,948.8,0.0,3.8,2026-04-06 05:00:00
15.5,72,949.1,0.0,2.4,2026-04-06 06:00:00
17.0,69,950.1,0.0,2.3,2026-04-06 07:00:00
18.7,65,950.9,0.0,1.5,2026-04-06 08:00:00
20.7,60,951.7,0.0,3.1,2026-04-06 09:00:00
22.3,53,952.1,0.0,5.2,2026-04-06 10:00:00
23.4,44,952.6,0.0,6.9,2026-04-06 11:00:00
23.8,43,952.0,0.0,7.0,2026-04-06 12:00:00
24.1,43,951.1,0.0,7.0,2026-04-06 13:00:00
24.7,42,950.1,0.0,7.3,2026-04-06 14:00:00
24.3,42,949.5,0.0,10.4,2026-04-06 15:00:00
23.6,42,948.8,0.0,12.1,2026-04-06 16:00:00
23.6,46,948.1,0.0,7.7,2026-04-06 17:00:00
21.6,61,948.3,0.0,4.8,2026-04-06 18:00:00
19.9,61,948.7,0.0,8.3,2026-04-06 19:00:00
18.4,63,948.9,0.0,6.9,2026-04-06 20:00:00
17.4,67,949.2,0.0,5.9,2026-04-06 21:00:00
16.7,67,949.3,0.0,7.5,2026-04-06 22:00:00
17.2,69,948.8,0.0,8.1,2026-04-06 23:00:00
17.2,68,948.4,0.0,8.4,2026-04-07 00:00:00
16.9,69,948.1,0.0,8.7,2026-04-07 01:00:00
16.6,68,947.6,0.0,9.8,2026-04-07 02:00:00
16.4,66,947.3,0.0,11.3,2026-04-07 03:00:00
16.1,69,946.9,0.0,9.8,2026-04-07 04:00:00
14.1,95,947.4,0.0,4.5,2026-04-07 05:00:00
14.8,93,948.4,1.9,8.7,2026-04-07 06:00:00
14.3,93,948.8,3.4,11.0,2026-04-07 07:00:00
14.9,91,948.3,1.1,9.2,2026-04-07 08:00:00
15.7,86,948.4,0.2,10.0,2026-04-07 09:00:00
17.2,78,949.4,2.1,6.4,2026-04-07 10:00:00
15.4,91,949.4,0.4,11.2,2026-04-07 11:00:00
15.4,89,949.3,1.9,15.2,2026-04-07 12:00:00
15.0,91,948.7,2.7,16.5,2026-04-07 13:00:00
15.1,91,947.8,1.8,16.7,2026-04-07 14:00:00
15.2,90,946.8,2.0,17.2,2026-04-07 15:00:00
14.8,90,946.1,2.7,21.2,2026-04-07 16:00:00
14.4,91,946.5,1.1,18.1,2026-04-07 17:00:00
14.0,91,946.3,1.7,12.4,2026-04-07 18:00:00
13.9,92,945.9,3.0,15.2,2026-04-07 19:00:00
13.7,91,946.5,2.2,32.7,2026-04-07 20:00:00
13.7,95,947.2,0.8,26.9,2026-04-07 21:00:00
13.5,96,947.7,0.1,23.3,2026-04-07 22:00:00
12.5,96,948.4,0.7,17.6,2026-04-07 23:00:00
12.3,97,948.6,0.0,12.2,2026-04-08 00:00:00
12.3,99,948.5,0.0,8.1,2026-04-08 01:00:00
12.0,99,948.2,0.0,3.9,2026-04-08 02:00:00
11.4,98,948.2,0.0,3.8,2026-04-08 03:00:00
11.7,97,948.2,0.0,3.9,2026-04-08 04:00:00
12.1,96,947.9,0.0,5.1,2026-04-08 05:00:00
12.2,92,948.1,0.6,8.8,2026-04-08 06:00:00
12.3,95,948.5,0.9,7.9,2026-04-08 07:00:00
13.1,91,949.2,0.4,5.4,2026-04-08 08:00:00
13.7,85,950.0,1.1,4.9,2026-04-08 09:00:00
14.2,86,950.5,0.6,2.2,2026-04-08 10:00:00
15.2,81,950.4,0.3,1.7,2026-04-08 11:00:00
16.2,75,950.4,0.2,1.5,2026-04-08 12:00:00
18.2,64,950.3,0.3,3.1,2026-04-08 13:00:00
14.7,83,950.0,5.0,11.2,2026-04-08 14:00:00
15.1,78,949.5,1.4,7.8,2026-04-08 15:00:00
16.2,71,949.6,0.0,2.3,2026-04-08 16:00:00
16.8,63,949.9,0.0,9.0,2026-04-08 17:00:00
15.6,75,949.8,0.0,4.7,2026-04-08 18:00:00
14.0,84,950.2,0.0,5.2,2026-04-08 19:00:00
13.4,89,950.9,0.0,3.8,2026-04-08 20:00:00
13.1,90,951.5,0.0,3.4,2026-04-08 21:00:00
12.9,86,951.9,0.0,6.5,2026-04-08 22:00:00
13.2,87,952.1,0.0,2.5,2026-04-08 23:00:00
12.8,89,952.6,0.0,4.3,2026-04-09 00:00:00
12.1,87,953.1,0.0,11.5,2026-04-09 01:00:00
11.7,88,952.9,0.0,11.4,2026-04-09 02:00:00
12.0,85,952.4,0.0,8.0,2026-04-09 03:00:00
12.1,84,952.6,0.0,4.9,2026-04-09 04:00:00
11.5,93,954.0,0.0,4.0,2026-04-09 05:00:00
12.2,91,954.0,0.3,6.9,2026-04-09 06:00:00
12.6,88,954.3,0.3,7.2,2026-04-09 07:00:00
14.8,79,955.0,0.0,3.1,2026-04-09 08:00:00
16.7,67,955.9,0.0,3.2,2026-04-09 09:00:00
18.4,58,956.6,0.0,4.6,2026-04-09 10:00:00
18.8,51,956.7,0.0,4.4,2026-04-09 11:00:00
18.9,55,956.5,0.0,3.1,2026-04-09 12:00:00
19.4,59,956.3,0.1,6.4,2026-04-09 13:00:00
18.5,66,955.8,0.1,3.8,2026-04-09 14:00:00
19.7,58,955.0,0.0,1.8,2026-04-09 15:00:00
19.8,56,954.7,0.0,3.4,2026-04-09 16:00:00
19.1,55,955.1,0.0,2.9,2026-04-09 17:00:00
18.3,69,955.1,0.0,2.0,2026-04-09 18:00:00
16.8,73,955.1,0.0,2.9,2026-04-09 19:00:00
15.7,78,955.5,0.0,2.4,2026-04-09 20:00:00
14.7,83,955.8,0.0,2.5,2026-04-09 21:00:00
13.9,85,955.7,0.0,2.3,2026-04-09 22:00:00
15.1,74,956.3,0.0,4.4,2026-04-09 23:00:00
14.4,81,956.6,0.0,3.6,2026-04-10 00:00:00
13.5,85,956.3,0.0,7.1,2026-04-10 01:00:00
13.3,81,955.7,0.0,7.5,2026-04-10 02:00:00
13.3,76,955.2,0.0,6.7,2026-04-10 03:00:00
13.0,75,954.9,0.0,6.0,2026-04-10 04:00:00
13.0,72,955.2,0.0,11.0,2026-04-10 05:00:00
13.6,68,955.5,0.0,10.2,2026-04-10 06:00:00
15.1,68,956.2,0.0,10.2,2026-04-10 07:00:00
17.9,64,956.5,0.0,7.7,2026-04-10 08:00:00
20.1,52,956.9,0.0,8.5,2026-04-10 09:00:00
21.5,46,957.0,0.0,11.5,2026-04-10 10:00:00
22.5,47,957.3,0.0,12.2,2026-04-10 11:00:00
22.9,47,956.8,0.0,13.6,2026-04-10 12:00:00
23.3,46,955.9,0.0,13.0,2026-04-10 13:00:00
23.7,44,954.9,0.0,11.7,2026-04-10 14:00:00
23.6,44,953.9,0.0,11.4,2026-04-10 15:00:00
23.1,43,953.4,0.0,12.4,2026-04-10 16:00:00
22.3,48,953.2,0.0,11.0,2026-04-10 17:00:00
20.5,56,953.4,0.0,7.1,2026-04-10 18:00:00
18.5,65,953.0,0.0,6.1,2026-04-10 19:00:00
16.7,73,953.2,0.0,7.6,2026-04-10 20:00:00
17.0,68,953.3,0.0,9.3,2026-04-10 21:00:00
16.5,71,953.0,0.0,6.8,2026-04-10 22:00:00
17.6,65,953.5,0.0,9.6,2026-04-10 23:00:00
17.2,66,953.1,0.0,8.3,2026-04-11 00:00:00
16.9,68,952.7,0.0,4.5,2026-04-11 01:00:00
15.9,72,951.8,0.0,3.9,2026-04-11 02:00:00
15.4,77,951.7,0.0,4.6,2026-04-11 03:00:00
15.2,78,951.3,0.0,6.0,2026-04-11 04:00:00
15.0,78,951.1,0.0,6.8,2026-04-11 05:00:00
15.2,76,951.1,0.0,5.0,2026-04-11 06:00:00
16.5,74,951.6,0.0,4.2,2026-04-11 07:00:00
18.7,68,952.5,0.0,3.5,2026-04-11 08:00:00
19.9,62,952.9,0.0,3.1,2026-04-11 09:00:00
21.8,55,953.4,0.0,2.5,2026-04-11 10:00:00
21.9,53,953.6,0.0,6.2,2026-04-11 11:00:00
21.9,55,953.8,0.4,2.5,2026-04-11 12:00:00
22.9,44,953.1,0.0,4.1,2026-04-11 13:00:00
22.9,45,952.6,0.0,2.7,2026-04-11 14:00:00
22.2,48,952.3,0.0,6.5,2026-04-11 15:00:00
22.2,48,951.8,0.0,7.1,2026-04-11 16:00:00
21.3,54,951.1,0.0,9.5,2026-04-11 17:00:00
19.7,61,951.2,0.0,8.2,2026-04-11 18:00:00
18.0,67,951.3,0.0,8.7,2026-04-11 19:00:00
17.0,70,951.4,0.0,7.6,2026-04-11 20:00:00
16.4,68,951.9,0.0,7.5,2026-04-11 21:00:00
16.0,68,951.9,0.0,5.9,2026-04-11 22:00:00
16.8,70,952.4,0.0,5.6,2026-04-11 23:00:00
16.1,73,952.3,0.0,7.8,2026-04-12 00:00:00
15.8,71,951.7,0.0,7.6,2026-04-12 01:00:00
15.8,71,950.8,0.0,6.5,2026-04-12 02:00:00
15.1,76,950.3,0.0,2.9,2026-04-12 03:00:00
15.0,76,950.2,0.0,2.2,2026-04-12 04:00:00
16.2,66,950.4,0.0,5.5,2026-04-12 05:00:00
15.6,71,950.4,0.0,5.2,2026-04-12 06:00:00
16.9,70,951.1,0.0,6.5,2026-04-12 07:00:00
20.1,63,951.7,0.0,5.0,2026-04-12 08:00:00
22.7,51,952.2,0.0,5.3,2026-04-12 09:00:00
24.0,41,952.2,0.0,9.4,2026-04-12 10:00:00
24.5,42,952.7,0.0,10.8,2026-04-12 11:00:00
24.9,42,952.1,0.0,9.9,2026-04-12 12:00:00
25.3,42,951.4,0.0,8.6,2026-04-12 13:00:00
25.5,42,950.7,0.0,9.5,2026-04-12 14:00:00
25.4,42,950.0,0.0,9.9,2026-04-12 15:00:00
25.1,42,949.4,0.0,9.1,2026-04-12 16:00:00
25.3,42,949.3,0.0,7.4,2026-04-12 17:00:00
22.7,56,949.1,0.0,5.3,2026-04-12 18:00:00
20.1,66,948.9,0.0,3.8,2026-04-12 19:00:00
18.4,72,949.1,0.0,6.2,2026-04-12 20:00:00
17.1,75,949.6,0.0,6.8,2026-04-12 21:00:00
16.7,73,949.8,0.0,7.2,2026-04-12 22:00:00
18.1,65,950.2,0.0,8.1,2026-04-12 23:00:00
17.5,70,949.9,0.0,6.2,2026-04-13 00:00:00
17.0,71,949.8,0.0,4.6,2026-04-13 01:00:00
16.9,68,949.2,0.0,4.0,2026-04-13 02:00:00
16.8,65,949.2,0.0,4.8,2026-04-13 03:00:00
16.6,64,949.1,0.0,5.1,2026-04-13 04:00:00
17.0,63,949.5,0.0,7.5,2026-04-13 05:00:00
16.4,67,950.1,0.0,4.8,2026-04-13 06:00:00
17.8,67,950.8,0.0,5.2,2026-04-13 07:00:00
21.2,60,951.2,0.0,4.0,2026-04-13 08:00:00
24.2,51,951.6,0.0,2.5,2026-04-13 09:00:00
26.5,37,951.8,0.0,4.7,2026-04-13 10:00:00
27.6,34,952.4,0.0,9.4,2026-04-13 11:00:00
27.4,36,952.2,0.0,12.6,2026-04-13 12:00:00
27.5,35,952.1,0.0,12.7,2026-04-13 13:00:00
27.6,35,951.4,0.0,11.2,2026-04-13 14:00:00
27.6,34,951.0,0.0,10.1,2026-04-13 15:00:00
27.1,36,950.7,0.0,9.5,2026-04-13 16:00:00
27.0,40,950.4,0.0,7.0,2026-04-13 17:00:00
24.2,51,950.2,0.0,6.6,2026-04-13 18:00:00
21.4,58,950.2,0.0,6.1,2026-04-13 19:00:00
19.5,66,950.3,0.0,6.2,2026-04-13 20:00:00
18.3,71,950.9,0.0,6.9,2026-04-13 21:00:00
17.3,74,950.8,0.0,6.1,2026-04-13 22:00:00
18.7,63,951.1,0.0,8.8,2026-04-13 23:00:00
18.2,69,951.0,0.0,5.4,2026-04-14 00:00:00
17.9,70,950.4,0.0,5.2,2026-04-14 01:00:00
17.8,67,949.7,0.0,5.1,2026-04-14 02:00:00
17.6,65,949.3,0.0,5.3,2026-04-14 03:00:00
17.2,62,949.0,0.0,4.9,2026-04-14 04:00:00
17.0,60,948.9,0.0,7.5,2026-04-14 05:00:00
16.9,61,949.6,0.0,5.0,2026-04-14 06:00:00
18.6,61,950.5,0.0,5.0,2026-04-14 07:00:00
21.9,56,951.4,0.0,4.0,2026-04-14 08:00:00
24.3,53,952.1,0.0,3.0,2026-04-14 09:00:00
26.3,46,952.2,0.0,6.4,2026-04-14 10:00:00
28.1,38,952.5,0.0,10.0,2026-04-14 11:00:00
28.5,36,952.1,0.0,11.7,2026-04-14 12:00:00
28.9,33,951.6,0.0,11.6,2026-04-14 13:00:00
29.2,30,950.8,0.0,11.1,2026-04-14 14:00:00
29.1,30,950.1,0.0,10.5,2026-04-14 15:00:00
28.6,32,949.4,0.0,8.4,2026-04-14 16:00:00
27.7,40,949.0,0.0,8.5,2026-04-14 17:00:00
25.0,50,948.9,0.0,7.4,2026-04-14 18:00:00
22.6,55,948.4,0.0,8.3,2026-04-14 19:00:00
20.5,63,948.4,0.0,8.5,2026-04-14 20:00:00
18.9,68,948.6,0.0,8.9,2026-04-14 21:00:00
18.3,69,948.7,0.0,8.4,2026-04-14 22:00:00
18.3,68,948.7,0.0,9.4,2026-04-14 23:00:00
18.6,65,948.8,0.0,6.9,2026-04-15 00:00:00
19.0,58,948.5,0.0,7.1,2026-04-15 01:00:00
19.2,54,947.7,0.0,6.2,2026-04-15 02:00:00
18.6,57,947.3,0.0,4.9,2026-04-15 03:00:00
18.0,58,947.2,0.0,4.1,2026-04-15 04:00:00
18.2,57,947.2,0.0,7.3,2026-04-15 05:00:00
18.3,58,947.2,0.0,7.2,2026-04-15 06:00:00
20.0,56,947.7,0.0,8.2,2026-04-15 07:00:00
23.8,50,948.5,0.0,7.1,2026-04-15 08:00:00
26.7,48,949.1,0.0,5.6,2026-04-15 09:00:00
28.3,38,949.4,0.0,10.2,2026-04-15 10:00:00
28.9,37,949.6,0.0,14.8,2026-04-15 11:00:00
29.1,38,949.3,0.0,15.0,2026-04-15 12:00:00
29.6,35,948.7,0.0,15.2,2026-04-15 13:00:00
30.0,33,948.0,0.0,15.2,2026-04-15 14:00:00
29.9,32,947.2,0.0,15.0,2026-04-15 15:00:00
29.3,33,946.8,0.0,13.6,2026-04-15 16:00:00
28.6,39,946.4,0.0,9.1,2026-04-15 17:00:00
25.8,51,945.8,0.0,6.4,2026-04-15 18:00:00
22.9,61,945.7,0.0,6.3,2026-04-15 19:00:00
21.0,69,945.8,0.0,7.0,2026-04-15 20:00:00
19.8,71,946.2,0.0,8.4,2026-04-15 21:00:00
19.8,65,946.5,0.0,7.0,2026-04-15 22:00:00
20.8,60,946.6,0.0,3.5,2026-04-15 23:00:00
20.6,62,946.9,0.0,3.4,2026-04-16 00:00:00
20.5,58,946.6,0.0,3.4,2026-04-16 01:00:00
20.4,55,946.2,0.0,4.0,2026-04-16 02:00:00
18.8,59,945.9,0.0,4.9,2026-04-16 03:00:00
18.1,60,945.7,0.0,4.8,2026-04-16 04:00:00
20.7,50,946.1,0.0,1.5,2026-04-16 05:00:00
20.8,51,946.5,0.0,2.7,2026-04-16 06:00:00
21.5,53,947.4,0.0,4.0,2026-04-16 07:00:00
23.2,49,948.3,0.0,5.8,2026-04-16 08:00:00
26.1,46,949.1,0.0,5.2,2026-04-16 09:00:00
28.5,36,950.2,0.0,4.2,2026-04-16 10:00:00
30.6,31,950.6,0.0,1.8,2026-04-16 11:00:00
27.8,42,951.6,0.6,13.5,2026-04-16 12:00:00
27.3,42,951.0,0.0,6.6,2026-04-16 13:00:00
28.6,37,950.7,0.0,5.7,2026-04-16 14:00:00
29.3,34,950.3,0.0,5.6,2026-04-16 15:00:00
26.2,43,950.1,0.1,11.2,2026-04-16 16:00:00
26.1,49,949.0,0.0,15.3,2026-04-16 17:00:00
23.8,57,949.3,0.0,10.7,2026-04-16 18:00:00
23.1,54,948.9,0.0,12.2,2026-04-16 19:00:00
22.7,52,949.4,0.0,9.8,2026-04-16 20:00:00
22.0,54,949.5,0.0,9.0,2026-04-16 21:00:00
21.3,53,949.4,0.0,7.1,2026-04-16 22:00:00
22.4,50,950.4,0.0,9.3,2026-04-16 23:00:00
21.7,57,950.4,0.0,4.0,2026-04-17 00:00:00
17.9,84,952.2,2.1,23.7,2026-04-17 01:00:00
18.4,79,949.9,0.0,9.4,2026-04-17 02:00:00
18.6,76,949.9,0.0,10.0,2026-04-17 03:00:00
18.7,72,949.5,0.0,5.6,2026-04-17 04:00:00
19.2,73,950.2,0.0,9.7,2026-04-17 05:00:00
19.0,75,950.2,0.0,5.1,2026-04-17 06:00:00
20.8,68,951.5,0.0,2.8,2026-04-17 07:00:00
23.0,60,952.3,0.0,5.2,2026-04-17 08:00:00
25.2,51,953.4,0.0,7.6,2026-04-17 09:00:00
26.8,47,954.2,0.0,4.4,2026-04-17 10:00:00
23.4,62,955.3,0.0,20.5,2026-04-17 11:00:00
23.0,65,955.0,0.2,11.1,2026-04-17 12:00:00
23.1,61,955.1,0.4,14.0,2026-04-17 13:00:00
22.4,62,954.4,0.2,16.6,2026-04-17 14:00:00
24.3,54,953.6,0.0,19.4,2026-04-17 15:00:00
24.6,50,952.6,0.0,17.1,2026-04-17 16:00:00
25.0,51,952.5,0.0,11.6,2026-04-17 17:00:00
23.3,65,951.6,0.0,4.7,2026-04-17 18:00:00
21.9,70,952.2,0.0,8.4,2026-04-17 19:00:00
21.0,73,952.4,0.0,8.2,2026-04-17 20:00:00
19.8,78,952.8,0.0,7.9,2026-04-17 21:00:00
19.0,83,952.9,0.0,3.3,2026-04-17 22:00:00
19.6,83,952.9,0.0,2.7,2026-04-17 23:00:00
19.7,80,953.1,0.1,5.6,2026-04-18 00:00:00
18.6,85,952.9,0.1,4.5,2026-04-18 01:00:00
18.3,84,951.9,0.0,6.8,2026-04-18 02:00:00
18.2,80,951.7,0.0,6.6,2026-04-18 03:00:00
17.5,80,951.0,0.0,7.8,2026-04-18 04:00:00
18.9,71,952.2,0.0,16.9,2026-04-18 05:00:00
18.0,77,952.7,0.0,5.8,2026-04-18 06:00:00
18.8,77,952.9,0.0,5.4,2026-04-18 07:00:00
21.7,69,953.2,0.0,0.8,2026-04-18 08:00:00
24.4,57,954.2,0.0,3.2,2026-04-18 09:00:00
24.2,59,954.6,0.2,8.1,2026-04-18 10:00:00
26.8,50,954.5,0.0,6.9,2026-04-18 11:00:00
27.3,49,954.0,0.0,6.0,2026-04-18 12:00:00
27.9,47,953.3,0.0,3.4,2026-04-18 13:00:00
28.7,41,952.3,0.0,1.8,2026-04-18 14:00:00
29.0,38,951.6,0.0,2.1,2026-04-18 15:00:00
28.1,42,951.0,0.0,6.3,2026-04-18 16:00:00
26.5,48,951.3,0.0,13.6,2026-04-18 17:00:00
23.9,62,950.7,0.0,16.2,2026-04-18 18:00:00
22.0,70,950.9,0.0,16.2,2026-04-18 19:00:00
21.4,71,950.9,0.0,13.7,2026-04-18 20:00:00
20.7,74,951.4,0.0,14.0,2026-04-18 21:00:00
20.4,74,951.5,0.0,11.2,2026-04-18 22:00:00
19.3,86,952.4,0.2,8.8,2026-04-18 23:00:00
19.4,84,952.2,0.9,13.5,2026-04-19 00:00:00
18.8,82,951.1,0.0,11.3,2026-04-19 01:00:00
18.8,76,949.8,0.0,9.1,2026-04-19 02:00:00
18.4,79,949.8,0.0,5.7,2026-04-19 03:00:00
17.7,87,949.2,0.0,9.3,2026-04-19 04:00:00
17.0,89,948.9,0.0,8.9,2026-04-19 05:00:00
17.0,87,949.3,0.0,6.4,2026-04-19 06:00:00
18.6,80,949.8,0.0,7.5,2026-04-19 07:00:00
21.4,67,950.5,0.0,4.7,2026-04-19 08:00:00
23.3,58,951.3,0.0,5.8,2026-04-19 09:00:00
25.3,51,951.6,0.0,5.7,2026-04-19 10:00:00
27.0,44,951.9,0.0,7.3,2026-04-19 11:00:00
27.7,44,951.8,0.0,9.4,2026-04-19 12:00:00
28.1,44,951.4,0.0,9.6,2026-04-19 13:00:00
28.3,42,950.7,0.0,8.5,2026-04-19 14:00:00
28.7,39,950.1,0.0,6.3,2026-04-19 15:00:00
28.4,39,949.6,0.0,4.9,2026-04-19 16:00:00
28.1,42,949.5,0.0,8.7,2026-04-19 17:00:00
25.8,53,949.3,0.0,6.6,2026-04-19 18:00:00
23.1,60,949.5,0.0,7.7,2026-04-19 19:00:00
21.0,66,949.2,0.0,8.1,2026-04-19 20:00:00
19.5,75,949.3,0.0,7.5,2026-04-19 21:00:00
18.6,81,949.2,0.0,6.6,2026-04-19 22:00:00
19.8,76,949.4,0.0,8.6,2026-04-19 23:00:00
20.4,77,949.6,0.0,5.8,2026-04-20 00:00:00
20.0,79,949.5,0.0,5.3,2026-04-20 01:00:00
19.6,78,949.1,0.0,5.3,2026-04-20 02:00:00
19.1,78,948.9,0.0,5.0,2026-04-20 03:00:00
18.3,79,948.4,0.0,3.3,2026-04-20 04:00:00
19.3,62,948.3,0.0,3.6,2026-04-20 05:00:00
18.9,65,948.7,0.0,2.6,2026-04-20 06:00:00
20.3,62,949.7,0.0,4.6,2026-04-20 07:00:00
22.5,56,950.3,0.0,3.1,2026-04-20 08:00:00
25.1,50,951.0,0.0,2.5,2026-04-20 09:00:00
27.3,44,951.4,0.0,5.4,2026-04-20 10:00:00
28.8,40,951.2,0.0,8.9,2026-04-20 11:00:00
29.9,36,950.9,0.0,10.0,2026-04-20 12:00:00
30.8,33,950.4,0.0,9.5,2026-04-20 13:00:00
31.1,28,949.9,0.0,10.4,2026-04-20 14:00:00
31.1,26,949.3,0.0,9.6,2026-04-20 15:00:00
30.6,27,949.2,0.0,10.0,2026-04-20 16:00:00
29.9,32,949.0,0.0,10.4,2026-04-20 17:00:00
27.1,42,948.7,0.0,9.4,2026-04-20 18:00:00
24.6,48,948.3,0.0,9.3,2026-04-20 19:00:00
22.4,57,948.5,0.0,9.4,2026-04-20 20:00:00
20.7,64,948.5,0.0,9.7,2026-04-20 21:00:00
20.4,62,948.6,0.0,9.7,2026-04-20 22:00:00
21.2,56,948.9,0.0,11.8,2026-04-20 23:00:00
21.8,52,948.7,0.0,9.0,2026-04-21 00:00:00
21.1,53,948.0,0.0,8.8,2026-04-21 01:00:00
20.6,53,947.2,0.0,9.2,2026-04-21 02:00:00
20.7,51,947.0,0.0,10.5,2026-04-21 03:00:00
20.4,54,946.6,0.0,9.5,2026-04-21 04:00:00
20.3,50,946.5,0.0,12.0,2026-04-21 05:00:00
19.9,52,946.6,0.0,10.3,2026-04-21 06:00:00
21.8,51,947.2,0.0,8.4,2026-04-21 07:00:00
25.2,47,948.2,0.0,6.2,2026-04-21 08:00:00
27.6,39,948.6,0.0,7.1,2026-04-21 09:00:00
29.7,30,949.1,0.0,9.9,2026-04-21 10:00:00
31.1,28,949.2,0.0,10.0,2026-04-21 11:00:00
31.5,28,949.2,0.0,13.0,2026-04-21 12:00:00
31.8,27,949.0,0.0,14.6,2026-04-21 13:00:00
32.0,26,948.4,0.0,13.8,2026-04-21 14:00:00
32.2,23,947.9,0.0,12.6,2026-04-21 15:00:00
31.7,24,947.7,0.0,11.8,2026-04-21 16:00:00
30.7,26,947.0,0.0,7.4,2026-04-21 17:00:00
28.4,37,946.9,0.0,6.5,2026-04-21 18:00:00
25.8,47,946.5,0.0,5.4,2026-04-21 19:00:00
23.9,54,946.5,0.0,6.8,2026-04-21 20:00:00
22.4,59,946.7,0.0,6.5,2026-04-21 21:00:00
22.3,51,947.1,0.0,6.4,2026-04-21 22:00:00
22.6,42,947.3,0.0,9.4,2026-04-21 23:00:00
22.1,47,947.3,0.0,7.4,2026-04-22 00:00:00
21.7,46,946.8,0.0,8.5,2026-04-22 01:00:00
22.3,40,946.5,0.0,7.1,2026-04-22 02:00:00
21.3,47,946.5,0.0,4.5,2026-04-22 03:00:00
20.6,49,946.1,0.0,3.3,2026-04-22 04:00:00
20.9,46,945.5,0.0,7.5,2026-04-22 05:00:00
20.0,52,946.0,0.0,6.9,2026-04-22 06:00:00
21.9,52,946.8,0.0,7.4,2026-04-22 07:00:00
26.3,43,947.7,0.0,5.8,2026-04-22 08:00:00
29.8,35,948.6,0.0,4.8,2026-04-22 09:00:00
32.5,25,948.5,0.0,7.4,2026-04-22 10:00:00
33.4,22,948.7,0.0,10.6,2026-04-22 11:00:00
33.6,24,948.6,0.0,12.4,2026-04-22 12:00:00
33.9,24,948.5,0.0,11.5,2026-04-22 13:00:00
34.2,24,947.8,0.0,10.2,2026-04-22 14:00:00
34.3,24,947.2,0.0,9.1,2026-04-22 15:00:00
34.0,24,946.8,0.0,7.2,2026-04-22 16:00:00
33.5,24,946.2,0.0,4.6,2026-04-22 17:00:00
32.0,30,945.9,0.0,6.0,2026-04-22 18:00:00
29.1,40,945.8,0.0,5.2,2026-04-22 19:00:00
26.6,48,946.1,0.0,6.1,2026-04-22 20:00:00
24.9,51,946.6,0.0,6.8,2026-04-22 21:00:00
24.2,53,946.9,0.0,2.5,2026-04-22 22:00:00
25.4,47,947.5,0.0,1.6,2026-04-22 23:00:00
25.3,41,947.7,0.0,8.4,2026-04-23 00:00:00
24.4,51,948.2,0.0,20.7,2026-04-23 01:00:00
23.2,57,947.9,0.0,26.7,2026-04-23 02:00:00
24.2,50,947.6,0.0,24.2,2026-04-23 03:00:00
25.3,44,947.1,0.0,17.1,2026-04-23 04:00:00
23.5,49,946.0,0.0,10.9,2026-04-23 05:00:00
23.5,47,946.6,0.0,10.2,2026-04-23 06:00:00
23.9,49,948.3,0.0,16.9,2026-04-23 07:00:00
24.3,53,948.9,0.0,21.4,2026-04-23 08:00:00
27.8,43,950.4,0.0,8.3,2026-04-23 09:00:00
29.5,36,950.8,0.0,7.7,2026-04-23 10:00:00
32.3,31,950.7,0.0,9.0,2026-04-23 11:00:00
33.6,29,950.4,0.0,8.9,2026-04-23 12:00:00
34.0,30,949.9,0.0,9.2,2026-04-23 13:00:00
33.2,33,949.4,0.2,7.0,2026-04-23 14:00:00
33.3,27,949.3,0.1,3.7,2026-04-23 15:00:00
32.4,31,948.7,0.0,5.7,2026-04-23 16:00:00
33.0,32,947.3,0.0,11.7,2026-04-23 17:00:00
30.3,46,947.6,0.0,14.4,2026-04-23 18:00:00
28.4,46,948.0,0.0,14.8,2026-04-23 19:00:00
27.2,47,948.2,0.0,13.4,2026-04-23 20:00:00
26.6,49,948.4,0.0,14.1,2026-04-23 21:00:00
26.2,49,948.2,0.0,13.1,2026-04-23 22:00:00
25.4,56,948.2,0.0,12.9,2026-04-23 23:00:00
25.7,54,948.7,0.0,16.3,2026-04-24 00:00:00
25.2,52,948.4,0.0,15.7,2026-04-24 01:00:00
25.0,52,947.7,0.0,12.8,2026-04-24 02:00:00
24.0,57,947.8,0.0,10.3,2026-04-24 03:00:00
22.8,63,947.7,0.0,12.2,2026-04-24 04:00:00
22.9,65,947.4,0.0,13.6,2026-04-24 05:00:00
23.6,60,948.1,0.0,13.1,2026-04-24 06:00:00
25.1,56,948.9,0.0,10.7,2026-04-24 07:00:00
27.6,49,949.7,0.0,9.1,2026-04-24 08:00:00
30.0,40,950.3,0.0,11.5,2026-04-24 09:00:00
32.1,34,950.4,0.0,10.7,2026-04-24 10:00:00
33.8,29,950.5,0.0,7.1,2026-04-24 11:00:00
34.7,23,950.3,0.0,7.5,2026-04-24 12:00:00
34.3,23,949.9,0.0,3.8,2026-04-24 13:00:00
34.9,20,949.5,0.0,7.0,2026-04-24 14:00:00
31.2,32,949.5,0.0,17.7,2026-04-24 15:00:00
29.8,39,949.1,0.0,14.2,2026-04-24 16:00:00
26.2,54,948.4,0.0,22.7,2026-04-24 17:00:00
24.7,62,948.5,0.0,14.8,2026-04-24 18:00:00
23.9,65,948.9,0.0,12.1,2026-04-24 19:00:00
24.2,60,949.5,0.0,15.5,2026-04-24 20:00:00
23.6,59,950.0,0.0,7.9,2026-04-24 21:00:00
22.8,63,950.4,0.0,6.1,2026-04-24 22:00:00
22.6,66,950.7,0.0,10.1,2026-04-24 23:00:00
22.6,68,951.2,0.0,7.7,2026-04-25 00:00:00
22.2,64,950.3,0.0,11.8,2026-04-25 01:00:00
21.7,65,949.7,0.0,10.7,2026-04-25 02:00:00
21.3,65,949.2,0.0,7.2,2026-04-25 03:00:00
20.1,71,949.5,0.0,7.8,2026-04-25 04:00:00
20.3,73,949.1,0.0,3.5,2026-04-25 05:00:00
20.9,66,950.2,0.0,4.8,2026-04-25 06:00:00
22.0,66,951.3,0.0,10.4,2026-04-25 07:00:00
24.7,58,952.1,0.0,5.5,2026-04-25 08:00:00
27.2,45,952.8,0.0,4.7,2026-04-25 09:00:00
29.5,37,953.1,0.0,4.1,2026-04-25 10:00:00
31.5,32,953.1,0.0,4.7,2026-04-25 11:00:00
32.8,28,953.0,0.0,2.7,2026-04-25 12:00:00
33.6,27,952.5,0.0,4.8,2026-04-25 13:00:00
33.8,26,951.6,0.0,7.6,2026-04-25 14:00:00
33.5,25,950.9,0.0,10.8,2026-04-25 15:00:00
33.0,25,950.4,0.0,12.0,2026-04-25 16:00:00
32.7,24,949.6,0.0,11.2,2026-04-25 17:00:00
30.9,29,949.3,0.0,12.7,2026-04-25 18:00:00
28.4,37,949.1,0.0,9.9,2026-04-25 19:00:00
26.9,41,949.6,0.0,11.6,2026-04-25 20:00:00
25.7,44,950.1,0.0,10.8,2026-04-25 21:00:00
24.7,47,950.0,0.0,9.4,2026-04-25 22:00:00
23.5,54,949.7,0.0,7.8,2026-04-25 23:00:00
23.9,52,949.6,0.0,5.9,2026-04-26 00:00:00
23.6,49,949.4,0.0,4.0,2026-04-26 01:00:00
23.3,45,948.8,0.0,4.8,2026-04-26 02:00:00
22.4,45,948.5,0.0,4.4,2026-04-26 03:00:00
21.3,47,948.1,0.0,3.4,2026-04-26 04:00:00
21.1,52,948.2,0.0,0.6,2026-04-26 05:00:00
21.5,51,948.3,0.0,3.2,2026-04-26 06:00:00
23.7,47,949.1,0.0,7.0,2026-04-26 07:00:00
28.0,36,949.9,0.0,4.4,2026-04-26 08:00:00
31.7,25,950.5,0.0,7.5,2026-04-26 09:00:00
33.3,19,950.2,0.0,12.3,2026-04-26 10:00:00
33.5,21,950.1,0.0,14.1,2026-04-26 11:00:00
34.3,21,949.7,0.0,15.1,2026-04-26 12:00:00
34.6,20,949.2,0.0,15.6,2026-04-26 13:00:00
34.9,18,948.4,0.0,15.6,2026-04-26 14:00:00
34.8,18,947.3,0.0,15.2,2026-04-26 15:00:00
34.1,19,946.5,0.0,14.4,2026-04-26 16:00:00
33.3,19,946.5,0.0,12.8,2026-04-26 17:00:00
32.2,21,946.4,0.0,9.5,2026-04-26 18:00:00
29.9,27,946.2,0.0,8.3,2026-04-26 19:00:00
27.5,32,945.9,0.0,8.5,2026-04-26 20:00:00
25.7,37,945.9,0.0,10.7,2026-04-26 21:00:00
25.5,38,945.7,0.0,10.5,2026-04-26 22:00:00
24.7,41,945.3,0.0,9.7,2026-04-26 23:00:00
24.6,41,944.9,0.0,7.5,2026-04-27 00:00:00
24.1,41,944.6,0.0,7.5,2026-04-27 01:00:00
24.0,40,944.1,0.0,8.9,2026-04-27 02:00:00
24.4,38,944.1,0.0,8.5,2026-04-27 03:00:00
24.6,37,943.6,0.0,8.1,2026-04-27 04:00:00
24.4,41,943.5,0.0,9.0,2026-04-27 05:00:00
23.5,50,943.6,0.0,5.4,2026-04-27 06:00:00
25.1,51,944.7,0.0,4.6,2026-04-27 07:00:00
27.9,43,945.6,0.0,1.5,2026-04-27 08:00:00
30.4,36,946.3,0.0,2.7,2026-04-27 09:00:00
32.5,30,946.4,0.0,2.5,2026-04-27 10:00:00
33.3,26,946.6,0.0,5.3,2026-04-27 11:00:00
34.0,24,946.4,0.0,4.7,2026-04-27 12:00:00
34.8,19,946.1,0.0,5.4,2026-04-27 13:00:00
35.5,17,945.2,0.0,3.3,2026-04-27 14:00:00
35.7,18,944.3,0.0,6.0,2026-04-27 15:00:00
35.1,18,943.6,0.0,7.4,2026-04-27 16:00:00
34.8,18,943.3,0.0,3.3,2026-04-27 17:00:00
33.9,20,943.1,0.0,3.1,2026-04-27 18:00:00
31.3,25,942.8,0.0,5.3,2026-04-27 19:00:00
28.7,32,943.0,0.0,3.4,2026-04-27 20:00:00
27.1,37,943.5,0.0,4.2,2026-04-27 21:00:00
26.3,40,943.8,0.0,4.5,2026-04-27 22:00:00
26.7,37,943.7,0.0,4.4,2026-04-27 23:00:00
26.5,37,943.3,0.0,4.1,2026-04-28 00:00:00
26.5,36,943.8,0.0,6.4,2026-04-28 01:00:00
27.4,33,944.2,0.0,20.5,2026-04-28 02:00:00
26.7,36,944.4,0.0,21.3,2026-04-28 03:00:00
26.6,35,944.3,0.0,18.4,2026-04-28 04:00:00
26.0,43,944.1,0.0,13.6,2026-04-28 05:00:00
25.1,48,944.4,0.0,7.2,2026-04-28 06:00:00
25.4,49,945.2,0.0,6.4,2026-04-28 07:00:00
26.5,42,947.0,0.0,12.1,2026-04-28 08:00:00
27.6,39,947.0,0.0,5.8,2026-04-28 09:00:00
28.2,38,947.8,0.0,6.1,2026-04-28 10:00:00
29.9,35,946.8,0.0,7.7,2026-04-28 11:00:00
31.2,32,946.7,0.0,10.1,2026-04-28 12:00:00
29.2,39,947.1,0.8,6.9,2026-04-28 13:00:00
27.9,41,946.8,0.0,8.6,2026-04-28 14:00:00
23.5,61,946.8,1.3,1.4,2026-04-28 15:00:00
25.9,55,946.2,0.0,7.4,2026-04-28 16:00:00
27.4,42,945.7,0.0,3.3,2026-04-28 17:00:00
26.8,60,946.2,0.0,0.7,2026-04-28 18:00:00
25.1,54,946.4,0.0,5.1,2026-04-28 19:00:00
23.9,61,947.1,0.2,4.2,2026-04-28 20:00:00
21.1,77,947.3,1.5,11.6,2026-04-28 21:00:00
21.7,73,946.9,0.0,9.2,2026-04-28 22:00:00
20.3,91,947.5,0.0,2.7,2026-04-28 23:00:00
20.2,98,946.9,0.5,3.1,2026-04-29 00:00:00
20.0,96,946.3,0.1,3.6,2026-04-29 01:00:00
19.9,97,945.4,0.1,3.3,2026-04-29 02:00:00
20.0,94,944.8,0.0,6.5,2026-04-29 03:00:00
19.8,89,944.4,0.0,7.8,2026-04-29 04:00:00
22.1,63,943.5,0.1,8.4,2026-04-29 05:00:00
21.5,67,943.9,0.0,5.3,2026-04-29 06:00:00
22.1,68,945.1,0.0,2.0,2026-04-29 07:00:00
24.0,57,946.0,0.0,3.0,2026-04-29 08:00:00
26.0,50,946.8,0.0,5.6,2026-04-29 09:00:00
27.1,47,947.6,0.0,12.2,2026-04-29 10:00:00
28.0,39,947.8,0.0,12.2,2026-04-29 11:00:00
28.2,36,947.8,0.0,15.7,2026-04-29 12:00:00
28.7,37,947.2,0.0,14.3,2026-04-29 13:00:00
28.8,36,946.7,0.0,10.9,2026-04-29 14:00:00
29.1,34,946.1,0.0,9.7,2026-04-29 15:00:00
28.9,31,945.8,0.0,10.4,2026-04-29 16:00:00
26.9,42,945.9,0.0,12.0,2026-04-29 17:00:00
25.3,47,945.6,0.0,10.1,2026-04-29 18:00:00
24.5,50,945.9,0.0,11.0,2026-04-29 19:00:00
23.7,55,946.0,0.0,9.1,2026-04-29 20:00:00
22.9,56,946.2,0.0,7.7,2026-04-29 21:00:00
22.2,57,946.0,0.0,6.0,2026-04-29 22:00:00
21.9,60,945.6,0.0,3.4,2026-04-29 23:00:00
21.3,63,945.1,0.0,2.3,2026-04-30 00:00:00
20.9,64,945.0,0.0,5.0,2026-04-30 01:00:00
20.9,61,944.3,0.0,5.5,2026-04-30 02:00:00
20.6,62,944.3,0.0,3.8,2026-04-30 03:00:00
19.9,64,944.1,0.0,2.5,2026-04-30 04:00:00
20.0,66,944.1,0.0,4.4,2026-04-30 05:00:00
20.4,67,944.6,0.0,4.1,2026-04-30 06:00:00
22.8,61,945.7,0.0,3.1,2026-04-30 07:00:00
26.0,44,946.6,0.0,0.7,2026-04-30 08:00:00
28.2,38,947.1,0.0,1.2,2026-04-30 09:00:00
30.0,33,947.6,0.0,1.9,2026-04-30 10:00:00
30.2,31,947.6,0.0,2.7,2026-04-30 11:00:00
31.0,29,947.4,0.0,5.2,2026-04-30 12:00:00
31.9,28,946.8,0.0,5.6,2026-04-30 13:00:00
30.8,30,946.8,0.0,5.4,2026-04-30 14:00:00
25.0,53,947.2,2.0,13.5,2026-04-30 15:00:00
26.9,44,946.5,0.0,8.9,2026-04-30 16:00:00
24.2,61,946.0,0.0,5.9,2026-04-30 17:00:00
24.6,58,946.1,0.0,3.4,2026-04-30 18:00:00
24.3,60,945.4,0.0,5.9,2026-04-30 19:00:00
23.4,66,945.4,0.0,5.8,2026-04-30 20:00:00
22.1,74,945.5,0.0,4.1,2026-04-30 21:00:00
20.7,80,945.5,0.0,3.2,2026-04-30 22:00:00
21.4,70,946.0,0.0,4.2,2026-04-30 23:00:00
22.2,62,946.0,0.0,3.6,2026-05-01 00:00:00
22.0,59,945.8,0.0,4.1,2026-05-01 01:00:00
21.7,59,945.4,0.0,5.2,2026-05-01 02:00:00
21.6,59,945.3,0.0,3.7,2026-05-01 03:00:00
21.5,58,945.2,0.0,3.6,2026-05-01 04:00:00
20.6,58,945.0,0.0,5.6,2026-05-01 05:00:00
20.4,59,945.4,0.0,4.6,2026-05-01 06:00:00
22.5,56,946.3,0.0,2.4,2026-05-01 07:00:00
25.9,40,947.4,0.0,0.8,2026-05-01 08:00:00
28.2,33,947.8,0.0,0.6,2026-05-01 09:00:00
30.3,28,948.2,0.0,1.8,2026-05-01 10:00:00
30.4,28,948.1,0.0,3.1,2026-05-01 11:00:00
31.8,27,947.9,0.0,3.0,2026-05-01 12:00:00
32.7,25,947.1,0.0,4.4,2026-05-01 13:00:00
33.2,22,946.2,0.0,9.0,2026-05-01 14:00:00
32.6,22,945.5,0.0,13.2,2026-05-01 15:00:00
32.4,23,945.0,0.0,12.4,2026-05-01 16:00:00
32.2,20,944.7,0.0,10.1,2026-05-01 17:00:00
30.9,22,944.6,0.0,8.7,2026-05-01 18:00:00
28.8,28,944.5,0.0,8.7,2026-05-01 19:00:00
27.0,33,944.5,0.0,8.8,2026-05-01 20:00:00
24.9,41,944.4,0.0,7.7,2026-05-01 21:00:00
23.3,48,944.4,0.0,7.4,2026-05-01 22:00:00
25.1,39,944.8,0.0,5.8,2026-05-01 23:00:00
24.5,40,944.8,0.0,5.6,2026-05-02 00:00:00
23.5,44,944.6,0.0,5.5,2026-05-02 01:00:00
23.1,45,944.1,0.0,3.1,2026-05-02 02:00:00
23.5,43,944.1,0.0,5.3,2026-05-02 03:00:00
23.6,42,943.9,0.0,4.8,2026-05-02 04:00:00
22.7,49,943.5,0.0,1.8,2026-05-02 05:00:00
23.0,46,943.8,0.0,2.7,2026-05-02 06:00:00
24.4,45,944.5,0.0,1.5,2026-05-02 07:00:00
27.5,35,945.7,0.0,4.1,2026-05-02 08:00:00
29.9,31,946.3,0.0,4.1,2026-05-02 09:00:00
32.0,26,946.5,0.0,4.1,2026-05-02 10:00:00
32.2,24,946.3,0.0,1.7,2026-05-02 11:00:00
33.7,21,946.1,0.0,4.2,2026-05-02 12:00:00
34.3,21,945.2,0.0,5.6,2026-05-02 13:00:00
34.8,21,944.5,0.0,9.1,2026-05-02 14:00:00
33.6,22,943.8,0.0,8.0,2026-05-02 15:00:00
33.7,21,943.1,0.0,7.8,2026-05-02 16:00:00
32.9,20,942.1,0.0,15.1,2026-05-02 17:00:00
30.5,26,942.9,0.0,5.0,2026-05-02 18:00:00
27.7,33,943.6,0.0,5.6,2026-05-02 19:00:00
27.0,37,943.2,0.0,9.3,2026-05-02 20:00:00
26.0,40,943.2,0.0,9.6,2026-05-02 21:00:00
24.8,42,942.9,0.0,8.4,2026-05-02 22:00:00
23.5,49,945.2,0.0,19.2,2026-05-02 23:00:00
22.4,58,944.1,0.0,12.3,2026-05-03 00:00:00
21.9,58,944.2,0.0,6.2,2026-05-03 01:00:00
21.4,58,942.5,0.0,9.4,2026-05-03 02:00:00
20.7,57,942.4,0.0,9.2,2026-05-03 03:00:00
20.5,55,942.4,0.0,10.3,2026-05-03 04:00:00
19.6,73,944.2,0.0,3.3,2026-05-03 05:00:00
19.2,76,944.6,0.0,2.0,2026-05-03 06:00:00
21.1,70,945.0,0.0,2.3,2026-05-03 07:00:00
23.8,54,945.8,0.0,3.0,2026-05-03 08:00:00
26.2,42,946.6,0.0,3.2,2026-05-03 09:00:00
27.8,36,947.0,0.0,4.0,2026-05-03 10:00:00
28.6,33,947.0,0.0,5.2,2026-05-03 11:00:00
29.8,32,947.1,0.0,5.1,2026-05-03 12:00:00
30.5,31,947.2,0.0,8.0,2026-05-03 13:00:00
29.3,33,947.1,0.1,7.0,2026-05-03 14:00:00
29.9,27,946.5,0.0,2.1,2026-05-03 15:00:00
29.8,28,946.1,0.0,4.6,2026-05-03 16:00:00
30.6,24,945.6,0.0,7.2,2026-05-03 17:00:00
28.9,29,945.4,0.0,9.0,2026-05-03 18:00:00
26.5,36,945.2,0.0,5.7,2026-05-03 19:00:00
25.2,40,945.4,0.0,9.2,2026-05-03 20:00:00
23.8,45,946.0,0.0,8.4,2026-05-03 21:00:00
22.5,51,946.3,0.0,7.7,2026-05-03 22:00:00
23.3,52,945.6,0.0,12.1,2026-05-03 23:00:00
22.9,54,945.6,0.0,8.3,2026-05-04 00:00:00
21.5,67,945.1,0.0,3.9,2026-05-04 01:00:00
20.8,70,945.7,0.1,2.8,2026-05-04 02:00:00
20.9,63,945.6,0.0,8.6,2026-05-04 03:00:00
21.1,61,945.4,0.0,3.8,2026-05-04 04:00:00
19.9,66,944.8,0.0,4.0,2026-05-04 05:00:00
19.8,72,945.5,0.0,5.8,2026-05-04 06:00:00
21.6,62,947.6,0.0,10.9,2026-05-04 07:00:00
23.7,54,948.2,0.0,7.1,2026-05-04 08:00:00
26.0,46,948.8,0.0,4.4,2026-05-04 09:00:00
28.8,35,949.3,0.0,4.7,2026-05-04 10:00:00
27.6,37,949.6,0.4,15.2,2026-05-04 11:00:00
27.4,35,950.0,0.0,9.9,2026-05-04 12:00:00
25.3,46,951.0,1.6,16.3,2026-05-04 13:00:00
25.2,48,950.1,0.0,4.1,2026-05-04 14:00:00
24.7,49,949.7,0.0,12.5,2026-05-04 15:00:00
25.6,46,949.1,0.0,9.2,2026-05-04 16:00:00
27.3,31,948.4,0.0,12.8,2026-05-04 17:00:00
24.7,49,948.9,0.0,15.5,2026-05-04 18:00:00
22.2,67,948.7,0.0,4.2,2026-05-04 19:00:00
21.7,64,948.8,0.0,6.7,2026-05-04 20:00:00
21.5,61,949.1,0.0,9.4,2026-05-04 21:00:00
20.8,60,949.5,0.0,8.4,2026-05-04 22:00:00
18.7,74,948.7,0.0,0.9,2026-05-04 23:00:00
18.0,79,949.4,0.0,3.8,2026-05-05 00:00:00
18.1,74,950.0,0.0,1.3,2026-05-05 01:00:00
17.9,68,949.7,0.0,5.7,2026-05-05 02:00:00
17.5,70,949.6,0.0,3.8,2026-05-05 03:00:00
17.3,72,950.2,0.0,2.4,2026-05-05 04:00:00
18.2,70,950.8,0.0,2.1,2026-05-05 05:00:00
19.2,67,951.7,0.0,1.5,2026-05-05 06:00:00
21.0,62,952.9,0.0,2.4,2026-05-05 07:00:00
23.3,51,953.8,0.0,0.3,2026-05-05 08:00:00
25.9,39,954.2,0.0,1.2,2026-05-05 09:00:00
27.9,32,954.5,0.0,2.8,2026-05-05 10:00:00
28.4,29,955.0,0.0,5.2,2026-05-05 11:00:00
29.2,27,954.6,0.0,5.4,2026-05-05 12:00:00
30.0,26,954.1,0.0,5.6,2026-05-05 13:00:00
30.6,25,953.1,0.0,4.6,2026-05-05 14:00:00
31.0,24,952.4,0.0,4.5,2026-05-05 15:00:00
30.5,23,951.7,0.0,7.7,2026-05-05 16:00:00
29.7,23,951.3,0.0,14.6,2026-05-05 17:00:00
28.2,27,950.9,0.0,9.7,2026-05-05 18:00:00
25.9,32,950.8,0.0,9.0,2026-05-05 19:00:00
24.1,39,950.7,0.0,9.5,2026-05-05 20:00:00
22.7,45,950.7,0.0,9.5,2026-05-05 21:00:00
21.8,46,950.6,0.0,8.5,2026-05-05 22:00:00
21.7,45,950.4,0.0,8.4,2026-05-05 23:00:00
21.5,46,949.9,0.0,6.8,2026-05-06 00:00:00
20.7,52,949.5,0.0,4.1,2026-05-06 01:00:00
20.2,56,948.7,0.0,2.7,2026-05-06 02:00:00
19.7,61,948.8,0.0,2.1,2026-05-06 03:00:00
19.3,59,948.9,0.0,2.6,2026-05-06 04:00:00
19.0,66,948.5,0.0,1.9,2026-05-06 05:00:00
20.1,64,949.2,0.0,1.8,2026-05-06 06:00:00
21.9,54,950.0,0.0,2.8,2026-05-06 07:00:00
24.6,44,950.8,0.0,2.8,2026-05-06 08:00:00
27.3,35,951.1,0.0,3.1,2026-05-06 09:00:00
29.5,28,951.1,0.0,5.3,2026-05-06 10:00:00
30.3,28,950.6,0.0,8.8,2026-05-06 11:00:00
31.1,27,950.2,0.0,5.3,2026-05-06 12:00:00
31.8,22,949.9,0.0,3.3,2026-05-06 13:00:00
32.0,20,948.9,0.0,2.3,2026-05-06 14:00:00
32.1,19,948.1,0.0,2.2,2026-05-06 15:00:00
32.3,18,947.1,0.0,4.7,2026-05-06 16:00:00
32.5,21,946.4,0.0,5.0,2026-05-06 17:00:00
31.0,26,945.9,0.0,6.1,2026-05-06 18:00:00
28.0,37,945.6,0.0,4.2,2026-05-06 19:00:00
25.8,46,945.5,0.0,3.1,2026-05-06 20:00:00
23.9,52,946.0,0.0,6.8,2026-05-06 21:00:00
23.2,50,946.7,0.0,9.1,2026-05-06 22:00:00
23.6,50,946.8,0.0,8.5,2026-05-06 23:00:00
23.8,45,946.7,0.0,11.2,2026-05-07 00:00:00
23.2,46,946.1,0.0,10.3,2026-05-07 01:00:00
22.8,47,945.6,0.0,8.7,2026-05-07 02:00:00
22.5,48,945.9,0.0,7.4,2026-05-07 03:00:00
21.8,50,946.2,0.0,6.2,2026-05-07 04:00:00
21.4,56,946.5,0.0,7.6,2026-05-07 05:00:00
21.8,55,947.1,0.0,11.3,2026-05-07 06:00:00
23.1,52,948.5,0.0,11.4,2026-05-07 07:00:00
25.5,46,949.3,0.0,11.0,2026-05-07 08:00:00
27.9,39,949.9,0.0,12.2,2026-05-07 09:00:00
29.6,35,950.1,0.0,12.5,2026-05-07 10:00:00
30.1,36,950.2,0.0,11.8,2026-05-07 11:00:00
31.1,35,950.1,0.0,10.3,2026-05-07 12:00:00
31.9,28,950.1,0.0,6.2,2026-05-07 13:00:00
31.4,28,949.5,0.0,4.3,2026-05-07 14:00:00
32.2,25,949.0,0.0,4.1,2026-05-07 15:00:00
32.2,25,948.6,0.0,3.6,2026-05-07 16:00:00
33.3,19,948.0,0.0,3.8,2026-05-07 17:00:00
31.5,30,947.8,0.0,3.9,2026-05-07 18:00:00
29.4,29,948.0,0.0,8.4,2026-05-07 19:00:00
27.2,38,948.5,0.0,4.6,2026-05-07 20:00:00
25.8,42,949.3,0.0,5.9,2026-05-07 21:00:00
25.0,44,949.7,0.0,7.0,2026-05-07 22:00:00
24.8,49,949.9,0.0,6.7,2026-05-07 23:00:00
24.4,51,950.0,0.0,8.8,2026-05-08 00:00:00
24.0,52,949.4,0.0,8.2,2026-05-08 01:00:00
23.3,55,949.0,0.0,6.7,2026-05-08 02:00:00
22.6,57,949.1,0.0,7.8,2026-05-08 03:00:00
22.1,58,949.4,0.0,8.8,2026-05-08 04:00:00
22.2,58,949.2,0.0,7.0,2026-05-08 05:00:00
22.9,56,949.8,0.0,8.7,2026-05-08 06:00:00
24.5,52,950.7,0.0,8.7,2026-05-08 07:00:00
26.3,48,951.4,0.0,9.3,2026-05-08 08:00:00
28.0,44,951.6,0.0,9.8,2026-05-08 09:00:00
29.6,39,951.7,0.0,9.2,2026-05-08 10:00:00
30.6,39,951.5,0.0,8.5,2026-05-08 11:00:00
31.7,37,951.4,0.0,7.7,2026-05-08 12:00:00
32.6,31,951.0,0.0,6.3,2026-05-08 13:00:00
33.2,27,950.6,0.0,6.4,2026-05-08 14:00:00
32.9,27,950.2,0.0,7.7,2026-05-08 15:00:00
32.3,29,949.3,0.0,12.7,2026-05-08 16:00:00
33.8,20,949.1,0.0,8.8,2026-05-08 17:00:00
32.1,27,949.2,0.0,9.4,2026-05-08 18:00:00
29.6,36,949.4,0.0,7.7,2026-05-08 19:00:00
28.0,42,949.9,0.0,6.9,2026-05-08 20:00:00
26.6,45,950.7,0.0,7.3,2026-05-08 21:00:00
25.5,47,950.9,0.0,5.8,2026-05-08 22:00:00
25.2,52,951.3,0.0,8.5,2026-05-08 23:00:00
25.2,50,951.0,0.0,8.8,2026-05-09 00:00:00
24.7,52,950.6,0.0,8.4,2026-05-09 01:00:00
24.3,54,950.1,0.0,7.0,2026-05-09 02:00:00
24.1,56,949.7,0.0,6.6,2026-05-09 03:00:00
23.4,60,949.4,0.0,5.2,2026-05-09 04:00:00
23.6,64,949.3,0.0,0.7,2026-05-09 05:00:00
24.6,60,949.9,0.0,1.1,2026-05-09 06:00:00
25.8,55,950.7,0.0,2.2,2026-05-09 07:00:00
27.9,47,951.7,0.0,5.2,2026-05-09 08:00:00
29.9,41,952.1,0.0,6.1,2026-05-09 09:00:00
31.8,37,952.0,0.0,5.3,2026-05-09 10:00:00
32.5,38,952.0,0.0,6.0,2026-05-09 11:00:00
33.8,35,951.6,0.0,5.0,2026-05-09 12:00:00
35.0,33,950.9,0.0,4.3,2026-05-09 13:00:00
35.9,29,950.2,0.0,4.4,2026-05-09 14:00:00
36.3,24,949.4,0.0,3.8,2026-05-09 15:00:00
36.3,23,949.0,0.0,2.5,2026-05-09 16:00:00
36.5,20,948.8,0.0,2.7,2026-05-09 17:00:00
35.0,29,948.4,0.0,2.6,2026-05-09 18:00:00
32.6,45,948.2,0.0,3.1,2026-05-09 19:00:00
31.0,37,948.9,0.0,5.6,2026-05-09 20:00:00
29.6,39,949.6,0.0,6.3,2026-05-09 21:00:00
28.5,40,949.7,0.0,7.5,2026-05-09 22:00:00
27.7,45,949.7,0.0,4.7,2026-05-09 23:00:00
27.8,44,949.5,0.0,7.4,2026-05-10 00:00:00
27.3,47,949.4,0.0,8.9,2026-05-10 01:00:00
26.9,49,948.8,0.0,8.1,2026-05-10 02:00:00
26.2,51,948.5,0.0,5.4,2026-05-10 03:00:00
25.5,54,948.8,0.0,4.2,2026-05-10 04:00:00
25.4,56,949.0,0.0,4.8,2026-05-10 05:00:00
25.8,54,949.2,0.0,9.7,2026-05-10 06:00:00
27.5,50,950.1,0.0,9.1,2026-05-10 07:00:00
29.8,45,950.9,0.0,9.2,2026-05-10 08:00:00
31.8,41,951.3,0.0,8.3,2026-05-10 09:00:00
33.4,36,951.2,0.0,8.1,2026-05-10 10:00:00
34.2,35,951.4,0.0,7.4,2026-05-10 11:00:00
35.4,31,951.3,0.0,7.5,2026-05-10 12:00:00
34.9,28,950.8,0.0,9.5,2026-05-10 13:00:00
36.0,24,950.1,0.0,7.0,2026-05-10 14:00:00
35.9,24,949.4,0.0,7.4,2026-05-10 15:00:00
34.7,25,948.7,0.0,6.8,2026-05-10 16:00:00
33.6,31,947.0,0.0,3.3,2026-05-10 17:00:00
32.7,32,947.3,0.0,4.8,2026-05-10 18:00:00
23.5,76,949.2,4.3,7.8,2026-05-10 19:00:00
25.6,67,948.8,0.0,12.2,2026-05-10 20:00:00
26.1,59,950.2,0.1,15.7,2026-05-10 21:00:00
24.5,70,949.8,1.1,9.7,2026-05-10 22:00:00
22.4,86,951.3,0.0,2.3,2026-05-10 23:00:00
22.2,87,950.6,0.1,8.1,2026-05-11 00:00:00
22.2,82,949.8,0.0,4.7,2026-05-11 01:00:00
21.7,88,949.1,0.0,1.3,2026-05-11 02:00:00
21.6,86,949.3,0.0,8.6,2026-05-11 03:00:00
21.7,81,948.8,0.0,7.8,2026-05-11 04:00:00
21.7,84,949.2,0.0,10.3,2026-05-11 05:00:00
22.2,80,949.5,0.0,3.8,2026-05-11 06:00:00
22.0,82,952.4,1.3,15.0,2026-05-11 07:00:00
22.6,80,952.0,0.1,12.6,2026-05-11 08:00:00
24.7,66,953.2,0.2,8.6,2026-05-11 09:00:00
24.0,70,953.7,2.3,2.8,2026-05-11 10:00:00
23.0,72,953.9,0.0,12.6,2026-05-11 11:00:00
26.3,59,953.9,0.0,8.0,2026-05-11 12:00:00
28.4,52,952.7,0.0,7.9,2026-05-11 13:00:00
29.0,48,951.6,0.0,2.7,2026-05-11 14:00:00
30.1,43,950.9,0.0,4.0,2026-05-11 15:00:00
30.9,41,949.8,0.0,5.2,2026-05-11 16:00:00
26.8,58,949.8,0.0,7.3,2026-05-11 17:00:00
26.8,58,949.0,0.0,3.9,2026-05-11 18:00:00
26.0,70,948.5,0.0,1.7,2026-05-11 19:00:00
25.0,71,948.3,0.0,6.8,2026-05-11 20:00:00
24.2,73,949.0,0.0,9.8,2026-05-11 21:00:00
23.7,75,948.8,0.0,9.2,2026-05-11 22:00:00
22.2,83,949.3,0.0,6.3,2026-05-11 23:00:00
21.3,86,948.3,0.0,7.5,2026-05-12 00:00:00
20.6,90,947.7,0.0,6.8,2026-05-12 01:00:00
20.4,89,947.1,0.0,6.9,2026-05-12 02:00:00
20.0,90,946.6,0.0,5.5,2026-05-12 03:00:00
19.6,90,946.7,0.0,4.8,2026-05-12 04:00:00
20.9,80,947.1,0.0,4.1,2026-05-12 05:00:00
21.1,83,947.8,0.0,0.6,2026-05-12 06:00:00
22.6,73,949.1,0.0,2.3,2026-05-12 07:00:00
24.6,57,949.6,0.0,5.0,2026-05-12 08:00:00
27.0,46,949.9,0.0,3.9,2026-05-12 09:00:00
28.7,42,949.9,0.0,1.9,2026-05-12 10:00:00
29.8,34,950.3,0.0,3.8,2026-05-12 11:00:00
30.9,32,949.7,0.0,1.3,2026-05-12 12:00:00
31.5,33,949.0,0.0,2.5,2026-05-12 13:00:00
31.4,33,948.6,0.0,1.7,2026-05-12 14:00:00
30.6,35,947.8,0.0,3.7,2026-05-12 15:00:00
30.8,36,947.1,0.0,3.3,2026-05-12 16:00:00
30.7,36,946.7,0.0,4.2,2026-05-12 17:00:00
29.1,44,946.4,0.0,7.1,2026-05-12 18:00:00
26.9,56,946.1,0.0,3.6,2026-05-12 19:00:00
25.5,63,945.9,0.0,5.2,2026-05-12 20:00:00
24.1,70,946.2,0.0,3.2,2026-05-12 21:00:00
23.4,70,946.4,0.0,3.9,2026-05-12 22:00:00
24.8,58,946.4,0.0,5.1,2026-05-12 23:00:00
24.3,60,946.1,0.0,4.7,2026-05-13 00:00:00
23.9,63,946.0,0.0,3.7,2026-05-13 01:00:00
24.0,64,945.9,0.0,2.5,2026-05-13 02:00:00
24.1,60,945.7,0.0,3.6,2026-05-13 03:00:00
24.1,58,945.8,0.0,3.4,2026-05-13 04:00:00
21.8,71,945.5,0.0,2.6,2026-05-13 05:00:00
22.4,70,946.0,0.0,1.9,2026-05-13 06:00:00
24.4,65,946.9,0.0,1.2,2026-05-13 07:00:00
26.9,50,947.9,0.0,1.5,2026-05-13 08:00:00
29.3,41,948.7,0.0,3.5,2026-05-13 09:00:00
28.5,43,948.9,0.0,7.5,2026-05-13 10:00:00
31.9,27,948.7,0.0,1.7,2026-05-13 11:00:00
32.9,26,948.0,0.0,1.5,2026-05-13 12:00:00
32.8,24,947.5,0.0,3.2,2026-05-13 13:00:00
32.8,26,946.7,0.0,4.0,2026-05-13 14:00:00
32.1,26,946.4,0.0,6.0,2026-05-13 15:00:00
32.1,25,946.1,0.0,5.9,2026-05-13 16:00:00
31.9,28,944.9,0.0,8.2,2026-05-13 17:00:00
30.2,41,944.7,0.0,4.6,2026-05-13 18:00:00
28.2,48,944.2,0.0,6.9,2026-05-13 19:00:00
26.5,47,944.1,0.0,8.6,2026-05-13 20:00:00
25.4,48,944.3,0.0,8.8,2026-05-13 21:00:00
24.3,51,944.4,0.0,5.2,2026-05-13 22:00:00
24.3,58,944.5,0.0,1.1,2026-05-13 23:00:00
23.4,62,944.7,0.0,3.2,2026-05-14 00:00:00
23.1,59,944.4,0.0,3.5,2026-05-14 01:00:00
22.2,67,944.2,0.0,2.0,2026-05-14 02:00:00
21.7,66,944.4,0.0,3.3,2026-05-14 03:00:00
21.4,63,944.1,0.0,3.1,2026-05-14 04:00:00
21.9,60,944.0,0.0,2.9,2026-05-14 05:00:00
22.0,55,945.3,0.1,9.7,2026-05-14 06:00:00
22.7,65,944.8,0.3,5.7,2026-05-14 07:00:00
26.0,52,946.3,0.0,5.0,2026-05-14 08:00:00
28.4,42,946.8,0.0,3.6,2026-05-14 09:00:00
30.9,33,947.2,0.0,3.4,2026-05-14 10:00:00
32.1,29,947.4,0.0,0.2,2026-05-14 11:00:00
33.3,27,946.9,0.0,1.8,2026-05-14 12:00:00
32.4,27,946.4,0.0,11.8,2026-05-14 13:00:00
28.7,34,947.1,0.4,15.5,2026-05-14 14:00:00
29.4,40,946.7,0.5,3.0,2026-05-14 15:00:00
29.0,43,945.9,0.1,8.5,2026-05-14 16:00:00
29.4,46,944.2,0.0,10.9,2026-05-14 17:00:00
28.6,45,944.1,0.0,9.2,2026-05-14 18:00:00
26.5,55,944.6,0.0,7.2,2026-05-14 19:00:00
25.0,61,944.6,0.0,5.0,2026-05-14 20:00:00
24.2,61,944.9,0.0,5.8,2026-05-14 21:00:00
23.0,65,945.5,0.0,4.5,2026-05-14 22:00:00
21.9,78,946.6,0.0,10.1,2026-05-14 23:00:00
21.9,69,945.7,0.1,13.0,2026-05-15 00:00:00
22.4,60,945.1,0.0,10.7,2026-05-15 01:00:00
22.1,60,944.5,0.0,6.5,2026-05-15 02:00:00
20.7,69,943.6,0.0,6.1,2026-05-15 03:00:00
20.2,71,943.4,0.0,5.0,2026-05-15 04:00:00
20.0,71,943.6,0.0,1.7,2026-05-15 05:00:00
20.5,71,944.2,0.0,0.6,2026-05-15 06:00:00
22.9,71,945.2,0.0,2.3,2026-05-15 07:00:00
25.7,55,946.5,0.0,2.7,2026-05-15 08:00:00
28.1,45,947.3,0.0,4.0,2026-05-15 09:00:00
30.2,38,947.9,0.0,4.7,2026-05-15 10:00:00
31.3,30,948.3,0.0,8.3,2026-05-15 11:00:00
32.5,28,947.4,0.0,2.4,2026-05-15 12:00:00
30.0,33,947.4,0.6,5.2,2026-05-15 13:00:00
29.6,35,947.5,0.4,6.5,2026-05-15 14:00:00
30.2,33,947.3,0.0,6.8,2026-05-15 15:00:00
28.6,41,946.9,0.0,5.9,2026-05-15 16:00:00
31.9,29,945.3,0.0,3.1,2026-05-15 17:00:00
30.2,41,945.2,0.0,4.0,2026-05-15 18:00:00
27.6,54,945.1,0.0,5.2,2026-05-15 19:00:00
26.3,59,945.4,0.0,5.6,2026-05-15 20:00:00
25.3,61,945.7,0.0,4.6,2026-05-15 21:00:00
24.8,61,945.9,0.0,4.7,2026-05-15 22:00:00
25.9,50,946.2,0.0,7.8,2026-05-15 23:00:00
24.8,55,946.0,0.0,5.4,2026-05-16 00:00:00
24.1,58,945.6,0.0,5.6,2026-05-16 01:00:00
23.2,63,944.7,0.0,6.0,2026-05-16 02:00:00
23.0,63,944.2,0.0,6.0,2026-05-16 03:00:00
22.9,60,944.2,0.0,5.4,2026-05-16 04:00:00
21.4,75,944.2,0.0,3.4,2026-05-16 05:00:00
21.6,76,944.5,0.0,2.3,2026-05-16 06:00:00
24.2,76,945.6,0.0,0.2,2026-05-16 07:00:00
27.1,55,946.8,0.0,2.3,2026-05-16 08:00:00
29.4,47,947.4,0.0,2.1,2026-05-16 09:00:00
31.7,36,947.8,0.0,3.2,2026-05-16 10:00:00
32.5,32,948.2,0.0,2.4,2026-05-16 11:00:00
33.6,29,948.1,0.0,2.2,2026-05-16 12:00:00
34.3,26,947.6,0.0,2.8,2026-05-16 13:00:00
34.7,24,946.9,0.0,4.2,2026-05-16 14:00:00
34.9,22,946.3,0.0,6.7,2026-05-16 15:00:00
34.3,22,946.0,0.0,9.1,2026-05-16 16:00:00
34.1,22,945.3,0.0,6.9,2026-05-16 17:00:00
32.0,35,945.2,0.0,6.1,2026-05-16 18:00:00
29.0,43,945.5,0.0,7.1,2026-05-16 19:00:00
26.9,50,945.6,0.0,6.4,2026-05-16 20:00:00
25.2,58,946.1,0.0,7.8,2026-05-16 21:00:00
24.5,61,946.2,0.0,6.2,2026-05-16 22:00:00
25.7,57,946.7,0.0,6.2,2026-05-16 23:00:00
25.2,57,946.4,0.0,4.9,2026-05-17 00:00:00
23.8,65,946.1,0.0,2.7,2026-05-17 01:00:00
23.4,65,945.7,0.0,2.2,2026-05-17 02:00:00
23.5,61,945.4,0.0,2.4,2026-05-17 03:00:00
23.9,55,945.8,0.0,3.7,2026-05-17 04:00:00
23.9,56,945.7,0.0,2.5,2026-05-17 05:00:00
23.9,57,945.9,0.0,2.7,2026-05-17 06:00:00
26.4,54,946.7,0.0,4.4,2026-05-17 07:00:00
29.5,37,947.4,0.0,4.2,2026-05-17 08:00:00
32.1,30,947.8,0.0,7.2,2026-05-17 09:00:00
34.0,24,947.8,0.0,10.8,2026-05-17 10:00:00
34.9,23,948.2,0.0,13.2,2026-05-17 11:00:00
35.4,22,947.7,0.0,14.3,2026-05-17 12:00:00
35.8,21,947.2,0.0,14.8,2026-05-17 13:00:00
36.0,21,946.4,0.0,14.3,2026-05-17 14:00:00
36.0,21,945.9,0.0,13.0,2026-05-17 15:00:00
35.8,21,945.5,0.0,12.8,2026-05-17 16:00:00
35.9,20,944.8,0.0,10.8,2026-05-17 17:00:00
34.4,24,944.5,0.0,9.6,2026-05-17 18:00:00
31.7,31,944.1,0.0,7.1,2026-05-17 19:00:00
29.7,36,944.0,0.0,7.9,2026-05-17 20:00:00
27.8,42,943.9,0.0,7.6,2026-05-17 21:00:00
27.0,46,944.2,0.0,7.8,2026-05-17 22:00:00
27.8,43,944.1,0.0,8.0,2026-05-17 23:00:00
27.3,42,943.6,0.0,6.9,2026-05-18 00:00:00
27.1,39,943.2,0.0,6.6,2026-05-18 01:00:00
27.0,37,942.6,0.0,5.6,2026-05-18 02:00:00
26.5,38,942.5,0.0,5.5,2026-05-18 03:00:00
26.6,37,942.4,0.0,6.5,2026-05-18 04:00:00
27.1,40,942.4,0.0,8.3,2026-05-18 05:00:00
26.6,46,942.4,0.0,7.0,2026-05-18 06:00:00
29.1,45,943.2,0.0,5.8,2026-05-18 07:00:00
32.5,35,944.0,0.0,1.5,2026-05-18 08:00:00
35.2,27,944.4,0.0,3.8,2026-05-18 09:00:00
37.2,21,944.5,0.0,7.4,2026-05-18 10:00:00
38.5,20,944.9,0.0,8.4,2026-05-18 11:00:00
39.2,18,944.6,0.0,8.7,2026-05-18 12:00:00
39.9,17,944.4,0.0,8.3,2026-05-18 13:00:00
40.3,17,943.7,0.0,7.9,2026-05-18 14:00:00
40.3,16,943.5,0.0,8.6,2026-05-18 15:00:00
39.4,15,943.7,0.0,9.1,2026-05-18 16:00:00
39.9,13,942.8,0.0,12.3,2026-05-18 17:00:00
37.0,18,942.5,0.0,8.2,2026-05-18 18:00:00
35.1,24,942.2,0.0,1.8,2026-05-18 19:00:00
33.5,26,942.3,0.0,2.0,2026-05-18 20:00:00
32.2,29,942.9,0.0,3.8,2026-05-18 21:00:00
30.3,33,943.0,0.0,9.4,2026-05-18 22:00:00
30.2,35,942.5,0.0,10.3,2026-05-18 23:00:00
30.0,36,942.6,0.0,6.5,2026-05-19 00:00:00
29.5,39,942.7,0.0,6.3,2026-05-19 01:00:00
24.0,64,943.0,0.0,23.6,2026-05-19 02:00:00
26.6,50,942.8,0.0,15.7,2026-05-19 03:00:00
27.4,44,942.7,0.0,14.7,2026-05-19 04:00:00
28.3,39,942.5,0.0,13.8,2026-05-19 05:00:00
28.9,36,943.3,0.0,8.7,2026-05-19 06:00:00
30.4,34,944.1,0.0,8.0,2026-05-19 07:00:00
33.3,27,945.2,0.0,2.3,2026-05-19 08:00:00
34.4,27,945.9,0.0,3.1,2026-05-19 09:00:00
36.4,26,946.4,0.0,7.0,2026-05-19 10:00:00
37.6,18,946.9,0.0,13.0,2026-05-19 11:00:00
38.6,15,946.5,0.0,13.2,2026-05-19 12:00:00
39.5,12,945.9,0.0,14.9,2026-05-19 13:00:00
39.3,13,945.3,0.0,15.9,2026-05-19 14:00:00
39.7,12,944.7,0.0,15.5,2026-05-19 15:00:00
39.3,12,944.4,0.0,15.9,2026-05-19 16:00:00
39.3,9,943.7,0.0,17.2,2026-05-19 17:00:00
37.6,12,943.8,0.0,15.6,2026-05-19 18:00:00
35.2,16,944.0,0.0,13.0,2026-05-19 19:00:00
33.5,20,944.1,0.0,10.2,2026-05-19 20:00:00
31.3,24,944.4,0.0,8.4,2026-05-19 21:00:00
30.0,25,944.5,0.0,9.4,2026-05-19 22:00:00
30.5,28,944.2,0.0,6.9,2026-05-19 23:00:00
29.5,29,944.0,0.0,6.3,2026-05-20 00:00:00
29.6,29,943.7,0.0,3.6,2026-05-20 01:00:00
29.3,28,943.7,0.0,6.9,2026-05-20 02:00:00
28.7,29,943.5,0.0,7.5,2026-05-20 03:00:00
28.6,30,943.6,0.0,6.2,2026-05-20 04:00:00
28.4,34,943.4,0.0,4.8,2026-05-20 05:00:00
28.9,31,943.6,0.0,8.9,2026-05-20 06:00:00
30.3,31,944.4,0.0,9.8,2026-05-20 07:00:00
33.0,27,945.4,0.0,7.4,2026-05-20 08:00:00
35.9,20,946.0,0.0,9.1,2026-05-20 09:00:00
37.5,18,946.1,0.0,9.4,2026-05-20 10:00:00
39.1,12,946.3,0.0,12.9,2026-05-20 11:00:00
39.3,11,945.9,0.0,14.8,2026-05-20 12:00:00
39.6,11,945.0,0.0,14.8,2026-05-20 13:00:00
39.8,10,944.3,0.0,13.3,2026-05-20 14:00:00
39.2,11,943.9,0.0,9.8,2026-05-20 15:00:00
38.9,12,943.6,0.0,4.5,2026-05-20 16:00:00
39.6,10,942.6,0.0,10.7,2026-05-20 17:00:00
37.4,12,942.6,0.0,7.3,2026-05-20 18:00:00
32.1,28,943.4,0.1,22.8,2026-05-20 19:00:00
29.7,33,944.2,0.2,22.6,2026-05-20 20:00:00
30.7,28,945.0,0.1,14.8,2026-05-20 21:00:00
29.9,32,944.8,0.0,12.6,2026-05-20 22:00:00
31.2,27,944.5,0.0,10.7,2026-05-20 23:00:00
29.4,32,945.6,0.0,15.2,2026-05-21 00:00:00
25.9,52,944.6,0.6,20.8,2026-05-21 01:00:00
24.9,56,945.4,0.1,8.6,2026-05-21 02:00:00
24.1,66,946.3,0.0,8.4,2026-05-21 03:00:00
23.8,68,946.1,0.1,7.0,2026-05-21 04:00:00
24.8,54,946.0,0.1,9.2,2026-05-21 05:00:00
24.7,57,946.2,0.0,2.9,2026-05-21 06:00:00
25.3,58,947.2,0.0,9.8,2026-05-21 07:00:00
26.2,54,947.8,0.0,3.6,2026-05-21 08:00:00
27.1,48,947.9,0.0,5.5,2026-05-21 09:00:00
30.9,35,948.3,0.0,3.9,2026-05-21 10:00:00
33.1,27,948.7,0.0,6.2,2026-05-21 11:00:00
33.8,26,948.3,0.0,1.1,2026-05-21 12:00:00
33.5,27,948.0,0.0,6.2,2026-05-21 13:00:00
34.5,27,947.1,0.0,4.8,2026-05-21 14:00:00
34.3,23,946.4,0.0,2.0,2026-05-21 15:00:00
33.9,25,946.1,0.0,4.0,2026-05-21 16:00:00
34.4,25,945.1,0.0,3.8,2026-05-21 17:00:00
33.8,29,945.7,0.0,1.8,2026-05-21 18:00:00
31.1,39,945.8,0.0,11.7,2026-05-21 19:00:00
29.3,41,946.1,0.0,10.7,2026-05-21 20:00:00
26.7,48,947.5,0.0,15.3,2026-05-21 21:00:00
21.7,82,947.5,1.8,21.9,2026-05-21 22:00:00
22.8,79,948.9,0.6,11.3,2026-05-21 23:00:00
23.4,76,949.1,0.0,3.1,2026-05-22 00:00:00
22.8,82,947.9,0.0,11.9,2026-05-22 01:00:00
24.2,63,946.9,0.0,14.2,2026-05-22 02:00:00
24.6,57,946.5,0.0,1.2,2026-05-22 03:00:00
22.7,72,946.6,0.0,11.5,2026-05-22 04:00:00
24.2,63,947.1,0.0,3.7,2026-05-22 05:00:00
23.6,66,947.3,0.0,8.1,2026-05-22 06:00:00
25.4,58,948.2,0.0,7.7,2026-05-22 07:00:00
27.6,46,949.0,0.0,5.8,2026-05-22 08:00:00
29.8,38,949.5,0.0,7.4,2026-05-22 09:00:00
31.6,34,949.9,0.0,8.0,2026-05-22 10:00:00
33.3,24,950.2,0.0,3.7,2026-05-22 11:00:00
34.3,24,949.8,0.0,5.4,2026-05-22 12:00:00
35.0,22,949.5,0.0,7.6,2026-05-22 13:00:00
34.9,22,948.7,0.0,2.3,2026-05-22 14:00:00
35.2,22,948.1,0.0,0.6,2026-05-22 15:00:00
35.0,22,947.5,0.0,3.1,2026-05-22 16:00:00
35.3,17,947.2,0.0,9.6,2026-05-22 17:00:00
33.8,19,947.1,0.0,10.3,2026-05-22 18:00:00
30.7,31,947.4,0.0,11.0,2026-05-22 19:00:00
29.1,36,947.4,0.0,10.3,2026-05-22 20:00:00
27.9,39,947.6,0.0,6.9,2026-05-22 21:00:00
26.4,46,947.7,0.0,5.7,2026-05-22 22:00:00
27.3,44,947.4,0.0,4.9,2026-05-22 23:00:00
26.6,46,947.3,0.0,4.4,2026-05-23 00:00:00
26.5,45,947.3,0.0,4.3,2026-05-23 01:00:00
26.0,45,946.8,0.0,2.8,2026-05-23 02:00:00
25.9,42,946.8,0.0,4.3,2026-05-23 03:00:00
25.6,40,947.2,0.0,10.4,2026-05-23 04:00:00
24.4,48,947.4,0.0,3.8,2026-05-23 05:00:00
24.4,49,948.0,0.0,7.0,2026-05-23 06:00:00
26.5,39,948.2,0.0,6.9,2026-05-23 07:00:00
28.9,33,949.1,0.0,6.7,2026-05-23 08:00:00
30.8,30,950.2,0.0,3.3,2026-05-23 09:00:00
32.9,23,950.2,0.0,0.7,2026-05-23 10:00:00
34.4,19,950.1,0.0,5.4,2026-05-23 11:00:00
35.5,18,949.8,0.0,2.4,2026-05-23 12:00:00
35.6,19,949.3,0.0,5.0,2026-05-23 13:00:00
32.7,28,949.5,0.0,15.8,2026-05-23 14:00:00
33.4,24,948.9,0.0,11.2,2026-05-23 15:00:00
33.9,24,948.5,0.0,4.3,2026-05-23 16:00:00
35.5,18,947.6,0.0,5.8,2026-05-23 17:00:00
34.1,21,947.5,0.0,7.8,2026-05-23 18:00:00
31.8,30,947.2,0.0,8.2,2026-05-23 19:00:00
29.9,38,947.1,0.0,9.2,2026-05-23 20:00:00
28.7,37,947.5,0.0,9.5,2026-05-23 21:00:00
27.1,40,947.6,0.0,8.0,2026-05-23 22:00:00
28.3,45,947.5,0.0,5.4,2026-05-23 23:00:00
26.6,53,946.8,0.0,5.8,2026-05-24 00:00:00
25.5,58,946.1,0.0,5.0,2026-05-24 01:00:00
24.5,62,946.0,0.0,1.5,2026-05-24 02:00:00
24.1,62,945.8,0.0,1.5,2026-05-24 03:00:00
23.6,63,945.2,0.0,1.8,2026-05-24 04:00:00
24.9,53,945.6,0.0,2.5,2026-05-24 05:00:00
25.1,52,945.6,0.0,3.2,2026-05-24 06:00:00
27.4,44,947.1,0.0,5.9,2026-05-24 07:00:00
29.6,37,947.9,0.0,1.0,2026-05-24 08:00:00
31.6,31,948.2,0.0,0.4,2026-05-24 09:00:00
33.8,25,948.7,0.0,3.2,2026-05-24 10:00:00
30.5,38,950.1,0.0,10.2,2026-05-24 11:00:00
33.9,25,949.5,0.0,10.0,2026-05-24 12:00:00
35.1,22,948.8,0.0,8.5,2026-05-24 13:00:00
35.1,21,947.8,0.0,8.7,2026-05-24 14:00:00
34.9,22,947.2,0.0,8.4,2026-05-24 15:00:00
35.2,20,946.7,0.0,6.3,2026-05-24 16:00:00
35.1,21,946.3,0.0,7.7,2026-05-24 17:00:00
33.7,24,946.2,0.0,5.0,2026-05-24 18:00:00
31.2,36,945.8,0.0,2.4,2026-05-24 19:00:00
28.9,48,945.7,0.0,5.4,2026-05-24 20:00:00
27.4,57,945.9,0.0,4.9,2026-05-24 21:00:00
26.5,63,946.1,0.0,3.2,2026-05-24 22:00:00
28.5,49,945.9,0.0,4.8,2026-05-24 23:00:00
26.9,56,945.4,0.0,2.3,2026-05-25 00:00:00
25.9,54,945.3,0.0,4.8,2026-05-25 01:00:00
25.2,52,945.4,0.5,9.3,2026-05-25 02:00:00
25.3,48,945.5,0.0,13.4,2026-05-25 03:00:00
24.6,49,945.3,0.0,7.9,2026-05-25 04:00:00
24.6,56,945.1,0.0,5.0,2026-05-25 05:00:00
24.2,62,945.6,0.0,2.4,2026-05-25 06:00:00
26.3,55,946.1,0.0,3.1,2026-05-25 07:00:00
29.4,40,946.9,0.0,1.8,2026-05-25 08:00:00
31.8,30,947.3,0.0,5.0,2026-05-25 09:00:00
33.3,24,947.3,0.0,6.6,2026-05-25 10:00:00
34.1,19,947.3,0.0,5.0,2026-05-25 11:00:00
35.1,15,947.0,0.0,7.3,2026-05-25 12:00:00
35.7,14,946.4,0.0,9.6,2026-05-25 13:00:00
35.9,12,945.9,0.0,10.3,2026-05-25 14:00:00
35.6,13,945.6,0.0,10.6,2026-05-25 15:00:00
35.2,15,945.4,0.0,11.7,2026-05-25 16:00:00
35.3,12,945.2,0.0,15.1,2026-05-25 17:00:00
33.8,13,945.2,0.0,12.6,2026-05-25 18:00:00
31.5,18,945.0,0.0,7.1,2026-05-25 19:00:00
29.2,25,945.3,0.0,5.8,2026-05-25 20:00:00
26.7,34,945.2,0.0,8.1,2026-05-25 21:00:00
26.3,33,945.7,0.0,9.8,2026-05-25 22:00:00
27.3,31,945.9,0.0,9.4,2026-05-25 23:00:00
25.9,35,945.6,0.0,7.8,2026-05-26 00:00:00
24.7,40,945.3,0.0,4.9,2026-05-26 01:00:00
24.5,43,945.6,0.0,1.1,2026-05-26 02:00:00
24.6,42,945.5,0.0,0.9,2026-05-26 03:00:00
24.2,42,945.3,0.0,0.4,2026-05-26 04:00:00
24.2,48,945.5,0.0,1.1,2026-05-26 05:00:00
24.5,49,946.2,0.0,0.4,2026-05-26 06:00:00
25.9,41,946.9,0.0,2.8,2026-05-26 07:00:00
28.6,32,947.7,0.0,0.6,2026-05-26 08:00:00
31.6,26,948.0,0.0,0.6,2026-05-26 09:00:00
33.9,22,948.0,0.0,1.0,2026-05-26 10:00:00
34.9,17,948.3,0.0,2.7,2026-05-26 11:00:00
36.5,14,948.1,0.0,4.9,2026-05-26 12:00:00
37.3,11,947.5,0.0,10.7,2026-05-26 13:00:00
37.3,11,946.8,0.0,12.8,2026-05-26 14:00:00
37.2,11,946.3,0.0,13.6,2026-05-26 15:00:00
36.7,11,946.1,0.0,14.6,2026-05-26 16:00:00
37.3,10,945.8,0.0,10.4,2026-05-26 17:00:00
35.9,12,946.0,0.0,10.3,2026-05-26 18:00:00
34.0,15,946.0,0.0,7.8,2026-05-26 19:00:00
31.9,21,946.2,0.0,8.4,2026-05-26 20:00:00
29.6,28,946.2,0.0,8.8,2026-05-26 21:00:00
27.7,35,946.5,0.0,7.7,2026-05-26 22:00:00
28.3,34,946.6,0.0,6.4,2026-05-26 23:00:00
27.4,37,946.5,0.0,3.2,2026-05-27 00:00:00
28.0,31,946.3,0.0,3.9,2026-05-27 01:00:00
27.3,32,945.7,0.0,2.7,2026-05-27 02:00:00
27.1,30,945.4,0.0,2.4,2026-05-27 03:00:00
27.1,26,945.2,0.0,4.2,2026-05-27 04:00:00
27.4,25,945.3,0.0,4.5,2026-05-27 05:00:00
26.9,31,945.5,0.0,5.0,2026-05-27 06:00:00
29.2,31,946.2,0.0,4.6,2026-05-27 07:00:00
32.5,23,947.4,0.0,5.3,2026-05-27 08:00:00
35.6,18,947.6,0.0,4.2,2026-05-27 09:00:00
37.7,14,947.5,0.0,4.0,2026-05-27 10:00:00
38.8,13,947.4,0.0,2.9,2026-05-27 11:00:00
39.7,11,947.1,0.0,10.4,2026-05-27 12:00:00
39.6,12,946.4,0.0,14.3,2026-05-27 13:00:00
39.5,12,946.1,0.0,14.9,2026-05-27 14:00:00
39.2,13,945.8,0.0,15.6,2026-05-27 15:00:00
38.9,12,945.6,0.0,14.4,2026-05-27 16:00:00
39.1,10,945.1,0.0,11.5,2026-05-27 17:00:00
37.6,11,945.2,0.0,7.8,2026-05-27 18:00:00
34.3,18,944.9,0.0,4.4,2026-05-27 19:00:00
32.3,23,945.0,0.0,6.2,2026-05-27 20:00:00
30.3,29,944.9,0.0,7.4,2026-05-27 21:00:00
29.3,31,944.9,0.0,6.4,2026-05-27 22:00:00
29.9,29,944.7,0.0,5.9,2026-05-27 23:00:00
29.1,29,944.5,0.0,6.5,2026-05-28 00:00:00
28.6,29,944.0,0.0,6.0,2026-05-28 01:00:00
28.3,27,944.1,0.0,6.0,2026-05-28 02:00:00
28.5,23,944.4,0.0,12.8,2026-05-28 03:00:00
28.4,22,944.4,0.0,12.5,2026-05-28 04:00:00
27.6,28,944.2,0.0,3.6,2026-05-28 05:00:00
28.1,34,945.2,0.0,0.9,2026-05-28 06:00:00
29.0,29,945.5,0.0,6.1,2026-05-28 07:00:00
31.4,25,946.9,0.0,10.9,2026-05-28 08:00:00
33.3,20,947.1,0.0,5.9,2026-05-28 09:00:00
36.4,16,947.2,0.0,5.7,2026-05-28 10:00:00
37.0,15,947.7,0.0,9.4,2026-05-28 11:00:00
38.9,11,947.6,0.0,5.0,2026-05-28 12:00:00
38.6,12,947.0,0.1,1.5,2026-05-28 13:00:00
38.7,11,946.7,0.0,7.2,2026-05-28 14:00:00
38.4,12,945.9,0.2,7.9,2026-05-28 15:00:00
38.7,11,945.5,0.0,10.9,2026-05-28 16:00:00
38.1,11,945.3,0.0,7.4,2026-05-28 17:00:00
37.4,12,945.2,0.0,6.6,2026-05-28 18:00:00
35.7,18,944.7,0.0,1.2,2026-05-28 19:00:00
33.1,19,945.3,0.0,2.9,2026-05-28 20:00:00
31.7,22,945.8,0.0,8.8,2026-05-28 21:00:00
30.4,24,945.6,0.0,7.8,2026-05-28 22:00:00
30.3,26,945.1,0.0,4.0,2026-05-28 23:00:00
29.0,31,944.1,0.0,1.8,2026-05-29 00:00:00
28.0,32,943.1,0.0,2.4,2026-05-29 01:00:00
27.3,33,942.7,0.0,2.1,2026-05-29 02:00:00
27.0,32,942.7,0.0,2.7,2026-05-29 03:00:00
27.1,29,943.0,0.0,2.1,2026-05-29 04:00:00
27.8,35,943.1,0.0,0.8,2026-05-29 05:00:00
26.4,32,943.5,0.0,3.8,2026-05-29 06:00:00
27.3,32,944.7,0.0,5.1,2026-05-29 07:00:00
30.4,26,946.2,0.0,8.7,2026-05-29 08:00:00
32.5,26,946.7,0.0,11.4,2026-05-29 09:00:00
33.8,26,946.8,0.0,15.8,2026-05-29 10:00:00
35.4,23,947.0,0.0,17.4,2026-05-29 11:00:00
36.2,22,946.6,0.0,17.3,2026-05-29 12:00:00
36.8,20,946.3,0.0,18.0,2026-05-29 13:00:00
35.7,17,946.2,0.0,18.8,2026-05-29 14:00:00
34.6,18,945.8,0.0,11.7,2026-05-29 15:00:00
35.8,15,945.6,0.0,7.7,2026-05-29 16:00:00
37.0,15,944.5,0.0,12.3,2026-05-29 17:00:00
34.9,23,945.1,0.0,19.9,2026-05-29 18:00:00
33.1,27,945.9,0.0,15.0,2026-05-29 19:00:00
31.4,29,946.1,0.0,13.5,2026-05-29 20:00:00
30.5,30,946.2,0.0,10.7,2026-05-29 21:00:00
29.1,33,946.5,0.0,7.7,2026-05-29 22:00:00
29.7,30,946.2,0.0,8.1,2026-05-29 23:00:00
28.7,31,945.6,0.0,7.6,2026-05-30 00:00:00
27.5,34,945.4,0.0,6.5,2026-05-30 01:00:00
26.7,37,945.3,0.0,6.5,2026-05-30 02:00:00
26.0,39,945.8,0.0,5.5,2026-05-30 03:00:00
25.0,44,946.7,0.0,5.2,2026-05-30 04:00:00
23.9,48,947.1,0.0,13.2,2026-05-30 05:00:00
23.1,55,947.8,0.0,13.2,2026-05-30 06:00:00
25.3,46,948.4,0.0,13.7,2026-05-30 07:00:00
26.5,51,950.0,0.0,19.2,2026-05-30 08:00:00
27.7,45,950.9,0.0,19.3,2026-05-30 09:00:00
29.3,41,951.3,0.0,19.5,2026-05-30 10:00:00
31.1,39,950.2,0.0,16.6,2026-05-30 11:00:00
31.6,35,950.2,0.0,16.4,2026-05-30 12:00:00
31.6,34,950.1,0.0,11.9,2026-05-30 13:00:00
31.6,31,949.6,0.0,13.3,2026-05-30 14:00:00
30.8,34,949.2,0.2,10.6,2026-05-30 15:00:00
31.2,35,949.0,0.0,10.3,2026-05-30 16:00:00
31.5,38,947.4,0.0,11.2,2026-05-30 17:00:00
30.3,41,947.1,0.0,12.2,2026-05-30 18:00:00
29.3,43,947.5,0.0,13.0,2026-05-30 19:00:00
28.0,48,948.3,0.0,11.8,2026-05-30 20:00:00
27.2,52,948.5,0.0,6.7,2026-05-30 21:00:00
26.3,56,948.9,0.0,5.8,2026-05-30 22:00:00
26.0,57,948.3,0.0,9.4,2026-05-30 23:00:00
25.2,61,948.4,0.0,8.3,2026-05-31 00:00:00
24.8,64,948.7,0.0,7.5,2026-05-31 01:00:00
24.4,65,949.0,0.0,7.4,2026-05-31 02:00:00
23.9,67,949.0,0.0,8.3,2026-05-31 03:00:00
23.5,70,949.1,0.0,9.9,2026-05-31 04:00:00
23.7,69,949.5,0.1,10.3,2026-05-31 05:00:00
24.0,68,950.0,0.0,9.1,2026-05-31 06:00:00
25.2,63,950.5,0.0,8.3,2026-05-31 07:00:00
27.0,54,951.2,0.0,6.7,2026-05-31 08:00:00
28.8,45,951.5,0.0,5.8,2026-05-31 09:00:00
30.4,40,951.5,0.0,6.8,2026-05-31 10:00:00
31.6,34,952.0,0.0,6.8,2026-05-31 11:00:00
32.7,32,951.5,0.0,6.2,2026-05-31 12:00:00
33.4,32,951.1,0.0,8.1,2026-05-31 13:00:00
33.2,33,950.6,0.0,9.7,2026-05-31 14:00:00
32.9,33,950.2,0.0,8.2,2026-05-31 15:00:00
32.9,33,949.7,0.0,6.6,2026-05-31 16:00:00
33.0,31,949.0,0.0,6.6,2026-05-31 17:00:00
32.2,32,948.7,0.0,7.8,2026-05-31 18:00:00
30.7,35,948.9,0.0,11.0,2026-05-31 19:00:00
29.4,38,949.2,0.0,7.0,2026-05-31 20:00:00
28.7,41,949.9,0.0,5.9,2026-05-31 21:00:00
27.9,42,950.5,0.0,7.4,2026-05-31 22:00:00
27.7,46,950.6,0.0,7.0,2026-05-31 23:00:00
26.8,50,950.3,0.0,9.4,2026-06-01 00:00:00
26.3,51,950.0,0.0,8.6,2026-06-01 01:00:00
26.0,52,949.4,0.0,7.3,2026-06-01 02:00:00
25.6,53,949.0,0.0,6.4,2026-06-01 03:00:00
25.0,55,948.8,0.0,6.1,2026-06-01 04:00:00
25.0,58,949.1,0.0,6.1,2026-06-01 05:00:00
25.2,57,949.5,0.0,7.6,2026-06-01 06:00:00
26.8,51,950.4,0.0,8.8,2026-06-01 07:00:00
28.3,47,950.9,0.0,9.7,2026-06-01 08:00:00
29.8,41,951.4,0.0,10.0,2026-06-01 09:00:00
31.0,39,951.7,0.0,9.9,2026-06-01 10:00:00
32.0,37,951.9,0.0,9.4,2026-06-01 11:00:00
33.2,35,951.5,0.0,5.6,2026-06-01 12:00:00
33.9,34,951.1,0.1,5.4,2026-06-01 13:00:00
34.1,34,950.2,0.2,5.3,2026-06-01 14:00:00
34.0,35,949.5,0.2,6.4,2026-06-01 15:00:00
32.2,43,949.2,0.5,7.4,2026-06-01 16:00:00
33.6,33,948.9,0.2,9.4,2026-06-01 17:00:00
32.7,35,948.2,0.0,11.1,2026-06-01 18:00:00
31.7,37,948.5,0.0,8.8,2026-06-01 19:00:00
30.5,41,948.9,0.0,4.2,2026-06-01 20:00:00
29.7,45,949.5,0.0,2.6,2026-06-01 21:00:00
29.1,46,949.7,0.0,4.2,2026-06-01 22:00:00
29.6,48,949.4,0.0,4.7,2026-06-01 23:00:00
28.1,54,949.2,0.0,4.9,2026-06-02 00:00:00
27.5,56,949.2,0.0,6.4,2026-06-02 01:00:00
27.2,56,949.0,0.0,7.8,2026-06-02 02:00:00
27.0,57,949.2,0.0,7.1,2026-06-02 03:00:00
26.6,58,949.6,0.0,8.4,2026-06-02 04:00:00
27.2,55,950.0,0.2,11.4,2026-06-02 05:00:00
26.8,55,950.4,0.1,10.5,2026-06-02 06:00:00
28.1,50,951.1,0.0,6.1,2026-06-02 07:00:00
30.1,44,951.4,0.0,7.3,2026-06-02 08:00:00
31.5,41,951.7,0.0,7.2,2026-06-02 09:00:00
32.5,39,951.5,0.1,4.4,2026-06-02 10:00:00
33.4,36,951.4,0.2,2.7,2026-06-02 11:00:00
34.4,34,950.7,0.0,2.6,2026-06-02 12:00:00
34.9,33,950.3,0.1,2.5,2026-06-02 13:00:00
35.2,33,949.4,0.0,3.1,2026-06-02 14:00:00
35.0,33,948.4,0.1,6.1,2026-06-02 15:00:00
34.7,33,948.2,0.0,6.7,2026-06-02 16:00:00
35.4,28,947.2,0.1,8.5,2026-06-02 17:00:00
34.2,30,946.9,0.0,9.9,2026-06-02 18:00:00
30.1,45,947.6,0.0,14.5,2026-06-02 19:00:00
29.2,49,947.9,0.0,7.6,2026-06-02 20:00:00
28.5,53,948.1,0.0,6.1,2026-06-02 21:00:00
27.8,57,947.9,0.0,2.4,2026-06-02 22:00:00
27.1,59,948.2,0.0,3.6,2026-06-02 23:00:00
26.8,59,947.9,0.0,5.5,2026-06-03 00:00:00
26.8,57,947.6,0.0,7.6,2026-06-03 01:00:00
26.6,57,947.1,0.0,8.3,2026-06-03 02:00:00
26.3,56,946.8,0.0,5.0,2026-06-03 03:00:00
26.0,58,946.7,0.0,4.0,2026-06-03 04:00:00
25.4,63,946.7,0.0,5.8,2026-06-03 05:00:00
25.6,63,947.4,0.0,3.8,2026-06-03 06:00:00
26.6,59,948.2,0.0,6.0,2026-06-03 07:00:00
28.6,51,948.4,0.0,6.0,2026-06-03 08:00:00
30.6,44,948.6,0.0,7.4,2026-06-03 09:00:00
29.7,49,948.6,0.1,17.9,2026-06-03 10:00:00
32.6,38,948.4,0.4,7.3,2026-06-03 11:00:00
33.1,37,947.8,0.0,5.4,2026-06-03 12:00:00
34.1,36,947.3,0.0,4.3,2026-06-03 13:00:00
34.6,35,946.3,0.0,6.5,2026-06-03 14:00:00
35.1,33,945.4,0.0,5.4,2026-06-03 15:00:00
34.7,33,944.9,0.0,4.3,2026-06-03 16:00:00
35.4,29,943.8,0.1,7.1,2026-06-03 17:00:00
34.7,30,943.7,0.2,8.6,2026-06-03 18:00:00
33.6,31,943.8,0.0,10.8,2026-06-03 19:00:00
32.3,34,943.8,0.0,9.2,2026-06-03 20:00:00
30.8,39,943.9,0.0,7.5,2026-06-03 21:00:00
29.7,43,943.7,0.0,5.4,2026-06-03 22:00:00
30.0,43,943.7,0.0,0.8,2026-06-03 23:00:00
28.8,47,943.0,0.0,2.9,2026-06-04 00:00:00
28.0,50,942.8,0.0,6.1,2026-06-04 01:00:00
27.4,51,942.8,0.0,6.5,2026-06-04 02:00:00
27.1,49,942.6,0.0,9.0,2026-06-04 03:00:00
26.8,49,942.3,0.0,10.2,2026-06-04 04:00:00
27.1,51,943.3,0.0,11.2,2026-06-04 05:00:00
25.8,56,943.8,0.0,11.5,2026-06-04 06:00:00
23.5,75,945.2,4.0,10.2,2026-06-04 07:00:00
22.1,91,946.3,3.6,3.6,2026-06-04 08:00:00
21.8,96,945.4,3.4,16.0,2026-06-04 09:00:00
25.3,70,945.1,0.3,15.4,2026-06-04 10:00:00
27.1,63,946.1,0.0,12.0,2026-06-04 11:00:00
27.0,59,946.2,0.0,8.0,2026-06-04 12:00:00
26.9,59,946.8,0.5,10.4,2026-06-04 13:00:00
26.7,59,945.3,0.2,11.0,2026-06-04 14:00:00
27.6,53,945.0,0.0,6.3,2026-06-04 15:00:00
29.8,43,944.8,0.0,2.9,2026-06-04 16:00:00
26.0,61,945.1,0.0,6.6,2026-06-04 17:00:00
25.9,62,944.7,0.0,5.5,2026-06-04 18:00:00
25.7,67,944.5,0.0,4.0,2026-06-04 19:00:00
25.0,70,944.1,0.0,6.1,2026-06-04 20:00:00
24.7,70,943.9,0.0,7.5,2026-06-04 21:00:00
23.9,73,943.8,0.0,5.9,2026-06-04 22:00:00
23.7,81,943.5,0.0,4.9,2026-06-04 23:00:00
23.2,81,943.4,0.0,2.1,2026-06-05 00:00:00
22.9,80,943.0,0.0,3.1,2026-06-05 01:00:00
22.6,77,943.3,0.0,3.6,2026-06-05 02:00:00
22.1,79,943.2,0.0,2.6,2026-06-05 03:00:00
21.9,80,943.5,0.0,2.5,2026-06-05 04:00:00
21.7,84,943.6,0.0,1.5,2026-06-05 05:00:00
22.4,83,944.7,0.0,5.6,2026-06-05 06:00:00
23.6,75,945.6,0.0,7.3,2026-06-05 07:00:00
25.9,60,946.3,0.0,8.3,2026-06-05 08:00:00
27.7,54,946.8,0.0,8.3,2026-06-05 09:00:00
29.3,48,946.9,0.0,9.2,2026-06-05 10:00:00
30.5,41,947.5,0.0,8.1,2026-06-05 11:00:00
31.0,38,947.4,0.1,8.2,2026-06-05 12:00:00
31.3,35,946.9,0.0,3.3,2026-06-05 13:00:00
31.3,35,946.3,0.0,3.9,2026-06-05 14:00:00
32.0,29,945.7,0.0,3.9,2026-06-05 15:00:00
31.6,30,945.2,0.0,7.8,2026-06-05 16:00:00
32.6,26,944.8,0.0,4.3,2026-06-05 17:00:00
31.2,37,944.7,0.0,4.0,2026-06-05 18:00:00
28.8,51,944.3,0.0,2.3,2026-06-05 19:00:00
26.9,58,944.4,0.0,5.2,2026-06-05 20:00:00
26.0,54,944.7,0.0,7.8,2026-06-05 21:00:00
24.5,62,944.6,0.0,4.8,2026-06-05 22:00:00
24.7,65,944.8,0.0,1.6,2026-06-05 23:00:00
24.2,67,944.6,0.0,1.5,2026-06-06 00:00:00
24.2,66,944.6,0.0,1.5,2026-06-06 01:00:00
24.4,62,944.4,0.0,2.5,2026-06-06 02:00:00
24.1,64,944.3,0.0,0.4,2026-06-06 03:00:00
23.7,65,944.4,0.0,1.7,2026-06-06 04:00:00
24.2,60,944.7,0.0,1.8,2026-06-06 05:00:00
23.7,63,945.1,0.0,5.6,2026-06-06 06:00:00
25.9,55,945.7,0.0,4.7,2026-06-06 07:00:00
29.1,44,946.8,0.0,1.1,2026-06-06 08:00:00
31.3,36,947.3,0.0,2.7,2026-06-06 09:00:00
32.7,31,947.5,0.0,5.5,2026-06-06 10:00:00
32.5,29,947.4,0.0,5.6,2026-06-06 11:00:00
34.0,26,947.5,0.0,0.4,2026-06-06 12:00:00
34.5,26,946.8,0.0,2.6,2026-06-06 13:00:00
35.1,25,946.1,0.0,2.6,2026-06-06 14:00:00
35.3,24,945.5,0.0,3.0,2026-06-06 15:00:00
35.2,24,945.1,0.0,4.8,2026-06-06 16:00:00
35.1,23,944.2,0.0,4.2,2026-06-06 17:00:00
33.3,31,944.4,0.0,6.1,2026-06-06 18:00:00
30.5,41,944.4,0.0,4.6,2026-06-06 19:00:00
28.3,54,944.3,0.0,2.9,2026-06-06 20:00:00
26.6,59,944.9,0.0,3.9,2026-06-06 21:00:00
25.4,61,944.9,0.0,7.0,2026-06-06 22:00:00
26.5,48,945.0,0.0,9.4,2026-06-06 23:00:00
25.5,50,944.5,0.0,7.9,2026-06-07 00:00:00
25.1,49,944.2,0.0,6.6,2026-06-07 01:00:00
24.5,50,944.2,0.0,4.9,2026-06-07 02:00:00
24.0,51,944.1,0.0,5.1,2026-06-07 03:00:00
23.6,51,944.2,0.0,4.8,2026-06-07 04:00:00
23.4,56,944.5,0.0,1.7,2026-06-07 05:00:00
24.6,53,945.0,0.0,3.0,2026-06-07 06:00:00
27.0,45,946.0,0.0,3.8,2026-06-07 07:00:00
29.6,39,946.6,0.0,2.6,2026-06-07 08:00:00
32.3,29,947.3,0.0,2.1,2026-06-07 09:00:00
33.9,24,947.8,0.0,7.4,2026-06-07 10:00:00
34.5,24,948.0,0.0,8.4,2026-06-07 11:00:00
35.3,22,947.8,0.0,2.1,2026-06-07 12:00:00
35.4,21,947.0,0.1,2.2,2026-06-07 13:00:00
35.4,23,946.4,0.0,7.2,2026-06-07 14:00:00
35.0,24,946.2,0.5,8.4,2026-06-07 15:00:00
35.5,21,945.8,0.1,5.9,2026-06-07 16:00:00
36.3,19,945.0,0.0,2.3,2026-06-07 17:00:00
35.2,22,944.8,0.0,4.0,2026-06-07 18:00:00
32.7,33,944.7,0.0,4.9,2026-06-07 19:00:00
30.7,41,944.6,0.0,4.3,2026-06-07 20:00:00
29.4,45,944.7,0.0,3.4,2026-06-07 21:00:00
28.0,51,944.6,0.0,2.1,2026-06-07 22:00:00
27.7,52,944.3,0.0,2.3,2026-06-07 23:00:00
26.5,53,943.5,0.0,2.6,2026-06-08 00:00:00
26.6,50,943.2,0.0,3.2,2026-06-08 01:00:00
26.7,44,942.7,0.0,4.2,2026-06-08 02:00:00
26.3,42,942.6,0.0,3.5,2026-06-08 03:00:00
25.6,41,942.5,0.0,2.7,2026-06-08 04:00:00
25.5,50,942.9,0.0,0.5,2026-06-08 05:00:00
26.2,53,943.2,0.0,0.8,2026-06-08 06:00:00
28.5,41,944.2,0.0,0.8,2026-06-08 07:00:00
31.1,32,945.1,0.0,1.7,2026-06-08 08:00:00
33.6,27,945.6,0.0,2.7,2026-06-08 09:00:00
35.7,22,945.6,0.0,4.5,2026-06-08 10:00:00
36.5,20,945.3,0.0,5.2,2026-06-08 11:00:00
37.5,18,945.1,0.0,4.3,2026-06-08 12:00:00
38.2,16,944.5,0.0,4.4,2026-06-08 13:00:00
38.8,14,943.8,0.0,6.5,2026-06-08 14:00:00
38.7,14,943.4,0.0,8.3,2026-06-08 15:00:00
38.4,14,943.1,0.0,8.8,2026-06-08 16:00:00
38.7,12,942.9,0.0,9.6,2026-06-08 17:00:00
37.4,13,942.6,0.0,10.0,2026-06-08 18:00:00
35.1,18,942.2,0.0,6.4,2026-06-08 19:00:00
32.6,24,941.9,0.0,6.6,2026-06-08 20:00:00
30.8,26,941.9,0.0,6.5,2026-06-08 21:00:00
29.7,27,941.8,0.0,7.3,2026-06-08 22:00:00
30.8,23,941.9,0.0,6.0,2026-06-08 23:00:00
28.8,27,941.5,0.0,2.5,2026-06-09 00:00:00
28.6,25,941.2,0.0,4.6,2026-06-09 01:00:00
28.3,24,940.8,0.0,3.8,2026-06-09 02:00:00
27.3,26,940.7,0.0,2.2,2026-06-09 03:00:00
26.8,26,940.6,0.0,2.8,2026-06-09 04:00:00
27.6,28,940.8,0.0,1.5,2026-06-09 05:00:00
28.1,31,941.2,0.0,1.1,2026-06-09 06:00:00
30.3,22,941.9,0.0,1.5,2026-06-09 07:00:00
32.9,18,942.5,0.0,4.1,2026-06-09 08:00:00
35.3,16,942.9,0.0,4.0,2026-06-09 09:00:00
37.4,15,942.8,0.0,3.9,2026-06-09 10:00:00
37.8,15,942.9,0.0,1.5,2026-06-09 11:00:00
39.5,13,942.8,0.0,1.6,2026-06-09 12:00:00
40.3,12,942.1,0.0,4.6,2026-06-09 13:00:00
40.6,12,941.4,0.0,7.3,2026-06-09 14:00:00
40.6,12,941.0,0.0,10.3,2026-06-09 15:00:00
40.0,12,940.9,0.0,12.0,2026-06-09 16:00:00
40.1,10,940.3,0.0,10.7,2026-06-09 17:00:00
38.7,11,940.2,0.0,6.2,2026-06-09 18:00:00
36.3,17,940.0,0.0,3.6,2026-06-09 19:00:00
34.0,21,940.2,0.0,6.2,2026-06-09 20:00:00
32.8,25,940.3,0.0,7.0,2026-06-09 21:00:00
32.7,24,940.7,0.0,5.0,2026-06-09 22:00:00
31.7,25,940.9,0.0,3.6,2026-06-09 23:00:00
29.9,27,940.5,0.0,5.9,2026-06-10 00:00:00
28.8,29,940.2,0.0,5.5,2026-06-10 01:00:00
28.5,29,940.1,0.0,4.5,2026-06-10 02:00:00
27.9,31,939.7,0.0,3.8,2026-06-10 03:00:00
27.9,31,940.2,0.0,3.1,2026-06-10 04:00:00
27.8,32,940.6,0.0,3.0,2026-06-10 05:00:00
28.5,30,941.3,0.0,5.8,2026-06-10 06:00:00
30.4,27,941.9,0.0,5.7,2026-06-10 07:00:00
33.0,23,942.5,0.0,5.2,2026-06-10 08:00:00
35.5,21,943.1,0.0,8.1,2026-06-10 09:00:00
37.2,22,943.1,0.0,6.6,2026-06-10 10:00:00
38.4,19,943.1,0.0,6.8,2026-06-10 11:00:00
39.7,17,943.0,0.0,6.5,2026-06-10 12:00:00
40.4,16,942.0,0.0,8.0,2026-06-10 13:00:00
40.8,15,941.3,0.0,8.1,2026-06-10 14:00:00
40.9,14,940.8,0.0,7.4,2026-06-10 15:00:00
40.9,13,940.4,0.0,8.4,2026-06-10 16:00:00
41.7,9,939.6,0.0,9.6,2026-06-10 17:00:00
39.9,12,939.6,0.0,7.9,2026-06-10 18:00:00
37.3,17,939.6,0.0,6.0,2026-06-10 19:00:00
35.3,20,939.6,0.0,5.8,2026-06-10 20:00:00
33.8,22,939.9,0.0,7.9,2026-06-10 21:00:00
31.8,26,940.2,0.0,5.6,2026-06-10 22:00:00
30.9,28,940.6,0.0,6.7,2026-06-10 23:00:00
30.3,26,940.0,0.0,9.4,2026-06-11 00:00:00
29.6,27,939.7,0.0,6.6,2026-06-11 01:00:00
29.3,28,939.5,0.0,6.9,2026-06-11 02:00:00
28.8,29,939.2,0.0,8.1,2026-06-11 03:00:00
28.4,30,939.3,0.0,7.4,2026-06-11 04:00:00
30.4,31,939.7,0.0,5.7,2026-06-11 05:00:00
30.1,33,940.1,0.0,7.6,2026-06-11 06:00:00
31.3,33,940.5,0.0,3.6,2026-06-11 07:00:00
33.5,30,941.1,0.0,4.9,2026-06-11 08:00:00
35.5,25,941.7,0.0,7.8,2026-06-11 09:00:00
37.2,21,941.8,0.0,7.0,2026-06-11 10:00:00
38.8,16,941.9,0.0,2.9,2026-06-11 11:00:00
40.3,13,941.8,0.0,2.2,2026-06-11 12:00:00
40.6,13,941.3,0.1,6.1,2026-06-11 13:00:00
40.0,14,941.2,0.0,12.7,2026-06-11 14:00:00
39.4,15,941.2,0.0,11.6,2026-06-11 15:00:00
39.1,15,941.1,0.0,10.3,2026-06-11 16:00:00
40.3,13,939.6,0.0,8.7,2026-06-11 17:00:00
39.0,14,940.0,0.0,11.0,2026-06-11 18:00:00
36.3,22,940.8,0.0,19.7,2026-06-11 19:00:00
33.2,31,941.6,0.0,14.6,2026-06-11 20:00:00
31.8,35,942.3,0.0,10.5,2026-06-11 21:00:00
30.9,37,943.0,0.0,9.4,2026-06-11 22:00:00
30.9,39,942.4,0.0,11.2,2026-06-11 23:00:00
29.5,39,942.8,0.0,14.2,2026-06-12 00:00:00
28.0,41,943.4,0.0,14.7,2026-06-12 01:00:00
27.0,45,943.4,0.0,15.5,2026-06-12 02:00:00
26.4,46,943.5,0.0,14.6,2026-06-12 03:00:00
21.7,77,945.0,2.5,16.4,2026-06-12 04:00:00
26.6,43,944.7,0.8,15.0,2026-06-12 05:00:00
27.1,42,945.6,0.0,14.8,2026-06-12 06:00:00
28.2,42,946.7,0.0,16.6,2026-06-12 07:00:00
23.5,77,948.5,4.8,11.0,2026-06-12 08:00:00
22.8,84,948.3,1.8,12.1,2026-06-12 09:00:00
24.9,71,949.1,0.5,9.9,2026-06-12 10:00:00
29.3,49,949.2,0.3,19.2,2026-06-12 11:00:00
30.5,44,949.3,0.0,17.4,2026-06-12 12:00:00
31.1,40,949.0,0.0,14.8,2026-06-12 13:00:00
31.4,40,948.6,0.1,8.9,2026-06-12 14:00:00
30.8,40,949.0,0.0,4.7,2026-06-12 15:00:00
30.2,42,948.4,0.1,9.2,2026-06-12 16:00:00
30.7,37,946.3,0.0,10.3,2026-06-12 17:00:00
25.9,66,947.9,0.9,11.7,2026-06-12 18:00:00
25.8,62,948.0,0.3,8.0,2026-06-12 19:00:00
25.2,62,948.5,0.0,12.9,2026-06-12 20:00:00
25.9,59,949.0,0.0,10.8,2026-06-12 21:00:00
26.5,55,949.1,0.0,8.4,2026-06-12 22:00:00
26.0,59,947.7,0.0,4.1,2026-06-12 23:00:00
25.6,62,947.4,0.0,2.3,2026-06-13 00:00:00
25.2,67,947.0,0.0,0.6,2026-06-13 01:00:00
25.0,66,947.1,0.0,3.5,2026-06-13 02:00:00
24.8,69,947.1,0.0,1.7,2026-06-13 03:00:00
24.4,73,947.4,0.0,2.9,2026-06-13 04:00:00
24.6,60,946.1,0.0,4.5,2026-06-13 05:00:00
24.9,59,947.0,0.0,5.4,2026-06-13 06:00:00
26.2,53,948.4,0.0,7.6,2026-06-13 07:00:00
27.7,49,949.3,0.0,10.1,2026-06-13 08:00:00
28.2,47,950.1,0.0,11.1,2026-06-13 09:00:00
29.4,43,950.0,0.1,6.4,2026-06-13 10:00:00
31.9,34,950.5,0.1,12.7,2026-06-13 11:00:00
31.7,34,950.3,0.1,14.8,2026-06-13 12:00:00
32.5,33,949.8,0.1,14.8,2026-06-13 13:00:00
32.0,34,949.0,0.1,15.5,2026-06-13 14:00:00
32.3,34,948.6,0.0,14.1,2026-06-13 15:00:00
32.6,32,948.3,0.0,13.7,2026-06-13 16:00:00
32.3,31,948.2,0.0,11.7,2026-06-13 17:00:00
32.1,30,947.8,0.0,14.3,2026-06-13 18:00:00
29.4,42,947.9,0.0,18.4,2026-06-13 19:00:00
28.3,47,948.0,0.0,10.7,2026-06-13 20:00:00
27.8,47,948.5,0.0,6.5,2026-06-13 21:00:00
27.1,48,948.4,0.0,3.4,2026-06-13 22:00:00
27.5,45,947.9,0.0,4.0,2026-06-13 23:00:00
26.6,49,947.5,0.0,1.1,2026-06-14 00:00:00
26.0,50,947.0,0.0,1.0,2026-06-14 01:00:00
25.6,51,946.6,0.0,1.5,2026-06-14 02:00:00
25.3,53,946.4,0.0,2.1,2026-06-14 03:00:00
25.0,54,946.1,0.0,1.9,2026-06-14 04:00:00
25.4,60,946.1,0.0,1.0,2026-06-14 05:00:00
25.3,59,946.3,0.0,3.3,2026-06-14 06:00:00
26.9,53,946.6,0.0,3.5,2026-06-14 07:00:00
29.0,45,947.1,0.0,1.7,2026-06-14 08:00:00
30.9,39,947.3,0.0,3.3,2026-06-14 09:00:00
32.1,36,947.2,0.1,4.5,2026-06-14 10:00:00
32.9,32,947.2,0.1,4.5,2026-06-14 11:00:00
33.8,30,946.9,0.1,4.6,2026-06-14 12:00:00
34.4,31,946.3,0.0,5.9,2026-06-14 13:00:00
35.1,30,945.5,0.0,6.2,2026-06-14 14:00:00
34.7,31,945.0,0.0,6.1,2026-06-14 15:00:00
34.2,30,944.5,0.1,1.3,2026-06-14 16:00:00
35.6,24,943.5,0.0,5.6,2026-06-14 17:00:00
34.9,24,943.3,0.0,4.1,2026-06-14 18:00:00
33.6,26,943.2,0.0,4.0,2026-06-14 19:00:00
31.8,31,943.4,0.0,3.3,2026-06-14 20:00:00
30.4,35,944.1,0.0,5.1,2026-06-14 21:00:00
29.6,36,944.6,0.0,6.3,2026-06-14 22:00:00
29.8,38,943.9,0.0,3.3,2026-06-14 23:00:00
28.3,42,943.7,0.0,5.8,2026-06-15 00:00:00
27.7,43,943.3,0.0,6.9,2026-06-15 01:00:00
27.1,45,943.3,0.0,8.8,2026-06-15 02:00:00
26.8,46,943.3,0.0,8.6,2026-06-15 03:00:00
26.5,47,943.6,0.0,8.0,2026-06-15 04:00:00
26.9,50,943.8,0.0,7.4,2026-06-15 05:00:00
27.4,48,944.5,0.0,8.7,2026-06-15 06:00:00
29.2,43,945.2,0.0,7.3,2026-06-15 07:00:00
31.4,37,946.0,0.0,9.2,2026-06-15 08:00:00
33.1,34,946.7,0.0,10.2,2026-06-15 09:00:00
32.7,36,947.1,0.8,8.8,2026-06-15 10:00:00
32.4,36,946.7,0.2,13.7,2026-06-15 11:00:00
33.4,31,946.8,0.2,13.1,2026-06-15 12:00:00
33.4,31,946.9,0.3,7.5,2026-06-15 13:00:00
35.1,27,946.2,0.0,8.5,2026-06-15 14:00:00
34.8,28,945.8,0.0,11.4,2026-06-15 15:00:00
34.5,29,945.4,0.0,7.4,2026-06-15 16:00:00
30.7,44,944.9,0.0,18.0,2026-06-15 17:00:00
31.7,41,944.3,0.1,6.4,2026-06-15 18:00:00
31.7,42,944.7,0.0,10.3,2026-06-15 19:00:00
30.6,45,945.0,0.0,10.5,2026-06-15 20:00:00
29.7,46,945.8,0.0,9.4,2026-06-15 21:00:00
29.0,48,946.2,0.0,7.8,2026-06-15 22:00:00
29.5,49,945.9,0.0,6.1,2026-06-15 23:00:00
23.3,80,946.5,2.9,22.4,2026-06-16 00:00:00
23.2,84,946.7,1.1,10.3,2026-06-16 01:00:00
23.5,90,946.2,0.8,5.8,2026-06-16 02:00:00
23.1,92,945.9,0.2,7.2,2026-06-16 03:00:00
23.4,89,945.8,0.0,5.2,2026-06-16 04:00:00
25.7,61,945.6,0.0,8.4,2026-06-16 05:00:00
25.4,64,946.8,0.0,7.5,2026-06-16 06:00:00
26.1,64,947.6,0.0,13.1,2026-06-16 07:00:00
27.4,59,947.6,0.0,11.2,2026-06-16 08:00:00
29.2,51,948.4,0.0,12.9,2026-06-16 09:00:00
30.9,45,948.7,0.0,12.9,2026-06-16 10:00:00
31.6,41,949.0,0.0,13.8,2026-06-16 11:00:00
32.1,41,949.0,0.0,13.5,2026-06-16 12:00:00
33.3,38,948.8,0.0,10.2,2026-06-16 13:00:00
32.0,40,948.4,0.3,14.8,2026-06-16 14:00:00
31.9,43,947.7,0.3,9.3,2026-06-16 15:00:00
32.1,42,947.3,0.0,9.7,2026-06-16 16:00:00
32.6,42,946.0,0.0,10.2,2026-06-16 17:00:00
31.7,44,946.2,0.0,8.3,2026-06-16 18:00:00
30.5,53,946.4,0.0,4.3,2026-06-16 19:00:00
28.9,62,946.4,0.0,3.1,2026-06-16 20:00:00
28.4,65,947.2,0.0,3.9,2026-06-16 21:00:00
27.7,68,947.4,0.0,4.5,2026-06-16 22:00:00
27.5,64,947.3,0.0,6.1,2026-06-16 23:00:00
26.7,68,947.1,0.0,4.1,2026-06-17 00:00:00
26.2,70,947.1,0.0,4.8,2026-06-17 01:00:00
25.8,70,946.9,0.0,4.7,2026-06-17 02:00:00
25.6,69,946.7,0.0,4.4,2026-06-17 03:00:00
25.4,69,946.8,0.0,4.8,2026-06-17 04:00:00
25.6,69,946.6,0.0,7.1,2026-06-17 05:00:00
25.9,70,947.4,0.0,6.0,2026-06-17 06:00:00
27.4,62,948.3,0.0,6.2,2026-06-17 07:00:00
27.7,59,948.9,0.2,5.4,2026-06-17 08:00:00
26.4,66,949.2,1.3,5.9,2026-06-17 09:00:00
30.4,52,949.4,0.2,9.4,2026-06-17 10:00:00
32.9,41,949.2,0.0,5.3,2026-06-17 11:00:00
33.5,39,948.9,0.0,4.4,2026-06-17 12:00:00
34.2,38,948.2,0.1,5.0,2026-06-17 13:00:00
34.8,36,947.3,0.0,6.4,2026-06-17 14:00:00
35.0,35,946.9,0.0,6.8,2026-06-17 15:00:00
34.5,36,946.4,0.1,5.4,2026-06-17 16:00:00
33.0,39,946.0,1.0,10.3,2026-06-17 17:00:00
32.7,39,946.0,0.0,7.1,2026-06-17 18:00:00
31.6,44,946.1,0.0,6.2,2026-06-17 19:00:00
30.3,50,946.1,0.0,5.5,2026-06-17 20:00:00
29.2,54,946.4,0.0,4.7,2026-06-17 21:00:00
28.2,59,946.5,0.0,1.8,2026-06-17 22:00:00
26.7,59,947.5,0.0,2.7,2026-06-17 23:00:00
25.3,72,946.9,0.0,2.7,2026-06-18 00:00:00
24.8,78,946.4,0.0,3.6,2026-06-18 01:00:00
24.4,81,945.8,0.0,2.7,2026-06-18 02:00:00
24.4,80,945.7,0.0,3.8,2026-06-18 03:00:00
24.6,75,945.8,0.0,2.8,2026-06-18 04:00:00
25.1,74,946.1,0.0,1.5,2026-06-18 05:00:00
25.1,76,947.0,0.0,8.7,2026-06-18 06:00:00
25.6,70,947.1,0.0,8.8,2026-06-18 07:00:00
27.9,62,947.7,0.4,3.4,2026-06-18 08:00:00
30.5,47,947.9,0.1,5.7,2026-06-18 09:00:00
32.7,37,948.1,0.0,5.2,2026-06-18 10:00:00
34.1,30,948.4,0.0,5.9,2026-06-18 11:00:00
33.7,32,948.0,0.8,9.7,2026-06-18 12:00:00
33.6,33,947.9,0.1,5.8,2026-06-18 13:00:00
34.1,34,947.0,0.0,6.1,2026-06-18 14:00:00
34.0,35,946.2,0.0,7.5,2026-06-18 15:00:00
33.0,36,946.3,0.1,6.3,2026-06-18 16:00:00
35.8,25,944.7,0.1,3.8,2026-06-18 17:00:00
34.7,27,944.6,0.0,9.1,2026-06-18 18:00:00
33.1,33,944.7,0.0,8.3,2026-06-18 19:00:00
31.6,38,944.8,0.0,7.8,2026-06-18 20:00:00
30.8,42,945.3,0.0,5.9,2026-06-18 21:00:00
30.1,45,945.7,0.0,6.5,2026-06-18 22:00:00
29.7,45,945.0,0.0,4.3,2026-06-18 23:00:00
28.2,52,945.0,0.0,5.1,2026-06-19 00:00:00
27.9,54,945.2,0.0,6.0,2026-06-19 01:00:00
27.4,56,944.8,0.0,5.0,2026-06-19 02:00:00
27.1,57,944.9,0.0,5.4,2026-06-19 03:00:00
26.8,58,945.0,0.0,3.8,2026-06-19 04:00:00
27.1,56,945.1,0.0,3.4,2026-06-19 05:00:00
26.1,61,946.0,0.0,8.7,2026-06-19 06:00:00
24.4,66,946.3,0.1,5.3,2026-06-19 07:00:00
27.4,56,946.8,0.2,12.1,2026-06-19 08:00:00
30.0,45,947.6,0.0,7.1,2026-06-19 09:00:00
31.6,40,947.8,0.0,1.3,2026-06-19 10:00:00
33.5,34,947.5,0.0,5.8,2026-06-19 11:00:00
34.8,30,947.7,0.0,7.1,2026-06-19 12:00:00
34.5,28,948.1,0.0,7.3,2026-06-19 13:00:00
31.8,38,947.7,0.4,17.1,2026-06-19 14:00:00
31.1,44,948.2,0.5,6.3,2026-06-19 15:00:00
30.9,44,947.4,0.4,6.5,2026-06-19 16:00:00
31.3,42,946.9,0.0,9.5,2026-06-19 17:00:00
30.5,46,946.8,0.0,5.8,2026-06-19 18:00:00
29.2,56,946.9,0.0,3.1,2026-06-19 19:00:00
27.6,64,946.8,0.0,4.4,2026-06-19 20:00:00
27.1,65,947.1,0.0,4.0,2026-06-19 21:00:00
26.8,67,947.3,0.0,3.2,2026-06-19 22:00:00
25.7,70,947.4,0.0,2.0,2026-06-19 23:00:00
24.9,76,946.9,0.0,2.5,2026-06-20 00:00:00
24.6,76,946.5,0.0,4.1,2026-06-20 01:00:00
24.1,76,946.4,0.0,4.0,2026-06-20 02:00:00
23.7,76,945.9,0.0,3.6,2026-06-20 03:00:00
23.4,77,945.8,0.0,3.1,2026-06-20 04:00:00
24.2,65,945.8,0.0,3.2,2026-06-20 05:00:00
24.4,66,946.2,0.0,2.7,2026-06-20 06:00:00
27.0,55,947.1,0.0,1.9,2026-06-20 07:00:00
29.2,47,947.7,0.0,2.3,2026-06-20 08:00:00
31.5,40,948.0,0.0,2.3,2026-06-20 09:00:00
33.3,34,948.1,0.0,4.2,2026-06-20 10:00:00
34.1,29,948.3,0.0,5.0,2026-06-20 11:00:00
34.2,29,948.0,0.0,4.8,2026-06-20 12:00:00
34.7,29,947.6,0.0,5.0,2026-06-20 13:00:00
34.9,29,947.2,0.0,4.9,2026-06-20 14:00:00
34.7,30,946.6,0.0,6.4,2026-06-20 15:00:00
34.6,30,946.2,0.0,6.3,2026-06-20 16:00:00
35.4,27,945.7,0.0,5.9,2026-06-20 17:00:00
34.7,26,945.5,0.0,8.7,2026-06-20 18:00:00
32.6,33,945.5,0.0,8.1,2026-06-20 19:00:00
30.5,43,945.4,0.0,4.4,2026-06-20 20:00:00
28.8,51,945.7,0.0,5.8,2026-06-20 21:00:00
28.4,51,945.7,0.0,7.4,2026-06-20 22:00:00
29.3,40,946.0,0.0,4.0,2026-06-20 23:00:00
27.7,47,945.4,0.2,6.0,2026-06-21 00:00:00
23.1,75,945.3,1.3,12.7,2026-06-21 01:00:00
21.9,84,945.1,1.5,17.8,2026-06-21 02:00:00
22.2,84,944.4,1.0,8.8,2026-06-21 03:00:00
21.8,96,944.6,0.4,1.0,2026-06-21 04:00:00
22.6,77,944.6,0.0,7.1,2026-06-21 05:00:00
23.6,75,944.9,0.0,2.3,2026-06-21 06:00:00
26.9,58,945.7,0.0,3.4,2026-06-21 07:00:00
30.0,41,946.4,0.0,1.6,2026-06-21 08:00:00
32.1,34,946.4,0.0,1.5,2026-06-21 09:00:00
34.1,29,946.2,0.0,0.7,2026-06-21 10:00:00
35.1,26,946.2,0.0,5.7,2026-06-21 11:00:00
34.8,26,945.9,0.0,9.3,2026-06-21 12:00:00
35.4,26,945.6,0.0,9.0,2026-06-21 13:00:00
35.7,25,945.0,0.0,5.5,2026-06-21 14:00:00
35.4,25,944.5,0.0,7.4,2026-06-21 15:00:00
35.3,25,944.3,0.0,7.7,2026-06-21 16:00:00
30.1,54,943.2,0.0,7.1,2026-06-21 17:00:00
31.1,49,944.0,0.0,4.8,2026-06-21 18:00:00
29.6,54,944.0,0.0,4.6,2026-06-21 19:00:00
28.2,66,943.9,0.0,4.4,2026-06-21 20:00:00
27.4,73,944.3,0.0,3.5,2026-06-21 21:00:00
26.5,78,944.4,0.0,2.3,2026-06-21 22:00:00
26.9,71,944.1,0.0,1.9,2026-06-21 23:00:00
26.2,67,944.3,0.0,4.4,2026-06-22 00:00:00
26.2,56,944.3,0.0,7.5,2026-06-22 01:00:00
22.9,77,944.8,2.1,13.6,2026-06-22 02:00:00
21.0,88,945.2,2.0,12.5,2026-06-22 03:00:00
21.6,84,944.9,1.8,14.1,2026-06-22 04:00:00
21.7,84,945.1,0.3,13.1,2026-06-22 05:00:00
21.7,84,945.1,0.7,10.9,2026-06-22 06:00:00
23.3,78,945.6,0.1,8.8,2026-06-22 07:00:00
26.1,66,946.4,0.0,3.6,2026-06-22 08:00:00
29.0,49,947.3,0.0,1.5,2026-06-22 09:00:00
30.8,40,947.5,0.0,2.4,2026-06-22 10:00:00
30.3,43,948.1,0.0,8.1,2026-06-22 11:00:00
27.9,55,948.4,0.3,17.7,2026-06-22 12:00:00
29.0,50,947.8,0.1,14.0,2026-06-22 13:00:00
29.7,47,947.0,0.0,11.5,2026-06-22 14:00:00
30.5,44,946.8,0.0,7.8,2026-06-22 15:00:00
30.7,42,946.1,0.0,5.5,2026-06-22 16:00:00
31.6,38,944.9,0.0,8.9,2026-06-22 17:00:00
30.9,44,944.8,0.0,4.7,2026-06-22 18:00:00
29.0,53,944.7,0.0,6.3,2026-06-22 19:00:00
27.6,57,944.9,0.0,7.8,2026-06-22 20:00:00
26.8,59,945.2,0.0,8.0,2026-06-22 21:00:00
25.8,64,945.0,0.0,5.6,2026-06-22 22:00:00
26.0,64,944.5,0.0,4.0,2026-06-22 23:00:00
25.2,70,944.3,0.0,4.6,2026-06-23 00:00:00
24.7,73,944.0,0.0,4.6,2026-06-23 01:00:00
24.8,73,943.8,0.0,3.8,2026-06-23 02:00:00
24.6,74,943.7,0.0,2.0,2026-06-23 03:00:00
24.6,73,943.8,0.0,0.5,2026-06-23 04:00:00
24.8,68,944.0,0.0,0.6,2026-06-23 05:00:00
24.8,69,944.0,0.0,1.2,2026-06-23 06:00:00
26.2,64,944.5,0.0,2.0,2026-06-23 07:00:00
28.7,54,945.0,0.0,0.9,2026-06-23 08:00:00
30.8,47,945.1,0.0,1.5,2026-06-23 09:00:00
32.4,42,945.0,0.0,4.0,2026-06-23 10:00:00
33.5,35,944.9,0.1,3.9,2026-06-23 11:00:00
34.0,33,944.2,0.1,5.1,2026-06-23 12:00:00
34.4,33,943.3,0.4,7.3,2026-06-23 13:00:00
34.6,33,942.5,0.2,9.0,2026-06-23 14:00:00
34.7,33,942.1,0.0,8.3,2026-06-23 15:00:00
34.6,33,941.6,0.0,6.9,2026-06-23 16:00:00
34.9,32,940.8,0.0,6.2,2026-06-23 17:00:00
33.8,38,940.5,0.0,6.0,2026-06-23 18:00:00
31.5,49,940.3,0.0,5.8,2026-06-23 19:00:00
29.7,57,940.4,0.0,4.3,2026-06-23 20:00:00
29.2,56,941.0,0.0,4.2,2026-06-23 21:00:00
28.3,61,941.2,0.0,3.2,2026-06-23 22:00:00
29.1,60,941.2,0.0,0.9,2026-06-23 23:00:00
28.0,61,941.4,0.0,1.7,2026-06-24 00:00:00
27.7,59,941.9,0.0,2.3,2026-06-24 01:00:00
27.3,57,941.8,0.0,5.2,2026-06-24 02:00:00
26.5,60,941.8,0.0,6.0,2026-06-24 03:00:00
25.9,62,942.2,0.0,8.1,2026-06-24 04:00:00
26.3,64,942.5,0.0,6.7,2026-06-24 05:00:00
26.6,62,943.2,0.0,8.7,2026-06-24 06:00:00
28.2,60,943.9,0.0,8.0,2026-06-24 07:00:00
30.0,52,944.5,0.0,7.9,2026-06-24 08:00:00
31.8,47,945.0,0.0,7.7,2026-06-24 09:00:00
33.2,43,945.2,0.0,6.8,2026-06-24 10:00:00
33.9,39,944.8,0.0,4.7,2026-06-24 11:00:00
35.4,36,944.4,0.1,3.4,2026-06-24 12:00:00
36.3,33,943.7,0.0,2.6,2026-06-24 13:00:00
37.2,32,942.7,0.0,3.3,2026-06-24 14:00:00
37.7,30,942.2,0.0,6.5,2026-06-24 15:00:00
37.3,29,941.8,0.0,6.4,2026-06-24 16:00:00
37.8,29,940.4,0.0,4.6,2026-06-24 17:00:00
36.3,32,940.6,0.0,10.3,2026-06-24 18:00:00
34.2,40,940.9,0.0,8.2,2026-06-24 19:00:00
32.9,44,941.6,0.0,6.5,2026-06-24 20:00:00
31.5,50,942.4,0.0,7.2,2026-06-24 21:00:00
30.6,52,943.3,0.0,11.4,2026-06-24 22:00:00
30.3,54,943.6,0.0,11.6,2026-06-24 23:00:00
29.6,55,943.5,0.0,11.1,2026-06-25 00:00:00
29.3,54,943.9,0.0,17.5,2026-06-25 01:00:00
25.4,67,944.7,0.3,13.0,2026-06-25 02:00:00
24.2,78,944.3,0.5,12.8,2026-06-25 03:00:00
25.0,74,944.5,0.1,8.3,2026-06-25 04:00:00
25.2,81,943.9,0.0,11.0,2026-06-25 05:00:00
25.8,77,944.8,0.0,6.9,2026-06-25 06:00:00
26.7,71,946.0,0.0,9.0,2026-06-25 07:00:00
27.5,66,947.0,0.0,11.0,2026-06-25 08:00:00
28.5,60,947.7,0.0,14.6,2026-06-25 09:00:00
29.6,56,947.9,0.0,14.0,2026-06-25 10:00:00
29.8,54,948.1,0.0,15.2,2026-06-25 11:00:00
31.0,50,948.0,0.1,14.9,2026-06-25 12:00:00
31.3,50,947.5,0.0,12.4,2026-06-25 13:00:00
31.9,48,946.7,0.0,8.1,2026-06-25 14:00:00
32.6,46,945.9,0.0,6.2,2026-06-25 15:00:00
32.7,45,945.3,0.0,7.3,2026-06-25 16:00:00
32.1,47,945.5,0.0,5.3,2026-06-25 17:00:00
31.7,48,945.1,0.0,5.1,2026-06-25 18:00:00
30.4,59,944.8,0.0,2.9,2026-06-25 19:00:00
29.1,65,944.5,0.0,1.9,2026-06-25 20:00:00
28.4,70,945.0,0.0,1.5,2026-06-25 21:00:00
28.0,75,945.2,0.0,0.7,2026-06-25 22:00:00
28.4,70,945.0,0.0,3.0,2026-06-25 23:00:00
27.4,76,945.0,0.0,2.5,2026-06-26 00:00:00
26.9,79,945.4,0.0,3.7,2026-06-26 01:00:00
26.9,75,945.3,0.0,4.8,2026-06-26 02:00:00
26.5,75,945.6,0.0,6.5,2026-06-26 03:00:00
26.3,74,945.9,0.0,6.4,2026-06-26 04:00:00
26.3,73,946.1,0.0,7.6,2026-06-26 05:00:00
26.8,71,946.8,0.0,6.9,2026-06-26 06:00:00
28.3,66,947.3,0.0,6.6,2026-06-26 07:00:00
30.3,57,948.0,0.0,6.5,2026-06-26 08:00:00
32.0,51,948.2,0.0,5.1,2026-06-26 09:00:00
33.4,46,948.3,0.0,4.2,2026-06-26 10:00:00
34.2,41,948.3,0.0,3.0,2026-06-26 11:00:00
35.5,38,948.0,0.0,4.0,2026-06-26 12:00:00
35.9,36,947.6,0.0,4.3,2026-06-26 13:00:00
36.3,35,946.6,0.0,3.6,2026-06-26 14:00:00
36.2,36,946.1,0.0,3.0,2026-06-26 15:00:00
36.1,35,945.6,0.0,4.4,2026-06-26 16:00:00
36.7,31,944.9,0.0,7.8,2026-06-26 17:00:00
36.0,32,945.0,0.0,6.6,2026-06-26 18:00:00
33.8,42,944.9,0.0,4.6,2026-06-26 19:00:00
32.2,49,945.1,0.0,2.1,2026-06-26 20:00:00
31.1,56,945.4,0.0,3.8,2026-06-26 21:00:00
30.1,59,946.0,0.0,3.6,2026-06-26 22:00:00
30.2,59,946.0,0.0,5.2,2026-06-26 23:00:00
28.9,61,945.8,0.0,6.9,2026-06-27 00:00:00
28.2,61,945.8,0.0,6.5,2026-06-27 01:00:00
27.7,62,945.6,0.0,6.9,2026-06-27 02:00:00
27.5,62,945.7,0.0,7.4,2026-06-27 03:00:00
27.3,61,945.7,0.0,7.3,2026-06-27 04:00:00
28.0,61,945.7,0.0,7.9,2026-06-27 05:00:00
28.3,60,946.2,0.0,6.8,2026-06-27 06:00:00
29.7,57,946.6,0.0,5.0,2026-06-27 07:00:00
31.8,49,947.0,0.0,5.6,2026-06-27 08:00:00
33.4,45,947.2,0.0,6.3,2026-06-27 09:00:00
35.1,40,947.2,0.0,5.0,2026-06-27 10:00:00
36.0,35,947.2,0.0,2.0,2026-06-27 11:00:00
37.6,32,946.7,0.0,3.2,2026-06-27 12:00:00
38.7,30,945.9,0.0,5.0,2026-06-27 13:00:00
38.6,31,944.9,0.0,6.9,2026-06-27 14:00:00
37.9,32,944.3,0.0,6.1,2026-06-27 15:00:00
37.9,32,943.4,0.0,3.0,2026-06-27 16:00:00
38.5,28,942.9,0.0,3.1,2026-06-27 17:00:00
37.7,29,942.6,0.0,1.3,2026-06-27 18:00:00
36.1,33,942.5,0.0,2.2,2026-06-27 19:00:00
33.7,43,942.3,0.0,6.9,2026-06-27 20:00:00
32.7,47,942.8,0.0,7.3,2026-06-27 21:00:00
32.1,50,943.1,0.0,7.2,2026-06-27 22:00:00
31.8,52,942.8,0.0,6.6,2026-06-27 23:00:00
31.0,53,942.8,0.0,7.3,2026-06-28 00:00:00
30.4,54,942.6,0.0,7.9,2026-06-28 01:00:00
29.9,54,942.5,0.0,8.0,2026-06-28 02:00:00
29.4,56,942.6,0.0,7.3,2026-06-28 03:00:00
29.0,58,942.7,0.0,7.7,2026-06-28 04:00:00
29.3,55,942.5,0.0,10.2,2026-06-28 05:00:00
29.4,55,942.5,0.0,10.1,2026-06-28 06:00:00
31.0,51,943.1,0.0,7.5,2026-06-28 07:00:00
33.2,45,943.8,0.0,9.0,2026-06-28 08:00:00
34.6,43,944.1,0.0,10.8,2026-06-28 09:00:00
35.7,41,944.3,0.0,10.4,2026-06-28 10:00:00
37.0,38,944.2,0.0,8.4,2026-06-28 11:00:00
38.1,34,943.6,0.0,7.3,2026-06-28 12:00:00
39.3,30,943.2,0.0,6.6,2026-06-28 13:00:00
39.7,28,942.3,0.0,7.6,2026-06-28 14:00:00
39.9,27,941.6,0.0,7.3,2026-06-28 15:00:00
40.0,27,940.9,0.0,5.9,2026-06-28 16:00:00
39.7,26,940.4,0.0,5.3,2026-06-28 17:00:00
38.4,29,940.3,0.0,10.2,2026-06-28 18:00:00
36.2,38,940.4,0.0,12.8,2026-06-28 19:00:00
34.9,44,940.5,0.0,8.8,2026-06-28 20:00:00
33.7,49,941.1,0.0,7.5,2026-06-28 21:00:00
32.7,51,941.2,0.0,5.4,2026-06-28 22:00:00
32.8,47,941.0,0.0,7.7,2026-06-28 23:00:00
31.9,49,940.8,0.0,9.4,2026-06-29 00:00:00
31.4,50,940.6,0.0,8.3,2026-06-29 01:00:00
30.9,51,940.5,0.0,6.8,2026-06-29 02:00:00
30.4,53,940.6,0.0,7.1,2026-06-29 03:00:00
29.9,55,940.7,0.0,8.2,2026-06-29 04:00:00
29.8,54,940.1,0.0,8.0,2026-06-29 05:00:00
29.9,54,940.2,0.0,7.7,2026-06-29 06:00:00
31.5,50,940.6,0.0,6.2,2026-06-29 07:00:00
33.8,44,941.4,0.0,7.2,2026-06-29 08:00:00
35.3,42,941.7,0.0,9.3,2026-06-29 09:00:00
36.6,41,941.8,0.0,9.2,2026-06-29 10:00:00
37.2,40,942.1,0.0,11.1,2026-06-29 11:00:00
37.0,43,942.0,0.4,10.4,2026-06-29 12:00:00
37.7,41,941.7,0.0,10.0,2026-06-29 13:00:00
38.1,41,941.0,0.0,10.7,2026-06-29 14:00:00
38.5,40,940.7,0.0,11.8,2026-06-29 15:00:00
38.1,41,939.9,0.0,12.3,2026-06-29 16:00:00
38.5,40,939.7,0.0,13.0,2026-06-29 17:00:00
37.5,42,939.5,0.0,13.0,2026-06-29 18:00:00
36.3,46,939.3,0.0,12.4,2026-06-29 19:00:00
35.1,49,939.5,0.0,10.5,2026-06-29 20:00:00
34.2,50,940.0,0.0,8.1,2026-06-29 21:00:00
33.3,52,940.4,0.0,9.0,2026-06-29 22:00:00
33.6,53,940.1,0.0,10.3,2026-06-29 23:00:00
32.6,57,940.0,0.0,8.3,2026-06-30 00:00:00
32.1,58,940.1,0.0,7.3,2026-06-30 01:00:00
31.6,60,940.0,0.0,8.6,2026-06-30 02:00:00
31.1,63,940.1,0.0,9.0,2026-06-30 03:00:00
30.7,66,940.2,0.0,10.4,2026-06-30 04:00:00
30.9,69,940.2,0.0,9.7,2026-06-30 05:00:00
31.1,69,940.5,0.0,9.4,2026-06-30 06:00:00
32.1,64,941.0,0.0,11.0,2026-06-30 07:00:00
33.1,59,941.4,0.0,11.8,2026-06-30 08:00:00
34.4,54,941.6,0.0,9.6,2026-06-30 09:00:00
35.9,49,941.6,0.0,9.3,2026-06-30 10:00:00
37.1,44,942.2,0.0,12.2,2026-06-30 11:00:00
37.7,43,942.2,0.0,11.5,2026-06-30 12:00:00
38.9,39,941.8,0.0,11.2,2026-06-30 13:00:00
39.1,37,941.3,0.0,11.7,2026-06-30 14:00:00
36.4,48,941.0,1.1,7.1,2026-06-30 15:00:00
36.5,47,940.5,0.8,12.0,2026-06-30 16:00:00
38.7,37,940.0,0.0,13.6,2026-06-30 17:00:00
34.6,51,939.8,0.7,14.8,2026-06-30 18:00:00
34.0,52,939.9,0.0,15.1,2026-06-30 19:00:00
32.8,57,940.1,0.0,8.9,2026-06-30 20:00:00
32.7,58,941.3,0.0,10.2,2026-06-30 21:00:00
32.1,60,941.9,0.0,10.7,2026-06-30 22:00:00
33.0,61,941.5,0.0,12.2,2026-06-30 23:00:00
32.0,63,941.1,0.0,9.3,2026-07-01 00:00:00
31.4,64,941.1,0.0,9.7,2026-07-01 01:00:00
30.8,67,941.1,0.0,9.8,2026-07-01 02:00:00
30.2,67,941.2,0.0,11.4,2026-07-01 03:00:00
29.1,68,941.7,0.0,14.2,2026-07-01 04:00:00
27.1,76,940.6,0.2,8.8,2026-07-01 05:00:00
27.3,78,941.2,0.0,9.3,2026-07-01 06:00:00
28.4,74,941.3,0.0,5.4,2026-07-01 07:00:00
29.8,66,942.4,0.0,12.5,2026-07-01 08:00:00
29.7,68,943.3,1.1,15.3,2026-07-01 09:00:00
31.6,60,943.3,0.1,13.0,2026-07-01 10:00:00
33.8,50,943.1,0.0,15.3,2026-07-01 11:00:00
35.0,48,943.4,0.1,14.6,2026-07-01 12:00:00
31.3,65,943.4,1.8,10.8,2026-07-01 13:00:00
34.2,55,942.6,0.3,11.9,2026-07-01 14:00:00
34.3,53,942.0,0.1,11.1,2026-07-01 15:00:00
33.6,56,941.5,0.1,11.6,2026-07-01 16:00:00
31.6,60,941.5,0.0,11.4,2026-07-01 17:00:00
28.9,74,941.5,0.7,16.3,2026-07-01 18:00:00
28.8,75,942.1,0.2,11.8,2026-07-01 19:00:00
28.4,75,942.4,0.0,12.5,2026-07-01 20:00:00
28.4,73,942.7,0.0,8.7,2026-07-01 21:00:00
28.2,71,943.5,0.0,7.2,2026-07-01 22:00:00
24.3,91,943.4,0.0,9.1,2026-07-01 23:00:00
24.8,87,942.8,0.1,3.0,2026-07-02 00:00:00
25.2,86,942.7,0.0,2.1,2026-07-02 01:00:00
25.2,88,942.5,0.0,6.0,2026-07-02 02:00:00
25.2,85,943.0,0.0,10.4,2026-07-02 03:00:00
25.1,84,943.2,0.0,7.5,2026-07-02 04:00:00
26.0,86,943.2,0.0,7.4,2026-07-02 05:00:00
25.5,85,943.9,0.1,8.5,2026-07-02 06:00:00
26.3,79,944.6,0.0,9.5,2026-07-02 07:00:00
27.5,74,945.0,0.0,7.0,2026-07-02 08:00:00
29.3,65,945.3,0.0,9.0,2026-07-02 09:00:00
30.5,61,945.3,0.0,8.0,2026-07-02 10:00:00
31.2,57,945.9,0.0,8.1,2026-07-02 11:00:00
32.4,53,945.4,0.0,8.1,2026-07-02 12:00:00
33.2,50,944.5,0.0,7.9,2026-07-02 13:00:00
33.6,49,944.0,0.0,10.0,2026-07-02 14:00:00
33.8,47,943.4,0.0,10.0,2026-07-02 15:00:00
33.8,47,943.0,0.0,10.1,2026-07-02 16:00:00
33.5,48,943.1,0.0,9.3,2026-07-02 17:00:00
33.0,49,943.1,0.0,7.6,2026-07-02 18:00:00
32.2,52,943.1,0.0,7.9,2026-07-02 19:00:00
31.3,56,943.3,0.0,7.6,2026-07-02 20:00:00
30.4,61,944.1,0.0,8.5,2026-07-02 21:00:00
29.7,65,944.4,0.0,7.9,2026-07-02 22:00:00
29.6,67,944.8,0.0,7.4,2026-07-02 23:00:00
28.6,71,944.9,0.0,6.2,2026-07-03 00:00:00
28.0,74,945.2,0.0,3.8,2026-07-03 01:00:00
26.2,77,946.0,0.0,13.6,2026-07-03 02:00:00
23.2,97,945.5,4.7,18.9,2026-07-03 03:00:00
23.2,95,945.7,0.6,8.6,2026-07-03 04:00:00
23.3,95,945.4,0.0,11.2,2026-07-03 05:00:00
23.7,97,945.1,1.2,9.2,2026-07-03 06:00:00
25.1,87,945.4,0.0,6.3,2026-07-03 07:00:00
27.4,73,946.1,0.0,3.1,2026-07-03 08:00:00
30.0,61,946.7,0.0,0.9,2026-07-03 09:00:00
31.9,54,946.9,0.0,3.2,2026-07-03 10:00:00
32.6,50,946.5,0.0,7.4,2026-07-03 11:00:00
33.9,49,946.5,0.0,8.7,2026-07-03 12:00:00
34.4,49,946.0,0.0,6.1,2026-07-03 13:00:00
35.0,46,945.0,0.0,5.9,2026-07-03 14:00:00
35.5,43,944.1,0.0,6.5,2026-07-03 15:00:00
35.5,41,943.2,0.0,8.9,2026-07-03 16:00:00
35.2,38,942.5,0.0,12.2,2026-07-03 17:00:00
34.2,42,942.5,0.0,10.6,2026-07-03 18:00:00
32.7,51,942.3,0.0,6.1,2026-07-03 19:00:00
31.2,60,942.2,0.0,5.2,2026-07-03 20:00:00
29.9,67,942.5,0.0,4.9,2026-07-03 21:00:00
28.8,76,942.7,0.0,3.8,2026-07-03 22:00:00
28.8,75,942.7,0.0,2.0,2026-07-03 23:00:00
28.5,73,942.8,0.0,2.2,2026-07-04 00:00:00
28.1,71,942.8,0.0,2.6,2026-07-04 01:00:00
27.8,67,943.0,0.0,4.6,2026-07-04 02:00:00
27.6,62,943.3,0.0,7.4,2026-07-04 03:00:00
27.7,60,943.3,0.0,8.3,2026-07-04 04:00:00
28.0,61,943.6,0.0,7.5,2026-07-04 05:00:00
28.2,63,944.0,0.0,7.4,2026-07-04 06:00:00
29.9,59,944.7,0.0,5.3,2026-07-04 07:00:00
31.6,56,944.9,0.0,5.1,2026-07-04 08:00:00
33.5,47,944.8,0.0,2.8,2026-07-04 09:00:00
35.2,39,944.3,0.0,3.5,2026-07-04 10:00:00
35.7,36,944.9,0.0,7.8,2026-07-04 11:00:00
36.6,33,944.3,0.0,8.9,2026-07-04 12:00:00
37.3,31,943.1,0.0,8.7,2026-07-04 13:00:00
37.9,29,942.4,0.0,9.0,2026-07-04 14:00:00
38.0,28,941.5,0.0,9.3,2026-07-04 15:00:00
37.9,27,940.9,0.0,8.9,2026-07-04 16:00:00
37.9,30,940.5,0.0,10.1,2026-07-04 17:00:00
36.8,32,940.2,0.0,10.7,2026-07-04 18:00:00
35.4,34,940.0,0.0,8.8,2026-07-04 19:00:00
34.2,36,940.0,0.0,6.6,2026-07-04 20:00:00
32.9,41,940.1,0.0,4.2,2026-07-04 21:00:00
31.4,47,940.2,0.0,4.8,2026-07-04 22:00:00
31.7,49,940.1,0.0,3.6,2026-07-04 23:00:00
30.8,53,940.4,0.0,2.4,2026-07-05 00:00:00
30.3,54,940.4,0.0,4.3,2026-07-05 01:00:00
29.5,56,940.7,0.0,5.2,2026-07-05 02:00:00
29.0,56,940.9,0.0,7.6,2026-07-05 03:00:00
28.8,54,941.2,0.0,10.2,2026-07-05 04:00:00
29.1,63,941.6,0.0,10.6,2026-07-05 05:00:00
29.3,64,942.2,0.0,10.0,2026-07-05 06:00:00
31.0,61,942.6,0.0,7.8,2026-07-05 07:00:00
32.6,58,942.8,0.0,8.3,2026-07-05 08:00:00
34.2,51,943.0,0.0,8.6,2026-07-05 09:00:00
36.0,42,943.0,0.0,5.1,2026-07-05 10:00:00
36.4,38,943.5,0.0,4.5,2026-07-05 11:00:00
37.2,36,942.9,0.1,6.6,2026-07-05 12:00:00
37.9,33,942.3,0.0,8.8,2026-07-05 13:00:00
38.3,32,941.5,0.0,9.0,2026-07-05 14:00:00
38.6,31,941.0,0.0,7.7,2026-07-05 15:00:00
38.5,31,940.4,0.0,6.9,2026-07-05 16:00:00
39.1,31,939.8,0.0,8.7,2026-07-05 17:00:00
37.4,34,939.6,0.0,9.9,2026-07-05 18:00:00
36.2,40,939.6,0.0,5.3,2026-07-05 19:00:00
34.6,48,939.3,0.0,3.1,2026-07-05 20:00:00
32.9,56,939.5,0.0,2.8,2026-07-05 21:00:00
32.1,57,940.0,0.0,2.7,2026-07-05 22:00:00
32.5,59,940.5,0.0,3.1,2026-07-05 23:00:00
31.9,58,940.7,0.0,5.0,2026-07-06 00:00:00
31.4,54,940.9,0.0,9.7,2026-07-06 01:00:00
30.7,56,941.1,0.0,10.6,2026-07-06 02:00:00
30.5,59,941.0,0.0,10.7,2026-07-06 03:00:00
30.4,61,941.2,0.0,9.9,2026-07-06 04:00:00
29.3,73,941.6,0.0,10.7,2026-07-06 05:00:00
29.2,73,941.9,0.0,9.9,2026-07-06 06:00:00
30.2,70,942.7,0.0,12.2,2026-07-06 07:00:00
31.1,67,943.1,0.0,11.1,2026-07-06 08:00:00
32.4,61,943.2,0.0,10.4,2026-07-06 09:00:00
33.8,55,943.1,0.0,10.7,2026-07-06 10:00:00
34.0,53,943.7,0.0,12.2,2026-07-06 11:00:00
34.3,52,943.2,0.0,11.0,2026-07-06 12:00:00
34.7,50,942.8,0.1,7.0,2026-07-06 13:00:00
35.0,49,941.9,0.1,6.3,2026-07-06 14:00:00
34.8,49,941.5,0.0,6.4,2026-07-06 15:00:00
34.9,49,941.1,0.1,4.7,2026-07-06 16:00:00
34.6,47,940.8,0.0,6.9,2026-07-06 17:00:00
33.6,50,941.0,0.0,6.0,2026-07-06 18:00:00
32.6,54,941.1,0.0,7.4,2026-07-06 19:00:00
31.6,59,941.2,0.0,7.5,2026-07-06 20:00:00
30.9,64,941.5,0.0,7.2,2026-07-06 21:00:00
30.2,67,941.8,0.0,6.6,2026-07-06 22:00:00
28.7,67,942.6,0.0,3.8,2026-07-06 23:00:00
28.0,71,942.3,0.0,1.1,2026-07-07 00:00:00
27.6,76,942.3,0.0,2.2,2026-07-07 01:00:00
27.5,77,942.4,0.0,2.7,2026-07-07 02:00:00
27.2,76,942.2,0.0,4.0,2026-07-07 03:00:00
26.9,77,942.4,0.0,2.7,2026-07-07 04:00:00
28.1,68,942.9,0.0,6.4,2026-07-07 05:00:00
27.1,73,942.8,0.0,2.0,2026-07-07 06:00:00
27.6,67,943.5,0.0,5.8,2026-07-07 07:00:00
28.2,61,943.8,0.0,5.8,2026-07-07 08:00:00
30.1,57,943.7,0.0,2.3,2026-07-07 09:00:00
31.4,54,943.2,0.0,0.2,2026-07-07 10:00:00
32.4,52,943.0,0.0,4.6,2026-07-07 11:00:00
34.4,46,942.5,0.0,8.2,2026-07-07 12:00:00
35.1,43,941.3,0.0,8.5,2026-07-07 13:00:00
35.6,40,940.6,0.0,10.9,2026-07-07 14:00:00
35.7,38,940.0,0.0,11.8,2026-07-07 15:00:00
35.5,39,939.6,0.0,11.0,2026-07-07 16:00:00
35.4,39,938.9,0.0,7.6,2026-07-07 17:00:00
34.6,44,938.7,0.0,4.2,2026-07-07 18:00:00
32.4,59,938.7,0.0,2.3,2026-07-07 19:00:00
30.9,65,939.1,0.0,4.5,2026-07-07 20:00:00
29.8,70,939.7,0.0,3.8,2026-07-07 21:00:00
29.1,72,940.1,0.0,2.9,2026-07-07 22:00:00
30.0,62,940.3,0.0,4.8,2026-07-07 23:00:00
29.1,61,940.2,0.0,5.1,2026-07-08 00:00:00
28.4,62,940.6,0.0,6.8,2026-07-08 01:00:00
27.9,66,940.8,0.0,6.6,2026-07-08 02:00:00
27.6,68,940.7,0.0,6.5,2026-07-08 03:00:00
27.4,71,940.9,0.0,4.6,2026-07-08 04:00:00
27.2,73,939.9,0.0,5.1,2026-07-08 05:00:00
28.1,68,940.7,0.0,2.3,2026-07-08 06:00:00
29.9,60,941.4,0.0,3.2,2026-07-08 07:00:00
31.8,53,941.8,0.0,9.0,2026-07-08 08:00:00
32.4,54,941.5,0.0,6.5,2026-07-08 09:00:00
34.9,46,941.7,0.0,2.5,2026-07-08 10:00:00
34.5,40,942.2,0.1,9.9,2026-07-08 11:00:00
34.5,43,942.1,0.1,10.2,2026-07-08 12:00:00
35.1,44,941.5,0.0,6.9,2026-07-08 13:00:00
36.1,41,940.8,0.1,4.7,2026-07-08 14:00:00
36.6,38,940.3,0.0,6.2,2026-07-08 15:00:00
36.6,35,939.9,0.0,4.4,2026-07-08 16:00:00
34.0,42,939.6,0.0,11.2,2026-07-08 17:00:00
32.6,50,940.0,0.0,7.4,2026-07-08 18:00:00
30.8,58,940.2,0.0,9.1,2026-07-08 19:00:00
28.5,69,940.7,0.0,10.1,2026-07-08 20:00:00
27.6,74,941.3,0.0,6.3,2026-07-08 21:00:00
27.1,78,941.6,0.0,3.5,2026-07-08 22:00:00
26.4,76,942.1,0.0,6.3,2026-07-08 23:00:00
25.5,80,941.8,0.0,2.4,2026-07-09 00:00:00
25.2,82,941.6,0.0,1.1,2026-07-09 01:00:00
25.0,84,941.6,0.0,2.3,2026-07-09 02:00:00
24.8,86,941.3,0.0,2.3,2026-07-09 03:00:00
24.9,83,941.3,0.0,3.2,2026-07-09 04:00:00
25.0,83,941.2,0.0,1.0,2026-07-09 05:00:00
25.0,86,941.2,0.0,1.6,2026-07-09 06:00:00
26.8,73,941.7,0.0,1.2,2026-07-09 07:00:00
28.5,66,941.9,0.0,4.1,2026-07-09 08:00:00
30.3,58,942.0,0.0,7.3,2026-07-09 09:00:00
31.9,50,941.8,0.0,8.4,2026-07-09 10:00:00
32.3,47,942.4,0.0,6.9,2026-07-09 11:00:00
33.4,44,942.3,0.0,6.9,2026-07-09 12:00:00
34.3,42,941.8,0.0,7.7,2026-07-09 13:00:00
34.8,41,941.4,0.0,6.8,2026-07-09 14:00:00
35.2,41,941.1,0.0,5.9,2026-07-09 15:00:00
35.2,40,940.7,0.0,4.9,2026-07-09 16:00:00
35.1,41,940.4,0.0,7.3,2026-07-09 17:00:00
33.9,48,940.3,0.0,8.5,2026-07-09 18:00:00
31.9,58,940.4,0.0,4.7,2026-07-09 19:00:00
30.5,62,940.9,0.0,4.4,2026-07-09 20:00:00
29.7,65,941.7,0.0,3.9,2026-07-09 21:00:00
28.9,66,942.4,0.0,5.7,2026-07-09 22:00:00
29.1,66,942.1,0.0,6.6,2026-07-09 23:00:00
28.5,64,942.3,0.0,9.5,2026-07-10 00:00:00
28.0,64,942.8,0.0,14.1,2026-07-10 01:00:00
25.9,72,942.7,0.0,11.5,2026-07-10 02:00:00
26.2,72,942.3,0.0,8.8,2026-07-10 03:00:00
26.4,72,942.5,0.0,7.9,2026-07-10 04:00:00
25.7,85,941.8,0.0,3.6,2026-07-10 05:00:00
25.6,87,941.7,0.1,7.4,2026-07-10 06:00:00
26.6,84,942.0,0.0,5.7,2026-07-10 07:00:00
28.4,73,942.6,0.0,5.7,2026-07-10 08:00:00
30.2,65,942.9,0.0,6.2,2026-07-10 09:00:00
31.8,60,942.8,0.0,6.5,2026-07-10 10:00:00
32.9,57,942.6,0.0,4.9,2026-07-10 11:00:00
33.9,54,942.2,0.2,4.1,2026-07-10 12:00:00
34.6,52,941.5,0.1,4.7,2026-07-10 13:00:00
35.2,51,940.9,0.1,6.6,2026-07-10 14:00:00
35.1,50,940.6,0.1,8.0,2026-07-10 15:00:00
33.6,54,940.3,0.2,10.9,2026-07-10 16:00:00
35.7,42,939.5,0.2,8.4,2026-07-10 17:00:00
34.3,47,939.7,0.0,12.5,2026-07-10 18:00:00
31.7,61,939.9,0.0,12.6,2026-07-10 19:00:00
30.5,67,940.3,0.0,8.7,2026-07-10 20:00:00
30.0,69,941.1,0.0,9.2,2026-07-10 21:00:00
29.2,72,941.6,0.0,8.6,2026-07-10 22:00:00
28.9,73,941.3,0.0,11.8,2026-07-10 23:00:00
28.0,75,941.2,0.0,9.9,2026-07-11 00:00:00
27.7,75,941.1,0.0,9.4,2026-07-11 01:00:00
27.5,75,940.3,0.0,10.1,2026-07-11 02:00:00
26.1,80,940.4,0.4,12.5,2026-07-11 03:00:00
25.1,89,939.3,2.8,11.4,2026-07-11 04:00:00
24.0,97,939.9,0.8,9.9,2026-07-11 05:00:00
24.2,97,940.1,1.3,9.6,2026-07-11 06:00:00
25.1,91,940.1,0.1,5.9,2026-07-11 07:00:00
27.1,78,940.9,0.0,4.6,2026-07-11 08:00:00
28.5,72,941.3,0.0,6.4,2026-07-11 09:00:00
29.9,68,941.2,0.0,7.8,2026-07-11 10:00:00
30.2,66,941.6,0.0,9.0,2026-07-11 11:00:00
30.5,66,941.4,0.0,10.1,2026-07-11 12:00:00
30.5,67,940.9,0.2,8.0,2026-07-11 13:00:00
32.2,61,940.0,0.1,8.5,2026-07-11 14:00:00
30.8,66,939.9,0.2,11.4,2026-07-11 15:00:00
30.9,67,939.4,0.2,11.2,2026-07-11 16:00:00
31.3,59,939.3,0.0,11.1,2026-07-11 17:00:00
30.1,66,939.2,0.0,10.4,2026-07-11 18:00:00
28.8,74,939.5,0.0,10.8,2026-07-11 19:00:00
28.0,78,940.1,0.0,8.0,2026-07-11 20:00:00
27.7,78,940.8,0.0,5.8,2026-07-11 21:00:00
27.4,79,940.9,0.0,5.3,2026-07-11 22:00:00
26.3,83,940.2,0.0,8.0,2026-07-11 23:00:00
22.2,94,940.9,8.1,12.5,2026-07-12 00:00:00
22.5,94,939.9,3.4,8.9,2026-07-12 01:00:00
23.1,92,939.1,0.6,7.5,2026-07-12 02:00:00
23.3,90,938.0,0.0,9.7,2026-07-12 03:00:00
23.6,90,938.3,0.0,3.6,2026-07-12 04:00:00
24.1,96,937.5,0.0,1.6,2026-07-12 05:00:00
23.9,98,937.8,0.0,6.0,2026-07-12 06:00:00
24.1,94,938.6,0.0,5.9,2026-07-12 07:00:00
25.1,86,939.4,0.0,1.3,2026-07-12 08:00:00
25.6,84,939.9,0.0,5.4,2026-07-12 09:00:00
26.3,79,939.8,0.0,9.3,2026-07-12 10:00:00
26.1,79,940.1,0.0,5.0,2026-07-12 11:00:00
28.8,69,940.4,0.0,7.8,2026-07-12 12:00:00
27.8,72,940.6,0.0,7.7,2026-07-12 13:00:00
29.0,67,940.5,0.0,5.0,2026-07-12 14:00:00
30.1,62,940.8,0.0,5.2,2026-07-12 15:00:00
30.0,62,940.7,0.0,5.9,2026-07-12 16:00:00
30.6,60,940.3,0.0,9.8,2026-07-12 17:00:00
29.6,65,940.7,0.0,5.2,2026-07-12 18:00:00
28.7,72,940.6,0.0,3.3,2026-07-12 19:00:00
27.7,78,940.5,0.0,3.2,2026-07-12 20:00:00
27.7,79,941.3,0.0,1.5,2026-07-12 21:00:00
26.8,82,941.6,0.0,1.4,2026-07-12 22:00:00
27.6,81,941.5,0.0,2.1,2026-07-12 23:00:00
26.8,83,941.3,0.0,1.3,2026-07-13 00:00:00
26.4,85,940.9,0.0,1.0,2026-07-13 01:00:00
26.3,86,940.6,0.0,0.8,2026-07-13 02:00:00
25.4,91,940.2,0.0,1.1,2026-07-13 03:00:00
25.2,90,939.7,0.0,4.2,2026-07-13 04:00:00
25.4,81,939.7,0.0,3.3,2026-07-13 05:00:00
25.5,80,939.9,0.0,1.5,2026-07-13 06:00:00
27.1,75,940.2,0.0,2.6,2026-07-13 07:00:00
29.0,65,941.1,0.0,1.5,2026-07-13 08:00:00
30.5,59,941.2,0.0,1.6,2026-07-13 09:00:00
32.0,53,941.2,0.0,4.1,2026-07-13 10:00:00
32.9,50,941.6,0.0,3.8,2026-07-13 11:00:00
33.0,49,941.7,0.0,2.3,2026-07-13 12:00:00
32.9,50,941.5,0.1,3.6,2026-07-13 13:00:00
31.3,54,941.7,0.3,3.0,2026-07-13 14:00:00
32.0,52,941.2,0.1,2.8,2026-07-13 15:00:00
32.6,48,941.3,0.0,1.0,2026-07-13 16:00:00
33.7,41,940.3,0.0,5.9,2026-07-13 17:00:00
32.6,47,940.6,0.0,5.4,2026-07-13 18:00:00
30.9,61,940.7,0.0,2.5,2026-07-13 19:00:00
30.1,62,941.1,0.0,1.0,2026-07-13 20:00:00
29.0,67,941.5,0.0,2.4,2026-07-13 21:00:00
28.2,68,941.7,0.0,1.6,2026-07-13 22:00:00
28.4,70,941.5,0.0,2.8,2026-07-13 23:00:00
27.4,75,941.5,0.0,3.5,2026-07-14 00:00:00
27.2,73,941.4,0.0,3.7,2026-07-14 01:00:00
26.7,73,941.4,0.0,3.1,2026-07-14 02:00:00
25.8,75,941.3,0.0,4.5,2026-07-14 03:00:00
25.5,72,941.3,0.0,8.3,2026-07-14 04:00:00
25.4,78,941.8,0.0,1.6,2026-07-14 05:00:00
22.3,95,942.5,2.4,5.7,2026-07-14 06:00:00
23.5,91,942.7,0.4,5.5,2026-07-14 07:00:00
26.1,79,943.0,0.2,4.5,2026-07-14 08:00:00
28.8,64,943.2,0.0,3.9,2026-07-14 09:00:00
30.6,57,943.4,0.0,3.5,2026-07-14 10:00:00
31.7,53,943.9,0.0,3.5,2026-07-14 11:00:00
33.0,49,943.6,0.0,3.9,2026-07-14 12:00:00
33.5,48,943.1,0.0,4.3,2026-07-14 13:00:00
34.0,47,942.9,0.0,6.7,2026-07-14 14:00:00
33.4,49,942.6,0.0,5.7,2026-07-14 15:00:00
32.5,53,942.5,0.2,5.3,2026-07-14 16:00:00
34.0,40,942.2,0.5,5.4,2026-07-14 17:00:00
32.8,45,942.4,0.1,6.8,2026-07-14 18:00:00
30.0,60,942.7,0.0,11.8,2026-07-14 19:00:00
28.6,68,943.1,0.0,4.0,2026-07-14 20:00:00
27.9,73,943.7,0.0,7.8,2026-07-14 21:00:00
27.8,73,943.8,0.0,6.7,2026-07-14 22:00:00
27.8,72,943.9,0.0,8.9,2026-07-14 23:00:00
26.9,75,943.6,0.0,5.2,2026-07-15 00:00:00
26.5,78,943.9,0.0,3.0,2026-07-15 01:00:00
26.2,78,943.6,0.0,2.7,2026-07-15 02:00:00
25.8,80,943.2,0.0,4.2,2026-07-15 03:00:00
25.5,81,943.1,0.0,3.6,2026-07-15 04:00:00
25.9,79,943.4,0.0,2.7,2026-07-15 05:00:00
26.1,76,943.6,0.0,3.5,2026-07-15 06:00:00
27.3,70,944.0,0.0,3.5,2026-07-15 07:00:00
29.2,62,944.8,0.0,3.0,2026-07-15 08:00:00
30.9,54,945.0,0.0,4.1,2026-07-15 09:00:00
32.3,50,945.3,0.0,6.6,2026-07-15 10:00:00
32.9,48,945.7,0.0,4.2,2026-07-15 11:00:00
33.5,48,945.4,0.1,5.8,2026-07-15 12:00:00
33.9,47,944.9,0.0,7.0,2026-07-15 13:00:00
34.2,47,944.8,0.0,6.6,2026-07-15 14:00:00
34.0,48,944.2,0.1,6.1,2026-07-15 15:00:00
32.6,56,944.0,1.0,8.0,2026-07-15 16:00:00
33.5,46,944.2,0.5,10.5,2026-07-15 17:00:00
29.8,62,944.3,0.2,9.0,2026-07-15 18:00:00
28.5,69,944.5,0.1,6.3,2026-07-15 19:00:00
28.2,74,944.7,0.0,3.8,2026-07-15 20:00:00
28.1,74,945.1,0.0,5.7,2026-07-15 21:00:00
27.8,74,945.3,0.0,4.1,2026-07-15 22:00:00
28.0,73,945.1,0.0,4.9,2026-07-15 23:00:00
27.5,73,945.2,0.0,4.7,2026-07-16 00:00:00
27.2,73,945.1,0.0,3.9,2026-07-16 01:00:00
26.8,74,945.1,0.0,3.7,2026-07-16 02:00:00
26.4,74,944.9,0.0,4.0,2026-07-16 03:00:00
26.2,74,944.9,0.0,3.5,2026-07-16 04:00:00
26.9,73,945.2,0.0,2.2,2026-07-16 05:00:00
27.0,72,945.4,0.0,3.9,2026-07-16 06:00:00
28.3,69,945.7,0.0,3.5,2026-07-16 07:00:00
30.2,59,946.0,0.0,2.7,2026-07-16 08:00:00
31.8,55,945.9,0.0,2.2,2026-07-16 09:00:00
33.3,51,945.9,0.0,5.0,2026-07-16 10:00:00
34.2,48,946.2,0.0,7.5,2026-07-16 11:00:00
35.0,45,945.7,0.0,8.0,2026-07-16 12:00:00
35.8,43,945.3,0.0,6.7,2026-07-16 13:00:00
35.9,43,944.8,0.0,6.7,2026-07-16 14:00:00
35.8,43,944.3,0.0,5.6,2026-07-16 15:00:00
35.7,42,944.0,0.0,7.1,2026-07-16 16:00:00
35.8,42,943.5,0.0,7.7,2026-07-16 17:00:00
34.6,45,943.3,0.0,8.6,2026-07-16 18:00:00
33.1,51,943.1,0.0,6.8,2026-07-16 19:00:00
31.9,56,943.0,0.0,4.2,2026-07-16 20:00:00
31.6,57,943.2,0.0,3.1,2026-07-16 21:00:00
31.4,59,943.6,0.0,0.8,2026-07-16 22:00:00
30.9,64,943.1,0.0,0.9,2026-07-16 23:00:00
29.9,68,942.9,0.0,3.6,2026-07-17 00:00:00
29.2,69,942.6,0.0,5.8,2026-07-17 01:00:00
28.8,71,942.5,0.0,3.7,2026-07-17 02:00:00
28.7,70,942.7,0.0,5.7,2026-07-17 03:00:00
28.4,71,942.7,0.0,7.6,2026-07-17 04:00:00
28.8,70,943.1,0.0,7.5,2026-07-17 05:00:00
28.7,70,943.6,0.0,7.1,2026-07-17 06:00:00
30.2,66,944.4,0.0,7.5,2026-07-17 07:00:00
31.4,64,944.8,0.0,8.9,2026-07-17 08:00:00
32.6,60,945.0,0.0,9.6,2026-07-17 09:00:00
33.7,56,945.1,0.1,8.6,2026-07-17 10:00:00
34.3,52,945.4,0.3,7.5,2026-07-17 11:00:00
34.6,52,945.2,0.3,6.1,2026-07-17 12:00:00
35.3,49,944.8,0.2,5.3,2026-07-17 13:00:00
35.5,47,944.0,0.1,5.0,2026-07-17 14:00:00
35.8,45,943.6,0.0,3.4,2026-07-17 15:00:00
35.7,45,943.0,0.0,3.8,2026-07-17 16:00:00
36.6,41,942.2,0.0,5.4,2026-07-17 17:00:00
35.5,43,942.2,0.0,8.1,2026-07-17 18:00:00
33.4,55,942.3,0.0,11.4,2026-07-17 19:00:00
32.4,59,942.5,0.0,8.5,2026-07-17 20:00:00
31.6,63,943.2,0.0,7.7,2026-07-17 21:00:00
30.9,67,943.5,0.0,8.1,2026-07-17 22:00:00
31.1,69,943.0,0.0,8.8,2026-07-17 23:00:00
30.7,69,943.2,0.0,8.7,2026-07-18 00:00:00
30.3,69,943.1,0.0,8.5,2026-07-18 01:00:00
30.0,68,943.0,0.0,9.0,2026-07-18 02:00:00
29.5,69,943.0,0.0,9.5,2026-07-18 03:00:00
29.0,69,943.2,0.0,8.1,2026-07-18 04:00:00
29.3,74,943.3,0.1,11.1,2026-07-18 05:00:00
28.8,75,943.6,0.0,9.9,2026-07-18 06:00:00
29.9,70,943.8,0.0,8.4,2026-07-18 07:00:00
31.3,66,943.8,0.0,8.5,2026-07-18 08:00:00
32.7,62,943.9,0.0,8.6,2026-07-18 09:00:00
34.1,57,944.0,0.0,7.8,2026-07-18 10:00:00
34.9,52,943.8,0.0,8.5,2026-07-18 11:00:00
35.4,50,943.4,0.1,6.5,2026-07-18 12:00:00
36.2,48,942.9,0.1,7.0,2026-07-18 13:00:00
36.5,48,942.3,0.1,8.6,2026-07-18 14:00:00
36.2,48,942.2,0.1,9.1,2026-07-18 15:00:00
35.7,49,941.8,0.0,7.6,2026-07-18 16:00:00
35.1,54,941.4,0.2,11.8,2026-07-18 17:00:00
34.2,57,941.9,0.1,12.5,2026-07-18 18:00:00
33.4,59,941.9,0.0,11.3,2026-07-18 19:00:00
32.5,64,942.5,0.0,11.3,2026-07-18 20:00:00
31.5,69,943.2,0.0,9.7,2026-07-18 21:00:00
31.0,70,943.8,0.0,8.3,2026-07-18 22:00:00
31.4,70,943.2,0.0,8.5,2026-07-18 23:00:00
30.9,70,943.1,0.0,9.3,2026-07-19 00:00:00
29.3,70,943.4,0.0,15.4,2026-07-19 01:00:00
28.1,74,943.0,0.0,8.2,2026-07-19 02:00:00
27.3,82,943.3,0.4,8.4,2026-07-19 03:00:00
27.0,86,943.0,0.3,9.1,2026-07-19 04:00:00
27.0,90,942.8,0.5,7.6,2026-07-19 05:00:00
27.1,87,943.3,0.0,8.1,2026-07-19 06:00:00
28.1,81,944.1,0.0,8.3,2026-07-19 07:00:00
28.6,79,944.0,0.5,4.4,2026-07-19 08:00:00
30.3,70,944.7,0.1,11.0,2026-07-19 09:00:00
31.7,65,945.1,0.1,11.9,2026-07-19 10:00:00
32.8,62,945.3,0.1,10.8,2026-07-19 11:00:00
32.3,64,945.0,0.1,11.7,2026-07-19 12:00:00
33.1,61,944.3,0.1,9.9,2026-07-19 13:00:00
33.8,58,943.7,0.2,9.4,2026-07-19 14:00:00
33.9,58,943.4,0.1,6.0,2026-07-19 15:00:00
33.8,57,942.7,0.0,5.6,2026-07-19 16:00:00
33.1,59,942.5,0.0,11.1,2026-07-19 17:00:00
32.7,62,942.7,0.0,11.2,2026-07-19 18:00:00
31.8,67,942.8,0.0,11.1,2026-07-19 19:00:00
30.8,70,943.1,0.0,10.8,2026-07-19 20:00:00
30.3,72,943.7,0.0,9.6,2026-07-19 21:00:00
30.1,72,944.2,0.0,9.7,2026-07-19 22:00:00
29.5,75,943.8,0.0,13.4,2026-07-19 23:00:00
27.5,90,943.1,1.7,12.3,2026-07-20 00:00:00
27.1,92,943.2,0.5,13.0,2026-07-20 01:00:00
25.6,94,943.3,2.5,9.6,2026-07-20 02:00:00
25.2,96,943.0,1.1,13.1,2026-07-20 03:00:00
24.6,96,943.3,0.4,9.9,2026-07-20 04:00:00
25.2,98,943.4,0.1,10.1,2026-07-20 05:00:00
25.5,95,942.6,1.5,10.7,2026-07-20 06:00:00
26.3,93,942.8,0.5,6.9,2026-07-20 07:00:00
26.6,91,943.6,1.2,7.9,2026-07-20 08:00:00
26.9,89,944.5,0.8,7.4,2026-07-20 09:00:00
27.7,85,944.0,0.6,7.0,2026-07-20 10:00:00
28.9,80,945.0,0.2,8.0,2026-07-20 11:00:00
30.4,73,944.8,0.6,10.1,2026-07-20 12:00:00
30.2,73,944.0,0.5,7.9,2026-07-20 13:00:00
30.5,71,943.6,0.4,8.7,2026-07-20 14:00:00
29.1,76,943.6,0.3,7.9,2026-07-20 15:00:00
28.8,78,943.2,0.3,11.6,2026-07-20 16:00:00
30.2,72,942.8,0.1,11.5,2026-07-20 17:00:00
29.2,76,943.2,0.0,10.9,2026-07-20 18:00:00
28.7,80,943.4,0.0,9.0,2026-07-20 19:00:00
28.1,83,943.8,0.0,8.1,2026-07-20 20:00:00
27.8,84,944.2,0.0,7.8,2026-07-20 21:00:00
27.5,85,944.4,0.1,9.5,2026-07-20 22:00:00
24.9,96,944.4,5.6,10.1,2026-07-20 23:00:00
24.3,100,944.3,1.1,13.5,2026-07-21 00:00:00
24.3,95,944.1,0.6,8.3,2026-07-21 01:00:00
24.0,96,943.2,1.4,8.0,2026-07-21 02:00:00
23.5,100,943.5,8.5,3.8,2026-07-21 03:00:00
24.1,97,943.4,7.2,8.3,2026-07-21 04:00:00
24.3,95,943.6,3.1,7.4,2026-07-21 05:00:00
24.2,96,943.6,2.7,6.0,2026-07-21 06:00:00
24.4,96,944.1,2.3,7.4,2026-07-21 07:00:00
23.9,97,944.8,2.9,5.2,2026-07-21 08:00:00
24.3,96,944.6,2.7,4.6,2026-07-21 09:00:00
24.8,95,945.2,2.1,7.5,2026-07-21 10:00:00
24.4,95,945.7,3.4,10.0,2026-07-21 11:00:00
24.0,95,946.0,5.6,14.1,2026-07-21 12:00:00
24.0,96,946.0,2.8,14.6,2026-07-21 13:00:00
24.1,93,945.6,1.9,15.2,2026-07-21 14:00:00
24.9,90,945.3,1.3,16.1,2026-07-21 15:00:00
24.6,93,944.8,1.0,13.3,2026-07-21 16:00:00
24.7,92,945.0,0.5,12.9,2026-07-21 17:00:00
24.2,94,945.2,0.8,13.5,2026-07-21 18:00:00
24.1,94,945.6,0.2,9.9,2026-07-21 19:00:00
24.1,94,945.7,0.0,8.4,2026-07-21 20:00:00
24.4,90,946.1,0.0,8.2,2026-07-21 21:00:00
24.2,88,946.1,0.1,6.1,2026-07-21 22:00:00
24.9,89,945.8,0.0,3.9,2026-07-21 23:00:00
24.4,91,945.4,0.5,4.4,2026-07-22 00:00:00
24.4,91,944.8,0.5,3.2,2026-07-22 01:00:00
24.6,90,944.6,0.2,2.7,2026-07-22 02:00:00
24.4,91,944.5,0.0,3.3,2026-07-22 03:00:00
24.6,90,945.0,0.0,2.0,2026-07-22 04:00:00
24.0,96,944.3,0.0,0.5,2026-07-22 05:00:00
24.1,97,944.8,0.0,1.8,2026-07-22 06:00:00
24.5,92,944.9,0.1,3.9,2026-07-22 07:00:00
25.3,87,945.3,0.0,4.9,2026-07-22 08:00:00
26.6,78,945.5,0.2,11.1,2026-07-22 09:00:00
27.5,72,945.7,0.1,13.9,2026-07-22 10:00:00
26.0,77,946.2,0.0,9.2,2026-07-22 11:00:00
27.6,69,945.8,0.0,12.7,2026-07-22 12:00:00
27.0,72,944.8,0.0,11.0,2026-07-22 13:00:00
27.5,71,944.4,0.0,8.5,2026-07-22 14:00:00
27.5,69,944.4,0.0,18.9,2026-07-22 15:00:00
26.4,75,944.1,0.0,17.4,2026-07-22 16:00:00
27.6,70,944.4,0.0,19.4,2026-07-22 17:00:00
26.7,75,944.2,0.0,17.5,2026-07-22 18:00:00
25.7,79,944.5,0.0,10.9,2026-07-22 19:00:00
25.2,82,945.3,0.0,6.8,2026-07-22 20:00:00
25.0,82,945.8,0.0,5.5,2026-07-22 21:00:00
24.6,82,945.8,0.0,4.8,2026-07-22 22:00:00
25.4,84,945.4,0.0,5.4,2026-07-22 23:00:00
24.9,86,945.2,0.0,1.1,2026-07-23 00:00:00
24.6,87,944.7,0.0,1.2,2026-07-23 01:00:00
24.3,86,944.2,0.0,2.3,2026-07-23 02:00:00
24.2,85,943.7,0.0,2.0,2026-07-23 03:00:00
24.2,86,943.8,0.0,2.6,2026-07-23 04:00:00
24.6,92,944.3,0.0,2.7,2026-07-23 05:00:00
24.3,92,944.0,0.1,6.4,2026-07-23 06:00:00
24.7,90,944.0,0.0,6.5,2026-07-23 07:00:00
25.1,87,944.7,0.1,2.9,2026-07-23 08:00:00
26.6,78,945.0,0.2,4.6,2026-07-23 09:00:00
27.7,73,945.1,0.1,9.5,2026-07-23 10:00:00
28.6,64,945.7,0.0,15.3,2026-07-23 11:00:00
29.4,64,945.3,0.2,11.5,2026-07-23 12:00:00
30.0,62,944.8,0.1,9.7,2026-07-23 13:00:00
29.4,62,944.3,0.1,16.4,2026-07-23 14:00:00
29.2,64,944.2,0.1,12.8,2026-07-23 15:00:00
29.0,64,943.6,0.0,11.8,2026-07-23 16:00:00
29.1,64,943.5,0.0,12.3,2026-07-23 17:00:00
28.0,72,943.4,0.2,8.0,2026-07-23 18:00:00
27.0,78,943.2,0.0,5.3,2026-07-23 19:00:00
26.5,81,944.0,0.0,1.9,2026-07-23 20:00:00
26.0,83,944.5,0.0,0.9,2026-07-23 21:00:00
25.6,85,944.6,0.0,1.4,2026-07-23 22:00:00
25.6,89,944.6,0.0,3.5,2026-07-23 23:00:00
25.4,90,944.3,0.0,1.5,2026-07-24 00:00:00
25.1,90,944.1,0.0,3.9,2026-07-24 01:00:00
24.9,91,944.0,0.0,2.5,2026-07-24 02:00:00
24.6,91,943.8,0.0,2.7,2026-07-24 03:00:00
24.3,93,943.8,0.0,3.4,2026-07-24 04:00:00
24.7,91,944.0,0.0,6.6,2026-07-24 05:00:00
24.9,89,944.0,0.0,4.6,2026-07-24 06:00:00
25.9,84,944.6,0.0,6.3,2026-07-24 07:00:00
26.8,75,945.6,0.0,10.9,2026-07-24 08:00:00
27.3,73,945.6,0.1,9.1,2026-07-24 09:00:00
28.3,70,945.7,0.1,9.2,2026-07-24 10:00:00
27.5,70,946.2,0.1,14.1,2026-07-24 11:00:00
28.4,69,945.8,0.6,7.0,2026-07-24 12:00:00
29.8,62,945.3,0.1,7.4,2026-07-24 13:00:00
30.3,61,944.3,0.0,5.3,2026-07-24 14:00:00
30.5,61,943.3,0.0,4.3,2026-07-24 15:00:00
30.6,61,942.6,0.0,3.2,2026-07-24 16:00:00
30.7,61,942.4,0.0,4.7,2026-07-24 17:00:00
30.1,64,942.2,0.0,3.2,2026-07-24 18:00:00
28.9,76,942.0,0.0,2.8,2026-07-24 19:00:00
28.0,80,942.3,0.0,3.6,2026-07-24 20:00:00
27.2,85,943.3,0.0,2.3,2026-07-24 21:00:00
27.0,87,943.8,0.0,0.7,2026-07-24 22:00:00
27.6,86,943.7,0.0,1.8,2026-07-24 23:00:00
26.6,89,944.0,0.0,4.7,2026-07-25 00:00:00
26.3,89,944.1,0.0,7.0,2026-07-25 01:00:00
25.8,86,944.1,0.0,7.1,2026-07-25 02:00:00
25.7,86,943.9,0.0,5.5,2026-07-25 03:00:00
25.7,85,944.3,0.0,0.8,2026-07-25 04:00:00
25.4,79,943.6,0.1,7.2,2026-07-25 05:00:00
25.2,83,943.7,0.0,3.4,2026-07-25 06:00:00
26.5,79,944.7,0.0,1.0,2026-07-25 07:00:00
27.0,76,945.4,0.0,3.2,2026-07-25 08:00:00
26.9,77,946.1,0.0,6.2,2026-07-25 09:00:00
27.2,80,946.7,0.2,8.8,2026-07-25 10:00:00
25.9,90,946.5,0.3,8.5,2026-07-25 11:00:00
25.4,94,946.4,2.1,8.4,2026-07-25 12:00:00
25.2,93,946.3,2.4,6.5,2026-07-25 13:00:00
25.3,93,946.1,1.3,5.2,2026-07-25 14:00:00
25.7,93,945.7,0.6,4.1,2026-07-25 15:00:00
26.1,87,945.1,0.1,4.9,2026-07-25 16:00:00
27.6,77,944.9,0.0,9.1,2026-07-25 17:00:00
27.3,81,944.8,0.0,5.9,2026-07-25 18:00:00
26.6,85,945.0,0.0,3.7,2026-07-25 19:00:00
26.0,88,945.4,0.0,3.0,2026-07-25 20:00:00
25.7,91,946.0,0.0,2.2,2026-07-25 21:00:00
25.6,92,946.4,0.0,1.0,2026-07-25 22:00:00
26.2,91,946.4,0.0,1.5,2026-07-25 23:00:00
25.6,93,946.4,0.0,1.3,2026-07-26 00:00:00
25.6,91,946.1,0.0,1.5,2026-07-26 01:00:00
25.2,91,945.7,0.0,2.3,2026-07-26 02:00:00
24.9,92,945.9,0.0,0.9,2026-07-26 03:00:00
24.9,91,946.0,0.0,1.7,2026-07-26 04:00:00
25.3,92,946.2,0.0,3.4,2026-07-26 05:00:00
25.2,93,946.4,0.3,2.3,2026-07-26 06:00:00
25.2,91,946.7,0.6,8.0,2026-07-26 07:00:00
26.4,86,946.5,0.5,4.2,2026-07-26 08:00:00
28.4,73,947.2,0.0,2.9,2026-07-26 09:00:00
28.5,72,947.2,0.0,5.2,2026-07-26 10:00:00
29.4,65,947.6,0.0,2.2,2026-07-26 11:00:00
29.7,65,947.2,0.0,2.5,2026-07-26 12:00:00
30.4,64,946.6,0.0,3.3,2026-07-26 13:00:00
31.0,63,945.6,0.0,4.9,2026-07-26 14:00:00
32.0,60,944.9,0.0,5.5,2026-07-26 15:00:00
32.1,59,944.2,0.0,7.8,2026-07-26 16:00:00
31.8,59,944.0,0.0,6.3,2026-07-26 17:00:00
30.7,67,943.5,0.0,6.5,2026-07-26 18:00:00
29.2,73,943.3,0.0,7.7,2026-07-26 19:00:00
28.2,76,943.2,0.0,7.8,2026-07-26 20:00:00
27.7,78,943.5,0.0,7.5,2026-07-26 21:00:00
27.4,79,943.9,0.0,6.6,2026-07-26 22:00:00
27.8,78,943.1,0.0,6.6,2026-07-26 23:00:00
27.3,80,943.0,0.0,5.2,2026-07-27 00:00:00
26.9,82,942.8,0.0,4.2,2026-07-27 01:00:00
26.4,85,942.6,0.0,4.0,2026-07-27 02:00:00
26.1,87,942.5,0.0,2.7,2026-07-27 03:00:00
26.1,86,942.3,0.0,1.8,2026-07-27 04:00:00
26.3,85,942.1,0.0,1.1,2026-07-27 05:00:00
26.4,85,942.5,0.0,1.5,2026-07-27 06:00:00
27.6,79,942.8,0.0,1.8,2026-07-27 07:00:00
28.9,74,943.1,0.0,0.9,2026-07-27 08:00:00
30.4,66,942.9,0.0,2.1,2026-07-27 09:00:00
31.5,60,942.8,0.0,4.3,2026-07-27 10:00:00
32.3,57,942.9,0.0,4.8,2026-07-27 11:00:00
33.1,55,942.5,0.0,4.8,2026-07-27 12:00:00
33.5,54,941.9,0.0,4.0,2026-07-27 13:00:00
33.5,54,941.1,0.0,3.8,2026-07-27 14:00:00
33.6,55,940.5,0.0,3.2,2026-07-27 15:00:00
33.6,55,939.6,0.0,2.2,2026-07-27 16:00:00
33.6,54,939.4,0.0,2.9,2026-07-27 17:00:00
32.6,62,939.2,0.0,3.6,2026-07-27 18:00:00
31.0,73,939.2,0.0,3.7,2026-07-27 19:00:00
29.6,78,939.5,0.0,3.6,2026-07-27 20:00:00
29.0,80,940.0,0.0,5.2,2026-07-27 21:00:00
28.5,78,940.2,0.0,4.3,2026-07-27 22:00:00
28.7,81,939.8,0.0,2.9,2026-07-27 23:00:00
27.9,81,940.1,0.0,3.4,2026-07-28 00:00:00
27.6,81,940.2,0.0,6.4,2026-07-28 01:00:00
26.7,88,940.3,0.2,4.2,2026-07-28 02:00:00
26.3,85,940.5,0.2,7.8,2026-07-28 03:00:00
26.2,83,940.3,0.1,8.3,2026-07-28 04:00:00
26.9,85,939.7,0.2,4.8,2026-07-28 05:00:00
26.4,87,940.3,0.0,5.9,2026-07-28 06:00:00
27.2,82,940.5,0.0,2.7,2026-07-28 07:00:00
28.4,77,941.0,0.0,2.1,2026-07-28 08:00:00
30.3,67,941.2,0.0,2.8,2026-07-28 09:00:00
31.8,63,941.7,0.0,6.2,2026-07-28 10:00:00
31.5,65,941.7,0.1,6.9,2026-07-28 11:00:00
31.8,69,941.8,0.7,3.6,2026-07-28 12:00:00
33.2,65,941.2,0.1,3.3,2026-07-28 13:00:00
33.3,65,940.7,0.0,4.0,2026-07-28 14:00:00
33.3,64,940.3,0.0,1.5,2026-07-28 15:00:00
33.5,62,939.8,0.0,1.2,2026-07-28 16:00:00
34.3,52,939.1,0.3,5.0,2026-07-28 17:00:00
32.8,63,938.9,0.0,5.4,2026-07-28 18:00:00
31.0,72,939.2,0.0,8.0,2026-07-28 19:00:00
29.9,78,940.2,0.0,8.2,2026-07-28 20:00:00
29.1,82,940.9,0.0,5.9,2026-07-28 21:00:00
28.8,82,941.5,0.0,8.7,2026-07-28 22:00:00
28.6,80,941.4,0.0,12.1,2026-07-28 23:00:00
25.9,87,941.9,1.0,8.6,2026-07-29 00:00:00
24.2,91,941.7,0.4,9.5,2026-07-29 01:00:00
23.4,96,941.7,1.7,12.0,2026-07-29 02:00:00
23.6,96,942.2,1.3,9.7,2026-07-29 03:00:00
23.5,94,942.2,0.6,11.6,2026-07-29 04:00:00
24.0,98,942.8,0.6,11.9,2026-07-29 05:00:00
24.1,96,942.7,0.3,10.6,2026-07-29 06:00:00
24.9,91,943.2,0.0,11.0,2026-07-29 07:00:00
26.3,83,943.6,0.0,8.9,2026-07-29 08:00:00
27.7,77,943.9,0.0,10.6,2026-07-29 09:00:00
29.0,72,944.1,0.0,10.3,2026-07-29 10:00:00
28.8,72,944.7,0.0,11.3,2026-07-29 11:00:00
27.9,76,944.4,0.1,9.8,2026-07-29 12:00:00
28.3,74,944.0,0.0,11.4,2026-07-29 13:00:00
29.5,71,943.6,0.0,11.3,2026-07-29 14:00:00
30.4,67,942.9,0.0,9.4,2026-07-29 15:00:00
30.8,65,942.1,0.0,8.7,2026-07-29 16:00:00
30.9,65,942.2,0.0,8.4,2026-07-29 17:00:00
30.0,71,941.6,0.0,7.5,2026-07-29 18:00:00
28.8,78,941.5,0.0,5.3,2026-07-29 19:00:00
28.1,82,941.6,0.0,5.0,2026-07-29 20:00:00
27.6,85,942.2,0.0,3.1,2026-07-29 21:00:00
27.1,88,942.4,0.0,2.5,2026-07-29 22:00:00
27.3,91,942.3,0.0,4.5,2026-07-29 23:00:00
26.8,93,942.2,0.0,4.7,2026-07-30 00:00:00
26.6,93,942.3,0.0,4.9,2026-07-30 01:00:00
26.3,93,942.1,0.0,4.9,2026-07-30 02:00:00
26.1,92,941.7,0.0,4.8,2026-07-30 03:00:00
25.7,92,941.6,0.0,5.5,2026-07-30 04:00:00
24.8,95,941.6,0.0,6.2,2026-07-30 05:00:00
24.9,94,941.3,0.0,6.5,2026-07-30 06:00:00
26.0,88,941.7,0.0,4.5,2026-07-30 07:00:00
27.4,81,942.7,0.0,3.8,2026-07-30 08:00:00
28.5,77,942.9,0.0,5.0,2026-07-30 09:00:00
29.7,73,942.9,0.0,5.2,2026-07-30 10:00:00
31.4,66,942.9,0.0,8.1,2026-07-30 11:00:00
32.1,63,942.8,0.2,7.8,2026-07-30 12:00:00
32.2,64,942.6,0.2,9.9,2026-07-30 13:00:00
31.8,65,942.2,0.1,7.7,2026-07-30 14:00:00
32.1,63,941.5,0.2,8.0,2026-07-30 15:00:00
32.2,62,940.9,0.0,9.8,2026-07-30 16:00:00
31.0,72,940.6,0.1,10.3,2026-07-30 17:00:00
30.2,76,940.6,0.1,10.5,2026-07-30 18:00:00
29.2,81,941.3,0.0,12.3,2026-07-30 19:00:00
28.1,83,941.9,0.0,10.5,2026-07-30 20:00:00
27.7,83,942.7,0.0,8.7,2026-07-30 21:00:00
27.2,84,942.8,0.0,8.0,2026-07-30 22:00:00
27.0,83,943.0,0.0,8.6,2026-07-30 23:00:00
